{
"type": "FeatureCollection",
"name": "roads_5_yrs_ago_processed",
"crs": { "type": "name", "properties": { "name": "urn:ogc:def:crs:OGC:1.3:CRS84" } },
"features": [
{ "type": "Feature", "properties": { "@osmId": "way/449469708", "@snapshotTimestamp": "2019-01-01T00:00:00Z" }, "geometry": { "type": "LineString", "coordinates": [ [ 39.374883493154812, -4.535721118147283 ], [ 39.3668932, -4.5379768 ] ] } },
{ "type": "Feature", "properties": { "@osmId": "way/34868734", "@snapshotTimestamp": "2019-01-01T00:00:00Z" }, "geometry": { "type": "LineString", "coordinates": [ [ 39.1992608, -4.506332 ], [ 39.127289801357811, -4.547224854653395 ] ] } },
{ "type": "Feature", "properties": { "@osmId": "way/26416659", "@snapshotTimestamp": "2019-01-01T00:00:00Z" }, "geometry": { "type": "LineString", "coordinates": [ [ 39.3668932, -4.5379768 ], [ 39.3158482, -4.5360813 ], [ 39.2245594, -4.4877212 ], [ 39.1992608, -4.506332 ] ] } },
{ "type": "Feature", "properties": { "@osmId": "way/26416583", "@snapshotTimestamp": "2019-01-01T00:00:00Z" }, "geometry": { "type": "LineString", "coordinates": [ [ 39.5032441, -4.4202929 ], [ 39.48789199879765, -4.442489100991938 ] ] } },
{ "type": "Feature", "properties": { "@osmId": "way/162607563", "@snapshotTimestamp": "2019-01-01T00:00:00Z" }, "geometry": { "type": "LineString", "coordinates": [ [ 39.2492275, -4.4939297 ], [ 39.3394242, -4.4210618 ] ] } },
{ "type": "Feature", "properties": { "@osmId": "way/516406140", "@snapshotTimestamp": "2019-01-01T00:00:00Z" }, "geometry": { "type": "LineString", "coordinates": [ [ 39.1390431, -4.3339998 ], [ 39.1339072, -4.540909 ] ] } },
{ "type": "Feature", "properties": { "@osmId": "way/204633665", "@snapshotTimestamp": "2019-01-01T00:00:00Z" }, "geometry": { "type": "LineString", "coordinates": [ [ 39.3394242, -4.4210618 ], [ 39.339821, -4.4211836 ] ] } },
{ "type": "Feature", "properties": { "@osmId": "way/204633668", "@snapshotTimestamp": "2019-01-01T00:00:00Z" }, "geometry": { "type": "LineString", "coordinates": [ [ 39.339821, -4.4211836 ], [ 39.3578504, -4.3849334 ] ] } },
{ "type": "Feature", "properties": { "@osmId": "way/162608595", "@snapshotTimestamp": "2019-01-01T00:00:00Z" }, "geometry": { "type": "LineString", "coordinates": [ [ 39.3578504, -4.3849334 ], [ 39.4112991, -4.3711176 ], [ 39.4343063, -4.3113805 ], [ 39.5362842, -4.3494005 ] ] } },
{ "type": "Feature", "properties": { "@osmId": "way/132432141", "@snapshotTimestamp": "2019-01-01T00:00:00Z" }, "geometry": { "type": "LineString", "coordinates": [ [ 39.5715688, -4.2597967 ], [ 39.5032441, -4.4202929 ] ] } },
{ "type": "Feature", "properties": { "@osmId": "way/516406141", "@snapshotTimestamp": "2019-01-01T00:00:00Z" }, "geometry": { "type": "LineString", "coordinates": [ [ 39.1390515, -4.3338703 ], [ 39.1390431, -4.3339998 ] ] } },
{ "type": "Feature", "properties": { "@osmId": "way/34359420", "@snapshotTimestamp": "2019-01-01T00:00:00Z" }, "geometry": { "type": "LineString", "coordinates": [ [ 39.1657507, -4.2631008 ], [ 39.1390515, -4.3338703 ] ] } },
{ "type": "Feature", "properties": { "@osmId": "way/27049674", "@snapshotTimestamp": "2019-01-01T00:00:00Z" }, "geometry": { "type": "LineString", "coordinates": [ [ 39.5667723, -4.2816582 ], [ 39.583229492034476, -4.289259602709214 ] ] } },
{ "type": "Feature", "properties": { "@osmId": "way/32724371", "@snapshotTimestamp": "2019-01-01T00:00:00Z" }, "geometry": { "type": "LineString", "coordinates": [ [ 39.595320393579691, -4.262318827498543 ], [ 39.5952398, -4.260645 ] ] } },
{ "type": "Feature", "properties": { "@osmId": "way/132432140", "@snapshotTimestamp": "2019-01-01T00:00:00Z" }, "geometry": { "type": "LineString", "coordinates": [ [ 39.571701, -4.2595045 ], [ 39.5715688, -4.2597967 ] ] } },
{ "type": "Feature", "properties": { "@osmId": "way/354673184", "@snapshotTimestamp": "2019-01-01T00:00:00Z" }, "geometry": { "type": "LineString", "coordinates": [ [ 39.0273788, -4.2305926 ], [ 38.9940919, -4.2723463 ] ] } },
{ "type": "Feature", "properties": { "@osmId": "way/34358889", "@snapshotTimestamp": "2019-01-01T00:00:00Z" }, "geometry": { "type": "LineString", "coordinates": [ [ 39.3183775, -4.1377519 ], [ 39.2158423, -4.1838546 ], [ 39.1657507, -4.2631008 ] ] } },
{ "type": "Feature", "properties": { "@osmId": "way/204415954", "@snapshotTimestamp": "2019-01-01T00:00:00Z" }, "geometry": { "type": "LineString", "coordinates": [ [ 39.417916, -4.1580026 ], [ 39.4195011, -4.2054375 ], [ 39.4514039, -4.175397 ], [ 39.5917345, -4.1936098 ] ] } },
{ "type": "Feature", "properties": { "@osmId": "way/419353094", "@snapshotTimestamp": "2019-01-01T00:00:00Z" }, "geometry": { "type": "LineString", "coordinates": [ [ 39.6535022, -4.0854792 ], [ 39.571701, -4.2595045 ] ] } },
{ "type": "Feature", "properties": { "@osmId": "way/204415953", "@snapshotTimestamp": "2019-01-01T00:00:00Z" }, "geometry": { "type": "LineString", "coordinates": [ [ 39.4177757, -4.1575045 ], [ 39.417916, -4.1580026 ] ] } },
{ "type": "Feature", "properties": { "@osmId": "way/162607328", "@snapshotTimestamp": "2019-01-01T00:00:00Z" }, "geometry": { "type": "LineString", "coordinates": [ [ 39.3526221, -4.1346695 ], [ 39.4177757, -4.1575045 ] ] } },
{ "type": "Feature", "properties": { "@osmId": "way/33409941", "@snapshotTimestamp": "2019-01-01T00:00:00Z" }, "geometry": { "type": "LineString", "coordinates": [ [ 39.3183775, -4.1377519 ], [ 39.3526221, -4.1346695 ] ] } },
{ "type": "Feature", "properties": { "@osmId": "way/162609148", "@snapshotTimestamp": "2019-01-01T00:00:00Z" }, "geometry": { "type": "LineString", "coordinates": [ [ 39.3150424, -4.1070209 ], [ 39.3183775, -4.1377519 ] ] } },
{ "type": "Feature", "properties": { "@osmId": "way/419353095", "@snapshotTimestamp": "2019-01-01T00:00:00Z" }, "geometry": { "type": "LineString", "coordinates": [ [ 39.6615412, -4.0834689 ], [ 39.6535022, -4.0854792 ] ] } },
{ "type": "Feature", "properties": { "@osmId": "way/26416156", "@snapshotTimestamp": "2019-01-01T00:00:00Z" }, "geometry": { "type": "LineString", "coordinates": [ [ 39.6627947, -4.0820984 ], [ 39.6615412, -4.0834689 ] ] } },
{ "type": "Feature", "properties": { "@osmId": "way/68899538", "@snapshotTimestamp": "2019-01-01T00:00:00Z" }, "geometry": { "type": "LineString", "coordinates": [ [ 39.6559277, -4.0814781 ], [ 39.6615412, -4.0834689 ] ] } },
{ "type": "Feature", "properties": { "@osmId": "way/419353093", "@snapshotTimestamp": "2019-01-01T00:00:00Z" }, "geometry": { "type": "LineString", "coordinates": [ [ 39.6559277, -4.0814781 ], [ 39.6572964, -4.0799313 ] ] } },
{ "type": "Feature", "properties": { "@osmId": "way/419541894", "@snapshotTimestamp": "2019-01-01T00:00:00Z" }, "geometry": { "type": "LineString", "coordinates": [ [ 39.6658745, -4.0773653 ], [ 39.6655491, -4.0782787 ] ] } },
{ "type": "Feature", "properties": { "@osmId": "way/68899594", "@snapshotTimestamp": "2019-01-01T00:00:00Z" }, "geometry": { "type": "LineString", "coordinates": [ [ 39.6665574, -4.0759849 ], [ 39.6658745, -4.0773653 ] ] } },
{ "type": "Feature", "properties": { "@osmId": "way/26525625", "@snapshotTimestamp": "2019-01-01T00:00:00Z" }, "geometry": { "type": "LineString", "coordinates": [ [ 39.6658745, -4.0773653 ], [ 39.6664018, -4.075945 ] ] } },
{ "type": "Feature", "properties": { "@osmId": "way/26525626", "@snapshotTimestamp": "2019-01-01T00:00:00Z" }, "geometry": { "type": "LineString", "coordinates": [ [ 39.6663739, -4.075773 ], [ 39.6665869, -4.0757056 ], [ 39.6666381, -4.0759258 ], [ 39.6664349, -4.075971 ], [ 39.6663739, -4.075773 ] ] } },
{ "type": "Feature", "properties": { "@osmId": "way/26525632", "@snapshotTimestamp": "2019-01-01T00:00:00Z" }, "geometry": { "type": "LineString", "coordinates": [ [ 39.6701463, -4.0678081 ], [ 39.6666596, -4.0758799 ] ] } },
{ "type": "Feature", "properties": { "@osmId": "way/26525630", "@snapshotTimestamp": "2019-01-01T00:00:00Z" }, "geometry": { "type": "LineString", "coordinates": [ [ 39.6664, -4.0757348 ], [ 39.6698896, -4.0679247 ] ] } },
{ "type": "Feature", "properties": { "@osmId": "way/27250757", "@snapshotTimestamp": "2019-01-01T00:00:00Z" }, "geometry": { "type": "LineString", "coordinates": [ [ 39.6670305, -4.0738322 ], [ 39.6652125, -4.0661889 ] ] } },
{ "type": "Feature", "properties": { "@osmId": "way/419541896", "@snapshotTimestamp": "2019-01-01T00:00:00Z" }, "geometry": { "type": "LineString", "coordinates": [ [ 39.6698896, -4.0677908 ], [ 39.6700601, -4.0676382 ], [ 39.6701897, -4.0676569 ], [ 39.669962, -4.0679503 ], [ 39.6698896, -4.0677908 ] ] } },
{ "type": "Feature", "properties": { "@osmId": "way/643300090", "@snapshotTimestamp": "2019-01-01T00:00:00Z" }, "geometry": { "type": "LineString", "coordinates": [ [ 39.6652125, -4.0661889 ], [ 39.6655977, -4.0654338 ] ] } },
{ "type": "Feature", "properties": { "@osmId": "way/419541911", "@snapshotTimestamp": "2019-01-01T00:00:00Z" }, "geometry": { "type": "LineString", "coordinates": [ [ 39.665737, -4.0652129 ], [ 39.6655977, -4.0654338 ] ] } },
{ "type": "Feature", "properties": { "@osmId": "way/419541910", "@snapshotTimestamp": "2019-01-01T00:00:00Z" }, "geometry": { "type": "LineString", "coordinates": [ [ 39.6655977, -4.0654338 ], [ 39.6656459, -4.0651954 ] ] } },
{ "type": "Feature", "properties": { "@osmId": "way/31020420", "@snapshotTimestamp": "2019-01-01T00:00:00Z" }, "geometry": { "type": "LineString", "coordinates": [ [ 39.671477, -4.0627757 ], [ 39.6701897, -4.0676569 ] ] } },
{ "type": "Feature", "properties": { "@osmId": "way/68899564", "@snapshotTimestamp": "2019-01-01T00:00:00Z" }, "geometry": { "type": "LineString", "coordinates": [ [ 39.6700099, -4.0676697 ], [ 39.6713367, -4.0627562 ] ] } },
{ "type": "Feature", "properties": { "@osmId": "way/419541909", "@snapshotTimestamp": "2019-01-01T00:00:00Z" }, "geometry": { "type": "LineString", "coordinates": [ [ 39.6656774, -4.0652152 ], [ 39.6656517, -4.0651046 ], [ 39.6657451, -4.0650534 ], [ 39.6657743, -4.0651698 ], [ 39.6656774, -4.0652152 ] ] } },
{ "type": "Feature", "properties": { "@osmId": "way/419541912", "@snapshotTimestamp": "2019-01-01T00:00:00Z" }, "geometry": { "type": "LineString", "coordinates": [ [ 39.6656459, -4.0651954 ], [ 39.6654103, -4.0650262 ] ] } },
{ "type": "Feature", "properties": { "@osmId": "way/419541913", "@snapshotTimestamp": "2019-01-01T00:00:00Z" }, "geometry": { "type": "LineString", "coordinates": [ [ 39.6654103, -4.0650262 ], [ 39.6656961, -4.0650534 ] ] } },
{ "type": "Feature", "properties": { "@osmId": "way/68899591", "@snapshotTimestamp": "2019-01-01T00:00:00Z" }, "geometry": { "type": "LineString", "coordinates": [ [ 39.6535022, -4.0854792 ], [ 39.6559277, -4.0814781 ] ] } },
{ "type": "Feature", "properties": { "@osmId": "way/263687726", "@snapshotTimestamp": "2019-01-01T00:00:00Z" }, "geometry": { "type": "LineString", "coordinates": [ [ 39.6275312, -4.0680712 ], [ 39.6442053, -4.1002942 ] ] } },
{ "type": "Feature", "properties": { "@osmId": "way/591046259", "@snapshotTimestamp": "2019-01-01T00:00:00Z" }, "geometry": { "type": "LineString", "coordinates": [ [ 39.5900649, -4.0434171 ], [ 39.5891744, -4.0433154 ] ] } },
{ "type": "Feature", "properties": { "@osmId": "way/591046263", "@snapshotTimestamp": "2019-01-01T00:00:00Z" }, "geometry": { "type": "LineString", "coordinates": [ [ 39.60567, -4.0426305 ], [ 39.5900649, -4.0434171 ] ] } },
{ "type": "Feature", "properties": { "@osmId": "way/99696230", "@snapshotTimestamp": "2019-01-01T00:00:00Z" }, "geometry": { "type": "LineString", "coordinates": [ [ 39.6521717, -4.0403478 ], [ 39.651994, -4.0404613 ] ] } },
{ "type": "Feature", "properties": { "@osmId": "way/98873577", "@snapshotTimestamp": "2019-01-01T00:00:00Z" }, "geometry": { "type": "LineString", "coordinates": [ [ 39.6548684, -4.0381224 ], [ 39.6521717, -4.0403478 ] ] } },
{ "type": "Feature", "properties": { "@osmId": "way/263829123", "@snapshotTimestamp": "2019-01-01T00:00:00Z" }, "geometry": { "type": "LineString", "coordinates": [ [ 39.6527052, -4.0348521 ], [ 39.6504104, -4.0331536 ] ] } },
{ "type": "Feature", "properties": { "@osmId": "way/263829124", "@snapshotTimestamp": "2019-01-01T00:00:00Z" }, "geometry": { "type": "LineString", "coordinates": [ [ 39.6504877, -4.0330012 ], [ 39.6528092, -4.0347035 ] ] } },
{ "type": "Feature", "properties": { "@osmId": "way/23455578", "@snapshotTimestamp": "2019-01-01T00:00:00Z" }, "geometry": { "type": "LineString", "coordinates": [ [ 39.6501046, -4.0329613 ], [ 39.6504104, -4.0331536 ] ] } },
{ "type": "Feature", "properties": { "@osmId": "way/69250422", "@snapshotTimestamp": "2019-01-01T00:00:00Z" }, "geometry": { "type": "LineString", "coordinates": [ [ 39.6501819, -4.032809 ], [ 39.6504877, -4.0330012 ] ] } },
{ "type": "Feature", "properties": { "@osmId": "way/31020065", "@snapshotTimestamp": "2019-01-01T00:00:00Z" }, "geometry": { "type": "LineString", "coordinates": [ [ 39.6654103, -4.0650262 ], [ 39.6622483, -4.0639993 ] ] } },
{ "type": "Feature", "properties": { "@osmId": "way/26416120", "@snapshotTimestamp": "2019-01-01T00:00:00Z" }, "geometry": { "type": "LineString", "coordinates": [ [ 39.6781205, -4.0641753 ], [ 39.6780111, -4.0639488 ] ] } },
{ "type": "Feature", "properties": { "@osmId": "way/419541908", "@snapshotTimestamp": "2019-01-01T00:00:00Z" }, "geometry": { "type": "LineString", "coordinates": [ [ 39.6622483, -4.0639993 ], [ 39.6618931, -4.0638828 ] ] } },
{ "type": "Feature", "properties": { "@osmId": "way/97731089", "@snapshotTimestamp": "2019-01-01T00:00:00Z" }, "geometry": { "type": "LineString", "coordinates": [ [ 39.6619308, -4.0637568 ], [ 39.6622483, -4.0639993 ] ] } },
{ "type": "Feature", "properties": { "@osmId": "way/96236311", "@snapshotTimestamp": "2019-01-01T00:00:00Z" }, "geometry": { "type": "LineString", "coordinates": [ [ 39.6619458, -4.063804 ], [ 39.6618665, -4.0638889 ], [ 39.6617767, -4.0637985 ], [ 39.6618592, -4.0637202 ], [ 39.6619458, -4.063804 ] ] } },
{ "type": "Feature", "properties": { "@osmId": "way/136787920", "@snapshotTimestamp": "2019-01-01T00:00:00Z" }, "geometry": { "type": "LineString", "coordinates": [ [ 39.661791, -4.0638518 ], [ 39.6615147, -4.0637389 ] ] } },
{ "type": "Feature", "properties": { "@osmId": "way/97731092", "@snapshotTimestamp": "2019-01-01T00:00:00Z" }, "geometry": { "type": "LineString", "coordinates": [ [ 39.6615147, -4.0637389 ], [ 39.6618205, -4.0637306 ] ] } },
{ "type": "Feature", "properties": { "@osmId": "way/185942161", "@snapshotTimestamp": "2019-01-01T00:00:00Z" }, "geometry": { "type": "LineString", "coordinates": [ [ 39.6780111, -4.0639488 ], [ 39.6774778, -4.0629424 ] ] } },
{ "type": "Feature", "properties": { "@osmId": "way/239383283", "@snapshotTimestamp": "2019-01-01T00:00:00Z" }, "geometry": { "type": "LineString", "coordinates": [ [ 39.6773723, -4.0628121 ], [ 39.6745679, -4.0632375 ] ] } },
{ "type": "Feature", "properties": { "@osmId": "way/99904261", "@snapshotTimestamp": "2019-01-01T00:00:00Z" }, "geometry": { "type": "LineString", "coordinates": [ [ 39.6745679, -4.0632375 ], [ 39.6715169, -4.0627405 ] ] } },
{ "type": "Feature", "properties": { "@osmId": "way/99904221", "@snapshotTimestamp": "2019-01-01T00:00:00Z" }, "geometry": { "type": "LineString", "coordinates": [ [ 39.6715392, -4.0626726 ], [ 39.6745679, -4.0632375 ] ] } },
{ "type": "Feature", "properties": { "@osmId": "way/31149505", "@snapshotTimestamp": "2019-01-01T00:00:00Z" }, "geometry": { "type": "LineString", "coordinates": [ [ 39.6776367, -4.0625622 ], [ 39.6778298, -4.0627453 ], [ 39.6774442, -4.0629295 ], [ 39.677393, -4.0627429 ], [ 39.6776367, -4.0625622 ] ] } },
{ "type": "Feature", "properties": { "@osmId": "way/31020440", "@snapshotTimestamp": "2019-01-01T00:00:00Z" }, "geometry": { "type": "LineString", "coordinates": [ [ 39.6713005, -4.0626698 ], [ 39.6714146, -4.0625509 ], [ 39.6715392, -4.0626726 ], [ 39.6714359, -4.0627892 ], [ 39.6713005, -4.0626698 ] ] } },
{ "type": "Feature", "properties": { "@osmId": "way/97866903", "@snapshotTimestamp": "2019-01-01T00:00:00Z" }, "geometry": { "type": "LineString", "coordinates": [ [ 39.6713005, -4.0626698 ], [ 39.6623835, -4.0611011 ] ] } },
{ "type": "Feature", "properties": { "@osmId": "way/97866905", "@snapshotTimestamp": "2019-01-01T00:00:00Z" }, "geometry": { "type": "LineString", "coordinates": [ [ 39.6623691, -4.0609518 ], [ 39.6713522, -4.0625731 ] ] } },
{ "type": "Feature", "properties": { "@osmId": "way/97866906", "@snapshotTimestamp": "2019-01-01T00:00:00Z" }, "geometry": { "type": "LineString", "coordinates": [ [ 39.6621622, -4.0608548 ], [ 39.6623691, -4.0609518 ], [ 39.6623835, -4.0611011 ], [ 39.6621152, -4.0610595 ], [ 39.6621622, -4.0608548 ] ] } },
{ "type": "Feature", "properties": { "@osmId": "way/31020469", "@snapshotTimestamp": "2019-01-01T00:00:00Z" }, "geometry": { "type": "LineString", "coordinates": [ [ 39.6621038, -4.0610256 ], [ 39.6558987, -4.0608503 ] ] } },
{ "type": "Feature", "properties": { "@osmId": "way/131542207", "@snapshotTimestamp": "2019-01-01T00:00:00Z" }, "geometry": { "type": "LineString", "coordinates": [ [ 39.6559288, -4.0607292 ], [ 39.6621109, -4.0608807 ] ] } },
{ "type": "Feature", "properties": { "@osmId": "way/97866908", "@snapshotTimestamp": "2019-01-01T00:00:00Z" }, "geometry": { "type": "LineString", "coordinates": [ [ 39.6557877, -4.0606833 ], [ 39.6559288, -4.0607292 ], [ 39.6558987, -4.0608503 ], [ 39.6557329, -4.0608298 ], [ 39.6557877, -4.0606833 ] ] } },
{ "type": "Feature", "properties": { "@osmId": "way/131542209", "@snapshotTimestamp": "2019-01-01T00:00:00Z" }, "geometry": { "type": "LineString", "coordinates": [ [ 39.6557546, -4.0606172 ], [ 39.6557433, -4.060702 ] ] } },
{ "type": "Feature", "properties": { "@osmId": "way/131542206", "@snapshotTimestamp": "2019-01-01T00:00:00Z" }, "geometry": { "type": "LineString", "coordinates": [ [ 39.6557546, -4.0606172 ], [ 39.6558532, -4.0606917 ] ] } },
{ "type": "Feature", "properties": { "@osmId": "way/99384410", "@snapshotTimestamp": "2019-01-01T00:00:00Z" }, "geometry": { "type": "LineString", "coordinates": [ [ 39.6728242, -4.0585173 ], [ 39.6715211, -4.0626082 ] ] } },
{ "type": "Feature", "properties": { "@osmId": "way/68899554", "@snapshotTimestamp": "2019-01-01T00:00:00Z" }, "geometry": { "type": "LineString", "coordinates": [ [ 39.6713861, -4.0625549 ], [ 39.6725864, -4.0585058 ] ] } },
{ "type": "Feature", "properties": { "@osmId": "way/99394495", "@snapshotTimestamp": "2019-01-01T00:00:00Z" }, "geometry": { "type": "LineString", "coordinates": [ [ 39.672106, -4.0602553 ], [ 39.6715403, -4.0600875 ] ] } },
{ "type": "Feature", "properties": { "@osmId": "way/99394555", "@snapshotTimestamp": "2019-01-01T00:00:00Z" }, "geometry": { "type": "LineString", "coordinates": [ [ 39.6715775, -4.059971 ], [ 39.6721451, -4.0601405 ] ] } },
{ "type": "Feature", "properties": { "@osmId": "way/99394548", "@snapshotTimestamp": "2019-01-01T00:00:00Z" }, "geometry": { "type": "LineString", "coordinates": [ [ 39.6714673, -4.0599739 ], [ 39.6715775, -4.059971 ], [ 39.6715794, -4.0600628 ], [ 39.6714717, -4.0600672 ], [ 39.6714673, -4.0599739 ] ] } },
{ "type": "Feature", "properties": { "@osmId": "way/31020033", "@snapshotTimestamp": "2019-01-01T00:00:00Z" }, "geometry": { "type": "LineString", "coordinates": [ [ 39.6714717, -4.0600672 ], [ 39.6630165, -4.057992 ] ] } },
{ "type": "Feature", "properties": { "@osmId": "way/99394542", "@snapshotTimestamp": "2019-01-01T00:00:00Z" }, "geometry": { "type": "LineString", "coordinates": [ [ 39.6630789, -4.0577756 ], [ 39.6714858, -4.0599573 ] ] } },
{ "type": "Feature", "properties": { "@osmId": "way/99384416", "@snapshotTimestamp": "2019-01-01T00:00:00Z" }, "geometry": { "type": "LineString", "coordinates": [ [ 39.6726291, -4.0583738 ], [ 39.6728052, -4.0583935 ], [ 39.6727953, -4.0585611 ], [ 39.6726053, -4.058545 ], [ 39.6726291, -4.0583738 ] ] } },
{ "type": "Feature", "properties": { "@osmId": "way/99384402", "@snapshotTimestamp": "2019-01-01T00:00:00Z" }, "geometry": { "type": "LineString", "coordinates": [ [ 39.6725864, -4.0585058 ], [ 39.6691388, -4.0566964 ] ] } },
{ "type": "Feature", "properties": { "@osmId": "way/99394501", "@snapshotTimestamp": "2019-01-01T00:00:00Z" }, "geometry": { "type": "LineString", "coordinates": [ [ 39.6692112, -4.056552 ], [ 39.6726291, -4.0583738 ] ] } },
{ "type": "Feature", "properties": { "@osmId": "way/99394497", "@snapshotTimestamp": "2019-01-01T00:00:00Z" }, "geometry": { "type": "LineString", "coordinates": [ [ 39.6688438, -4.0564503 ], [ 39.6691817, -4.0565172 ], [ 39.6692139, -4.0566429 ], [ 39.6688627, -4.0565877 ], [ 39.6688438, -4.0564503 ] ] } },
{ "type": "Feature", "properties": { "@osmId": "way/99394544", "@snapshotTimestamp": "2019-01-01T00:00:00Z" }, "geometry": { "type": "LineString", "coordinates": [ [ 39.6688303, -4.0565332 ], [ 39.6673715, -4.0542798 ] ] } },
{ "type": "Feature", "properties": { "@osmId": "way/99398749", "@snapshotTimestamp": "2019-01-01T00:00:00Z" }, "geometry": { "type": "LineString", "coordinates": [ [ 39.6674869, -4.0542316 ], [ 39.6689564, -4.0564048 ] ] } },
{ "type": "Feature", "properties": { "@osmId": "way/99384397", "@snapshotTimestamp": "2019-01-01T00:00:00Z" }, "geometry": { "type": "LineString", "coordinates": [ [ 39.6726674, -4.0583531 ], [ 39.6738974, -4.0518862 ] ] } },
{ "type": "Feature", "properties": { "@osmId": "way/68899540", "@snapshotTimestamp": "2019-01-01T00:00:00Z" }, "geometry": { "type": "LineString", "coordinates": [ [ 39.6740356, -4.0517564 ], [ 39.6728327, -4.0584746 ] ] } },
{ "type": "Feature", "properties": { "@osmId": "way/99398758", "@snapshotTimestamp": "2019-01-01T00:00:00Z" }, "geometry": { "type": "LineString", "coordinates": [ [ 39.6673259, -4.0542328 ], [ 39.6673125, -4.0540872 ], [ 39.6674493, -4.0540577 ], [ 39.6674654, -4.0542691 ], [ 39.6673259, -4.0542328 ] ] } },
{ "type": "Feature", "properties": { "@osmId": "way/458614051", "@snapshotTimestamp": "2019-01-01T00:00:00Z" }, "geometry": { "type": "LineString", "coordinates": [ [ 39.6893379, -4.0509873 ], [ 39.6879471, -4.0517675 ] ] } },
{ "type": "Feature", "properties": { "@osmId": "way/639375859", "@snapshotTimestamp": "2019-01-01T00:00:00Z" }, "geometry": { "type": "LineString", "coordinates": [ [ 39.6905657, -4.0500415 ], [ 39.6893379, -4.0509873 ] ] } },
{ "type": "Feature", "properties": { "@osmId": "way/639375858", "@snapshotTimestamp": "2019-01-01T00:00:00Z" }, "geometry": { "type": "LineString", "coordinates": [ [ 39.6905657, -4.0500415 ], [ 39.6905539, -4.0499451 ], [ 39.6906883, -4.0499371 ], [ 39.6906703, -4.0500556 ], [ 39.6905657, -4.0500415 ] ] } },
{ "type": "Feature", "properties": { "@osmId": "way/99398727", "@snapshotTimestamp": "2019-01-01T00:00:00Z" }, "geometry": { "type": "LineString", "coordinates": [ [ 39.6673125, -4.0540872 ], [ 39.6611605, -4.0457381 ] ] } },
{ "type": "Feature", "properties": { "@osmId": "way/88209654", "@snapshotTimestamp": "2019-01-01T00:00:00Z" }, "geometry": { "type": "LineString", "coordinates": [ [ 39.6613238, -4.0457577 ], [ 39.6674493, -4.0540577 ] ] } },
{ "type": "Feature", "properties": { "@osmId": "way/215573252", "@snapshotTimestamp": "2019-01-01T00:00:00Z" }, "geometry": { "type": "LineString", "coordinates": [ [ 39.6879471, -4.0517675 ], [ 39.6835372, -4.0464711 ] ] } },
{ "type": "Feature", "properties": { "@osmId": "way/98711071", "@snapshotTimestamp": "2019-01-01T00:00:00Z" }, "geometry": { "type": "LineString", "coordinates": [ [ 39.6949684, -4.0473571 ], [ 39.6906883, -4.0499371 ] ] } },
{ "type": "Feature", "properties": { "@osmId": "way/408842408", "@snapshotTimestamp": "2019-01-01T00:00:00Z" }, "geometry": { "type": "LineString", "coordinates": [ [ 39.695238, -4.0472691 ], [ 39.6952637, -4.0471295 ] ] } },
{ "type": "Feature", "properties": { "@osmId": "way/408842407", "@snapshotTimestamp": "2019-01-01T00:00:00Z" }, "geometry": { "type": "LineString", "coordinates": [ [ 39.695212, -4.0471502 ], [ 39.6953217, -4.0471602 ], [ 39.69531, -4.0472557 ], [ 39.695217, -4.0472571 ], [ 39.695212, -4.0471502 ] ] } },
{ "type": "Feature", "properties": { "@osmId": "way/408842406", "@snapshotTimestamp": "2019-01-01T00:00:00Z" }, "geometry": { "type": "LineString", "coordinates": [ [ 39.6952637, -4.0471295 ], [ 39.6953308, -4.047225 ] ] } },
{ "type": "Feature", "properties": { "@osmId": "way/98709962", "@snapshotTimestamp": "2019-01-01T00:00:00Z" }, "geometry": { "type": "LineString", "coordinates": [ [ 39.6974618, -4.0459203 ], [ 39.6955532, -4.0470107 ] ] } },
{ "type": "Feature", "properties": { "@osmId": "way/408842402", "@snapshotTimestamp": "2019-01-01T00:00:00Z" }, "geometry": { "type": "LineString", "coordinates": [ [ 39.6977301, -4.0458343 ], [ 39.6976799, -4.0457473 ] ] } },
{ "type": "Feature", "properties": { "@osmId": "way/408842401", "@snapshotTimestamp": "2019-01-01T00:00:00Z" }, "geometry": { "type": "LineString", "coordinates": [ [ 39.6976799, -4.0457473 ], [ 39.6977859, -4.0456772 ], [ 39.6978464, -4.045765 ], [ 39.6977555, -4.0458407 ], [ 39.6976799, -4.0457473 ] ] } },
{ "type": "Feature", "properties": { "@osmId": "way/408842400", "@snapshotTimestamp": "2019-01-01T00:00:00Z" }, "geometry": { "type": "LineString", "coordinates": [ [ 39.6977859, -4.0456772 ], [ 39.6978464, -4.045765 ] ] } },
{ "type": "Feature", "properties": { "@osmId": "way/98665806", "@snapshotTimestamp": "2019-01-01T00:00:00Z" }, "geometry": { "type": "LineString", "coordinates": [ [ 39.7014638, -4.0436093 ], [ 39.6980896, -4.0455562 ] ] } },
{ "type": "Feature", "properties": { "@osmId": "way/69250374", "@snapshotTimestamp": "2019-01-01T00:00:00Z" }, "geometry": { "type": "LineString", "coordinates": [ [ 39.670689, -4.0431661 ], [ 39.6612116, -4.0458001 ] ] } },
{ "type": "Feature", "properties": { "@osmId": "way/26396713", "@snapshotTimestamp": "2019-01-01T00:00:00Z" }, "geometry": { "type": "LineString", "coordinates": [ [ 39.6611605, -4.0457381 ], [ 39.6706595, -4.0430564 ] ] } },
{ "type": "Feature", "properties": { "@osmId": "way/31002658", "@snapshotTimestamp": "2019-01-01T00:00:00Z" }, "geometry": { "type": "LineString", "coordinates": [ [ 39.6611605, -4.0457381 ], [ 39.6575025, -4.0413617 ] ] } },
{ "type": "Feature", "properties": { "@osmId": "way/98665802", "@snapshotTimestamp": "2019-01-01T00:00:00Z" }, "geometry": { "type": "LineString", "coordinates": [ [ 39.7017073, -4.0435739 ], [ 39.7016196, -4.0434548 ] ] } },
{ "type": "Feature", "properties": { "@osmId": "way/31002671", "@snapshotTimestamp": "2019-01-01T00:00:00Z" }, "geometry": { "type": "LineString", "coordinates": [ [ 39.6577272, -4.0411701 ], [ 39.6613238, -4.0457577 ] ] } },
{ "type": "Feature", "properties": { "@osmId": "way/98665804", "@snapshotTimestamp": "2019-01-01T00:00:00Z" }, "geometry": { "type": "LineString", "coordinates": [ [ 39.7018533, -4.0433848 ], [ 39.701817, -4.0435588 ], [ 39.7016442, -4.0435284 ], [ 39.7016835, -4.0433435 ], [ 39.7018533, -4.0433848 ] ] } },
{ "type": "Feature", "properties": { "@osmId": "way/98665805", "@snapshotTimestamp": "2019-01-01T00:00:00Z" }, "geometry": { "type": "LineString", "coordinates": [ [ 39.701749, -4.0433268 ], [ 39.7018731, -4.0434636 ] ] } },
{ "type": "Feature", "properties": { "@osmId": "way/26396716", "@snapshotTimestamp": "2019-01-01T00:00:00Z" }, "geometry": { "type": "LineString", "coordinates": [ [ 39.674242, -4.0425361 ], [ 39.670689, -4.0431661 ] ] } },
{ "type": "Feature", "properties": { "@osmId": "way/88207730", "@snapshotTimestamp": "2019-01-01T00:00:00Z" }, "geometry": { "type": "LineString", "coordinates": [ [ 39.6073086, -4.0330379 ], [ 39.6057421, -4.0326695 ] ] } },
{ "type": "Feature", "properties": { "@osmId": "way/31149619", "@snapshotTimestamp": "2019-01-01T00:00:00Z" }, "geometry": { "type": "LineString", "coordinates": [ [ 39.6058533, -4.0325024 ], [ 39.6073086, -4.0330379 ] ] } },
{ "type": "Feature", "properties": { "@osmId": "way/88207733", "@snapshotTimestamp": "2019-01-01T00:00:00Z" }, "geometry": { "type": "LineString", "coordinates": [ [ 39.6054678, -4.0323596 ], [ 39.6057894, -4.0323299 ], [ 39.6057971, -4.0326272 ], [ 39.605521, -4.0326576 ], [ 39.6054678, -4.0323596 ] ] } },
{ "type": "Feature", "properties": { "@osmId": "way/31149615", "@snapshotTimestamp": "2019-01-01T00:00:00Z" }, "geometry": { "type": "LineString", "coordinates": [ [ 39.6073086, -4.0330379 ], [ 39.6172678, -4.0306306 ] ] } },
{ "type": "Feature", "properties": { "@osmId": "way/593759909", "@snapshotTimestamp": "2019-01-01T00:00:00Z" }, "geometry": { "type": "LineString", "coordinates": [ [ 39.6172678, -4.0306306 ], [ 39.6189451, -4.0304573 ] ] } },
{ "type": "Feature", "properties": { "@osmId": "way/593759911", "@snapshotTimestamp": "2019-01-01T00:00:00Z" }, "geometry": { "type": "LineString", "coordinates": [ [ 39.6189451, -4.0304573 ], [ 39.6196066, -4.0304101 ] ] } },
{ "type": "Feature", "properties": { "@osmId": "way/593759908", "@snapshotTimestamp": "2019-01-01T00:00:00Z" }, "geometry": { "type": "LineString", "coordinates": [ [ 39.6196066, -4.0304101 ], [ 39.6218544, -4.0302125 ] ] } },
{ "type": "Feature", "properties": { "@osmId": "way/27050007", "@snapshotTimestamp": "2019-01-01T00:00:00Z" }, "geometry": { "type": "LineString", "coordinates": [ [ 39.6323038, -4.0298772 ], [ 39.6328623, -4.0296734 ], [ 39.6329594, -4.0301774 ], [ 39.6324437, -4.0302579 ], [ 39.6323038, -4.0298772 ] ] } },
{ "type": "Feature", "properties": { "@osmId": "way/99697045", "@snapshotTimestamp": "2019-01-01T00:00:00Z" }, "geometry": { "type": "LineString", "coordinates": [ [ 39.6323501, -4.0301537 ], [ 39.6273524, -4.0268393 ] ] } },
{ "type": "Feature", "properties": { "@osmId": "way/610041090", "@snapshotTimestamp": "2019-01-01T00:00:00Z" }, "geometry": { "type": "LineString", "coordinates": [ [ 39.6324135, -4.0296964 ], [ 39.6273524, -4.0268393 ] ] } },
{ "type": "Feature", "properties": { "@osmId": "way/610041085", "@snapshotTimestamp": "2019-01-01T00:00:00Z" }, "geometry": { "type": "LineString", "coordinates": [ [ 39.6273524, -4.0268393 ], [ 39.630117, -4.0287286 ] ] } },
{ "type": "Feature", "properties": { "@osmId": "way/209405054", "@snapshotTimestamp": "2019-01-01T00:00:00Z" }, "geometry": { "type": "LineString", "coordinates": [ [ 39.4097478, -3.945715 ], [ 39.3442979, -4.0009924 ], [ 39.3150424, -4.1070209 ] ] } },
{ "type": "Feature", "properties": { "@osmId": "way/610041093", "@snapshotTimestamp": "2019-01-01T00:00:00Z" }, "geometry": { "type": "LineString", "coordinates": [ [ 39.6246012, -4.024922 ], [ 39.6273524, -4.0268393 ] ] } },
{ "type": "Feature", "properties": { "@osmId": "way/610041088", "@snapshotTimestamp": "2019-01-01T00:00:00Z" }, "geometry": { "type": "LineString", "coordinates": [ [ 39.6273524, -4.0268393 ], [ 39.6241449, -4.0245969 ] ] } },
{ "type": "Feature", "properties": { "@osmId": "way/31149613", "@snapshotTimestamp": "2019-01-01T00:00:00Z" }, "geometry": { "type": "MultiLineString", "coordinates": [ [ [ 39.6238446, -4.0244351 ], [ 39.6267822, -4.0264381 ] ], [ [ 39.6267822, -4.0264381 ], [ 39.6268652, -4.0264947 ], [ 39.6270079, -4.0265921 ], [ 39.6267822, -4.0264381 ] ] ] } },
{ "type": "Feature", "properties": { "@osmId": "way/610041092", "@snapshotTimestamp": "2019-01-01T00:00:00Z" }, "geometry": { "type": "LineString", "coordinates": [ [ 39.6270079, -4.0265921 ], [ 39.6238446, -4.0244351 ] ] } },
{ "type": "Feature", "properties": { "@osmId": "way/99697252", "@snapshotTimestamp": "2019-01-01T00:00:00Z" }, "geometry": { "type": "LineString", "coordinates": [ [ 39.6340334, -4.0221275 ], [ 39.6338984, -4.018699 ] ] } },
{ "type": "Feature", "properties": { "@osmId": "way/177566998", "@snapshotTimestamp": "2019-01-01T00:00:00Z" }, "geometry": { "type": "LineString", "coordinates": [ [ 39.63382, -4.0169187 ], [ 39.6338984, -4.018699 ] ] } },
{ "type": "Feature", "properties": { "@osmId": "way/177566999", "@snapshotTimestamp": "2019-01-01T00:00:00Z" }, "geometry": { "type": "LineString", "coordinates": [ [ 39.6338068, -4.0166296 ], [ 39.63382, -4.0169187 ] ] } },
{ "type": "Feature", "properties": { "@osmId": "way/591046251", "@snapshotTimestamp": "2019-01-01T00:00:00Z" }, "geometry": { "type": "LineString", "coordinates": [ [ 39.5712465, -3.9898298 ], [ 39.5891744, -4.0433154 ] ] } },
{ "type": "Feature", "properties": { "@osmId": "way/69250425", "@snapshotTimestamp": "2019-01-01T00:00:00Z" }, "geometry": { "type": "LineString", "coordinates": [ [ 39.6706595, -4.0430564 ], [ 39.674225, -4.0424362 ] ] } },
{ "type": "Feature", "properties": { "@osmId": "way/639372078", "@snapshotTimestamp": "2019-01-01T00:00:00Z" }, "geometry": { "type": "LineString", "coordinates": [ [ 39.6835372, -4.0464711 ], [ 39.6804428, -4.0389623 ] ] } },
{ "type": "Feature", "properties": { "@osmId": "way/31002649", "@snapshotTimestamp": "2019-01-01T00:00:00Z" }, "geometry": { "type": "LineString", "coordinates": [ [ 39.6575978, -4.0413244 ], [ 39.657176, -4.0412197 ], [ 39.6572702, -4.040805 ], [ 39.6577149, -4.0409243 ], [ 39.6575978, -4.0413244 ] ] } },
{ "type": "Feature", "properties": { "@osmId": "way/26396875", "@snapshotTimestamp": "2019-01-01T00:00:00Z" }, "geometry": { "type": "LineString", "coordinates": [ [ 39.706372995686607, -4.038674076285617 ], [ 39.7021115, -4.0432485 ] ] } },
{ "type": "Feature", "properties": { "@osmId": "way/31002650", "@snapshotTimestamp": "2019-01-01T00:00:00Z" }, "geometry": { "type": "LineString", "coordinates": [ [ 39.6571322, -4.0410757 ], [ 39.6570046, -4.0406374 ] ] } },
{ "type": "Feature", "properties": { "@osmId": "way/26416124", "@snapshotTimestamp": "2019-01-01T00:00:00Z" }, "geometry": { "type": "LineString", "coordinates": [ [ 39.6527052, -4.0348521 ], [ 39.6570046, -4.0406374 ] ] } },
{ "type": "Feature", "properties": { "@osmId": "way/31020470", "@snapshotTimestamp": "2019-01-01T00:00:00Z" }, "geometry": { "type": "LineString", "coordinates": [ [ 39.6528092, -4.0347035 ], [ 39.6573671, -4.0407629 ] ] } },
{ "type": "Feature", "properties": { "@osmId": "way/529775228", "@snapshotTimestamp": "2019-01-01T00:00:00Z" }, "geometry": { "type": "LineString", "coordinates": [ [ 39.6635152, -4.0163262 ], [ 39.6641227, -4.0156794 ] ] } },
{ "type": "Feature", "properties": { "@osmId": "way/69250383", "@snapshotTimestamp": "2019-01-01T00:00:00Z" }, "geometry": { "type": "MultiLineString", "coordinates": [ [ [ 39.6821147, -4.0371425 ], [ 39.718190914127199, -4.0212455181102 ] ], [ [ 39.72195658800436, -4.015682815301315 ], [ 39.7409702, -3.9560905 ] ] ] } },
{ "type": "Feature", "properties": { "@osmId": "way/26396851", "@snapshotTimestamp": "2019-01-01T00:00:00Z" }, "geometry": { "type": "LineString", "coordinates": [ [ 39.7409702, -3.9560905 ], [ 39.7420984, -3.9546453 ] ] } },
{ "type": "Feature", "properties": { "@osmId": "way/31149610", "@snapshotTimestamp": "2019-01-01T00:00:00Z" }, "geometry": { "type": "LineString", "coordinates": [ [ 39.5788863, -4.0071403 ], [ 39.6238446, -4.0244351 ] ] } },
{ "type": "Feature", "properties": { "@osmId": "way/529759012", "@snapshotTimestamp": "2019-01-01T00:00:00Z" }, "geometry": { "type": "LineString", "coordinates": [ [ 39.602977, -4.0143576 ], [ 39.6033767, -4.0136084 ] ] } },
{ "type": "Feature", "properties": { "@osmId": "way/180607165", "@snapshotTimestamp": "2019-01-01T00:00:00Z" }, "geometry": { "type": "LineString", "coordinates": [ [ 39.5737058, -3.9958972 ], [ 39.6338068, -4.0166296 ] ] } },
{ "type": "Feature", "properties": { "@osmId": "way/591046124", "@snapshotTimestamp": "2019-01-01T00:00:00Z" }, "geometry": { "type": "LineString", "coordinates": [ [ 39.5701468, -3.9923663 ], [ 39.5723472, -3.9941965 ] ] } },
{ "type": "Feature", "properties": { "@osmId": "way/591046125", "@snapshotTimestamp": "2019-01-01T00:00:00Z" }, "geometry": { "type": "LineString", "coordinates": [ [ 39.5697498, -3.9920988 ], [ 39.5701468, -3.9923663 ] ] } },
{ "type": "Feature", "properties": { "@osmId": "way/591046126", "@snapshotTimestamp": "2019-01-01T00:00:00Z" }, "geometry": { "type": "LineString", "coordinates": [ [ 39.5672718, -3.9906308 ], [ 39.5697498, -3.9920988 ] ] } },
{ "type": "Feature", "properties": { "@osmId": "way/180607167", "@snapshotTimestamp": "2019-01-01T00:00:00Z" }, "geometry": { "type": "LineString", "coordinates": [ [ 39.5497715, -3.9692812 ], [ 39.5737058, -3.9958972 ] ] } },
{ "type": "Feature", "properties": { "@osmId": "way/229445969", "@snapshotTimestamp": "2019-01-01T00:00:00Z" }, "geometry": { "type": "LineString", "coordinates": [ [ 39.5737058, -3.9958972 ], [ 39.5497715, -3.9692812 ] ] } },
{ "type": "Feature", "properties": { "@osmId": "way/209405049", "@snapshotTimestamp": "2019-01-01T00:00:00Z" }, "geometry": { "type": "LineString", "coordinates": [ [ 39.4100905, -3.9454356 ], [ 39.4097478, -3.945715 ] ] } },
{ "type": "Feature", "properties": { "@osmId": "way/217334219", "@snapshotTimestamp": "2019-01-01T00:00:00Z" }, "geometry": { "type": "LineString", "coordinates": [ [ 39.5853812, -3.9131351 ], [ 39.5492287, -3.9653891 ] ] } },
{ "type": "Feature", "properties": { "@osmId": "way/209405051", "@snapshotTimestamp": "2019-01-01T00:00:00Z" }, "geometry": { "type": "LineString", "coordinates": [ [ 39.4162176, -3.9164052 ], [ 39.4100905, -3.9454356 ] ] } },
{ "type": "Feature", "properties": { "@osmId": "way/209405046", "@snapshotTimestamp": "2019-01-01T00:00:00Z" }, "geometry": { "type": "LineString", "coordinates": [ [ 39.4164971, -3.9160632 ], [ 39.4162176, -3.9164052 ] ] } },
{ "type": "Feature", "properties": { "@osmId": "way/217334218", "@snapshotTimestamp": "2019-01-01T00:00:00Z" }, "geometry": { "type": "LineString", "coordinates": [ [ 39.5857672, -3.9130743 ], [ 39.5853812, -3.9131351 ] ] } },
{ "type": "Feature", "properties": { "@osmId": "way/34359040", "@snapshotTimestamp": "2019-01-01T00:00:00Z" }, "geometry": { "type": "LineString", "coordinates": [ [ 39.4560307, -3.8619459 ], [ 39.4164971, -3.9160632 ] ] } },
{ "type": "Feature", "properties": { "@osmId": "way/34358426", "@snapshotTimestamp": "2019-01-01T00:00:00Z" }, "geometry": { "type": "LineString", "coordinates": [ [ 39.6331664, -3.8519586 ], [ 39.5857672, -3.9130743 ] ] } },
{ "type": "Feature", "properties": { "@osmId": "way/209405106", "@snapshotTimestamp": "2019-01-01T00:00:00Z" }, "geometry": { "type": "LineString", "coordinates": [ [ 39.3656308, -3.7902932 ], [ 39.4738084, -3.8634738 ], [ 39.5497715, -3.9692812 ] ] } },
{ "type": "Feature", "properties": { "@osmId": "way/486226362", "@snapshotTimestamp": "2019-01-01T00:00:00Z" }, "geometry": { "type": "LineString", "coordinates": [ [ 39.4638362, -3.8566348 ], [ 39.4560307, -3.8619459 ] ] } },
{ "type": "Feature", "properties": { "@osmId": "way/34359326", "@snapshotTimestamp": "2019-01-01T00:00:00Z" }, "geometry": { "type": "LineString", "coordinates": [ [ 39.4738084, -3.8634738 ], [ 39.6263222, -3.8172279 ] ] } },
{ "type": "Feature", "properties": { "@osmId": "way/62646731", "@snapshotTimestamp": "2019-01-01T00:00:00Z" }, "geometry": { "type": "LineString", "coordinates": [ [ 39.6263222, -3.8172279 ], [ 39.6331664, -3.8519586 ] ] } },
{ "type": "Feature", "properties": { "@osmId": "way/209405131", "@snapshotTimestamp": "2019-01-01T00:00:00Z" }, "geometry": { "type": "LineString", "coordinates": [ [ 39.3655151, -3.7903774 ], [ 39.3656308, -3.7902932 ] ] } },
{ "type": "Feature", "properties": { "@osmId": "way/27388786", "@snapshotTimestamp": "2019-01-01T00:00:00Z" }, "geometry": { "type": "LineString", "coordinates": [ [ 39.7420984, -3.9546453 ], [ 39.7520346, -3.9253816 ] ] } },
{ "type": "Feature", "properties": { "@osmId": "way/28128751", "@snapshotTimestamp": "2019-01-01T00:00:00Z" }, "geometry": { "type": "LineString", "coordinates": [ [ 39.7520346, -3.9253816 ], [ 39.8217488, -3.789338 ], [ 39.8154832, -3.6840764 ] ] } },
{ "type": "Feature", "properties": { "@osmId": "way/62646738", "@snapshotTimestamp": "2019-01-01T00:00:00Z" }, "geometry": { "type": "LineString", "coordinates": [ [ 39.6263222, -3.8172279 ], [ 39.6343283, -3.7767838 ], [ 39.6883652, -3.7469697 ], [ 39.7111781, -3.7020758 ], [ 39.816625, -3.6820558 ] ] } },
{ "type": "Feature", "properties": { "@osmId": "way/28128632", "@snapshotTimestamp": "2019-01-01T00:00:00Z" }, "geometry": { "type": "LineString", "coordinates": [ [ 39.8154832, -3.6840764 ], [ 39.8491717, -3.6383677 ] ] } },
{ "type": "Feature", "properties": { "@osmId": "way/28128551", "@snapshotTimestamp": "2019-01-01T00:00:00Z" }, "geometry": { "type": "LineString", "coordinates": [ [ 39.8491717, -3.6383677 ], [ 39.8479378, -3.6340534 ] ] } },
{ "type": "Feature", "properties": { "@osmId": "way/28128550", "@snapshotTimestamp": "2019-01-01T00:00:00Z" }, "geometry": { "type": "LineString", "coordinates": [ [ 39.8479378, -3.6340534 ], [ 39.8527457, -3.6143678 ] ] } },
{ "type": "Feature", "properties": { "@osmId": "way/28128542", "@snapshotTimestamp": "2019-01-01T00:00:00Z" }, "geometry": { "type": "LineString", "coordinates": [ [ 39.8527457, -3.6143678 ], [ 39.8855639, -3.5151951 ] ] } },
{ "type": "Feature", "properties": { "@osmId": "way/162982306", "@snapshotTimestamp": "2019-01-01T00:00:00Z" }, "geometry": { "type": "LineString", "coordinates": [ [ 39.8793511, -3.5362823 ], [ 39.8102658, -3.5428941 ] ] } },
{ "type": "Feature", "properties": { "@osmId": "way/28128480", "@snapshotTimestamp": "2019-01-01T00:00:00Z" }, "geometry": { "type": "LineString", "coordinates": [ [ 39.8855639, -3.5151951 ], [ 39.9161514, -3.3966672 ] ] } },
{ "type": "Feature", "properties": { "@osmId": "way/28128244", "@snapshotTimestamp": "2019-01-01T00:00:00Z" }, "geometry": { "type": "LineString", "coordinates": [ [ 39.9161514, -3.3966672 ], [ 39.9512032, -3.3270075 ], [ 40.0113091, -3.3021784 ] ] } },
{ "type": "Feature", "properties": { "@osmId": "way/26834574", "@snapshotTimestamp": "2019-01-01T00:00:00Z" }, "geometry": { "type": "LineString", "coordinates": [ [ 39.089001, -3.7420285 ], [ 39.2254246, -3.765752 ], [ 39.2703208, -3.7985038 ], [ 39.3655151, -3.7903774 ] ] } },
{ "type": "Feature", "properties": { "@osmId": "way/26834567", "@snapshotTimestamp": "2019-01-01T00:00:00Z" }, "geometry": { "type": "LineString", "coordinates": [ [ 38.6184078, -3.4373076 ], [ 38.7290241, -3.5456861 ], [ 39.089001, -3.7420285 ] ] } },
{ "type": "Feature", "properties": { "@osmId": "way/556007921", "@snapshotTimestamp": "2019-01-01T00:00:00Z" }, "geometry": { "type": "LineString", "coordinates": [ [ 38.3145896, -3.4979676 ], [ 38.3461972, -3.5096177 ] ] } },
{ "type": "Feature", "properties": { "@osmId": "way/556007926", "@snapshotTimestamp": "2019-01-01T00:00:00Z" }, "geometry": { "type": "LineString", "coordinates": [ [ 38.2411772, -3.4799332 ], [ 38.2579249, -3.5099822 ], [ 38.3145896, -3.4979676 ] ] } },
{ "type": "Feature", "properties": { "@osmId": "way/556007905", "@snapshotTimestamp": "2019-01-01T00:00:00Z" }, "geometry": { "type": "LineString", "coordinates": [ [ 38.3461972, -3.5096177 ], [ 38.4769694, -3.4675413 ] ] } },
{ "type": "Feature", "properties": { "@osmId": "way/556007927", "@snapshotTimestamp": "2019-01-01T00:00:00Z" }, "geometry": { "type": "LineString", "coordinates": [ [ 38.2397705, -3.4773979 ], [ 38.2411772, -3.4799332 ] ] } },
{ "type": "Feature", "properties": { "@osmId": "way/556007928", "@snapshotTimestamp": "2019-01-01T00:00:00Z" }, "geometry": { "type": "LineString", "coordinates": [ [ 38.238683, -3.4755882 ], [ 38.2397705, -3.4773979 ] ] } },
{ "type": "Feature", "properties": { "@osmId": "way/556007931", "@snapshotTimestamp": "2019-01-01T00:00:00Z" }, "geometry": { "type": "LineString", "coordinates": [ [ 38.2354224, -3.4712346 ], [ 38.238683, -3.4755882 ] ] } },
{ "type": "Feature", "properties": { "@osmId": "way/219403816", "@snapshotTimestamp": "2019-01-01T00:00:00Z" }, "geometry": { "type": "LineString", "coordinates": [ [ 38.4839759, -3.4556026 ], [ 38.4769694, -3.4675413 ] ] } },
{ "type": "Feature", "properties": { "@osmId": "way/500391581", "@snapshotTimestamp": "2019-01-01T00:00:00Z" }, "geometry": { "type": "LineString", "coordinates": [ [ 38.1914808, -3.4477659 ], [ 38.2354224, -3.4712346 ] ] } },
{ "type": "Feature", "properties": { "@osmId": "way/219403817", "@snapshotTimestamp": "2019-01-01T00:00:00Z" }, "geometry": { "type": "LineString", "coordinates": [ [ 38.4841625, -3.4553243 ], [ 38.4839759, -3.4556026 ] ] } },
{ "type": "Feature", "properties": { "@osmId": "way/51231760", "@snapshotTimestamp": "2019-01-01T00:00:00Z" }, "geometry": { "type": "LineString", "coordinates": [ [ 38.3780699, -3.5034742 ], [ 38.3620927, -3.4046827 ] ] } },
{ "type": "Feature", "properties": { "@osmId": "way/51100794", "@snapshotTimestamp": "2019-01-01T00:00:00Z" }, "geometry": { "type": "LineString", "coordinates": [ [ 38.5087492, -3.4370034 ], [ 38.4841625, -3.4553243 ] ] } },
{ "type": "Feature", "properties": { "@osmId": "way/225239571", "@snapshotTimestamp": "2019-01-01T00:00:00Z" }, "geometry": { "type": "LineString", "coordinates": [ [ 38.561282, -3.4084581 ], [ 38.6184078, -3.4373076 ] ] } },
{ "type": "Feature", "properties": { "@osmId": "way/34358615", "@snapshotTimestamp": "2019-01-01T00:00:00Z" }, "geometry": { "type": "LineString", "coordinates": [ [ 38.550159, -3.4006325 ], [ 38.5087492, -3.4370034 ] ] } },
{ "type": "Feature", "properties": { "@osmId": "way/225239570", "@snapshotTimestamp": "2019-01-01T00:00:00Z" }, "geometry": { "type": "LineString", "coordinates": [ [ 38.5609422, -3.4085562 ], [ 38.561282, -3.4084581 ] ] } },
{ "type": "Feature", "properties": { "@osmId": "way/51231766", "@snapshotTimestamp": "2019-01-01T00:00:00Z" }, "geometry": { "type": "LineString", "coordinates": [ [ 38.3620927, -3.4046827 ], [ 38.3639389, -3.4002603 ] ] } },
{ "type": "Feature", "properties": { "@osmId": "way/251028008", "@snapshotTimestamp": "2019-01-01T00:00:00Z" }, "geometry": { "type": "LineString", "coordinates": [ [ 38.5787913, -3.390814 ], [ 38.5930587, -3.4103228 ] ] } },
{ "type": "Feature", "properties": { "@osmId": "way/627846260", "@snapshotTimestamp": "2019-01-01T00:00:00Z" }, "geometry": { "type": "LineString", "coordinates": [ [ 38.5506744, -3.4010635 ], [ 38.5785166, -3.3908672 ] ] } },
{ "type": "Feature", "properties": { "@osmId": "way/251028007", "@snapshotTimestamp": "2019-01-01T00:00:00Z" }, "geometry": { "type": "LineString", "coordinates": [ [ 38.5785166, -3.3908672 ], [ 38.5787913, -3.390814 ] ] } },
{ "type": "Feature", "properties": { "@osmId": "way/556009320", "@snapshotTimestamp": "2019-01-01T00:00:00Z" }, "geometry": { "type": "LineString", "coordinates": [ [ 37.9623667, -3.4172388 ], [ 38.1322082, -3.4066835 ], [ 38.1914808, -3.4477659 ] ] } },
{ "type": "Feature", "properties": { "@osmId": "way/556009323", "@snapshotTimestamp": "2019-01-01T00:00:00Z" }, "geometry": { "type": "LineString", "coordinates": [ [ 37.9218798, -3.4138313 ], [ 37.9623667, -3.4172388 ] ] } },
{ "type": "Feature", "properties": { "@osmId": "way/555978459", "@snapshotTimestamp": "2019-01-01T00:00:00Z" }, "geometry": { "type": "LineString", "coordinates": [ [ 37.7278861, -3.3902041 ], [ 37.9218798, -3.4138313 ] ] } },
{ "type": "Feature", "properties": { "@osmId": "way/555978456", "@snapshotTimestamp": "2019-01-01T00:00:00Z" }, "geometry": { "type": "LineString", "coordinates": [ [ 37.6497524, -3.3842135 ], [ 37.7278861, -3.3902041 ] ] } },
{ "type": "Feature", "properties": { "@osmId": "way/555978458", "@snapshotTimestamp": "2019-01-01T00:00:00Z" }, "geometry": { "type": "LineString", "coordinates": [ [ 37.7139604, -3.383997 ], [ 37.7278861, -3.3902041 ] ] } },
{ "type": "Feature", "properties": { "@osmId": "way/23321613", "@snapshotTimestamp": "2019-01-01T00:00:00Z" }, "geometry": { "type": "LineString", "coordinates": [ [ 37.6440431, -3.3816639 ], [ 37.6497524, -3.3842135 ] ] } },
{ "type": "Feature", "properties": { "@osmId": "way/446929373", "@snapshotTimestamp": "2019-01-01T00:00:00Z" }, "geometry": { "type": "LineString", "coordinates": [ [ 37.6440431, -3.3816639 ], [ 37.6411939, -3.3814545 ] ] } },
{ "type": "Feature", "properties": { "@osmId": "way/446929371", "@snapshotTimestamp": "2019-01-01T00:00:00Z" }, "geometry": { "type": "LineString", "coordinates": [ [ 37.64374, -3.3815514 ], [ 37.6440431, -3.3816639 ] ] } },
{ "type": "Feature", "properties": { "@osmId": "way/474662195", "@snapshotTimestamp": "2019-01-01T00:00:00Z" }, "geometry": { "type": "LineString", "coordinates": [ [ 37.6411939, -3.3814545 ], [ 37.6410723, -3.3810553 ] ] } },
{ "type": "Feature", "properties": { "@osmId": "way/446929372", "@snapshotTimestamp": "2019-01-01T00:00:00Z" }, "geometry": { "type": "LineString", "coordinates": [ [ 37.6421128, -3.3805175 ], [ 37.64374, -3.3815514 ] ] } },
{ "type": "Feature", "properties": { "@osmId": "way/606691259", "@snapshotTimestamp": "2019-01-01T00:00:00Z" }, "geometry": { "type": "LineString", "coordinates": [ [ 39.9201536, -3.3497865 ], [ 39.9362361, -3.3478023 ] ] } },
{ "type": "Feature", "properties": { "@osmId": "way/604481173", "@snapshotTimestamp": "2019-01-01T00:00:00Z" }, "geometry": { "type": "LineString", "coordinates": [ [ 39.9201536, -3.3497865 ], [ 39.9362361, -3.3478023 ] ] } },
{ "type": "Feature", "properties": { "@osmId": "way/51728703", "@snapshotTimestamp": "2019-01-01T00:00:00Z" }, "geometry": { "type": "LineString", "coordinates": [ [ 40.0113091, -3.3021784 ], [ 40.1165697, -3.2192727 ] ] } },
{ "type": "Feature", "properties": { "@osmId": "way/332398824", "@snapshotTimestamp": "2019-01-01T00:00:00Z" }, "geometry": { "type": "LineString", "coordinates": [ [ 40.1101805, -3.216648 ], [ 40.0008261, -3.2204947 ] ] } },
{ "type": "Feature", "properties": { "@osmId": "way/28128071", "@snapshotTimestamp": "2019-01-01T00:00:00Z" }, "geometry": { "type": "LineString", "coordinates": [ [ 40.116923, -3.2189916 ], [ 40.1170865, -3.2193196 ], [ 40.1167191, -3.2194801 ], [ 40.1165747, -3.2191809 ], [ 40.116923, -3.2189916 ] ] } },
{ "type": "Feature", "properties": { "@osmId": "way/270300541", "@snapshotTimestamp": "2019-01-01T00:00:00Z" }, "geometry": { "type": "LineString", "coordinates": [ [ 40.1168661, -3.2188313 ], [ 40.116923, -3.2189916 ] ] } },
{ "type": "Feature", "properties": { "@osmId": "way/116729099", "@snapshotTimestamp": "2019-01-01T00:00:00Z" }, "geometry": { "type": "LineString", "coordinates": [ [ 40.1167564, -3.2189873 ], [ 40.1168661, -3.2188313 ] ] } },
{ "type": "Feature", "properties": { "@osmId": "way/28128164", "@snapshotTimestamp": "2019-01-01T00:00:00Z" }, "geometry": { "type": "LineString", "coordinates": [ [ 40.1172174, -3.2164914 ], [ 40.1101805, -3.216648 ] ] } },
{ "type": "Feature", "properties": { "@osmId": "way/28128124", "@snapshotTimestamp": "2019-01-01T00:00:00Z" }, "geometry": { "type": "LineString", "coordinates": [ [ 40.1168661, -3.2188313 ], [ 40.1182967, -3.2128945 ] ] } },
{ "type": "Feature", "properties": { "@osmId": "way/33410069", "@snapshotTimestamp": "2019-01-01T00:00:00Z" }, "geometry": { "type": "LineString", "coordinates": [ [ 39.8371055, -3.1796926 ], [ 40.0008261, -3.2204947 ] ] } },
{ "type": "Feature", "properties": { "@osmId": "way/328248645", "@snapshotTimestamp": "2019-01-01T00:00:00Z" }, "geometry": { "type": "LineString", "coordinates": [ [ 38.4679348, -3.001819 ], [ 38.5010599, -3.2365539 ], [ 38.5609422, -3.4085562 ] ] } },
{ "type": "Feature", "properties": { "@osmId": "way/328970127", "@snapshotTimestamp": "2019-01-01T00:00:00Z" }, "geometry": { "type": "LineString", "coordinates": [ [ 39.2327838, -3.1003774 ], [ 39.711372, -3.180122 ] ] } },
{ "type": "Feature", "properties": { "@osmId": "way/610547587", "@snapshotTimestamp": "2019-01-01T00:00:00Z" }, "geometry": { "type": "LineString", "coordinates": [ [ 38.4917095, -3.0815343 ], [ 38.501609, -3.0923073 ] ] } },
{ "type": "Feature", "properties": { "@osmId": "way/96933080", "@snapshotTimestamp": "2019-01-01T00:00:00Z" }, "geometry": { "type": "LineString", "coordinates": [ [ 39.2011095, -3.0699832 ], [ 39.2327838, -3.1003774 ] ] } },
{ "type": "Feature", "properties": { "@osmId": "way/33401784", "@snapshotTimestamp": "2019-01-01T00:00:00Z" }, "geometry": { "type": "LineString", "coordinates": [ [ 38.4910078, -3.0816381 ], [ 38.4915309, -3.0815645 ] ] } },
{ "type": "Feature", "properties": { "@osmId": "way/610547588", "@snapshotTimestamp": "2019-01-01T00:00:00Z" }, "geometry": { "type": "LineString", "coordinates": [ [ 38.4915309, -3.0815645 ], [ 38.4917095, -3.0815343 ] ] } },
{ "type": "Feature", "properties": { "@osmId": "way/328740685", "@snapshotTimestamp": "2019-01-01T00:00:00Z" }, "geometry": { "type": "LineString", "coordinates": [ [ 38.6890735, -3.0428462 ], [ 38.6423333, -3.053207 ], [ 38.6235591, -3.0850569 ], [ 38.501609, -3.0923073 ] ] } },
{ "type": "Feature", "properties": { "@osmId": "way/96933278", "@snapshotTimestamp": "2019-01-01T00:00:00Z" }, "geometry": { "type": "LineString", "coordinates": [ [ 39.2011095, -3.0699832 ], [ 39.0707405, -3.0618593 ], [ 39.0227339, -3.0270422 ], [ 38.7989413, -3.0806383 ], [ 38.7816249, -3.05394 ], [ 38.6971774, -3.0436136 ] ] } },
{ "type": "Feature", "properties": { "@osmId": "way/328740609", "@snapshotTimestamp": "2019-01-01T00:00:00Z" }, "geometry": { "type": "LineString", "coordinates": [ [ 38.6926824, -3.0433105 ], [ 38.6920271, -3.0434066 ] ] } },
{ "type": "Feature", "properties": { "@osmId": "way/505218158", "@snapshotTimestamp": "2019-01-01T00:00:00Z" }, "geometry": { "type": "LineString", "coordinates": [ [ 38.6971774, -3.0436136 ], [ 38.6926824, -3.0433105 ] ] } },
{ "type": "Feature", "properties": { "@osmId": "way/474662196", "@snapshotTimestamp": "2019-01-01T00:00:00Z" }, "geometry": { "type": "LineString", "coordinates": [ [ 37.6416967, -3.3801918 ], [ 37.6421128, -3.3805175 ] ] } },
{ "type": "Feature", "properties": { "@osmId": "way/446929374", "@snapshotTimestamp": "2019-01-01T00:00:00Z" }, "geometry": { "type": "LineString", "coordinates": [ [ 37.6410723, -3.3810553 ], [ 37.639014, -3.3791229 ] ] } },
{ "type": "Feature", "properties": { "@osmId": "way/446929375", "@snapshotTimestamp": "2019-01-01T00:00:00Z" }, "geometry": { "type": "LineString", "coordinates": [ [ 37.639014, -3.3791229 ], [ 37.6416967, -3.3801918 ] ] } },
{ "type": "Feature", "properties": { "@osmId": "way/555978457", "@snapshotTimestamp": "2019-01-01T00:00:00Z" }, "geometry": { "type": "LineString", "coordinates": [ [ 37.6497524, -3.3842135 ], [ 37.7139604, -3.383997 ] ] } },
{ "type": "Feature", "properties": { "@osmId": "way/30096293", "@snapshotTimestamp": "2019-01-01T00:00:00Z" }, "geometry": { "type": "LineString", "coordinates": [ [ 37.631212999546541, -3.378556363160361 ], [ 37.639014, -3.3791229 ] ] } },
{ "type": "Feature", "properties": { "@osmId": "way/641976316", "@snapshotTimestamp": "2019-01-01T00:00:00Z" }, "geometry": { "type": "LineString", "coordinates": [ [ 37.6604757, -2.9077622 ], [ 37.6601028, -2.9076015 ] ] } },
{ "type": "Feature", "properties": { "@osmId": "way/641976312", "@snapshotTimestamp": "2019-01-01T00:00:00Z" }, "geometry": { "type": "LineString", "coordinates": [ [ 37.6601028, -2.9076015 ], [ 37.6497976, -2.9002029 ] ] } },
{ "type": "Feature", "properties": { "@osmId": "way/27221407", "@snapshotTimestamp": "2019-01-01T00:00:00Z" }, "geometry": { "type": "LineString", "coordinates": [ [ 37.6495244, -2.9000205 ], [ 37.6497976, -2.9002029 ] ] } },
{ "type": "Feature", "properties": { "@osmId": "way/219061065", "@snapshotTimestamp": "2019-01-01T00:00:00Z" }, "geometry": { "type": "LineString", "coordinates": [ [ 38.0413327, -2.9058226 ], [ 38.0648698, -2.8892426 ] ] } },
{ "type": "Feature", "properties": { "@osmId": "way/46025014", "@snapshotTimestamp": "2019-01-01T00:00:00Z" }, "geometry": { "type": "LineString", "coordinates": [ [ 38.0413327, -2.9058226 ], [ 37.9936005, -2.9154032 ], [ 37.9278042, -2.8617426 ], [ 37.6604757, -2.9077622 ] ] } },
{ "type": "Feature", "properties": { "@osmId": "way/33409527", "@snapshotTimestamp": "2019-01-01T00:00:00Z" }, "geometry": { "type": "LineString", "coordinates": [ [ 39.7835394, -3.181152 ], [ 39.8371055, -3.1796926 ] ] } },
{ "type": "Feature", "properties": { "@osmId": "way/33402428", "@snapshotTimestamp": "2019-01-01T00:00:00Z" }, "geometry": { "type": "LineString", "coordinates": [ [ 39.711372, -3.180122 ], [ 39.7835394, -3.181152 ] ] } },
{ "type": "Feature", "properties": { "@osmId": "way/204095332", "@snapshotTimestamp": "2019-01-01T00:00:00Z" }, "geometry": { "type": "LineString", "coordinates": [ [ 40.1182967, -3.2128945 ], [ 40.1248973, -3.1491009 ] ] } },
{ "type": "Feature", "properties": { "@osmId": "way/198036023", "@snapshotTimestamp": "2019-01-01T00:00:00Z" }, "geometry": { "type": "LineString", "coordinates": [ [ 40.1256817, -3.1482746 ], [ 40.1248973, -3.1491009 ] ] } },
{ "type": "Feature", "properties": { "@osmId": "way/28178914", "@snapshotTimestamp": "2019-01-01T00:00:00Z" }, "geometry": { "type": "MultiLineString", "coordinates": [ [ [ 40.1425236, -2.9733337 ], [ 40.14828017924625, -3.105560400890307 ] ], [ [ 40.137381973263558, -3.13394309786051 ], [ 40.1256817, -3.1482746 ] ] ] } },
{ "type": "Feature", "properties": { "@osmId": "way/329304806", "@snapshotTimestamp": "2019-01-01T00:00:00Z" }, "geometry": { "type": "LineString", "coordinates": [ [ 40.1426609, -2.9728537 ], [ 40.1425236, -2.9733337 ] ] } },
{ "type": "Feature", "properties": { "@osmId": "way/28178397", "@snapshotTimestamp": "2019-01-01T00:00:00Z" }, "geometry": { "type": "LineString", "coordinates": [ [ 40.1387813, -2.9222806 ], [ 40.1426609, -2.9728537 ] ] } },
{ "type": "Feature", "properties": { "@osmId": "way/28178282", "@snapshotTimestamp": "2019-01-01T00:00:00Z" }, "geometry": { "type": "LineString", "coordinates": [ [ 40.1449526, -2.8748598 ], [ 40.1387813, -2.9222806 ] ] } },
{ "type": "Feature", "properties": { "@osmId": "way/28177477", "@snapshotTimestamp": "2019-01-01T00:00:00Z" }, "geometry": { "type": "LineString", "coordinates": [ [ 40.1165855, -2.3848555 ], [ 40.1449526, -2.8748598 ] ] } },
{ "type": "Feature", "properties": { "@osmId": "way/34865373", "@snapshotTimestamp": "2019-01-01T00:00:00Z" }, "geometry": { "type": "LineString", "coordinates": [ [ 40.1115898, -2.3236711 ], [ 40.1165855, -2.3848555 ] ] } },
{ "type": "Feature", "properties": { "@osmId": "way/219061062", "@snapshotTimestamp": "2019-01-01T00:00:00Z" }, "geometry": { "type": "LineString", "coordinates": [ [ 38.0649248, -2.8891749 ], [ 38.0650148, -2.8892426 ], [ 38.0649448, -2.8893177 ], [ 38.0648698, -2.8892426 ], [ 38.0649248, -2.8891749 ] ] } },
{ "type": "Feature", "properties": { "@osmId": "way/516272357", "@snapshotTimestamp": "2019-01-01T00:00:00Z" }, "geometry": { "type": "LineString", "coordinates": [ [ 38.0386636, -2.5497873 ], [ 38.0863858, -2.6461148 ], [ 38.1961217, -2.7176197 ] ] } },
{ "type": "Feature", "properties": { "@osmId": "way/259334396", "@snapshotTimestamp": "2019-01-01T00:00:00Z" }, "geometry": { "type": "LineString", "coordinates": [ [ 38.0690449, -2.5992212 ], [ 38.0667992, -2.5996235 ] ] } },
{ "type": "Feature", "properties": { "@osmId": "way/203792347", "@snapshotTimestamp": "2019-01-01T00:00:00Z" }, "geometry": { "type": "LineString", "coordinates": [ [ 38.0753556, -2.5947966 ], [ 38.0690449, -2.5992212 ] ] } },
{ "type": "Feature", "properties": { "@osmId": "way/203791635", "@snapshotTimestamp": "2019-01-01T00:00:00Z" }, "geometry": { "type": "LineString", "coordinates": [ [ 38.0171722, -2.5111277 ], [ 38.1459152, -2.6748647 ] ] } },
{ "type": "Feature", "properties": { "@osmId": "way/516272358", "@snapshotTimestamp": "2019-01-01T00:00:00Z" }, "geometry": { "type": "LineString", "coordinates": [ [ 38.0385544, -2.5497521 ], [ 38.0386636, -2.5497873 ] ] } },
{ "type": "Feature", "properties": { "@osmId": "way/587027076", "@snapshotTimestamp": "2019-01-01T00:00:00Z" }, "geometry": { "type": "LineString", "coordinates": [ [ 38.0288118, -2.522371 ], [ 38.0204094, -2.527969 ] ] } },
{ "type": "Feature", "properties": { "@osmId": "way/26834563", "@snapshotTimestamp": "2019-01-01T00:00:00Z" }, "geometry": { "type": "LineString", "coordinates": [ [ 37.8890142, -2.3506358 ], [ 37.9102143, -2.3923016 ], [ 37.9599601, -2.4159524 ], [ 38.0385544, -2.5497521 ] ] } },
{ "type": "Feature", "properties": { "@osmId": "way/610562360", "@snapshotTimestamp": "2019-01-01T00:00:00Z" }, "geometry": { "type": "LineString", "coordinates": [ [ 37.9624557, -2.4171641 ], [ 37.9611236, -2.4179604 ] ] } },
{ "type": "Feature", "properties": { "@osmId": "way/610562361", "@snapshotTimestamp": "2019-01-01T00:00:00Z" }, "geometry": { "type": "LineString", "coordinates": [ [ 37.9628191, -2.4170008 ], [ 37.9624557, -2.4171641 ] ] } },
{ "type": "Feature", "properties": { "@osmId": "way/33409227", "@snapshotTimestamp": "2019-01-01T00:00:00Z" }, "geometry": { "type": "LineString", "coordinates": [ [ 38.6920271, -3.0434066 ], [ 38.6890735, -3.0428462 ] ] } },
{ "type": "Feature", "properties": { "@osmId": "way/48811634", "@snapshotTimestamp": "2019-01-01T00:00:00Z" }, "geometry": { "type": "LineString", "coordinates": [ [ 38.461048, -2.9950672 ], [ 38.4679348, -3.001819 ] ] } },
{ "type": "Feature", "properties": { "@osmId": "way/48811631", "@snapshotTimestamp": "2019-01-01T00:00:00Z" }, "geometry": { "type": "LineString", "coordinates": [ [ 38.4604632, -2.9947951 ], [ 38.461048, -2.9950672 ] ] } },
{ "type": "Feature", "properties": { "@osmId": "way/327604414", "@snapshotTimestamp": "2019-01-01T00:00:00Z" }, "geometry": { "type": "LineString", "coordinates": [ [ 38.4575368, -2.9931196 ], [ 38.4575912, -2.9930791 ] ] } },
{ "type": "Feature", "properties": { "@osmId": "way/327604411", "@snapshotTimestamp": "2019-01-01T00:00:00Z" }, "geometry": { "type": "LineString", "coordinates": [ [ 38.4575912, -2.9930791 ], [ 38.4579116, -2.9928305 ] ] } },
{ "type": "Feature", "properties": { "@osmId": "way/189791352", "@snapshotTimestamp": "2019-01-01T00:00:00Z" }, "geometry": { "type": "LineString", "coordinates": [ [ 38.4510863, -2.9783723 ], [ 38.4604632, -2.9947951 ] ] } },
{ "type": "Feature", "properties": { "@osmId": "way/219061063", "@snapshotTimestamp": "2019-01-01T00:00:00Z" }, "geometry": { "type": "LineString", "coordinates": [ [ 38.4575368, -2.9931196 ], [ 38.2895095, -2.9401648 ], [ 38.2057161, -2.9836571 ], [ 38.1857666, -2.972379 ], [ 38.1837465, -2.9162347 ], [ 38.0650148, -2.8892426 ] ] } },
{ "type": "Feature", "properties": { "@osmId": "way/26834564", "@snapshotTimestamp": "2019-01-01T00:00:00Z" }, "geometry": { "type": "LineString", "coordinates": [ [ 38.1961217, -2.7176197 ], [ 38.2605634, -2.761682 ], [ 38.4510863, -2.9783723 ] ] } },
{ "type": "Feature", "properties": { "@osmId": "way/327665634", "@snapshotTimestamp": "2019-01-01T00:00:00Z" }, "geometry": { "type": "LineString", "coordinates": [ [ 38.1949084, -2.640053 ], [ 38.2895737, -2.6663299 ] ] } },
{ "type": "Feature", "properties": { "@osmId": "way/34357599", "@snapshotTimestamp": "2019-01-01T00:00:00Z" }, "geometry": { "type": "LineString", "coordinates": [ [ 38.2083969, -1.8475378 ], [ 38.1722926, -1.9101204 ], [ 38.190297, -2.0074919 ], [ 38.1651671, -2.0781035 ] ] } },
{ "type": "Feature", "properties": { "@osmId": "way/203793901", "@snapshotTimestamp": "2019-01-01T00:00:00Z" }, "geometry": { "type": "LineString", "coordinates": [ [ 37.9642254, -2.4164655 ], [ 37.9628191, -2.4170008 ] ] } },
{ "type": "Feature", "properties": { "@osmId": "way/203793899", "@snapshotTimestamp": "2019-01-01T00:00:00Z" }, "geometry": { "type": "LineString", "coordinates": [ [ 37.9645881, -2.4163144 ], [ 37.9642254, -2.4164655 ] ] } },
{ "type": "Feature", "properties": { "@osmId": "way/259708496", "@snapshotTimestamp": "2019-01-01T00:00:00Z" }, "geometry": { "type": "LineString", "coordinates": [ [ 37.9677579, -2.4105564 ], [ 37.9645881, -2.4163144 ] ] } },
{ "type": "Feature", "properties": { "@osmId": "way/33410063", "@snapshotTimestamp": "2019-01-01T00:00:00Z" }, "geometry": { "type": "LineString", "coordinates": [ [ 38.0471713, -2.2275611 ], [ 37.9677579, -2.4105564 ] ] } },
{ "type": "Feature", "properties": { "@osmId": "way/628594868", "@snapshotTimestamp": "2019-01-01T00:00:00Z" }, "geometry": { "type": "LineString", "coordinates": [ [ 37.8117927, -2.2723831 ], [ 37.8890142, -2.3506358 ] ] } },
{ "type": "Feature", "properties": { "@osmId": "way/204095328", "@snapshotTimestamp": "2019-01-01T00:00:00Z" }, "geometry": { "type": "LineString", "coordinates": [ [ 38.0576092, -2.2017123 ], [ 38.0471713, -2.2275611 ] ] } },
{ "type": "Feature", "properties": { "@osmId": "way/204095330", "@snapshotTimestamp": "2019-01-01T00:00:00Z" }, "geometry": { "type": "LineString", "coordinates": [ [ 38.0585731, -2.2010977 ], [ 38.0576092, -2.2017123 ] ] } },
{ "type": "Feature", "properties": { "@osmId": "way/34358992", "@snapshotTimestamp": "2019-01-01T00:00:00Z" }, "geometry": { "type": "LineString", "coordinates": [ [ 38.0822929, -2.1913062 ], [ 38.0585731, -2.2010977 ] ] } },
{ "type": "Feature", "properties": { "@osmId": "way/26834562", "@snapshotTimestamp": "2019-01-01T00:00:00Z" }, "geometry": { "type": "LineString", "coordinates": [ [ 37.480216, -2.0867113 ], [ 37.8117927, -2.2723831 ] ] } },
{ "type": "Feature", "properties": { "@osmId": "way/34358865", "@snapshotTimestamp": "2019-01-01T00:00:00Z" }, "geometry": { "type": "LineString", "coordinates": [ [ 38.1644213, -2.0785363 ], [ 38.0822929, -2.1913062 ] ] } },
{ "type": "Feature", "properties": { "@osmId": "way/359140660", "@snapshotTimestamp": "2019-01-01T00:00:00Z" }, "geometry": { "type": "LineString", "coordinates": [ [ 40.1262126, -2.2897679 ], [ 40.1115898, -2.3236711 ] ] } },
{ "type": "Feature", "properties": { "@osmId": "way/38445156", "@snapshotTimestamp": "2019-01-01T00:00:00Z" }, "geometry": { "type": "LineString", "coordinates": [ [ 40.3267674, -2.3270843 ], [ 40.3114466, -2.2971452 ], [ 40.2114796, -2.2672569 ] ] } },
{ "type": "Feature", "properties": { "@osmId": "way/28129203", "@snapshotTimestamp": "2019-01-01T00:00:00Z" }, "geometry": { "type": "LineString", "coordinates": [ [ 40.721627, -2.2116086 ], [ 40.702293, -2.207775 ], [ 40.6904577, -2.2539464 ], [ 40.698028, -2.3069649 ], [ 40.5257401, -2.3865747 ], [ 40.4025816, -2.3838734 ], [ 40.3267674, -2.3270843 ] ] } },
{ "type": "Feature", "properties": { "@osmId": "way/359140665", "@snapshotTimestamp": "2019-01-01T00:00:00Z" }, "geometry": { "type": "LineString", "coordinates": [ [ 40.1270172, -2.2872701 ], [ 40.1262126, -2.2897679 ] ] } },
{ "type": "Feature", "properties": { "@osmId": "way/28130194", "@snapshotTimestamp": "2019-01-01T00:00:00Z" }, "geometry": { "type": "LineString", "coordinates": [ [ 40.2114796, -2.2672569 ], [ 40.1517586, -2.2617423 ], [ 40.1270172, -2.2872701 ] ] } },
{ "type": "Feature", "properties": { "@osmId": "way/34359005", "@snapshotTimestamp": "2019-01-01T00:00:00Z" }, "geometry": { "type": "LineString", "coordinates": [ [ 40.066127, -2.1426757 ], [ 40.0704185, -2.2646367 ], [ 40.1115898, -2.3236711 ] ] } },
{ "type": "Feature", "properties": { "@osmId": "way/459521808", "@snapshotTimestamp": "2019-01-01T00:00:00Z" }, "geometry": { "type": "LineString", "coordinates": [ [ 40.854207233314597, -2.236719951198848 ], [ 40.8133223, -2.179063 ], [ 40.721627, -2.2116086 ] ] } },
{ "type": "Feature", "properties": { "@osmId": "way/34358161", "@snapshotTimestamp": "2019-01-01T00:00:00Z" }, "geometry": { "type": "LineString", "coordinates": [ [ 40.0646603, -2.0471185 ], [ 40.066127, -2.1426757 ] ] } },
{ "type": "Feature", "properties": { "@osmId": "way/31098957", "@snapshotTimestamp": "2019-01-01T00:00:00Z" }, "geometry": { "type": "LineString", "coordinates": [ [ 40.0646603, -2.0471185 ], [ 40.1016632, -2.0077364 ], [ 40.0745008, -1.9028748 ] ] } },
{ "type": "Feature", "properties": { "@osmId": "way/546606943", "@snapshotTimestamp": "2019-01-01T00:00:00Z" }, "geometry": { "type": "LineString", "coordinates": [ [ 40.0745008, -1.9028748 ], [ 40.0744523, -1.9027034 ] ] } },
{ "type": "Feature", "properties": { "@osmId": "way/204095329", "@snapshotTimestamp": "2019-01-01T00:00:00Z" }, "geometry": { "type": "LineString", "coordinates": [ [ 38.1651671, -2.0781035 ], [ 38.1644213, -2.0785363 ] ] } },
{ "type": "Feature", "properties": { "@osmId": "way/34358456", "@snapshotTimestamp": "2019-01-01T00:00:00Z" }, "geometry": { "type": "LineString", "coordinates": [ [ 38.0417903, -1.4258482 ], [ 38.0230331, -1.5269868 ], [ 38.0646325, -1.7168026 ], [ 38.1747726, -1.7947237 ], [ 38.2083969, -1.8475378 ] ] } },
{ "type": "Feature", "properties": { "@osmId": "way/473242434", "@snapshotTimestamp": "2019-01-01T00:00:00Z" }, "geometry": { "type": "LineString", "coordinates": [ [ 37.6092626, -1.5974411 ], [ 37.650103, -1.6672325 ] ] } },
{ "type": "Feature", "properties": { "@osmId": "way/259456643", "@snapshotTimestamp": "2019-01-01T00:00:00Z" }, "geometry": { "type": "LineString", "coordinates": [ [ 38.2478581, -1.4505728 ], [ 38.1028208, -1.3852419 ] ] } },
{ "type": "Feature", "properties": { "@osmId": "way/50535588", "@snapshotTimestamp": "2019-01-01T00:00:00Z" }, "geometry": { "type": "LineString", "coordinates": [ [ 37.6470703, -1.4140432 ], [ 37.6462632, -1.4145599 ] ] } },
{ "type": "Feature", "properties": { "@osmId": "way/202779655", "@snapshotTimestamp": "2019-01-01T00:00:00Z" }, "geometry": { "type": "LineString", "coordinates": [ [ 38.1028208, -1.3852419 ], [ 38.0738137, -1.4420145 ], [ 38.0417903, -1.4258482 ] ] } },
{ "type": "Feature", "properties": { "@osmId": "way/34357844", "@snapshotTimestamp": "2019-01-01T00:00:00Z" }, "geometry": { "type": "LineString", "coordinates": [ [ 38.0128145, -1.3991274 ], [ 38.0417903, -1.4258482 ] ] } },
{ "type": "Feature", "properties": { "@osmId": "way/34357606", "@snapshotTimestamp": "2019-01-01T00:00:00Z" }, "geometry": { "type": "LineString", "coordinates": [ [ 37.6470703, -1.4140432 ], [ 37.7247347, -1.4193144 ], [ 37.8695354, -1.3666686 ] ] } },
{ "type": "Feature", "properties": { "@osmId": "way/34357545", "@snapshotTimestamp": "2019-01-01T00:00:00Z" }, "geometry": { "type": "LineString", "coordinates": [ [ 38.0114613, -1.3639779 ], [ 38.0128145, -1.3991274 ] ] } },
{ "type": "Feature", "properties": { "@osmId": "way/546605606", "@snapshotTimestamp": "2019-01-01T00:00:00Z" }, "geometry": { "type": "LineString", "coordinates": [ [ 37.8695354, -1.3666686 ], [ 37.8699892, -1.3665779 ] ] } },
{ "type": "Feature", "properties": { "@osmId": "way/40187528", "@snapshotTimestamp": "2019-01-01T00:00:00Z" }, "geometry": { "type": "LineString", "coordinates": [ [ 37.5058176, -2.9232085 ], [ 37.554284, -2.9436938 ], [ 37.569008188788175, -2.976204621079792 ] ] } },
{ "type": "Feature", "properties": { "@osmId": "way/239393808", "@snapshotTimestamp": "2019-01-01T00:00:00Z" }, "geometry": { "type": "LineString", "coordinates": [ [ 37.406238581370879, -2.896375814983242 ], [ 37.409141044476094, -2.8979862715757 ] ] } },
{ "type": "Feature", "properties": { "@osmId": "way/27221406", "@snapshotTimestamp": "2019-01-01T00:00:00Z" }, "geometry": { "type": "LineString", "coordinates": [ [ 37.6495244, -2.9000205 ], [ 37.570702, -2.8956022 ], [ 37.5230171, -2.8658604 ] ] } },
{ "type": "Feature", "properties": { "@osmId": "way/209381557", "@snapshotTimestamp": "2019-01-01T00:00:00Z" }, "geometry": { "type": "LineString", "coordinates": [ [ 37.5058176, -2.9232085 ], [ 37.534074, -2.7768104 ] ] } },
{ "type": "Feature", "properties": { "@osmId": "way/27221404", "@snapshotTimestamp": "2019-01-01T00:00:00Z" }, "geometry": { "type": "LineString", "coordinates": [ [ 37.5150825, -2.8294896 ], [ 37.5226956, -2.8401061 ] ] } },
{ "type": "Feature", "properties": { "@osmId": "way/27221405", "@snapshotTimestamp": "2019-01-01T00:00:00Z" }, "geometry": { "type": "LineString", "coordinates": [ [ 37.5150904, -2.8291736 ], [ 37.5150825, -2.8294896 ] ] } },
{ "type": "Feature", "properties": { "@osmId": "way/27221402", "@snapshotTimestamp": "2019-01-01T00:00:00Z" }, "geometry": { "type": "LineString", "coordinates": [ [ 37.3801775, -2.7203651 ], [ 37.5150904, -2.8291736 ] ] } },
{ "type": "Feature", "properties": { "@osmId": "way/217334215", "@snapshotTimestamp": "2019-01-01T00:00:00Z" }, "geometry": { "type": "LineString", "coordinates": [ [ 37.537709, -2.3828946 ], [ 37.5063335, -2.7332588 ], [ 37.534074, -2.7768104 ] ] } },
{ "type": "Feature", "properties": { "@osmId": "way/217334217", "@snapshotTimestamp": "2019-01-01T00:00:00Z" }, "geometry": { "type": "LineString", "coordinates": [ [ 37.5374436, -2.3823821 ], [ 37.537709, -2.3828946 ] ] } },
{ "type": "Feature", "properties": { "@osmId": "way/217334214", "@snapshotTimestamp": "2019-01-01T00:00:00Z" }, "geometry": { "type": "LineString", "coordinates": [ [ 37.5256692, -2.3554932 ], [ 37.5374436, -2.3823821 ] ] } },
{ "type": "Feature", "properties": { "@osmId": "way/217334216", "@snapshotTimestamp": "2019-01-01T00:00:00Z" }, "geometry": { "type": "LineString", "coordinates": [ [ 37.5255874, -2.3552578 ], [ 37.5256692, -2.3554932 ] ] } },
{ "type": "Feature", "properties": { "@osmId": "way/27059568", "@snapshotTimestamp": "2019-01-01T00:00:00Z" }, "geometry": { "type": "LineString", "coordinates": [ [ 37.4822149, -2.0900671 ], [ 37.4756445, -2.2496259 ], [ 37.5255874, -2.3552578 ] ] } },
{ "type": "Feature", "properties": { "@osmId": "way/140184663", "@snapshotTimestamp": "2019-01-01T00:00:00Z" }, "geometry": { "type": "LineString", "coordinates": [ [ 37.4800601, -2.0863806 ], [ 37.480216, -2.0867113 ] ] } },
{ "type": "Feature", "properties": { "@osmId": "way/628455210", "@snapshotTimestamp": "2019-01-01T00:00:00Z" }, "geometry": { "type": "LineString", "coordinates": [ [ 37.4717841, -2.0854864 ], [ 37.4702499, -2.0834506 ] ] } },
{ "type": "Feature", "properties": { "@osmId": "way/628455211", "@snapshotTimestamp": "2019-01-01T00:00:00Z" }, "geometry": { "type": "LineString", "coordinates": [ [ 37.4702499, -2.0834506 ], [ 37.4705598, -2.0825819 ] ] } },
{ "type": "Feature", "properties": { "@osmId": "way/628455212", "@snapshotTimestamp": "2019-01-01T00:00:00Z" }, "geometry": { "type": "LineString", "coordinates": [ [ 37.4705598, -2.0825819 ], [ 37.4711101, -2.0802622 ] ] } },
{ "type": "Feature", "properties": { "@osmId": "way/203329333", "@snapshotTimestamp": "2019-01-01T00:00:00Z" }, "geometry": { "type": "LineString", "coordinates": [ [ 37.4724463, -2.0805449 ], [ 37.472308, -2.0794834 ] ] } },
{ "type": "Feature", "properties": { "@osmId": "way/203329336", "@snapshotTimestamp": "2019-01-01T00:00:00Z" }, "geometry": { "type": "LineString", "coordinates": [ [ 37.4597802, -2.0771447 ], [ 37.476989, -2.0814484 ] ] } },
{ "type": "Feature", "properties": { "@osmId": "way/204125691", "@snapshotTimestamp": "2019-01-01T00:00:00Z" }, "geometry": { "type": "LineString", "coordinates": [ [ 37.4824324, -2.0651238 ], [ 37.4730931, -2.0796347 ] ] } },
{ "type": "Feature", "properties": { "@osmId": "way/204125688", "@snapshotTimestamp": "2019-01-01T00:00:00Z" }, "geometry": { "type": "LineString", "coordinates": [ [ 37.4828072, -2.0648528 ], [ 37.4824324, -2.0651238 ] ] } },
{ "type": "Feature", "properties": { "@osmId": "way/24207174", "@snapshotTimestamp": "2019-01-01T00:00:00Z" }, "geometry": { "type": "LineString", "coordinates": [ [ 36.7985488, -2.5464525 ], [ 36.9069599, -2.5828977 ], [ 36.9937508, -2.4902208 ], [ 37.0935666, -2.5453154 ], [ 37.234262, -2.5619902 ], [ 37.2717126, -2.6619545 ] ] } },
{ "type": "Feature", "properties": { "@osmId": "way/593813535", "@snapshotTimestamp": "2019-01-01T00:00:00Z" }, "geometry": { "type": "LineString", "coordinates": [ [ 37.0892906, -1.7861274 ], [ 37.0922631, -1.7808234 ] ] } },
{ "type": "Feature", "properties": { "@osmId": "way/593813534", "@snapshotTimestamp": "2019-01-01T00:00:00Z" }, "geometry": { "type": "LineString", "coordinates": [ [ 37.0922631, -1.7808234 ], [ 37.0926011, -1.780255 ] ] } },
{ "type": "Feature", "properties": { "@osmId": "way/593813533", "@snapshotTimestamp": "2019-01-01T00:00:00Z" }, "geometry": { "type": "LineString", "coordinates": [ [ 37.0926011, -1.780255 ], [ 37.0930211, -1.7795787 ] ] } },
{ "type": "Feature", "properties": { "@osmId": "way/593813536", "@snapshotTimestamp": "2019-01-01T00:00:00Z" }, "geometry": { "type": "LineString", "coordinates": [ [ 37.0930211, -1.7795787 ], [ 37.1297724, -1.7439626 ] ] } },
{ "type": "Feature", "properties": { "@osmId": "way/332245944", "@snapshotTimestamp": "2019-01-01T00:00:00Z" }, "geometry": { "type": "LineString", "coordinates": [ [ 37.0075874, -1.4595294 ], [ 37.142161, -1.5462213 ], [ 37.1924697, -1.653432 ], [ 37.220393, -1.798918 ] ] } },
{ "type": "Feature", "properties": { "@osmId": "way/154724619", "@snapshotTimestamp": "2019-01-01T00:00:00Z" }, "geometry": { "type": "LineString", "coordinates": [ [ 37.1320365, -1.5327975 ], [ 37.246598, -1.519311 ] ] } },
{ "type": "Feature", "properties": { "@osmId": "way/658245924", "@snapshotTimestamp": "2019-01-01T00:00:00Z" }, "geometry": { "type": "LineString", "coordinates": [ [ 37.0192708, -1.4666408 ], [ 37.0399761, -1.477827 ] ] } },
{ "type": "Feature", "properties": { "@osmId": "way/297313743", "@snapshotTimestamp": "2019-01-01T00:00:00Z" }, "geometry": { "type": "LineString", "coordinates": [ [ 36.9591026, -1.4743159 ], [ 36.9682262, -1.4450753 ] ] } },
{ "type": "Feature", "properties": { "@osmId": "way/332245945", "@snapshotTimestamp": "2019-01-01T00:00:00Z" }, "geometry": { "type": "LineString", "coordinates": [ [ 37.0072988, -1.459329 ], [ 37.0075874, -1.4595294 ] ] } },
{ "type": "Feature", "properties": { "@osmId": "way/234352660", "@snapshotTimestamp": "2019-01-01T00:00:00Z" }, "geometry": { "type": "LineString", "coordinates": [ [ 37.5239058, -1.9753616 ], [ 37.4828072, -2.0648528 ] ] } },
{ "type": "Feature", "properties": { "@osmId": "way/234352657", "@snapshotTimestamp": "2019-01-01T00:00:00Z" }, "geometry": { "type": "LineString", "coordinates": [ [ 37.5239453, -1.9748334 ], [ 37.5239058, -1.9753616 ] ] } },
{ "type": "Feature", "properties": { "@osmId": "way/234352661", "@snapshotTimestamp": "2019-01-01T00:00:00Z" }, "geometry": { "type": "LineString", "coordinates": [ [ 37.5205091, -1.9135374 ], [ 37.5395712, -1.9570469 ], [ 37.5239453, -1.9748334 ] ] } },
{ "type": "Feature", "properties": { "@osmId": "way/502105456", "@snapshotTimestamp": "2019-01-01T00:00:00Z" }, "geometry": { "type": "LineString", "coordinates": [ [ 37.4800601, -2.0863806 ], [ 37.3168248, -1.9641821 ], [ 37.220393, -1.798918 ] ] } },
{ "type": "Feature", "properties": { "@osmId": "way/234352656", "@snapshotTimestamp": "2019-01-01T00:00:00Z" }, "geometry": { "type": "LineString", "coordinates": [ [ 37.5203522, -1.9130849 ], [ 37.5205091, -1.9135374 ] ] } },
{ "type": "Feature", "properties": { "@osmId": "way/234352659", "@snapshotTimestamp": "2019-01-01T00:00:00Z" }, "geometry": { "type": "LineString", "coordinates": [ [ 37.5272315, -1.8760675 ], [ 37.5203522, -1.9130849 ] ] } },
{ "type": "Feature", "properties": { "@osmId": "way/234352654", "@snapshotTimestamp": "2019-01-01T00:00:00Z" }, "geometry": { "type": "LineString", "coordinates": [ [ 37.5274017, -1.8757988 ], [ 37.5272315, -1.8760675 ] ] } },
{ "type": "Feature", "properties": { "@osmId": "way/570004762", "@snapshotTimestamp": "2019-01-01T00:00:00Z" }, "geometry": { "type": "LineString", "coordinates": [ [ 37.5266898, -1.8695005 ], [ 37.5245762, -1.8728354 ] ] } },
{ "type": "Feature", "properties": { "@osmId": "way/204125676", "@snapshotTimestamp": "2019-01-01T00:00:00Z" }, "geometry": { "type": "LineString", "coordinates": [ [ 37.5276142, -1.8662972 ], [ 37.5274017, -1.8757988 ] ] } },
{ "type": "Feature", "properties": { "@osmId": "way/570005324", "@snapshotTimestamp": "2019-01-01T00:00:00Z" }, "geometry": { "type": "LineString", "coordinates": [ [ 37.5281596, -1.8693182 ], [ 37.5274379, -1.8703583 ] ] } },
{ "type": "Feature", "properties": { "@osmId": "way/570005016", "@snapshotTimestamp": "2019-01-01T00:00:00Z" }, "geometry": { "type": "LineString", "coordinates": [ [ 37.5292754, -1.869093 ], [ 37.5277841, -1.8690394 ] ] } },
{ "type": "Feature", "properties": { "@osmId": "way/570004682", "@snapshotTimestamp": "2019-01-01T00:00:00Z" }, "geometry": { "type": "LineString", "coordinates": [ [ 37.5269761, -1.8694115 ], [ 37.525531, -1.8673451 ] ] } },
{ "type": "Feature", "properties": { "@osmId": "way/204125682", "@snapshotTimestamp": "2019-01-01T00:00:00Z" }, "geometry": { "type": "LineString", "coordinates": [ [ 37.5276611, -1.8661286 ], [ 37.5276142, -1.8662972 ] ] } },
{ "type": "Feature", "properties": { "@osmId": "way/232861467", "@snapshotTimestamp": "2019-01-01T00:00:00Z" }, "geometry": { "type": "LineString", "coordinates": [ [ 37.2597836, -1.8529427 ], [ 37.2829498, -1.8563593 ] ] } },
{ "type": "Feature", "properties": { "@osmId": "way/467174264", "@snapshotTimestamp": "2019-01-01T00:00:00Z" }, "geometry": { "type": "LineString", "coordinates": [ [ 37.2829498, -1.8563593 ], [ 37.2997619, -1.8469604 ] ] } },
{ "type": "Feature", "properties": { "@osmId": "way/234352658", "@snapshotTimestamp": "2019-01-01T00:00:00Z" }, "geometry": { "type": "LineString", "coordinates": [ [ 37.5337594, -1.8365646 ], [ 37.5276611, -1.8661286 ] ] } },
{ "type": "Feature", "properties": { "@osmId": "way/467174265", "@snapshotTimestamp": "2019-01-01T00:00:00Z" }, "geometry": { "type": "LineString", "coordinates": [ [ 37.2997619, -1.8469604 ], [ 37.301994, -1.8448046 ] ] } },
{ "type": "Feature", "properties": { "@osmId": "way/467174266", "@snapshotTimestamp": "2019-01-01T00:00:00Z" }, "geometry": { "type": "LineString", "coordinates": [ [ 37.301994, -1.8448046 ], [ 37.3238206, -1.8379964 ] ] } },
{ "type": "Feature", "properties": { "@osmId": "way/234352655", "@snapshotTimestamp": "2019-01-01T00:00:00Z" }, "geometry": { "type": "LineString", "coordinates": [ [ 37.5340101, -1.8363172 ], [ 37.5337594, -1.8365646 ] ] } },
{ "type": "Feature", "properties": { "@osmId": "way/467174267", "@snapshotTimestamp": "2019-01-01T00:00:00Z" }, "geometry": { "type": "LineString", "coordinates": [ [ 37.3238206, -1.8379964 ], [ 37.3278014, -1.8247348 ] ] } },
{ "type": "Feature", "properties": { "@osmId": "way/584632672", "@snapshotTimestamp": "2019-01-01T00:00:00Z" }, "geometry": { "type": "LineString", "coordinates": [ [ 37.5369289, -1.8224112 ], [ 37.5340101, -1.8363172 ] ] } },
{ "type": "Feature", "properties": { "@osmId": "way/467174268", "@snapshotTimestamp": "2019-01-01T00:00:00Z" }, "geometry": { "type": "LineString", "coordinates": [ [ 37.3278014, -1.8247348 ], [ 37.3413521, -1.8097568 ] ] } },
{ "type": "Feature", "properties": { "@osmId": "way/467174269", "@snapshotTimestamp": "2019-01-01T00:00:00Z" }, "geometry": { "type": "LineString", "coordinates": [ [ 37.3413521, -1.8097568 ], [ 37.3512874, -1.8070955 ] ] } },
{ "type": "Feature", "properties": { "@osmId": "way/467174274", "@snapshotTimestamp": "2019-01-01T00:00:00Z" }, "geometry": { "type": "LineString", "coordinates": [ [ 37.3856492, -1.8042337 ], [ 37.3959645, -1.807543 ] ] } },
{ "type": "Feature", "properties": { "@osmId": "way/467174270", "@snapshotTimestamp": "2019-01-01T00:00:00Z" }, "geometry": { "type": "LineString", "coordinates": [ [ 37.3512874, -1.8070955 ], [ 37.369374, -1.7951703 ] ] } },
{ "type": "Feature", "properties": { "@osmId": "way/467174271", "@snapshotTimestamp": "2019-01-01T00:00:00Z" }, "geometry": { "type": "LineString", "coordinates": [ [ 37.369374, -1.7951703 ], [ 37.3856492, -1.8042337 ] ] } },
{ "type": "Feature", "properties": { "@osmId": "way/204125693", "@snapshotTimestamp": "2019-01-01T00:00:00Z" }, "geometry": { "type": "LineString", "coordinates": [ [ 37.5097004, -1.7731341 ], [ 37.5369251, -1.8222537 ] ] } },
{ "type": "Feature", "properties": { "@osmId": "way/204125686", "@snapshotTimestamp": "2019-01-01T00:00:00Z" }, "geometry": { "type": "LineString", "coordinates": [ [ 37.5096997, -1.7724442 ], [ 37.5097004, -1.7731341 ] ] } },
{ "type": "Feature", "properties": { "@osmId": "way/202975196", "@snapshotTimestamp": "2019-01-01T00:00:00Z" }, "geometry": { "type": "LineString", "coordinates": [ [ 37.5129764, -1.7704768 ], [ 37.5096997, -1.7724442 ] ] } },
{ "type": "Feature", "properties": { "@osmId": "way/202975191", "@snapshotTimestamp": "2019-01-01T00:00:00Z" }, "geometry": { "type": "LineString", "coordinates": [ [ 37.4855876, -1.7631348 ], [ 37.5129764, -1.7704768 ] ] } },
{ "type": "Feature", "properties": { "@osmId": "way/100554485", "@snapshotTimestamp": "2019-01-01T00:00:00Z" }, "geometry": { "type": "LineString", "coordinates": [ [ 37.5129764, -1.7704768 ], [ 37.5606522, -1.7569016 ] ] } },
{ "type": "Feature", "properties": { "@osmId": "way/202975187", "@snapshotTimestamp": "2019-01-01T00:00:00Z" }, "geometry": { "type": "LineString", "coordinates": [ [ 37.4499359, -1.7464673 ], [ 37.4855876, -1.7631348 ] ] } },
{ "type": "Feature", "properties": { "@osmId": "way/202975186", "@snapshotTimestamp": "2019-01-01T00:00:00Z" }, "geometry": { "type": "LineString", "coordinates": [ [ 37.5606522, -1.7569016 ], [ 37.5820503, -1.7195287 ] ] } },
{ "type": "Feature", "properties": { "@osmId": "way/305894215", "@snapshotTimestamp": "2019-01-01T00:00:00Z" }, "geometry": { "type": "LineString", "coordinates": [ [ 37.2423244, -1.593314 ], [ 37.2578583, -1.6481334 ], [ 37.2921171, -1.6744358 ], [ 37.4499359, -1.7464673 ] ] } },
{ "type": "Feature", "properties": { "@osmId": "way/225692645", "@snapshotTimestamp": "2019-01-01T00:00:00Z" }, "geometry": { "type": "LineString", "coordinates": [ [ 37.5785663, -1.5681998 ], [ 37.5820503, -1.7195287 ] ] } },
{ "type": "Feature", "properties": { "@osmId": "way/575156270", "@snapshotTimestamp": "2019-01-01T00:00:00Z" }, "geometry": { "type": "LineString", "coordinates": [ [ 37.3817861, -1.6370405 ], [ 37.3822367, -1.6366276 ] ] } },
{ "type": "Feature", "properties": { "@osmId": "way/34358756", "@snapshotTimestamp": "2019-01-01T00:00:00Z" }, "geometry": { "type": "LineString", "coordinates": [ [ 37.2393148, -1.5871384 ], [ 37.2423244, -1.593314 ] ] } },
{ "type": "Feature", "properties": { "@osmId": "way/545844796", "@snapshotTimestamp": "2019-01-01T00:00:00Z" }, "geometry": { "type": "LineString", "coordinates": [ [ 37.2567435, -1.5633508 ], [ 37.2393148, -1.5871384 ] ] } },
{ "type": "Feature", "properties": { "@osmId": "way/225692658", "@snapshotTimestamp": "2019-01-01T00:00:00Z" }, "geometry": { "type": "LineString", "coordinates": [ [ 37.5783897, -1.5675066 ], [ 37.5785663, -1.5681998 ] ] } },
{ "type": "Feature", "properties": { "@osmId": "way/545844795", "@snapshotTimestamp": "2019-01-01T00:00:00Z" }, "geometry": { "type": "LineString", "coordinates": [ [ 37.2567641, -1.5631871 ], [ 37.2567435, -1.5633508 ] ] } },
{ "type": "Feature", "properties": { "@osmId": "way/155005227", "@snapshotTimestamp": "2019-01-01T00:00:00Z" }, "geometry": { "type": "LineString", "coordinates": [ [ 36.8083665, -1.8265933 ], [ 36.9704096, -1.8221949 ], [ 37.0892906, -1.7861274 ] ] } },
{ "type": "Feature", "properties": { "@osmId": "way/332245947", "@snapshotTimestamp": "2019-01-01T00:00:00Z" }, "geometry": { "type": "LineString", "coordinates": [ [ 36.8468801, -1.6836436 ], [ 36.929166, -1.5738975 ] ] } },
{ "type": "Feature", "properties": { "@osmId": "way/332245949", "@snapshotTimestamp": "2019-01-01T00:00:00Z" }, "geometry": { "type": "LineString", "coordinates": [ [ 36.929166, -1.5738975 ], [ 36.9292668, -1.5736521 ] ] } },
{ "type": "Feature", "properties": { "@osmId": "way/332245946", "@snapshotTimestamp": "2019-01-01T00:00:00Z" }, "geometry": { "type": "LineString", "coordinates": [ [ 36.9292668, -1.5736521 ], [ 36.9408244, -1.5410847 ] ] } },
{ "type": "Feature", "properties": { "@osmId": "way/332245948", "@snapshotTimestamp": "2019-01-01T00:00:00Z" }, "geometry": { "type": "LineString", "coordinates": [ [ 36.9408244, -1.5410847 ], [ 36.9408832, -1.5408717 ] ] } },
{ "type": "Feature", "properties": { "@osmId": "way/332245951", "@snapshotTimestamp": "2019-01-01T00:00:00Z" }, "geometry": { "type": "LineString", "coordinates": [ [ 36.9408832, -1.5408717 ], [ 36.9544247, -1.4958944 ] ] } },
{ "type": "Feature", "properties": { "@osmId": "way/538598325", "@snapshotTimestamp": "2019-01-01T00:00:00Z" }, "geometry": { "type": "LineString", "coordinates": [ [ 36.9544247, -1.4958944 ], [ 36.9544406, -1.495631 ] ] } },
{ "type": "Feature", "properties": { "@osmId": "way/538598324", "@snapshotTimestamp": "2019-01-01T00:00:00Z" }, "geometry": { "type": "LineString", "coordinates": [ [ 36.9544406, -1.495631 ], [ 36.9591026, -1.4743159 ] ] } },
{ "type": "Feature", "properties": { "@osmId": "way/40131525", "@snapshotTimestamp": "2019-01-01T00:00:00Z" }, "geometry": { "type": "LineString", "coordinates": [ [ 36.9061696, -1.3525271 ], [ 36.9633259, -1.4304237 ] ] } },
{ "type": "Feature", "properties": { "@osmId": "way/236016593", "@snapshotTimestamp": "2019-01-01T00:00:00Z" }, "geometry": { "type": "LineString", "coordinates": [ [ 36.9636835, -1.4310397 ], [ 36.876126, -1.3294263 ] ] } },
{ "type": "Feature", "properties": { "@osmId": "way/225239562", "@snapshotTimestamp": "2019-01-01T00:00:00Z" }, "geometry": { "type": "LineString", "coordinates": [ [ 37.584193, -1.5227944 ], [ 37.5616437, -1.534199 ], [ 37.5783897, -1.5675066 ] ] } },
{ "type": "Feature", "properties": { "@osmId": "way/45763132", "@snapshotTimestamp": "2019-01-01T00:00:00Z" }, "geometry": { "type": "LineString", "coordinates": [ [ 37.2665862, -1.5214135 ], [ 37.2567641, -1.5631871 ] ] } },
{ "type": "Feature", "properties": { "@osmId": "way/154725704", "@snapshotTimestamp": "2019-01-01T00:00:00Z" }, "geometry": { "type": "LineString", "coordinates": [ [ 37.2665862, -1.5214135 ], [ 37.277424, -1.5286038 ] ] } },
{ "type": "Feature", "properties": { "@osmId": "way/225239563", "@snapshotTimestamp": "2019-01-01T00:00:00Z" }, "geometry": { "type": "LineString", "coordinates": [ [ 37.5848194, -1.5222189 ], [ 37.584193, -1.5227944 ] ] } },
{ "type": "Feature", "properties": { "@osmId": "way/381223580", "@snapshotTimestamp": "2019-01-01T00:00:00Z" }, "geometry": { "type": "LineString", "coordinates": [ [ 37.3745861, -1.5048759 ], [ 37.3236567, -1.5348202 ], [ 37.277424, -1.5286038 ] ] } },
{ "type": "Feature", "properties": { "@osmId": "way/100485750", "@snapshotTimestamp": "2019-01-01T00:00:00Z" }, "geometry": { "type": "LineString", "coordinates": [ [ 37.267119, -1.5200739 ], [ 37.2665862, -1.5214135 ] ] } },
{ "type": "Feature", "properties": { "@osmId": "way/100485752", "@snapshotTimestamp": "2019-01-01T00:00:00Z" }, "geometry": { "type": "LineString", "coordinates": [ [ 37.2670793, -1.5200602 ], [ 37.2670353, -1.5198824 ], [ 37.2671969, -1.5198403 ], [ 37.2672548, -1.5199981 ], [ 37.2670793, -1.5200602 ] ] } },
{ "type": "Feature", "properties": { "@osmId": "way/515100458", "@snapshotTimestamp": "2019-01-01T00:00:00Z" }, "geometry": { "type": "LineString", "coordinates": [ [ 37.2670241, -1.5199984 ], [ 37.2668527, -1.5198017 ] ] } },
{ "type": "Feature", "properties": { "@osmId": "way/515100459", "@snapshotTimestamp": "2019-01-01T00:00:00Z" }, "geometry": { "type": "LineString", "coordinates": [ [ 37.2668527, -1.5198017 ], [ 37.2670911, -1.519836 ] ] } },
{ "type": "Feature", "properties": { "@osmId": "way/515100464", "@snapshotTimestamp": "2019-01-01T00:00:00Z" }, "geometry": { "type": "LineString", "coordinates": [ [ 37.246598, -1.519311 ], [ 37.2467106, -1.5193175 ] ] } },
{ "type": "Feature", "properties": { "@osmId": "way/515100463", "@snapshotTimestamp": "2019-01-01T00:00:00Z" }, "geometry": { "type": "LineString", "coordinates": [ [ 37.2467106, -1.5193175 ], [ 37.2668527, -1.5198017 ] ] } },
{ "type": "Feature", "properties": { "@osmId": "way/96763732", "@snapshotTimestamp": "2019-01-01T00:00:00Z" }, "geometry": { "type": "LineString", "coordinates": [ [ 37.6075363, -1.495401 ], [ 37.5848194, -1.5222189 ] ] } },
{ "type": "Feature", "properties": { "@osmId": "way/381223587", "@snapshotTimestamp": "2019-01-01T00:00:00Z" }, "geometry": { "type": "LineString", "coordinates": [ [ 37.37512, -1.5042596 ], [ 37.3745861, -1.5048759 ] ] } },
{ "type": "Feature", "properties": { "@osmId": "way/375938384", "@snapshotTimestamp": "2019-01-01T00:00:00Z" }, "geometry": { "type": "LineString", "coordinates": [ [ 37.4117438, -1.4764824 ], [ 37.37512, -1.5042596 ] ] } },
{ "type": "Feature", "properties": { "@osmId": "way/375938383", "@snapshotTimestamp": "2019-01-01T00:00:00Z" }, "geometry": { "type": "LineString", "coordinates": [ [ 37.4119579, -1.4761956 ], [ 37.4117438, -1.4764824 ] ] } },
{ "type": "Feature", "properties": { "@osmId": "way/45763157", "@snapshotTimestamp": "2019-01-01T00:00:00Z" }, "geometry": { "type": "LineString", "coordinates": [ [ 37.5524277, -1.4127371 ], [ 37.6075363, -1.495401 ] ] } },
{ "type": "Feature", "properties": { "@osmId": "way/334939234", "@snapshotTimestamp": "2019-01-01T00:00:00Z" }, "geometry": { "type": "LineString", "coordinates": [ [ 37.4690511, -1.4143016 ], [ 37.4119579, -1.4761956 ] ] } },
{ "type": "Feature", "properties": { "@osmId": "way/50535589", "@snapshotTimestamp": "2019-01-01T00:00:00Z" }, "geometry": { "type": "LineString", "coordinates": [ [ 37.6462632, -1.4145599 ], [ 37.4690511, -1.4143016 ] ] } },
{ "type": "Feature", "properties": { "@osmId": "way/380401229", "@snapshotTimestamp": "2019-01-01T00:00:00Z" }, "geometry": { "type": "LineString", "coordinates": [ [ 37.4569546, -1.381328 ], [ 37.4690511, -1.4143016 ] ] } },
{ "type": "Feature", "properties": { "@osmId": "way/380401221", "@snapshotTimestamp": "2019-01-01T00:00:00Z" }, "geometry": { "type": "LineString", "coordinates": [ [ 37.4567488, -1.3811828 ], [ 37.4569546, -1.381328 ] ] } },
{ "type": "Feature", "properties": { "@osmId": "way/446928604", "@snapshotTimestamp": "2019-01-01T00:00:00Z" }, "geometry": { "type": "LineString", "coordinates": [ [ 36.7985488, -2.5464525 ], [ 36.7932693, -2.541456 ] ] } },
{ "type": "Feature", "properties": { "@osmId": "way/24207095", "@snapshotTimestamp": "2019-01-01T00:00:00Z" }, "geometry": { "type": "LineString", "coordinates": [ [ 36.7923201, -2.5421196 ], [ 36.8393852, -2.514636 ], [ 36.847396, -2.4325314 ] ] } },
{ "type": "Feature", "properties": { "@osmId": "way/204095343", "@snapshotTimestamp": "2019-01-01T00:00:00Z" }, "geometry": { "type": "LineString", "coordinates": [ [ 36.847396, -2.4320336 ], [ 36.8428889, -2.3566343 ], [ 36.7882799, -2.2281998 ], [ 36.7904702, -2.0944715 ] ] } },
{ "type": "Feature", "properties": { "@osmId": "way/467661941", "@snapshotTimestamp": "2019-01-01T00:00:00Z" }, "geometry": { "type": "LineString", "coordinates": [ [ 36.7787001, -1.8773272 ], [ 36.8468282, -1.6839134 ] ] } },
{ "type": "Feature", "properties": { "@osmId": "way/336024448", "@snapshotTimestamp": "2019-01-01T00:00:00Z" }, "geometry": { "type": "LineString", "coordinates": [ [ 36.8468582, -1.3251183 ], [ 36.7939858, -1.325185 ] ] } },
{ "type": "Feature", "properties": { "@osmId": "way/336067605", "@snapshotTimestamp": "2019-01-01T00:00:00Z" }, "geometry": { "type": "LineString", "coordinates": [ [ 36.7947028, -1.3255761 ], [ 36.8159428, -1.3129015 ] ] } },
{ "type": "Feature", "properties": { "@osmId": "way/112950524", "@snapshotTimestamp": "2019-01-01T00:00:00Z" }, "geometry": { "type": "LineString", "coordinates": [ [ 36.7945962, -1.3254481 ], [ 36.8156539, -1.3127896 ] ] } },
{ "type": "Feature", "properties": { "@osmId": "way/40006022", "@snapshotTimestamp": "2019-01-01T00:00:00Z" }, "geometry": { "type": "LineString", "coordinates": [ [ 36.8129874, -1.3170642 ], [ 36.8128435, -1.3169613 ] ] } },
{ "type": "Feature", "properties": { "@osmId": "way/43763645", "@snapshotTimestamp": "2019-01-01T00:00:00Z" }, "geometry": { "type": "LineString", "coordinates": [ [ 36.8096441, -1.3148145 ], [ 36.8095741, -1.3148199 ] ] } },
{ "type": "Feature", "properties": { "@osmId": "way/43763643", "@snapshotTimestamp": "2019-01-01T00:00:00Z" }, "geometry": { "type": "LineString", "coordinates": [ [ 36.8095427, -1.3146921 ], [ 36.809645, -1.3146841 ] ] } },
{ "type": "Feature", "properties": { "@osmId": "way/204095342", "@snapshotTimestamp": "2019-01-01T00:00:00Z" }, "geometry": { "type": "LineString", "coordinates": [ [ 36.847396, -2.4325314 ], [ 36.847396, -2.4320336 ] ] } },
{ "type": "Feature", "properties": { "@osmId": "way/332245950", "@snapshotTimestamp": "2019-01-01T00:00:00Z" }, "geometry": { "type": "LineString", "coordinates": [ [ 36.8468282, -1.6839134 ], [ 36.8468801, -1.6836436 ] ] } },
{ "type": "Feature", "properties": { "@osmId": "way/344195610", "@snapshotTimestamp": "2019-01-01T00:00:00Z" }, "geometry": { "type": "LineString", "coordinates": [ [ 36.8878425, -1.3319264 ], [ 36.8840868, -1.3347212 ] ] } },
{ "type": "Feature", "properties": { "@osmId": "way/291880304", "@snapshotTimestamp": "2019-01-01T00:00:00Z" }, "geometry": { "type": "LineString", "coordinates": [ [ 36.8839948, -1.334598 ], [ 36.8877976, -1.3318586 ] ] } },
{ "type": "Feature", "properties": { "@osmId": "way/584887777", "@snapshotTimestamp": "2019-01-01T00:00:00Z" }, "geometry": { "type": "LineString", "coordinates": [ [ 36.8700364, -1.3299073 ], [ 36.8703983, -1.3295064 ] ] } },
{ "type": "Feature", "properties": { "@osmId": "way/25739334", "@snapshotTimestamp": "2019-01-01T00:00:00Z" }, "geometry": { "type": "LineString", "coordinates": [ [ 36.8703983, -1.3295064 ], [ 36.87084, -1.3297977 ] ] } },
{ "type": "Feature", "properties": { "@osmId": "way/293560855", "@snapshotTimestamp": "2019-01-01T00:00:00Z" }, "geometry": { "type": "LineString", "coordinates": [ [ 36.8753479, -1.3295288 ], [ 36.8749679, -1.3295789 ] ] } },
{ "type": "Feature", "properties": { "@osmId": "way/40350413", "@snapshotTimestamp": "2019-01-01T00:00:00Z" }, "geometry": { "type": "LineString", "coordinates": [ [ 36.876126, -1.3294263 ], [ 36.8753479, -1.3295288 ] ] } },
{ "type": "Feature", "properties": { "@osmId": "way/40350410", "@snapshotTimestamp": "2019-01-01T00:00:00Z" }, "geometry": { "type": "LineString", "coordinates": [ [ 36.874705, -1.3292633 ], [ 36.8750827, -1.3292148 ] ] } },
{ "type": "Feature", "properties": { "@osmId": "way/293560854", "@snapshotTimestamp": "2019-01-01T00:00:00Z" }, "geometry": { "type": "LineString", "coordinates": [ [ 36.8749679, -1.3295789 ], [ 36.8471019, -1.3250471 ] ] } },
{ "type": "Feature", "properties": { "@osmId": "way/337522391", "@snapshotTimestamp": "2019-01-01T00:00:00Z" }, "geometry": { "type": "LineString", "coordinates": [ [ 36.8474214, -1.3247924 ], [ 36.874705, -1.3292633 ] ] } },
{ "type": "Feature", "properties": { "@osmId": "way/488901642", "@snapshotTimestamp": "2019-01-01T00:00:00Z" }, "geometry": { "type": "LineString", "coordinates": [ [ 36.8512538, -1.3274038 ], [ 36.8514613, -1.327148 ] ] } },
{ "type": "Feature", "properties": { "@osmId": "way/337522383", "@snapshotTimestamp": "2019-01-01T00:00:00Z" }, "geometry": { "type": "LineString", "coordinates": [ [ 36.8471019, -1.3250471 ], [ 36.846531, -1.3247044 ] ] } },
{ "type": "Feature", "properties": { "@osmId": "way/361362054", "@snapshotTimestamp": "2019-01-01T00:00:00Z" }, "geometry": { "type": "LineString", "coordinates": [ [ 36.8473202, -1.3244724 ], [ 36.8468582, -1.3251183 ] ] } },
{ "type": "Feature", "properties": { "@osmId": "way/336070975", "@snapshotTimestamp": "2019-01-01T00:00:00Z" }, "geometry": { "type": "LineString", "coordinates": [ [ 36.8467545, -1.3250708 ], [ 36.8472221, -1.3244055 ] ] } },
{ "type": "Feature", "properties": { "@osmId": "way/337522384", "@snapshotTimestamp": "2019-01-01T00:00:00Z" }, "geometry": { "type": "LineString", "coordinates": [ [ 36.8469122, -1.3244774 ], [ 36.8474214, -1.3247924 ] ] } },
{ "type": "Feature", "properties": { "@osmId": "way/337522387", "@snapshotTimestamp": "2019-01-01T00:00:00Z" }, "geometry": { "type": "LineString", "coordinates": [ [ 36.8472221, -1.3244055 ], [ 36.8482591, -1.3225945 ] ] } },
{ "type": "Feature", "properties": { "@osmId": "way/659301402", "@snapshotTimestamp": "2019-01-01T00:00:00Z" }, "geometry": { "type": "LineString", "coordinates": [ [ 36.8487156, -1.321993 ], [ 36.8473202, -1.3244724 ] ] } },
{ "type": "Feature", "properties": { "@osmId": "way/101074610", "@snapshotTimestamp": "2019-01-01T00:00:00Z" }, "geometry": { "type": "LineString", "coordinates": [ [ 36.861859, -1.3161543 ], [ 36.8703983, -1.3295064 ] ] } },
{ "type": "Feature", "properties": { "@osmId": "way/369093688", "@snapshotTimestamp": "2019-01-01T00:00:00Z" }, "geometry": { "type": "LineString", "coordinates": [ [ 36.8482591, -1.3225945 ], [ 36.8544361, -1.3160635 ] ] } },
{ "type": "Feature", "properties": { "@osmId": "way/659301401", "@snapshotTimestamp": "2019-01-01T00:00:00Z" }, "geometry": { "type": "LineString", "coordinates": [ [ 36.8545652, -1.3160622 ], [ 36.8487156, -1.321993 ] ] } },
{ "type": "Feature", "properties": { "@osmId": "way/101074473", "@snapshotTimestamp": "2019-01-01T00:00:00Z" }, "geometry": { "type": "LineString", "coordinates": [ [ 36.8616406, -1.3159147 ], [ 36.861859, -1.3161543 ] ] } },
{ "type": "Feature", "properties": { "@osmId": "way/659301399", "@snapshotTimestamp": "2019-01-01T00:00:00Z" }, "geometry": { "type": "LineString", "coordinates": [ [ 36.8544361, -1.3160635 ], [ 36.8544404, -1.3158442 ] ] } },
{ "type": "Feature", "properties": { "@osmId": "way/659301400", "@snapshotTimestamp": "2019-01-01T00:00:00Z" }, "geometry": { "type": "LineString", "coordinates": [ [ 36.854572, -1.3158381 ], [ 36.8545652, -1.3160622 ] ] } },
{ "type": "Feature", "properties": { "@osmId": "way/574642939", "@snapshotTimestamp": "2019-01-01T00:00:00Z" }, "geometry": { "type": "LineString", "coordinates": [ [ 36.860519, -1.3152231 ], [ 36.8616406, -1.3159147 ] ] } },
{ "type": "Feature", "properties": { "@osmId": "way/574642936", "@snapshotTimestamp": "2019-01-01T00:00:00Z" }, "geometry": { "type": "LineString", "coordinates": [ [ 36.860609, -1.3150831 ], [ 36.8613362, -1.3156978 ] ] } },
{ "type": "Feature", "properties": { "@osmId": "way/574642938", "@snapshotTimestamp": "2019-01-01T00:00:00Z" }, "geometry": { "type": "LineString", "coordinates": [ [ 36.8604152, -1.3152265 ], [ 36.8603307, -1.3150242 ], [ 36.86051, -1.3149494 ], [ 36.8606059, -1.3151183 ], [ 36.8604152, -1.3152265 ] ] } },
{ "type": "Feature", "properties": { "@osmId": "way/337522389", "@snapshotTimestamp": "2019-01-01T00:00:00Z" }, "geometry": { "type": "LineString", "coordinates": [ [ 36.8550892, -1.3134689 ], [ 36.854572, -1.3158381 ] ] } },
{ "type": "Feature", "properties": { "@osmId": "way/659301398", "@snapshotTimestamp": "2019-01-01T00:00:00Z" }, "geometry": { "type": "LineString", "coordinates": [ [ 36.8544404, -1.3158442 ], [ 36.8549242, -1.3133537 ] ] } },
{ "type": "Feature", "properties": { "@osmId": "way/334974175", "@snapshotTimestamp": "2019-01-01T00:00:00Z" }, "geometry": { "type": "LineString", "coordinates": [ [ 36.8603562, -1.3151886 ], [ 36.855129, -1.3134617 ] ] } },
{ "type": "Feature", "properties": { "@osmId": "way/336070974", "@snapshotTimestamp": "2019-01-01T00:00:00Z" }, "geometry": { "type": "LineString", "coordinates": [ [ 36.846531, -1.3247044 ], [ 36.8264666, -1.3052078 ] ] } },
{ "type": "Feature", "properties": { "@osmId": "way/4723986", "@snapshotTimestamp": "2019-01-01T00:00:00Z" }, "geometry": { "type": "LineString", "coordinates": [ [ 36.8267949, -1.3049993 ], [ 36.8469122, -1.3244774 ] ] } },
{ "type": "Feature", "properties": { "@osmId": "way/328514855", "@snapshotTimestamp": "2019-01-01T00:00:00Z" }, "geometry": { "type": "LineString", "coordinates": [ [ 36.8253208, -1.3054765 ], [ 36.819887, -1.3070201 ] ] } },
{ "type": "Feature", "properties": { "@osmId": "way/25605766", "@snapshotTimestamp": "2019-01-01T00:00:00Z" }, "geometry": { "type": "LineString", "coordinates": [ [ 36.8428457, -1.3074569 ], [ 36.8391163, -1.3043738 ] ] } },
{ "type": "Feature", "properties": { "@osmId": "way/4724022", "@snapshotTimestamp": "2019-01-01T00:00:00Z" }, "geometry": { "type": "LineString", "coordinates": [ [ 36.8196391, -1.306861 ], [ 36.8262383, -1.3048168 ] ] } },
{ "type": "Feature", "properties": { "@osmId": "way/4724026", "@snapshotTimestamp": "2019-01-01T00:00:00Z" }, "geometry": { "type": "LineString", "coordinates": [ [ 36.8264045, -1.3051897 ], [ 36.8253208, -1.3054765 ] ] } },
{ "type": "Feature", "properties": { "@osmId": "way/344476914", "@snapshotTimestamp": "2019-01-01T00:00:00Z" }, "geometry": { "type": "LineString", "coordinates": [ [ 36.8262383, -1.3048168 ], [ 36.8266034, -1.3046389 ], [ 36.8267949, -1.3049993 ], [ 36.8264045, -1.3051897 ], [ 36.8262383, -1.3048168 ] ] } },
{ "type": "Feature", "properties": { "@osmId": "way/583707638", "@snapshotTimestamp": "2019-01-01T00:00:00Z" }, "geometry": { "type": "LineString", "coordinates": [ [ 36.8291033, -1.30365 ], [ 36.8268051, -1.3048891 ] ] } },
{ "type": "Feature", "properties": { "@osmId": "way/24717346", "@snapshotTimestamp": "2019-01-01T00:00:00Z" }, "geometry": { "type": "LineString", "coordinates": [ [ 36.8390304, -1.3041336 ], [ 36.839245, -1.3041765 ], [ 36.8392021, -1.3043395 ], [ 36.8390219, -1.3043309 ], [ 36.8390304, -1.3041336 ] ] } },
{ "type": "Feature", "properties": { "@osmId": "way/583707631", "@snapshotTimestamp": "2019-01-01T00:00:00Z" }, "geometry": { "type": "LineString", "coordinates": [ [ 36.8266034, -1.3046389 ], [ 36.8311674, -1.3023737 ] ] } },
{ "type": "Feature", "properties": { "@osmId": "way/574642937", "@snapshotTimestamp": "2019-01-01T00:00:00Z" }, "geometry": { "type": "LineString", "coordinates": [ [ 36.8551928, -1.3132083 ], [ 36.8603498, -1.3149945 ] ] } },
{ "type": "Feature", "properties": { "@osmId": "way/659304613", "@snapshotTimestamp": "2019-01-01T00:00:00Z" }, "geometry": { "type": "LineString", "coordinates": [ [ 36.855129, -1.3134617 ], [ 36.8549242, -1.3133537 ], [ 36.8550018, -1.3131752 ], [ 36.8552205, -1.3132513 ], [ 36.855129, -1.3134617 ] ] } },
{ "type": "Feature", "properties": { "@osmId": "way/260916930", "@snapshotTimestamp": "2019-01-01T00:00:00Z" }, "geometry": { "type": "LineString", "coordinates": [ [ 36.8549223, -1.313333 ], [ 36.8493061, -1.311334 ] ] } },
{ "type": "Feature", "properties": { "@osmId": "way/239805680", "@snapshotTimestamp": "2019-01-01T00:00:00Z" }, "geometry": { "type": "LineString", "coordinates": [ [ 36.8493815, -1.3112464 ], [ 36.8550018, -1.3131752 ] ] } },
{ "type": "Feature", "properties": { "@osmId": "way/619161875", "@snapshotTimestamp": "2019-01-01T00:00:00Z" }, "geometry": { "type": "LineString", "coordinates": [ [ 36.8568175, -1.3097203 ], [ 36.8551928, -1.3132083 ] ] } },
{ "type": "Feature", "properties": { "@osmId": "way/231510999", "@snapshotTimestamp": "2019-01-01T00:00:00Z" }, "geometry": { "type": "LineString", "coordinates": [ [ 36.8550018, -1.3131752 ], [ 36.8567093, -1.3096946 ] ] } },
{ "type": "Feature", "properties": { "@osmId": "way/619161876", "@snapshotTimestamp": "2019-01-01T00:00:00Z" }, "geometry": { "type": "LineString", "coordinates": [ [ 36.8490359, -1.3111088 ], [ 36.8493404, -1.3110615 ], [ 36.8493407, -1.3113227 ], [ 36.8490472, -1.3113209 ], [ 36.8490359, -1.3111088 ] ] } },
{ "type": "Feature", "properties": { "@osmId": "way/538102826", "@snapshotTimestamp": "2019-01-01T00:00:00Z" }, "geometry": { "type": "LineString", "coordinates": [ [ 36.8569045, -1.309632 ], [ 36.8567793, -1.3097237 ], [ 36.8566688, -1.3095911 ], [ 36.8567974, -1.3094847 ], [ 36.8569045, -1.309632 ] ] } },
{ "type": "Feature", "properties": { "@osmId": "way/39519112", "@snapshotTimestamp": "2019-01-01T00:00:00Z" }, "geometry": { "type": "LineString", "coordinates": [ [ 36.8438593, -1.3079706 ], [ 36.8490359, -1.3111088 ] ] } },
{ "type": "Feature", "properties": { "@osmId": "way/331471465", "@snapshotTimestamp": "2019-01-01T00:00:00Z" }, "geometry": { "type": "LineString", "coordinates": [ [ 36.8600411, -1.3091968 ], [ 36.8568918, -1.3096639 ] ] } },
{ "type": "Feature", "properties": { "@osmId": "way/42010979", "@snapshotTimestamp": "2019-01-01T00:00:00Z" }, "geometry": { "type": "LineString", "coordinates": [ [ 36.8113148, -1.314352 ], [ 36.8112514, -1.3142144 ] ] } },
{ "type": "Feature", "properties": { "@osmId": "way/9931279", "@snapshotTimestamp": "2019-01-01T00:00:00Z" }, "geometry": { "type": "LineString", "coordinates": [ [ 36.8156374, -1.3127688 ], [ 36.8096441, -1.3148145 ] ] } },
{ "type": "Feature", "properties": { "@osmId": "way/43763644", "@snapshotTimestamp": "2019-01-01T00:00:00Z" }, "geometry": { "type": "LineString", "coordinates": [ [ 36.809645, -1.3146841 ], [ 36.8156975, -1.3124304 ] ] } },
{ "type": "Feature", "properties": { "@osmId": "way/42010975", "@snapshotTimestamp": "2019-01-01T00:00:00Z" }, "geometry": { "type": "LineString", "coordinates": [ [ 36.8132304, -1.3134249 ], [ 36.8133386, -1.3135559 ] ] } },
{ "type": "Feature", "properties": { "@osmId": "way/43763646", "@snapshotTimestamp": "2019-01-01T00:00:00Z" }, "geometry": { "type": "LineString", "coordinates": [ [ 36.8095741, -1.3148199 ], [ 36.8060871, -1.3118473 ] ] } },
{ "type": "Feature", "properties": { "@osmId": "way/43763639", "@snapshotTimestamp": "2019-01-01T00:00:00Z" }, "geometry": { "type": "LineString", "coordinates": [ [ 36.8061554, -1.3117926 ], [ 36.8095427, -1.3146921 ] ] } },
{ "type": "Feature", "properties": { "@osmId": "way/659301392", "@snapshotTimestamp": "2019-01-01T00:00:00Z" }, "geometry": { "type": "LineString", "coordinates": [ [ 36.8159254, -1.312811 ], [ 36.8156102, -1.3127347 ], [ 36.8156975, -1.3124304 ], [ 36.8160096, -1.312543 ], [ 36.8159254, -1.312811 ] ] } },
{ "type": "Feature", "properties": { "@osmId": "way/43763640", "@snapshotTimestamp": "2019-01-01T00:00:00Z" }, "geometry": { "type": "LineString", "coordinates": [ [ 36.8060871, -1.3118473 ], [ 36.8058944, -1.3114889 ] ] } },
{ "type": "Feature", "properties": { "@osmId": "way/43763637", "@snapshotTimestamp": "2019-01-01T00:00:00Z" }, "geometry": { "type": "LineString", "coordinates": [ [ 36.8059373, -1.3113637 ], [ 36.8061554, -1.3117926 ] ] } },
{ "type": "Feature", "properties": { "@osmId": "way/4724017", "@snapshotTimestamp": "2019-01-01T00:00:00Z" }, "geometry": { "type": "LineString", "coordinates": [ [ 36.8197372, -1.3072611 ], [ 36.8160247, -1.3125285 ] ] } },
{ "type": "Feature", "properties": { "@osmId": "way/4724013", "@snapshotTimestamp": "2019-01-01T00:00:00Z" }, "geometry": { "type": "LineString", "coordinates": [ [ 36.8158203, -1.3123932 ], [ 36.8194821, -1.3070271 ] ] } },
{ "type": "Feature", "properties": { "@osmId": "way/4724002", "@snapshotTimestamp": "2019-01-01T00:00:00Z" }, "geometry": { "type": "LineString", "coordinates": [ [ 36.8197372, -1.3072611 ], [ 36.8194819, -1.3070953 ], [ 36.8196391, -1.306861 ], [ 36.819887, -1.3070201 ], [ 36.8197372, -1.3072611 ] ] } },
{ "type": "Feature", "properties": { "@osmId": "way/43763641", "@snapshotTimestamp": "2019-01-01T00:00:00Z" }, "geometry": { "type": "LineString", "coordinates": [ [ 36.8058944, -1.3114889 ], [ 36.802834, -1.2982744 ] ] } },
{ "type": "Feature", "properties": { "@osmId": "way/658236303", "@snapshotTimestamp": "2019-01-01T00:00:00Z" }, "geometry": { "type": "LineString", "coordinates": [ [ 36.8030642, -1.2982229 ], [ 36.8059373, -1.3113637 ] ] } },
{ "type": "Feature", "properties": { "@osmId": "way/652583279", "@snapshotTimestamp": "2019-01-01T00:00:00Z" }, "geometry": { "type": "LineString", "coordinates": [ [ 36.7959268, -1.2992986 ], [ 36.7954762, -1.2993549 ] ] } },
{ "type": "Feature", "properties": { "@osmId": "way/567024560", "@snapshotTimestamp": "2019-01-01T00:00:00Z" }, "geometry": { "type": "LineString", "coordinates": [ [ 36.7987459, -1.2987408 ], [ 36.7959268, -1.2992986 ] ] } },
{ "type": "Feature", "properties": { "@osmId": "way/652583281", "@snapshotTimestamp": "2019-01-01T00:00:00Z" }, "geometry": { "type": "LineString", "coordinates": [ [ 36.7979914, -1.2988824 ], [ 36.7979297, -1.298762 ] ] } },
{ "type": "Feature", "properties": { "@osmId": "way/239195031", "@snapshotTimestamp": "2019-01-01T00:00:00Z" }, "geometry": { "type": "LineString", "coordinates": [ [ 36.7867541, -1.2997022 ], [ 36.8026837, -1.2978778 ] ] } },
{ "type": "Feature", "properties": { "@osmId": "way/643309654", "@snapshotTimestamp": "2019-01-01T00:00:00Z" }, "geometry": { "type": "LineString", "coordinates": [ [ 36.799095, -1.2985179 ], [ 36.7991233, -1.2986692 ] ] } },
{ "type": "Feature", "properties": { "@osmId": "way/658236301", "@snapshotTimestamp": "2019-01-01T00:00:00Z" }, "geometry": { "type": "LineString", "coordinates": [ [ 36.8011721, -1.2982783 ], [ 36.7987459, -1.2987408 ] ] } },
{ "type": "Feature", "properties": { "@osmId": "way/619161877", "@snapshotTimestamp": "2019-01-01T00:00:00Z" }, "geometry": { "type": "LineString", "coordinates": [ [ 36.8490139, -1.3112969 ], [ 36.8430002, -1.3075342 ] ] } },
{ "type": "Feature", "properties": { "@osmId": "way/24717454", "@snapshotTimestamp": "2019-01-01T00:00:00Z" }, "geometry": { "type": "LineString", "coordinates": [ [ 36.8430947, -1.3074055 ], [ 36.8438593, -1.3079706 ] ] } },
{ "type": "Feature", "properties": { "@osmId": "way/25747641", "@snapshotTimestamp": "2019-01-01T00:00:00Z" }, "geometry": { "type": "LineString", "coordinates": [ [ 36.8429058, -1.3074998 ], [ 36.8428286, -1.3073625 ], [ 36.842923, -1.307251 ], [ 36.8430947, -1.3074655 ], [ 36.8429058, -1.3074998 ] ] } },
{ "type": "Feature", "properties": { "@osmId": "way/24717366", "@snapshotTimestamp": "2019-01-01T00:00:00Z" }, "geometry": { "type": "LineString", "coordinates": [ [ 36.8392622, -1.3042623 ], [ 36.842923, -1.307251 ] ] } },
{ "type": "Feature", "properties": { "@osmId": "way/39519106", "@snapshotTimestamp": "2019-01-01T00:00:00Z" }, "geometry": { "type": "LineString", "coordinates": [ [ 36.8863346, -1.2988862 ], [ 36.8600411, -1.3091968 ] ] } },
{ "type": "Feature", "properties": { "@osmId": "way/538102825", "@snapshotTimestamp": "2019-01-01T00:00:00Z" }, "geometry": { "type": "LineString", "coordinates": [ [ 36.8567309, -1.3094988 ], [ 36.8555321, -1.2955309 ] ] } },
{ "type": "Feature", "properties": { "@osmId": "way/50428427", "@snapshotTimestamp": "2019-01-01T00:00:00Z" }, "geometry": { "type": "LineString", "coordinates": [ [ 36.8864695, -1.2983654 ], [ 36.8863346, -1.2988862 ] ] } },
{ "type": "Feature", "properties": { "@osmId": "way/16214934", "@snapshotTimestamp": "2019-01-01T00:00:00Z" }, "geometry": { "type": "LineString", "coordinates": [ [ 36.8863346, -1.2988862 ], [ 36.8863827, -1.2983331 ] ] } },
{ "type": "Feature", "properties": { "@osmId": "way/39519105", "@snapshotTimestamp": "2019-01-01T00:00:00Z" }, "geometry": { "type": "LineString", "coordinates": [ [ 36.8870372, -1.2996424 ], [ 36.8862854, -1.2959571 ] ] } },
{ "type": "Feature", "properties": { "@osmId": "way/658223842", "@snapshotTimestamp": "2019-01-01T00:00:00Z" }, "geometry": { "type": "LineString", "coordinates": [ [ 36.8831121, -1.2962305 ], [ 36.8559009, -1.2953136 ] ] } },
{ "type": "Feature", "properties": { "@osmId": "way/40121543", "@snapshotTimestamp": "2019-01-01T00:00:00Z" }, "geometry": { "type": "LineString", "coordinates": [ [ 36.8312524, -1.3025512 ], [ 36.8291033, -1.30365 ] ] } },
{ "type": "Feature", "properties": { "@osmId": "way/4962802", "@snapshotTimestamp": "2019-01-01T00:00:00Z" }, "geometry": { "type": "LineString", "coordinates": [ [ 36.8262806, -1.3047398 ], [ 36.8240639, -1.300179 ] ] } },
{ "type": "Feature", "properties": { "@osmId": "way/658264981", "@snapshotTimestamp": "2019-01-01T00:00:00Z" }, "geometry": { "type": "LineString", "coordinates": [ [ 36.8312814, -1.3025627 ], [ 36.8311691, -1.3023722 ], [ 36.831368, -1.3022759 ], [ 36.8314478, -1.3024823 ], [ 36.8312814, -1.3025627 ] ] } },
{ "type": "Feature", "properties": { "@osmId": "way/4962801", "@snapshotTimestamp": "2019-01-01T00:00:00Z" }, "geometry": { "type": "LineString", "coordinates": [ [ 36.8243703, -1.3000932 ], [ 36.8264851, -1.3046261 ] ] } },
{ "type": "Feature", "properties": { "@osmId": "way/25605801", "@snapshotTimestamp": "2019-01-01T00:00:00Z" }, "geometry": { "type": "LineString", "coordinates": [ [ 36.8390304, -1.3041336 ], [ 36.8368121, -1.2999857 ] ] } },
{ "type": "Feature", "properties": { "@osmId": "way/39885371", "@snapshotTimestamp": "2019-01-01T00:00:00Z" }, "geometry": { "type": "LineString", "coordinates": [ [ 36.8371268, -1.2998454 ], [ 36.8391825, -1.3041412 ] ] } },
{ "type": "Feature", "properties": { "@osmId": "way/39519628", "@snapshotTimestamp": "2019-01-01T00:00:00Z" }, "geometry": { "type": "LineString", "coordinates": [ [ 36.8312087, -1.3023104 ], [ 36.8301722, -1.3002851 ] ] } },
{ "type": "Feature", "properties": { "@osmId": "way/25748334", "@snapshotTimestamp": "2019-01-01T00:00:00Z" }, "geometry": { "type": "LineString", "coordinates": [ [ 36.8367538, -1.2999642 ], [ 36.8314612, -1.3024098 ] ] } },
{ "type": "Feature", "properties": { "@osmId": "way/25748335", "@snapshotTimestamp": "2019-01-01T00:00:00Z" }, "geometry": { "type": "LineString", "coordinates": [ [ 36.8314104, -1.3023013 ], [ 36.8366024, -1.2996677 ] ] } },
{ "type": "Feature", "properties": { "@osmId": "way/583707624", "@snapshotTimestamp": "2019-01-01T00:00:00Z" }, "geometry": { "type": "LineString", "coordinates": [ [ 36.8291988, -1.2980798 ], [ 36.8313196, -1.3022656 ] ] } },
{ "type": "Feature", "properties": { "@osmId": "way/26834561", "@snapshotTimestamp": "2019-01-01T00:00:00Z" }, "geometry": { "type": "LineString", "coordinates": [ [ 36.9842823, -1.4421783 ], [ 37.0072988, -1.459329 ] ] } },
{ "type": "Feature", "properties": { "@osmId": "way/100130915", "@snapshotTimestamp": "2019-01-01T00:00:00Z" }, "geometry": { "type": "LineString", "coordinates": [ [ 36.9896961, -1.4434165 ], [ 36.968097, -1.4517727 ] ] } },
{ "type": "Feature", "properties": { "@osmId": "way/188442932", "@snapshotTimestamp": "2019-01-01T00:00:00Z" }, "geometry": { "type": "LineString", "coordinates": [ [ 36.9682262, -1.4450753 ], [ 36.9683251, -1.4442613 ] ] } },
{ "type": "Feature", "properties": { "@osmId": "way/188442931", "@snapshotTimestamp": "2019-01-01T00:00:00Z" }, "geometry": { "type": "LineString", "coordinates": [ [ 36.9683251, -1.4442613 ], [ 36.9685016, -1.4428889 ] ] } },
{ "type": "Feature", "properties": { "@osmId": "way/267252124", "@snapshotTimestamp": "2019-01-01T00:00:00Z" }, "geometry": { "type": "LineString", "coordinates": [ [ 36.9834236, -1.4417616 ], [ 36.9842823, -1.4421783 ] ] } },
{ "type": "Feature", "properties": { "@osmId": "way/100126230", "@snapshotTimestamp": "2019-01-01T00:00:00Z" }, "geometry": { "type": "LineString", "coordinates": [ [ 36.968601, -1.4409228 ], [ 36.9685016, -1.4428889 ] ] } },
{ "type": "Feature", "properties": { "@osmId": "way/173959638", "@snapshotTimestamp": "2019-01-01T00:00:00Z" }, "geometry": { "type": "LineString", "coordinates": [ [ 36.9735936, -1.4362484 ], [ 36.9834236, -1.4417616 ] ] } },
{ "type": "Feature", "properties": { "@osmId": "way/173959637", "@snapshotTimestamp": "2019-01-01T00:00:00Z" }, "geometry": { "type": "LineString", "coordinates": [ [ 36.9666822, -1.4362478 ], [ 36.968601, -1.4409228 ] ] } },
{ "type": "Feature", "properties": { "@osmId": "way/173848788", "@snapshotTimestamp": "2019-01-01T00:00:00Z" }, "geometry": { "type": "LineString", "coordinates": [ [ 36.9735936, -1.4362484 ], [ 36.9701335, -1.4348146 ] ] } },
{ "type": "Feature", "properties": { "@osmId": "way/659024535", "@snapshotTimestamp": "2019-01-01T00:00:00Z" }, "geometry": { "type": "LineString", "coordinates": [ [ 36.9703756, -1.4346922 ], [ 36.9735936, -1.4362484 ] ] } },
{ "type": "Feature", "properties": { "@osmId": "way/419115198", "@snapshotTimestamp": "2019-01-01T00:00:00Z" }, "geometry": { "type": "LineString", "coordinates": [ [ 36.9049517, -1.3480592 ], [ 36.9061696, -1.3525271 ] ] } },
{ "type": "Feature", "properties": { "@osmId": "way/419115199", "@snapshotTimestamp": "2019-01-01T00:00:00Z" }, "geometry": { "type": "LineString", "coordinates": [ [ 36.9047864, -1.3476304 ], [ 36.9049517, -1.3480592 ] ] } },
{ "type": "Feature", "properties": { "@osmId": "way/4685092", "@snapshotTimestamp": "2019-01-01T00:00:00Z" }, "geometry": { "type": "LineString", "coordinates": [ [ 36.9144151, -1.3446571 ], [ 36.9017419, -1.3458453 ] ] } },
{ "type": "Feature", "properties": { "@osmId": "way/532651627", "@snapshotTimestamp": "2019-01-01T00:00:00Z" }, "geometry": { "type": "LineString", "coordinates": [ [ 36.9056776, -1.3462281 ], [ 36.9096571, -1.3466413 ] ] } },
{ "type": "Feature", "properties": { "@osmId": "way/40131526", "@snapshotTimestamp": "2019-01-01T00:00:00Z" }, "geometry": { "type": "LineString", "coordinates": [ [ 36.9022096, -1.3437541 ], [ 36.9047864, -1.3476304 ] ] } },
{ "type": "Feature", "properties": { "@osmId": "way/388388731", "@snapshotTimestamp": "2019-01-01T00:00:00Z" }, "geometry": { "type": "LineString", "coordinates": [ [ 36.9096571, -1.3466413 ], [ 36.9141264, -1.3442189 ] ] } },
{ "type": "Feature", "properties": { "@osmId": "way/4962952", "@snapshotTimestamp": "2019-01-01T00:00:00Z" }, "geometry": { "type": "LineString", "coordinates": [ [ 36.9022096, -1.3437541 ], [ 36.9056776, -1.3462281 ] ] } },
{ "type": "Feature", "properties": { "@osmId": "way/4962926", "@snapshotTimestamp": "2019-01-01T00:00:00Z" }, "geometry": { "type": "LineString", "coordinates": [ [ 36.9146706, -1.3446264 ], [ 36.9141603, -1.3440881 ], [ 36.9150147, -1.3436017 ], [ 36.9152459, -1.3441255 ], [ 36.9146706, -1.3446264 ] ] } },
{ "type": "Feature", "properties": { "@osmId": "way/100788273", "@snapshotTimestamp": "2019-01-01T00:00:00Z" }, "geometry": { "type": "LineString", "coordinates": [ [ 36.9141603, -1.3440881 ], [ 36.9140712, -1.3434538 ] ] } },
{ "type": "Feature", "properties": { "@osmId": "way/25739439", "@snapshotTimestamp": "2019-01-01T00:00:00Z" }, "geometry": { "type": "LineString", "coordinates": [ [ 36.9140712, -1.3434538 ], [ 36.914813, -1.3436123 ] ] } },
{ "type": "Feature", "properties": { "@osmId": "way/659024531", "@snapshotTimestamp": "2019-01-01T00:00:00Z" }, "geometry": { "type": "LineString", "coordinates": [ [ 36.9701335, -1.4348146 ], [ 36.9655014, -1.4322787 ] ] } },
{ "type": "Feature", "properties": { "@osmId": "way/659024533", "@snapshotTimestamp": "2019-01-01T00:00:00Z" }, "geometry": { "type": "LineString", "coordinates": [ [ 36.9641646, -1.4310656 ], [ 36.9703756, -1.4346922 ] ] } },
{ "type": "Feature", "properties": { "@osmId": "way/659024530", "@snapshotTimestamp": "2019-01-01T00:00:00Z" }, "geometry": { "type": "LineString", "coordinates": [ [ 36.9655014, -1.4322787 ], [ 36.9636835, -1.4310397 ] ] } },
{ "type": "Feature", "properties": { "@osmId": "way/236016594", "@snapshotTimestamp": "2019-01-01T00:00:00Z" }, "geometry": { "type": "LineString", "coordinates": [ [ 36.9633259, -1.4304237 ], [ 36.9641646, -1.4310656 ] ] } },
{ "type": "Feature", "properties": { "@osmId": "way/515077027", "@snapshotTimestamp": "2019-01-01T00:00:00Z" }, "geometry": { "type": "LineString", "coordinates": [ [ 37.0840306, -1.2832215 ], [ 37.0845491, -1.2832841 ] ] } },
{ "type": "Feature", "properties": { "@osmId": "way/515077028", "@snapshotTimestamp": "2019-01-01T00:00:00Z" }, "geometry": { "type": "LineString", "coordinates": [ [ 37.0845491, -1.2832841 ], [ 37.1269638, -1.2770966 ] ] } },
{ "type": "Feature", "properties": { "@osmId": "way/515077024", "@snapshotTimestamp": "2019-01-01T00:00:00Z" }, "geometry": { "type": "LineString", "coordinates": [ [ 37.1269638, -1.2770966 ], [ 37.1271058, -1.2770993 ] ] } },
{ "type": "Feature", "properties": { "@osmId": "way/34358642", "@snapshotTimestamp": "2019-01-01T00:00:00Z" }, "geometry": { "type": "LineString", "coordinates": [ [ 36.945854, -1.2487195 ], [ 37.0840306, -1.2832215 ] ] } },
{ "type": "Feature", "properties": { "@osmId": "way/161486815", "@snapshotTimestamp": "2019-01-01T00:00:00Z" }, "geometry": { "type": "LineString", "coordinates": [ [ 36.9826166, -1.2643045 ], [ 36.9818235, -1.2653933 ] ] } },
{ "type": "Feature", "properties": { "@osmId": "way/161486816", "@snapshotTimestamp": "2019-01-01T00:00:00Z" }, "geometry": { "type": "LineString", "coordinates": [ [ 36.9828638, -1.2638891 ], [ 36.9826166, -1.2643045 ] ] } },
{ "type": "Feature", "properties": { "@osmId": "way/25739413", "@snapshotTimestamp": "2019-01-01T00:00:00Z" }, "geometry": { "type": "LineString", "coordinates": [ [ 36.8988958, -1.3426494 ], [ 36.8997212, -1.341586 ] ] } },
{ "type": "Feature", "properties": { "@osmId": "way/658273342", "@snapshotTimestamp": "2019-01-01T00:00:00Z" }, "geometry": { "type": "LineString", "coordinates": [ [ 36.9117206, -1.3401313 ], [ 36.9140712, -1.3434538 ] ] } },
{ "type": "Feature", "properties": { "@osmId": "way/40554728", "@snapshotTimestamp": "2019-01-01T00:00:00Z" }, "geometry": { "type": "LineString", "coordinates": [ [ 36.9117206, -1.3401313 ], [ 36.9113865, -1.3398886 ] ] } },
{ "type": "Feature", "properties": { "@osmId": "way/40554733", "@snapshotTimestamp": "2019-01-01T00:00:00Z" }, "geometry": { "type": "LineString", "coordinates": [ [ 36.9116906, -1.3396708 ], [ 36.9117206, -1.3401313 ] ] } },
{ "type": "Feature", "properties": { "@osmId": "way/4963133", "@snapshotTimestamp": "2019-01-01T00:00:00Z" }, "geometry": { "type": "LineString", "coordinates": [ [ 36.9116117, -1.3393695 ], [ 36.9115762, -1.3398322 ], [ 36.9111816, -1.3397963 ], [ 36.9112062, -1.3393527 ], [ 36.9116117, -1.3393695 ] ] } },
{ "type": "Feature", "properties": { "@osmId": "way/43159843", "@snapshotTimestamp": "2019-01-01T00:00:00Z" }, "geometry": { "type": "LineString", "coordinates": [ [ 36.9274917, -1.3337982 ], [ 36.9152676, -1.3440457 ] ] } },
{ "type": "Feature", "properties": { "@osmId": "way/4963130", "@snapshotTimestamp": "2019-01-01T00:00:00Z" }, "geometry": { "type": "LineString", "coordinates": [ [ 36.9150147, -1.3436017 ], [ 36.9273664, -1.3338946 ] ] } },
{ "type": "Feature", "properties": { "@osmId": "way/25773223", "@snapshotTimestamp": "2019-01-01T00:00:00Z" }, "geometry": { "type": "LineString", "coordinates": [ [ 36.8961361, -1.3384411 ], [ 36.8955349, -1.3389132 ] ] } },
{ "type": "Feature", "properties": { "@osmId": "way/40350411", "@snapshotTimestamp": "2019-01-01T00:00:00Z" }, "geometry": { "type": "LineString", "coordinates": [ [ 36.8750827, -1.3292148 ], [ 36.9022096, -1.3437541 ] ] } },
{ "type": "Feature", "properties": { "@osmId": "way/25773742", "@snapshotTimestamp": "2019-01-01T00:00:00Z" }, "geometry": { "type": "LineString", "coordinates": [ [ 36.9273664, -1.3338946 ], [ 36.9271432, -1.3335857 ] ] } },
{ "type": "Feature", "properties": { "@osmId": "way/380401224", "@snapshotTimestamp": "2019-01-01T00:00:00Z" }, "geometry": { "type": "LineString", "coordinates": [ [ 37.452967, -1.3585233 ], [ 37.4567488, -1.3811828 ] ] } },
{ "type": "Feature", "properties": { "@osmId": "way/100554336", "@snapshotTimestamp": "2019-01-01T00:00:00Z" }, "geometry": { "type": "LineString", "coordinates": [ [ 37.240439, -1.4261165 ], [ 37.2211811, -1.3731018 ], [ 37.3401565, -1.2965316 ] ] } },
{ "type": "Feature", "properties": { "@osmId": "way/380401219", "@snapshotTimestamp": "2019-01-01T00:00:00Z" }, "geometry": { "type": "LineString", "coordinates": [ [ 37.452911, -1.3583103 ], [ 37.452967, -1.3585233 ] ] } },
{ "type": "Feature", "properties": { "@osmId": "way/100554398", "@snapshotTimestamp": "2019-01-01T00:00:00Z" }, "geometry": { "type": "LineString", "coordinates": [ [ 37.3820997, -1.3141416 ], [ 37.4049773, -1.3732043 ], [ 37.4541863, -1.3620721 ] ] } },
{ "type": "Feature", "properties": { "@osmId": "way/545844524", "@snapshotTimestamp": "2019-01-01T00:00:00Z" }, "geometry": { "type": "LineString", "coordinates": [ [ 37.4641024, -1.2613502 ], [ 37.452911, -1.3583103 ] ] } },
{ "type": "Feature", "properties": { "@osmId": "way/515077029", "@snapshotTimestamp": "2019-01-01T00:00:00Z" }, "geometry": { "type": "LineString", "coordinates": [ [ 37.1271058, -1.2770993 ], [ 37.2128851, -1.2910622 ], [ 37.3215345, -1.2669391 ], [ 37.3820997, -1.3141416 ] ] } },
{ "type": "Feature", "properties": { "@osmId": "way/381395906", "@snapshotTimestamp": "2019-01-01T00:00:00Z" }, "geometry": { "type": "LineString", "coordinates": [ [ 37.5509691, -1.2950884 ], [ 37.5728504, -1.2740976 ] ] } },
{ "type": "Feature", "properties": { "@osmId": "way/545844523", "@snapshotTimestamp": "2019-01-01T00:00:00Z" }, "geometry": { "type": "LineString", "coordinates": [ [ 37.464091, -1.2610033 ], [ 37.4641024, -1.2613502 ] ] } },
{ "type": "Feature", "properties": { "@osmId": "way/382861686", "@snapshotTimestamp": "2019-01-01T00:00:00Z" }, "geometry": { "type": "LineString", "coordinates": [ [ 37.4609688, -1.2321818 ], [ 37.464091, -1.2610033 ] ] } },
{ "type": "Feature", "properties": { "@osmId": "way/266629800", "@snapshotTimestamp": "2019-01-01T00:00:00Z" }, "geometry": { "type": "LineString", "coordinates": [ [ 37.4486597, -1.241929 ], [ 37.4473383, -1.2411032 ] ] } },
{ "type": "Feature", "properties": { "@osmId": "way/43159844", "@snapshotTimestamp": "2019-01-01T00:00:00Z" }, "geometry": { "type": "LineString", "coordinates": [ [ 36.9272814, -1.3334996 ], [ 36.9274917, -1.3337982 ] ] } },
{ "type": "Feature", "properties": { "@osmId": "way/25773743", "@snapshotTimestamp": "2019-01-01T00:00:00Z" }, "geometry": { "type": "LineString", "coordinates": [ [ 36.9271432, -1.3335857 ], [ 36.9257437, -1.3313739 ] ] } },
{ "type": "Feature", "properties": { "@osmId": "way/628619947", "@snapshotTimestamp": "2019-01-01T00:00:00Z" }, "geometry": { "type": "LineString", "coordinates": [ [ 36.9257437, -1.3313739 ], [ 36.9272814, -1.3334996 ] ] } },
{ "type": "Feature", "properties": { "@osmId": "way/369096481", "@snapshotTimestamp": "2019-01-01T00:00:00Z" }, "geometry": { "type": "LineString", "coordinates": [ [ 36.8884523, -1.3315086 ], [ 36.8878425, -1.3319264 ] ] } },
{ "type": "Feature", "properties": { "@osmId": "way/369096482", "@snapshotTimestamp": "2019-01-01T00:00:00Z" }, "geometry": { "type": "LineString", "coordinates": [ [ 36.8877976, -1.3318586 ], [ 36.8883922, -1.3314314 ] ] } },
{ "type": "Feature", "properties": { "@osmId": "way/301694733", "@snapshotTimestamp": "2019-01-01T00:00:00Z" }, "geometry": { "type": "LineString", "coordinates": [ [ 36.9256046, -1.3314871 ], [ 36.9253217, -1.3313474 ] ] } },
{ "type": "Feature", "properties": { "@osmId": "way/40131531", "@snapshotTimestamp": "2019-01-01T00:00:00Z" }, "geometry": { "type": "LineString", "coordinates": [ [ 36.9257332, -1.3310799 ], [ 36.9257437, -1.3313739 ] ] } },
{ "type": "Feature", "properties": { "@osmId": "way/369096480", "@snapshotTimestamp": "2019-01-01T00:00:00Z" }, "geometry": { "type": "LineString", "coordinates": [ [ 36.8883922, -1.3314314 ], [ 36.8907232, -1.3297049 ] ] } },
{ "type": "Feature", "properties": { "@osmId": "way/25773785", "@snapshotTimestamp": "2019-01-01T00:00:00Z" }, "geometry": { "type": "LineString", "coordinates": [ [ 36.9254376, -1.3313061 ], [ 36.9241823, -1.3308732 ], [ 36.9246319, -1.3296727 ], [ 36.9258395, -1.3300762 ], [ 36.9254376, -1.3313061 ] ] } },
{ "type": "Feature", "properties": { "@osmId": "way/278017675", "@snapshotTimestamp": "2019-01-01T00:00:00Z" }, "geometry": { "type": "LineString", "coordinates": [ [ 36.8993331, -1.3243351 ], [ 36.8884523, -1.3315086 ] ] } },
{ "type": "Feature", "properties": { "@osmId": "way/271399316", "@snapshotTimestamp": "2019-01-01T00:00:00Z" }, "geometry": { "type": "LineString", "coordinates": [ [ 36.8907232, -1.3297049 ], [ 36.8992879, -1.324264 ] ] } },
{ "type": "Feature", "properties": { "@osmId": "way/639989534", "@snapshotTimestamp": "2019-01-01T00:00:00Z" }, "geometry": { "type": "LineString", "coordinates": [ [ 36.8999666, -1.323638 ], [ 36.8997451, -1.3237367 ] ] } },
{ "type": "Feature", "properties": { "@osmId": "way/162025587", "@snapshotTimestamp": "2019-01-01T00:00:00Z" }, "geometry": { "type": "LineString", "coordinates": [ [ 36.9009283, -1.3233203 ], [ 36.8993331, -1.3243351 ] ] } },
{ "type": "Feature", "properties": { "@osmId": "way/162025586", "@snapshotTimestamp": "2019-01-01T00:00:00Z" }, "geometry": { "type": "LineString", "coordinates": [ [ 36.8992879, -1.324264 ], [ 36.9008753, -1.3232534 ] ] } },
{ "type": "Feature", "properties": { "@osmId": "way/39519111", "@snapshotTimestamp": "2019-01-01T00:00:00Z" }, "geometry": { "type": "LineString", "coordinates": [ [ 36.8997451, -1.3237367 ], [ 36.8975599, -1.3201683 ] ] } },
{ "type": "Feature", "properties": { "@osmId": "way/40187816", "@snapshotTimestamp": "2019-01-01T00:00:00Z" }, "geometry": { "type": "LineString", "coordinates": [ [ 36.8977605, -1.3202057 ], [ 36.8999666, -1.323638 ] ] } },
{ "type": "Feature", "properties": { "@osmId": "way/24717220", "@snapshotTimestamp": "2019-01-01T00:00:00Z" }, "geometry": { "type": "LineString", "coordinates": [ [ 36.9008753, -1.3232534 ], [ 36.917308, -1.3182511 ] ] } },
{ "type": "Feature", "properties": { "@osmId": "way/162033249", "@snapshotTimestamp": "2019-01-01T00:00:00Z" }, "geometry": { "type": "LineString", "coordinates": [ [ 36.9230425, -1.3133627 ], [ 36.9009283, -1.3233203 ] ] } },
{ "type": "Feature", "properties": { "@osmId": "way/231508270", "@snapshotTimestamp": "2019-01-01T00:00:00Z" }, "geometry": { "type": "LineString", "coordinates": [ [ 36.917308, -1.3182511 ], [ 36.923069, -1.3129619 ] ] } },
{ "type": "Feature", "properties": { "@osmId": "way/640006543", "@snapshotTimestamp": "2019-01-01T00:00:00Z" }, "geometry": { "type": "LineString", "coordinates": [ [ 36.8894456, -1.3065597 ], [ 36.8977605, -1.3202057 ] ] } },
{ "type": "Feature", "properties": { "@osmId": "way/639994925", "@snapshotTimestamp": "2019-01-01T00:00:00Z" }, "geometry": { "type": "LineString", "coordinates": [ [ 36.8975599, -1.3201683 ], [ 36.8892873, -1.3065823 ] ] } },
{ "type": "Feature", "properties": { "@osmId": "way/231508276", "@snapshotTimestamp": "2019-01-01T00:00:00Z" }, "geometry": { "type": "LineString", "coordinates": [ [ 36.9232897, -1.3131777 ], [ 36.9230425, -1.3133627 ] ] } },
{ "type": "Feature", "properties": { "@osmId": "way/231508261", "@snapshotTimestamp": "2019-01-01T00:00:00Z" }, "geometry": { "type": "LineString", "coordinates": [ [ 36.9231082, -1.3130537 ], [ 36.9231762, -1.3126668 ], [ 36.923585, -1.3127329 ], [ 36.9234848, -1.3131496 ], [ 36.9231082, -1.3130537 ] ] } },
{ "type": "Feature", "properties": { "@osmId": "way/231508266", "@snapshotTimestamp": "2019-01-01T00:00:00Z" }, "geometry": { "type": "LineString", "coordinates": [ [ 36.9234274, -1.3126202 ], [ 36.9236316, -1.3128457 ] ] } },
{ "type": "Feature", "properties": { "@osmId": "way/115591631", "@snapshotTimestamp": "2019-01-01T00:00:00Z" }, "geometry": { "type": "LineString", "coordinates": [ [ 36.9255609, -1.3116015 ], [ 36.9237409, -1.3124874 ] ] } },
{ "type": "Feature", "properties": { "@osmId": "way/567085672", "@snapshotTimestamp": "2019-01-01T00:00:00Z" }, "geometry": { "type": "LineString", "coordinates": [ [ 36.8892873, -1.3065823 ], [ 36.8891246, -1.3062029 ] ] } },
{ "type": "Feature", "properties": { "@osmId": "way/640006542", "@snapshotTimestamp": "2019-01-01T00:00:00Z" }, "geometry": { "type": "LineString", "coordinates": [ [ 36.8891691, -1.3059267 ], [ 36.8894456, -1.3065597 ] ] } },
{ "type": "Feature", "properties": { "@osmId": "way/567085671", "@snapshotTimestamp": "2019-01-01T00:00:00Z" }, "geometry": { "type": "LineString", "coordinates": [ [ 36.8891246, -1.3062029 ], [ 36.8870372, -1.2996424 ] ] } },
{ "type": "Feature", "properties": { "@osmId": "way/567085657", "@snapshotTimestamp": "2019-01-01T00:00:00Z" }, "geometry": { "type": "LineString", "coordinates": [ [ 36.8850767, -1.2894638 ], [ 36.8891691, -1.3059267 ] ] } },
{ "type": "Feature", "properties": { "@osmId": "way/567085636", "@snapshotTimestamp": "2019-01-01T00:00:00Z" }, "geometry": { "type": "LineString", "coordinates": [ [ 36.8884874, -1.2940466 ], [ 36.8864997, -1.2953013 ] ] } },
{ "type": "Feature", "properties": { "@osmId": "way/567085640", "@snapshotTimestamp": "2019-01-01T00:00:00Z" }, "geometry": { "type": "LineString", "coordinates": [ [ 36.8870481, -1.2947666 ], [ 36.8874923, -1.294437 ] ] } },
{ "type": "Feature", "properties": { "@osmId": "way/567085643", "@snapshotTimestamp": "2019-01-01T00:00:00Z" }, "geometry": { "type": "LineString", "coordinates": [ [ 36.8874923, -1.294437 ], [ 36.8875083, -1.2947393 ] ] } },
{ "type": "Feature", "properties": { "@osmId": "way/567085654", "@snapshotTimestamp": "2019-01-01T00:00:00Z" }, "geometry": { "type": "LineString", "coordinates": [ [ 36.8874923, -1.294437 ], [ 36.8884874, -1.2940466 ] ] } },
{ "type": "Feature", "properties": { "@osmId": "way/516178118", "@snapshotTimestamp": "2019-01-01T00:00:00Z" }, "geometry": { "type": "LineString", "coordinates": [ [ 36.9818235, -1.2653933 ], [ 36.9255609, -1.3116015 ] ] } },
{ "type": "Feature", "properties": { "@osmId": "way/658223863", "@snapshotTimestamp": "2019-01-01T00:00:00Z" }, "geometry": { "type": "LineString", "coordinates": [ [ 36.8838654, -1.278339 ], [ 36.9123643, -1.2595679 ] ] } },
{ "type": "Feature", "properties": { "@osmId": "way/25036571", "@snapshotTimestamp": "2019-01-01T00:00:00Z" }, "geometry": { "type": "LineString", "coordinates": [ [ 36.9123643, -1.2595679 ], [ 36.8826555, -1.2620184 ] ] } },
{ "type": "Feature", "properties": { "@osmId": "way/100796586", "@snapshotTimestamp": "2019-01-01T00:00:00Z" }, "geometry": { "type": "LineString", "coordinates": [ [ 36.9123643, -1.2595679 ], [ 36.9456077, -1.2487213 ] ] } },
{ "type": "Feature", "properties": { "@osmId": "way/118163729", "@snapshotTimestamp": "2019-01-01T00:00:00Z" }, "geometry": { "type": "LineString", "coordinates": [ [ 36.9456077, -1.2487213 ], [ 36.945854, -1.2487195 ] ] } },
{ "type": "Feature", "properties": { "@osmId": "way/321619710", "@snapshotTimestamp": "2019-01-01T00:00:00Z" }, "geometry": { "type": "LineString", "coordinates": [ [ 36.8914392, -1.2198799 ], [ 36.8904146, -1.2208906 ] ] } },
{ "type": "Feature", "properties": { "@osmId": "way/321619713", "@snapshotTimestamp": "2019-01-01T00:00:00Z" }, "geometry": { "type": "LineString", "coordinates": [ [ 36.8930806, -1.2182281 ], [ 36.8905118, -1.2205903 ] ] } },
{ "type": "Feature", "properties": { "@osmId": "way/321619718", "@snapshotTimestamp": "2019-01-01T00:00:00Z" }, "geometry": { "type": "LineString", "coordinates": [ [ 36.8904321, -1.2205229 ], [ 36.8930113, -1.2181265 ] ] } },
{ "type": "Feature", "properties": { "@osmId": "way/321619707", "@snapshotTimestamp": "2019-01-01T00:00:00Z" }, "geometry": { "type": "LineString", "coordinates": [ [ 36.8924542, -1.2188857 ], [ 36.89177, -1.2196 ] ] } },
{ "type": "Feature", "properties": { "@osmId": "way/97815369", "@snapshotTimestamp": "2019-01-01T00:00:00Z" }, "geometry": { "type": "LineString", "coordinates": [ [ 36.9164459, -1.2045075 ], [ 36.8930806, -1.2182281 ] ] } },
{ "type": "Feature", "properties": { "@osmId": "way/231491309", "@snapshotTimestamp": "2019-01-01T00:00:00Z" }, "geometry": { "type": "LineString", "coordinates": [ [ 36.8930113, -1.2181265 ], [ 36.9163591, -1.2044272 ] ] } },
{ "type": "Feature", "properties": { "@osmId": "way/184369602", "@snapshotTimestamp": "2019-01-01T00:00:00Z" }, "geometry": { "type": "LineString", "coordinates": [ [ 36.9172344, -1.2036518 ], [ 36.9164459, -1.2045075 ] ] } },
{ "type": "Feature", "properties": { "@osmId": "way/33174300", "@snapshotTimestamp": "2019-01-01T00:00:00Z" }, "geometry": { "type": "LineString", "coordinates": [ [ 36.9163591, -1.2044272 ], [ 36.9171477, -1.2035818 ] ] } },
{ "type": "Feature", "properties": { "@osmId": "way/97815365", "@snapshotTimestamp": "2019-01-01T00:00:00Z" }, "geometry": { "type": "LineString", "coordinates": [ [ 36.9184806, -1.2021327 ], [ 36.9172344, -1.2036518 ] ] } },
{ "type": "Feature", "properties": { "@osmId": "way/184369593", "@snapshotTimestamp": "2019-01-01T00:00:00Z" }, "geometry": { "type": "LineString", "coordinates": [ [ 36.9171477, -1.2035818 ], [ 36.9184216, -1.2020361 ] ] } },
{ "type": "Feature", "properties": { "@osmId": "way/97815367", "@snapshotTimestamp": "2019-01-01T00:00:00Z" }, "geometry": { "type": "LineString", "coordinates": [ [ 36.9187914, -1.2017639 ], [ 36.9184806, -1.2021327 ] ] } },
{ "type": "Feature", "properties": { "@osmId": "way/97815362", "@snapshotTimestamp": "2019-01-01T00:00:00Z" }, "geometry": { "type": "LineString", "coordinates": [ [ 36.9184216, -1.2020361 ], [ 36.9187535, -1.2016374 ] ] } },
{ "type": "Feature", "properties": { "@osmId": "way/344477408", "@snapshotTimestamp": "2019-01-01T00:00:00Z" }, "geometry": { "type": "LineString", "coordinates": [ [ 36.823991, -1.2996632 ], [ 36.8244068, -1.2997665 ], [ 36.8243067, -1.3001479 ], [ 36.8239302, -1.3000893 ], [ 36.823991, -1.2996632 ] ] } },
{ "type": "Feature", "properties": { "@osmId": "way/16213668", "@snapshotTimestamp": "2019-01-01T00:00:00Z" }, "geometry": { "type": "LineString", "coordinates": [ [ 36.8366234, -1.2995982 ], [ 36.8369942, -1.2994574 ], [ 36.8371382, -1.2998213 ], [ 36.8367538, -1.2999642 ], [ 36.8366234, -1.2995982 ] ] } },
{ "type": "Feature", "properties": { "@osmId": "way/25748372", "@snapshotTimestamp": "2019-01-01T00:00:00Z" }, "geometry": { "type": "LineString", "coordinates": [ [ 36.8301722, -1.3002851 ], [ 36.8291086, -1.298132 ] ] } },
{ "type": "Feature", "properties": { "@osmId": "way/25748393", "@snapshotTimestamp": "2019-01-01T00:00:00Z" }, "geometry": { "type": "LineString", "coordinates": [ [ 36.8366626, -1.299535 ], [ 36.8363396, -1.2986769 ] ] } },
{ "type": "Feature", "properties": { "@osmId": "way/39885381", "@snapshotTimestamp": "2019-01-01T00:00:00Z" }, "geometry": { "type": "LineString", "coordinates": [ [ 36.8363396, -1.2986769 ], [ 36.8368466, -1.2994347 ] ] } },
{ "type": "Feature", "properties": { "@osmId": "way/619161878", "@snapshotTimestamp": "2019-01-01T00:00:00Z" }, "geometry": { "type": "LineString", "coordinates": [ [ 36.83763, -1.298908 ], [ 36.8374694, -1.2987769 ] ] } },
{ "type": "Feature", "properties": { "@osmId": "way/42121016", "@snapshotTimestamp": "2019-01-01T00:00:00Z" }, "geometry": { "type": "LineString", "coordinates": [ [ 36.8242533, -1.2996296 ], [ 36.8288775, -1.2979604 ] ] } },
{ "type": "Feature", "properties": { "@osmId": "way/39573543", "@snapshotTimestamp": "2019-01-01T00:00:00Z" }, "geometry": { "type": "LineString", "coordinates": [ [ 36.8289257, -1.2980777 ], [ 36.8252997, -1.2995105 ] ] } },
{ "type": "Feature", "properties": { "@osmId": "way/4775770", "@snapshotTimestamp": "2019-01-01T00:00:00Z" }, "geometry": { "type": "LineString", "coordinates": [ [ 36.829059, -1.2981374 ], [ 36.8288776, -1.2979801 ], [ 36.829039, -1.2977629 ], [ 36.8292501, -1.2979267 ], [ 36.829059, -1.2981374 ] ] } },
{ "type": "Feature", "properties": { "@osmId": "way/42121015", "@snapshotTimestamp": "2019-01-01T00:00:00Z" }, "geometry": { "type": "LineString", "coordinates": [ [ 36.8239302, -1.2997178 ], [ 36.8219827, -1.2954706 ] ] } },
{ "type": "Feature", "properties": { "@osmId": "way/162144290", "@snapshotTimestamp": "2019-01-01T00:00:00Z" }, "geometry": { "type": "LineString", "coordinates": [ [ 36.8220856, -1.2954046 ], [ 36.8242264, -1.299624 ] ] } },
{ "type": "Feature", "properties": { "@osmId": "way/239805677", "@snapshotTimestamp": "2019-01-01T00:00:00Z" }, "geometry": { "type": "LineString", "coordinates": [ [ 36.8403915, -1.2952049 ], [ 36.8371527, -1.2996505 ] ] } },
{ "type": "Feature", "properties": { "@osmId": "way/39885382", "@snapshotTimestamp": "2019-01-01T00:00:00Z" }, "geometry": { "type": "LineString", "coordinates": [ [ 36.8369069, -1.2994342 ], [ 36.8403143, -1.2950762 ] ] } },
{ "type": "Feature", "properties": { "@osmId": "way/619161879", "@snapshotTimestamp": "2019-01-01T00:00:00Z" }, "geometry": { "type": "LineString", "coordinates": [ [ 36.838867, -1.2969637 ], [ 36.8390526, -1.2971098 ] ] } },
{ "type": "Feature", "properties": { "@osmId": "way/16213875", "@snapshotTimestamp": "2019-01-01T00:00:00Z" }, "geometry": { "type": "LineString", "coordinates": [ [ 36.8346065, -1.2951705 ], [ 36.8363396, -1.2986769 ] ] } },
{ "type": "Feature", "properties": { "@osmId": "way/4775773", "@snapshotTimestamp": "2019-01-01T00:00:00Z" }, "geometry": { "type": "LineString", "coordinates": [ [ 36.8292353, -1.2978733 ], [ 36.8373445, -1.2937461 ] ] } },
{ "type": "Feature", "properties": { "@osmId": "way/162144287", "@snapshotTimestamp": "2019-01-01T00:00:00Z" }, "geometry": { "type": "LineString", "coordinates": [ [ 36.8219827, -1.2954706 ], [ 36.8217531, -1.2950571 ] ] } },
{ "type": "Feature", "properties": { "@osmId": "way/162144288", "@snapshotTimestamp": "2019-01-01T00:00:00Z" }, "geometry": { "type": "LineString", "coordinates": [ [ 36.8218517, -1.2950169 ], [ 36.8220856, -1.2954046 ] ] } },
{ "type": "Feature", "properties": { "@osmId": "way/239805676", "@snapshotTimestamp": "2019-01-01T00:00:00Z" }, "geometry": { "type": "LineString", "coordinates": [ [ 36.8405203, -1.2949903 ], [ 36.8403915, -1.2952049 ] ] } },
{ "type": "Feature", "properties": { "@osmId": "way/239805675", "@snapshotTimestamp": "2019-01-01T00:00:00Z" }, "geometry": { "type": "LineString", "coordinates": [ [ 36.8403143, -1.2950762 ], [ 36.8404344, -1.2948359 ] ] } },
{ "type": "Feature", "properties": { "@osmId": "way/26702165", "@snapshotTimestamp": "2019-01-01T00:00:00Z" }, "geometry": { "type": "LineString", "coordinates": [ [ 36.8559953, -1.2951163 ], [ 36.8832624, -1.2962132 ] ] } },
{ "type": "Feature", "properties": { "@osmId": "way/567085639", "@snapshotTimestamp": "2019-01-01T00:00:00Z" }, "geometry": { "type": "LineString", "coordinates": [ [ 36.8837559, -1.2964777 ], [ 36.8832846, -1.2963025 ] ] } },
{ "type": "Feature", "properties": { "@osmId": "way/658223847", "@snapshotTimestamp": "2019-01-01T00:00:00Z" }, "geometry": { "type": "LineString", "coordinates": [ [ 36.8832846, -1.2963025 ], [ 36.8831121, -1.2962305 ] ] } },
{ "type": "Feature", "properties": { "@osmId": "way/658223853", "@snapshotTimestamp": "2019-01-01T00:00:00Z" }, "geometry": { "type": "LineString", "coordinates": [ [ 36.8832624, -1.2962132 ], [ 36.8834408, -1.2962783 ] ] } },
{ "type": "Feature", "properties": { "@osmId": "way/567085638", "@snapshotTimestamp": "2019-01-01T00:00:00Z" }, "geometry": { "type": "LineString", "coordinates": [ [ 36.8860738, -1.2955582 ], [ 36.8837559, -1.2964777 ] ] } },
{ "type": "Feature", "properties": { "@osmId": "way/658223850", "@snapshotTimestamp": "2019-01-01T00:00:00Z" }, "geometry": { "type": "LineString", "coordinates": [ [ 36.8834408, -1.2962783 ], [ 36.8860528, -1.2954405 ] ] } },
{ "type": "Feature", "properties": { "@osmId": "way/39885385", "@snapshotTimestamp": "2019-01-01T00:00:00Z" }, "geometry": { "type": "LineString", "coordinates": [ [ 36.8557721, -1.2953308 ], [ 36.8555321, -1.2955309 ] ] } },
{ "type": "Feature", "properties": { "@osmId": "way/567085637", "@snapshotTimestamp": "2019-01-01T00:00:00Z" }, "geometry": { "type": "LineString", "coordinates": [ [ 36.8864997, -1.2953013 ], [ 36.8860738, -1.2955582 ] ] } },
{ "type": "Feature", "properties": { "@osmId": "way/26702161", "@snapshotTimestamp": "2019-01-01T00:00:00Z" }, "geometry": { "type": "LineString", "coordinates": [ [ 36.8555321, -1.2955309 ], [ 36.8553258, -1.2952278 ] ] } },
{ "type": "Feature", "properties": { "@osmId": "way/567085634", "@snapshotTimestamp": "2019-01-01T00:00:00Z" }, "geometry": { "type": "LineString", "coordinates": [ [ 36.8860528, -1.2954405 ], [ 36.8864673, -1.2951957 ] ] } },
{ "type": "Feature", "properties": { "@osmId": "way/658236302", "@snapshotTimestamp": "2019-01-01T00:00:00Z" }, "geometry": { "type": "LineString", "coordinates": [ [ 36.8012927, -1.2982592 ], [ 36.8011721, -1.2982783 ] ] } },
{ "type": "Feature", "properties": { "@osmId": "way/326961947", "@snapshotTimestamp": "2019-01-01T00:00:00Z" }, "geometry": { "type": "LineString", "coordinates": [ [ 36.8026842, -1.2981745 ], [ 36.8012927, -1.2982592 ] ] } },
{ "type": "Feature", "properties": { "@osmId": "way/4723375", "@snapshotTimestamp": "2019-01-01T00:00:00Z" }, "geometry": { "type": "LineString", "coordinates": [ [ 36.803132, -1.2979105 ], [ 36.8029904, -1.2982664 ], [ 36.8026465, -1.2980971 ], [ 36.8027641, -1.2977983 ], [ 36.803132, -1.2979105 ] ] } },
{ "type": "Feature", "properties": { "@osmId": "way/4726913", "@snapshotTimestamp": "2019-01-01T00:00:00Z" }, "geometry": { "type": "LineString", "coordinates": [ [ 36.8128975, -1.2951925 ], [ 36.8031516, -1.2980783 ] ] } },
{ "type": "Feature", "properties": { "@osmId": "way/40555054", "@snapshotTimestamp": "2019-01-01T00:00:00Z" }, "geometry": { "type": "LineString", "coordinates": [ [ 36.8026982, -1.2978537 ], [ 36.8023451, -1.2953766 ] ] } },
{ "type": "Feature", "properties": { "@osmId": "way/105272826", "@snapshotTimestamp": "2019-01-01T00:00:00Z" }, "geometry": { "type": "LineString", "coordinates": [ [ 36.8025719, -1.2953606 ], [ 36.8029421, -1.2977679 ] ] } },
{ "type": "Feature", "properties": { "@osmId": "way/180151254", "@snapshotTimestamp": "2019-01-01T00:00:00Z" }, "geometry": { "type": "LineString", "coordinates": [ [ 36.8030429, -1.2978113 ], [ 36.8117366, -1.2939325 ] ] } },
{ "type": "Feature", "properties": { "@osmId": "way/4734789", "@snapshotTimestamp": "2019-01-01T00:00:00Z" }, "geometry": { "type": "LineString", "coordinates": [ [ 36.8100908, -1.2954236 ], [ 36.8100693, -1.2951141 ] ] } },
{ "type": "Feature", "properties": { "@osmId": "way/4716873", "@snapshotTimestamp": "2019-01-01T00:00:00Z" }, "geometry": { "type": "LineString", "coordinates": [ [ 36.8026159, -1.2952915 ], [ 36.8024074, -1.2954054 ], [ 36.8022765, -1.2951959 ], [ 36.8024873, -1.2950616 ], [ 36.8026159, -1.2952915 ] ] } },
{ "type": "Feature", "properties": { "@osmId": "way/4734780", "@snapshotTimestamp": "2019-01-01T00:00:00Z" }, "geometry": { "type": "LineString", "coordinates": [ [ 36.8122295, -1.2947388 ], [ 36.8121436, -1.2953489 ] ] } },
{ "type": "Feature", "properties": { "@osmId": "way/4734781", "@snapshotTimestamp": "2019-01-01T00:00:00Z" }, "geometry": { "type": "LineString", "coordinates": [ [ 36.8122295, -1.2947388 ], [ 36.8128975, -1.2951925 ] ] } },
{ "type": "Feature", "properties": { "@osmId": "way/4734788", "@snapshotTimestamp": "2019-01-01T00:00:00Z" }, "geometry": { "type": "LineString", "coordinates": [ [ 36.8128975, -1.2951925 ], [ 36.8155938, -1.2937277 ] ] } },
{ "type": "Feature", "properties": { "@osmId": "way/239183919", "@snapshotTimestamp": "2019-01-01T00:00:00Z" }, "geometry": { "type": "LineString", "coordinates": [ [ 36.8120835, -1.2940002 ], [ 36.8122295, -1.2947388 ] ] } },
{ "type": "Feature", "properties": { "@osmId": "way/162144289", "@snapshotTimestamp": "2019-01-01T00:00:00Z" }, "geometry": { "type": "LineString", "coordinates": [ [ 36.8217531, -1.2950571 ], [ 36.8203129, -1.2929202 ] ] } },
{ "type": "Feature", "properties": { "@osmId": "way/239168031", "@snapshotTimestamp": "2019-01-01T00:00:00Z" }, "geometry": { "type": "LineString", "coordinates": [ [ 36.8117366, -1.2939325 ], [ 36.8120835, -1.2940002 ] ] } },
{ "type": "Feature", "properties": { "@osmId": "way/4727393", "@snapshotTimestamp": "2019-01-01T00:00:00Z" }, "geometry": { "type": "LineString", "coordinates": [ [ 36.8120852, -1.2934662 ], [ 36.8120835, -1.2940002 ] ] } },
{ "type": "Feature", "properties": { "@osmId": "way/239183915", "@snapshotTimestamp": "2019-01-01T00:00:00Z" }, "geometry": { "type": "LineString", "coordinates": [ [ 36.8117366, -1.2939325 ], [ 36.8120852, -1.2934662 ] ] } },
{ "type": "Feature", "properties": { "@osmId": "way/532821306", "@snapshotTimestamp": "2019-01-01T00:00:00Z" }, "geometry": { "type": "LineString", "coordinates": [ [ 36.8155938, -1.2937277 ], [ 36.8166862, -1.2934327 ] ] } },
{ "type": "Feature", "properties": { "@osmId": "way/485132078", "@snapshotTimestamp": "2019-01-01T00:00:00Z" }, "geometry": { "type": "LineString", "coordinates": [ [ 36.8063458, -1.2917609 ], [ 36.8024873, -1.2950616 ] ] } },
{ "type": "Feature", "properties": { "@osmId": "way/39885349", "@snapshotTimestamp": "2019-01-01T00:00:00Z" }, "geometry": { "type": "LineString", "coordinates": [ [ 36.8023721, -1.2950777 ], [ 36.8063382, -1.2916981 ] ] } },
{ "type": "Feature", "properties": { "@osmId": "way/336068274", "@snapshotTimestamp": "2019-01-01T00:00:00Z" }, "geometry": { "type": "LineString", "coordinates": [ [ 36.8166862, -1.2934327 ], [ 36.818205, -1.2931586 ] ] } },
{ "type": "Feature", "properties": { "@osmId": "way/4730070", "@snapshotTimestamp": "2019-01-01T00:00:00Z" }, "geometry": { "type": "LineString", "coordinates": [ [ 36.8203129, -1.2929202 ], [ 36.818205, -1.2931586 ] ] } },
{ "type": "Feature", "properties": { "@osmId": "way/4730069", "@snapshotTimestamp": "2019-01-01T00:00:00Z" }, "geometry": { "type": "LineString", "coordinates": [ [ 36.818205, -1.2931586 ], [ 36.8201966, -1.2926371 ] ] } },
{ "type": "Feature", "properties": { "@osmId": "way/4727405", "@snapshotTimestamp": "2019-01-01T00:00:00Z" }, "geometry": { "type": "LineString", "coordinates": [ [ 36.8204923, -1.2929057 ], [ 36.820191, -1.2927979 ], [ 36.8203157, -1.2925247 ], [ 36.8205806, -1.2926428 ], [ 36.8204923, -1.2929057 ] ] } },
{ "type": "Feature", "properties": { "@osmId": "way/397965577", "@snapshotTimestamp": "2019-01-01T00:00:00Z" }, "geometry": { "type": "LineString", "coordinates": [ [ 36.8063193, -1.2917079 ], [ 36.8063458, -1.2917609 ] ] } },
{ "type": "Feature", "properties": { "@osmId": "way/239168029", "@snapshotTimestamp": "2019-01-01T00:00:00Z" }, "geometry": { "type": "LineString", "coordinates": [ [ 36.8120852, -1.2934662 ], [ 36.8118716, -1.2893314 ] ] } },
{ "type": "Feature", "properties": { "@osmId": "way/239074444", "@snapshotTimestamp": "2019-01-01T00:00:00Z" }, "geometry": { "type": "LineString", "coordinates": [ [ 36.819684, -1.2910953 ], [ 36.8201549, -1.2910337 ] ] } },
{ "type": "Feature", "properties": { "@osmId": "way/4741905", "@snapshotTimestamp": "2019-01-01T00:00:00Z" }, "geometry": { "type": "LineString", "coordinates": [ [ 36.82113, -1.2906793 ], [ 36.8198603, -1.2914646 ] ] } },
{ "type": "Feature", "properties": { "@osmId": "way/4723371", "@snapshotTimestamp": "2019-01-01T00:00:00Z" }, "geometry": { "type": "LineString", "coordinates": [ [ 36.8101549, -1.2898051 ], [ 36.8063458, -1.2917609 ] ] } },
{ "type": "Feature", "properties": { "@osmId": "way/659312604", "@snapshotTimestamp": "2019-01-01T00:00:00Z" }, "geometry": { "type": "LineString", "coordinates": [ [ 36.8204415, -1.2908849 ], [ 36.8210563, -1.2905516 ] ] } },
{ "type": "Feature", "properties": { "@osmId": "way/4962695", "@snapshotTimestamp": "2019-01-01T00:00:00Z" }, "geometry": { "type": "LineString", "coordinates": [ [ 36.8205845, -1.2927955 ], [ 36.8218517, -1.2950169 ] ] } },
{ "type": "Feature", "properties": { "@osmId": "way/39885368", "@snapshotTimestamp": "2019-01-01T00:00:00Z" }, "geometry": { "type": "LineString", "coordinates": [ [ 36.841178, -1.2922571 ], [ 36.8405203, -1.2949903 ] ] } },
{ "type": "Feature", "properties": { "@osmId": "way/239805673", "@snapshotTimestamp": "2019-01-01T00:00:00Z" }, "geometry": { "type": "LineString", "coordinates": [ [ 36.8404344, -1.2948359 ], [ 36.8408433, -1.2922228 ] ] } },
{ "type": "Feature", "properties": { "@osmId": "way/7726330", "@snapshotTimestamp": "2019-01-01T00:00:00Z" }, "geometry": { "type": "LineString", "coordinates": [ [ 36.8273983, -1.289395 ], [ 36.8205845, -1.2927955 ] ] } },
{ "type": "Feature", "properties": { "@osmId": "way/162143537", "@snapshotTimestamp": "2019-01-01T00:00:00Z" }, "geometry": { "type": "LineString", "coordinates": [ [ 36.8205411, -1.2925816 ], [ 36.8273191, -1.2893039 ] ] } },
{ "type": "Feature", "properties": { "@osmId": "way/4741904", "@snapshotTimestamp": "2019-01-01T00:00:00Z" }, "geometry": { "type": "LineString", "coordinates": [ [ 36.8212802, -1.2906516 ], [ 36.8210977, -1.2906574 ], [ 36.8210873, -1.2904773 ], [ 36.8212833, -1.2904757 ], [ 36.8212802, -1.2906516 ] ] } },
{ "type": "Feature", "properties": { "@osmId": "way/580233750", "@snapshotTimestamp": "2019-01-01T00:00:00Z" }, "geometry": { "type": "LineString", "coordinates": [ [ 36.823949, -1.2891617 ], [ 36.8213053, -1.2905102 ] ] } },
{ "type": "Feature", "properties": { "@osmId": "way/7726359", "@snapshotTimestamp": "2019-01-01T00:00:00Z" }, "geometry": { "type": "LineString", "coordinates": [ [ 36.8272714, -1.2892389 ], [ 36.827428, -1.2889618 ], [ 36.8277078, -1.289035 ], [ 36.8276217, -1.289401 ], [ 36.8272714, -1.2892389 ] ] } },
{ "type": "Feature", "properties": { "@osmId": "way/40006029", "@snapshotTimestamp": "2019-01-01T00:00:00Z" }, "geometry": { "type": "LineString", "coordinates": [ [ 36.8408819, -1.2915616 ], [ 36.8334404, -1.2860184 ] ] } },
{ "type": "Feature", "properties": { "@osmId": "way/24716186", "@snapshotTimestamp": "2019-01-01T00:00:00Z" }, "geometry": { "type": "LineString", "coordinates": [ [ 36.8340241, -1.2857438 ], [ 36.8412596, -1.2915874 ] ] } },
{ "type": "Feature", "properties": { "@osmId": "way/296147516", "@snapshotTimestamp": "2019-01-01T00:00:00Z" }, "geometry": { "type": "LineString", "coordinates": [ [ 36.8063382, -1.2916981 ], [ 36.8100422, -1.2896281 ] ] } },
{ "type": "Feature", "properties": { "@osmId": "way/4730073", "@snapshotTimestamp": "2019-01-01T00:00:00Z" }, "geometry": { "type": "LineString", "coordinates": [ [ 36.8201966, -1.2926371 ], [ 36.8173499, -1.2868305 ] ] } },
{ "type": "Feature", "properties": { "@osmId": "way/51164168", "@snapshotTimestamp": "2019-01-01T00:00:00Z" }, "geometry": { "type": "LineString", "coordinates": [ [ 36.8100261, -1.2897622 ], [ 36.8097579, -1.289612 ] ] } },
{ "type": "Feature", "properties": { "@osmId": "way/51164194", "@snapshotTimestamp": "2019-01-01T00:00:00Z" }, "geometry": { "type": "LineString", "coordinates": [ [ 36.8103051, -1.2895047 ], [ 36.8103748, -1.2896924 ], [ 36.8100369, -1.2897836 ], [ 36.810069, -1.2895959 ], [ 36.8103051, -1.2895047 ] ] } },
{ "type": "Feature", "properties": { "@osmId": "way/4730074", "@snapshotTimestamp": "2019-01-01T00:00:00Z" }, "geometry": { "type": "LineString", "coordinates": [ [ 36.8175843, -1.2867237 ], [ 36.8203508, -1.292513 ] ] } },
{ "type": "Feature", "properties": { "@osmId": "way/4741908", "@snapshotTimestamp": "2019-01-01T00:00:00Z" }, "geometry": { "type": "LineString", "coordinates": [ [ 36.8210873, -1.2904773 ], [ 36.8199802, -1.2882442 ] ] } },
{ "type": "Feature", "properties": { "@osmId": "way/580233752", "@snapshotTimestamp": "2019-01-01T00:00:00Z" }, "geometry": { "type": "LineString", "coordinates": [ [ 36.8200703, -1.2881927 ], [ 36.8211726, -1.2904326 ] ] } },
{ "type": "Feature", "properties": { "@osmId": "way/296149414", "@snapshotTimestamp": "2019-01-01T00:00:00Z" }, "geometry": { "type": "LineString", "coordinates": [ [ 36.8118716, -1.2893314 ], [ 36.81185, -1.2892312 ] ] } },
{ "type": "Feature", "properties": { "@osmId": "way/4741909", "@snapshotTimestamp": "2019-01-01T00:00:00Z" }, "geometry": { "type": "LineString", "coordinates": [ [ 36.8185866, -1.2887965 ], [ 36.8198126, -1.288155 ] ] } },
{ "type": "Feature", "properties": { "@osmId": "way/4716887", "@snapshotTimestamp": "2019-01-01T00:00:00Z" }, "geometry": { "type": "LineString", "coordinates": [ [ 36.8171991, -1.286766 ], [ 36.8103748, -1.2896924 ] ] } },
{ "type": "Feature", "properties": { "@osmId": "way/26702239", "@snapshotTimestamp": "2019-01-01T00:00:00Z" }, "geometry": { "type": "LineString", "coordinates": [ [ 36.8556348, -1.2953222 ], [ 36.8553258, -1.2952278 ], [ 36.8552043, -1.2949806 ], [ 36.8559953, -1.2951163 ], [ 36.8556348, -1.2953222 ] ] } },
{ "type": "Feature", "properties": { "@osmId": "way/567085635", "@snapshotTimestamp": "2019-01-01T00:00:00Z" }, "geometry": { "type": "LineString", "coordinates": [ [ 36.8864673, -1.2951957 ], [ 36.8870481, -1.2947666 ] ] } },
{ "type": "Feature", "properties": { "@osmId": "way/39885369", "@snapshotTimestamp": "2019-01-01T00:00:00Z" }, "geometry": { "type": "LineString", "coordinates": [ [ 36.8553258, -1.2952278 ], [ 36.8522705, -1.2944583 ] ] } },
{ "type": "Feature", "properties": { "@osmId": "way/39885391", "@snapshotTimestamp": "2019-01-01T00:00:00Z" }, "geometry": { "type": "LineString", "coordinates": [ [ 36.8524336, -1.2942352 ], [ 36.8553611, -1.2949243 ] ] } },
{ "type": "Feature", "properties": { "@osmId": "way/16217895", "@snapshotTimestamp": "2019-01-01T00:00:00Z" }, "geometry": { "type": "LineString", "coordinates": [ [ 36.8516474, -1.2942915 ], [ 36.8519958, -1.2940808 ], [ 36.8524593, -1.2943382 ], [ 36.8522705, -1.2944583 ], [ 36.8516474, -1.2942915 ] ] } },
{ "type": "Feature", "properties": { "@osmId": "way/39885370", "@snapshotTimestamp": "2019-01-01T00:00:00Z" }, "geometry": { "type": "LineString", "coordinates": [ [ 36.8517727, -1.2943554 ], [ 36.8412896, -1.292137 ] ] } },
{ "type": "Feature", "properties": { "@osmId": "way/39885383", "@snapshotTimestamp": "2019-01-01T00:00:00Z" }, "geometry": { "type": "LineString", "coordinates": [ [ 36.8413185, -1.2916953 ], [ 36.8518413, -1.2940894 ] ] } },
{ "type": "Feature", "properties": { "@osmId": "way/16210672", "@snapshotTimestamp": "2019-01-01T00:00:00Z" }, "geometry": { "type": "LineString", "coordinates": [ [ 36.8410438, -1.2914979 ], [ 36.8413582, -1.2918881 ], [ 36.8410149, -1.2923086 ], [ 36.8407189, -1.2918791 ], [ 36.8410438, -1.2914979 ] ] } },
{ "type": "Feature", "properties": { "@osmId": "way/639998852", "@snapshotTimestamp": "2019-01-01T00:00:00Z" }, "geometry": { "type": "LineString", "coordinates": [ [ 36.8862854, -1.2959571 ], [ 36.8829387, -1.2814203 ] ] } },
{ "type": "Feature", "properties": { "@osmId": "way/312485791", "@snapshotTimestamp": "2019-01-01T00:00:00Z" }, "geometry": { "type": "LineString", "coordinates": [ [ 36.8830871, -1.2813982 ], [ 36.8850767, -1.2894638 ] ] } },
{ "type": "Feature", "properties": { "@osmId": "way/4730072", "@snapshotTimestamp": "2019-01-01T00:00:00Z" }, "geometry": { "type": "LineString", "coordinates": [ [ 36.8302046, -1.287854 ], [ 36.8277304, -1.2892189 ] ] } },
{ "type": "Feature", "properties": { "@osmId": "way/296151761", "@snapshotTimestamp": "2019-01-01T00:00:00Z" }, "geometry": { "type": "LineString", "coordinates": [ [ 36.8268615, -1.2878834 ], [ 36.827428, -1.2889618 ] ] } },
{ "type": "Feature", "properties": { "@osmId": "way/40131529", "@snapshotTimestamp": "2019-01-01T00:00:00Z" }, "geometry": { "type": "LineString", "coordinates": [ [ 36.8277078, -1.289035 ], [ 36.8301188, -1.287786 ] ] } },
{ "type": "Feature", "properties": { "@osmId": "way/4775790", "@snapshotTimestamp": "2019-01-01T00:00:00Z" }, "geometry": { "type": "LineString", "coordinates": [ [ 36.8301456, -1.2876159 ], [ 36.8303582, -1.2875987 ], [ 36.830328, -1.2878492 ], [ 36.8301405, -1.2878181 ], [ 36.8301456, -1.2876159 ] ] } },
{ "type": "Feature", "properties": { "@osmId": "way/7726144", "@snapshotTimestamp": "2019-01-01T00:00:00Z" }, "geometry": { "type": "LineString", "coordinates": [ [ 36.8226227, -1.2867713 ], [ 36.8201027, -1.2880559 ] ] } },
{ "type": "Feature", "properties": { "@osmId": "way/580233740", "@snapshotTimestamp": "2019-01-01T00:00:00Z" }, "geometry": { "type": "LineString", "coordinates": [ [ 36.8200063, -1.2879491 ], [ 36.8226209, -1.2866348 ] ] } },
{ "type": "Feature", "properties": { "@osmId": "way/24716338", "@snapshotTimestamp": "2019-01-01T00:00:00Z" }, "geometry": { "type": "LineString", "coordinates": [ [ 36.8323773, -1.2859005 ], [ 36.8303954, -1.2877399 ] ] } },
{ "type": "Feature", "properties": { "@osmId": "way/4775791", "@snapshotTimestamp": "2019-01-01T00:00:00Z" }, "geometry": { "type": "LineString", "coordinates": [ [ 36.8303818, -1.2876416 ], [ 36.8321007, -1.2857732 ] ] } },
{ "type": "Feature", "properties": { "@osmId": "way/7726728", "@snapshotTimestamp": "2019-01-01T00:00:00Z" }, "geometry": { "type": "LineString", "coordinates": [ [ 36.8226699, -1.2865898 ], [ 36.8228411, -1.2866468 ], [ 36.8227826, -1.2868151 ], [ 36.8226227, -1.2867713 ], [ 36.8226699, -1.2865898 ] ] } },
{ "type": "Feature", "properties": { "@osmId": "way/296151762", "@snapshotTimestamp": "2019-01-01T00:00:00Z" }, "geometry": { "type": "LineString", "coordinates": [ [ 36.8255301, -1.2853082 ], [ 36.8268615, -1.2878834 ] ] } },
{ "type": "Feature", "properties": { "@osmId": "way/4741907", "@snapshotTimestamp": "2019-01-01T00:00:00Z" }, "geometry": { "type": "LineString", "coordinates": [ [ 36.8201027, -1.2880559 ], [ 36.8199802, -1.2882442 ], [ 36.8198126, -1.288155 ], [ 36.8198881, -1.2879485 ], [ 36.8201027, -1.2880559 ] ] } },
{ "type": "Feature", "properties": { "@osmId": "way/4716862", "@snapshotTimestamp": "2019-01-01T00:00:00Z" }, "geometry": { "type": "LineString", "coordinates": [ [ 36.8103051, -1.2895047 ], [ 36.8171118, -1.2865976 ] ] } },
{ "type": "Feature", "properties": { "@osmId": "way/44629731", "@snapshotTimestamp": "2019-01-01T00:00:00Z" }, "geometry": { "type": "LineString", "coordinates": [ [ 36.8198517, -1.2879716 ], [ 36.8193508, -1.2869959 ] ] } },
{ "type": "Feature", "properties": { "@osmId": "way/580233735", "@snapshotTimestamp": "2019-01-01T00:00:00Z" }, "geometry": { "type": "LineString", "coordinates": [ [ 36.8195627, -1.286882 ], [ 36.8200063, -1.2879491 ] ] } },
{ "type": "Feature", "properties": { "@osmId": "way/580233736", "@snapshotTimestamp": "2019-01-01T00:00:00Z" }, "geometry": { "type": "LineString", "coordinates": [ [ 36.8193508, -1.2869959 ], [ 36.8199329, -1.2866646 ] ] } },
{ "type": "Feature", "properties": { "@osmId": "way/580233737", "@snapshotTimestamp": "2019-01-01T00:00:00Z" }, "geometry": { "type": "LineString", "coordinates": [ [ 36.8199329, -1.2866646 ], [ 36.8200971, -1.2865873 ] ] } },
{ "type": "Feature", "properties": { "@osmId": "way/4730089", "@snapshotTimestamp": "2019-01-01T00:00:00Z" }, "geometry": { "type": "LineString", "coordinates": [ [ 36.81712, -1.2864986 ], [ 36.8174575, -1.2863215 ], [ 36.8176256, -1.2866371 ], [ 36.8172919, -1.2868188 ], [ 36.81712, -1.2864986 ] ] } },
{ "type": "Feature", "properties": { "@osmId": "way/126136945", "@snapshotTimestamp": "2019-01-01T00:00:00Z" }, "geometry": { "type": "LineString", "coordinates": [ [ 36.8200971, -1.2865873 ], [ 36.8211417, -1.2861028 ] ] } },
{ "type": "Feature", "properties": { "@osmId": "way/4741910", "@snapshotTimestamp": "2019-01-01T00:00:00Z" }, "geometry": { "type": "LineString", "coordinates": [ [ 36.8175081, -1.2863387 ], [ 36.8186705, -1.2858388 ] ] } },
{ "type": "Feature", "properties": { "@osmId": "way/4741911", "@snapshotTimestamp": "2019-01-01T00:00:00Z" }, "geometry": { "type": "LineString", "coordinates": [ [ 36.8236632, -1.2834666 ], [ 36.817618, -1.2865422 ] ] } },
{ "type": "Feature", "properties": { "@osmId": "way/580233741", "@snapshotTimestamp": "2019-01-01T00:00:00Z" }, "geometry": { "type": "LineString", "coordinates": [ [ 36.8236645, -1.2862484 ], [ 36.8228411, -1.2866468 ] ] } },
{ "type": "Feature", "properties": { "@osmId": "way/265735809", "@snapshotTimestamp": "2019-01-01T00:00:00Z" }, "geometry": { "type": "LineString", "coordinates": [ [ 36.8228184, -1.2866143 ], [ 36.8241011, -1.2858352 ] ] } },
{ "type": "Feature", "properties": { "@osmId": "way/40121544", "@snapshotTimestamp": "2019-01-01T00:00:00Z" }, "geometry": { "type": "LineString", "coordinates": [ [ 36.8334404, -1.2860184 ], [ 36.8324692, -1.2858698 ] ] } },
{ "type": "Feature", "properties": { "@osmId": "way/40121545", "@snapshotTimestamp": "2019-01-01T00:00:00Z" }, "geometry": { "type": "LineString", "coordinates": [ [ 36.8340241, -1.2857438 ], [ 36.8334404, -1.2860184 ] ] } },
{ "type": "Feature", "properties": { "@osmId": "way/7726738", "@snapshotTimestamp": "2019-01-01T00:00:00Z" }, "geometry": { "type": "LineString", "coordinates": [ [ 36.8255301, -1.2853082 ], [ 36.8236645, -1.2862484 ] ] } },
{ "type": "Feature", "properties": { "@osmId": "way/4821489", "@snapshotTimestamp": "2019-01-01T00:00:00Z" }, "geometry": { "type": "LineString", "coordinates": [ [ 36.832105, -1.2855563 ], [ 36.8324618, -1.285462 ], [ 36.8325676, -1.285756 ], [ 36.8322105, -1.285887 ], [ 36.832105, -1.2855563 ] ] } },
{ "type": "Feature", "properties": { "@osmId": "way/51543063", "@snapshotTimestamp": "2019-01-01T00:00:00Z" }, "geometry": { "type": "LineString", "coordinates": [ [ 36.8325169, -1.2855032 ], [ 36.8340241, -1.2857438 ] ] } },
{ "type": "Feature", "properties": { "@osmId": "way/24716054", "@snapshotTimestamp": "2019-01-01T00:00:00Z" }, "geometry": { "type": "LineString", "coordinates": [ [ 36.8325564, -1.2852547 ], [ 36.832754, -1.2854717 ] ] } },
{ "type": "Feature", "properties": { "@osmId": "way/397967095", "@snapshotTimestamp": "2019-01-01T00:00:00Z" }, "geometry": { "type": "LineString", "coordinates": [ [ 36.8240075, -1.2852124 ], [ 36.8240809, -1.2848691 ] ] } },
{ "type": "Feature", "properties": { "@osmId": "way/397967094", "@snapshotTimestamp": "2019-01-01T00:00:00Z" }, "geometry": { "type": "LineString", "coordinates": [ [ 36.8240809, -1.2848691 ], [ 36.8243413, -1.2850254 ] ] } },
{ "type": "Feature", "properties": { "@osmId": "way/296151764", "@snapshotTimestamp": "2019-01-01T00:00:00Z" }, "geometry": { "type": "LineString", "coordinates": [ [ 36.8236632, -1.2834666 ], [ 36.8255301, -1.2853082 ] ] } },
{ "type": "Feature", "properties": { "@osmId": "way/580233733", "@snapshotTimestamp": "2019-01-01T00:00:00Z" }, "geometry": { "type": "LineString", "coordinates": [ [ 36.8213527, -1.2823236 ], [ 36.8244241, -1.2849847 ] ] } },
{ "type": "Feature", "properties": { "@osmId": "way/113187446", "@snapshotTimestamp": "2019-01-01T00:00:00Z" }, "geometry": { "type": "LineString", "coordinates": [ [ 36.8240809, -1.2848691 ], [ 36.8213527, -1.2823236 ] ] } },
{ "type": "Feature", "properties": { "@osmId": "way/40006028", "@snapshotTimestamp": "2019-01-01T00:00:00Z" }, "geometry": { "type": "LineString", "coordinates": [ [ 36.8322323, -1.2854424 ], [ 36.8323036, -1.2811163 ] ] } },
{ "type": "Feature", "properties": { "@osmId": "way/24716086", "@snapshotTimestamp": "2019-01-01T00:00:00Z" }, "geometry": { "type": "LineString", "coordinates": [ [ 36.8325526, -1.2808678 ], [ 36.8325169, -1.2855032 ] ] } },
{ "type": "Feature", "properties": { "@osmId": "way/231934726", "@snapshotTimestamp": "2019-01-01T00:00:00Z" }, "geometry": { "type": "LineString", "coordinates": [ [ 36.821541, -1.2817776 ], [ 36.8236632, -1.2834666 ] ] } },
{ "type": "Feature", "properties": { "@osmId": "way/231934730", "@snapshotTimestamp": "2019-01-01T00:00:00Z" }, "geometry": { "type": "LineString", "coordinates": [ [ 36.821541, -1.2817776 ], [ 36.8209745, -1.2813504 ] ] } },
{ "type": "Feature", "properties": { "@osmId": "way/344195670", "@snapshotTimestamp": "2019-01-01T00:00:00Z" }, "geometry": { "type": "LineString", "coordinates": [ [ 36.8224843, -1.2810363 ], [ 36.8223058, -1.2812653 ] ] } },
{ "type": "Feature", "properties": { "@osmId": "way/24027538", "@snapshotTimestamp": "2019-01-01T00:00:00Z" }, "geometry": { "type": "LineString", "coordinates": [ [ 36.8223058, -1.2812653 ], [ 36.8221137, -1.2808736 ] ] } },
{ "type": "Feature", "properties": { "@osmId": "way/529988204", "@snapshotTimestamp": "2019-01-01T00:00:00Z" }, "geometry": { "type": "LineString", "coordinates": [ [ 36.822158, -1.2808152 ], [ 36.8224843, -1.2810363 ] ] } },
{ "type": "Feature", "properties": { "@osmId": "way/297314798", "@snapshotTimestamp": "2019-01-01T00:00:00Z" }, "geometry": { "type": "LineString", "coordinates": [ [ 36.8186705, -1.2858388 ], [ 36.8235626, -1.283393 ] ] } },
{ "type": "Feature", "properties": { "@osmId": "way/4741916", "@snapshotTimestamp": "2019-01-01T00:00:00Z" }, "geometry": { "type": "LineString", "coordinates": [ [ 36.8171482, -1.2864335 ], [ 36.815021, -1.2819094 ] ] } },
{ "type": "Feature", "properties": { "@osmId": "way/4741915", "@snapshotTimestamp": "2019-01-01T00:00:00Z" }, "geometry": { "type": "LineString", "coordinates": [ [ 36.8151837, -1.281837 ], [ 36.8173774, -1.2863074 ] ] } },
{ "type": "Feature", "properties": { "@osmId": "way/4741914", "@snapshotTimestamp": "2019-01-01T00:00:00Z" }, "geometry": { "type": "LineString", "coordinates": [ [ 36.8151258, -1.2815036 ], [ 36.8152159, -1.2817892 ], [ 36.8149064, -1.2818758 ], [ 36.8148227, -1.2816101 ], [ 36.8151258, -1.2815036 ] ] } },
{ "type": "Feature", "properties": { "@osmId": "way/231934728", "@snapshotTimestamp": "2019-01-01T00:00:00Z" }, "geometry": { "type": "LineString", "coordinates": [ [ 36.819944, -1.2805174 ], [ 36.8217108, -1.2819091 ] ] } },
{ "type": "Feature", "properties": { "@osmId": "way/231934729", "@snapshotTimestamp": "2019-01-01T00:00:00Z" }, "geometry": { "type": "LineString", "coordinates": [ [ 36.8191893, -1.2800614 ], [ 36.8152344, -1.2817347 ] ] } },
{ "type": "Feature", "properties": { "@osmId": "way/4742005", "@snapshotTimestamp": "2019-01-01T00:00:00Z" }, "geometry": { "type": "LineString", "coordinates": [ [ 36.8151806, -1.2815462 ], [ 36.8182033, -1.280047 ] ] } },
{ "type": "Feature", "properties": { "@osmId": "way/296151766", "@snapshotTimestamp": "2019-01-01T00:00:00Z" }, "geometry": { "type": "LineString", "coordinates": [ [ 36.8209745, -1.2813504 ], [ 36.8191893, -1.2800614 ] ] } },
{ "type": "Feature", "properties": { "@osmId": "way/26539541", "@snapshotTimestamp": "2019-01-01T00:00:00Z" }, "geometry": { "type": "LineString", "coordinates": [ [ 36.8210155, -1.2812949 ], [ 36.8210396, -1.2795243 ] ] } },
{ "type": "Feature", "properties": { "@osmId": "way/4742006", "@snapshotTimestamp": "2019-01-01T00:00:00Z" }, "geometry": { "type": "LineString", "coordinates": [ [ 36.8182033, -1.280047 ], [ 36.8193859, -1.2799262 ] ] } },
{ "type": "Feature", "properties": { "@osmId": "way/640005921", "@snapshotTimestamp": "2019-01-01T00:00:00Z" }, "geometry": { "type": "LineString", "coordinates": [ [ 36.8829387, -1.2814203 ], [ 36.8826076, -1.2793409 ] ] } },
{ "type": "Feature", "properties": { "@osmId": "way/658223856", "@snapshotTimestamp": "2019-01-01T00:00:00Z" }, "geometry": { "type": "LineString", "coordinates": [ [ 36.882759, -1.2793191 ], [ 36.8830871, -1.2813982 ] ] } },
{ "type": "Feature", "properties": { "@osmId": "way/659308915", "@snapshotTimestamp": "2019-01-01T00:00:00Z" }, "geometry": { "type": "LineString", "coordinates": [ [ 36.8464594, -1.2800034 ], [ 36.8463154, -1.2800495 ], [ 36.8462806, -1.2799039 ], [ 36.8464298, -1.2798798 ], [ 36.8464594, -1.2800034 ] ] } },
{ "type": "Feature", "properties": { "@osmId": "way/40131530", "@snapshotTimestamp": "2019-01-01T00:00:00Z" }, "geometry": { "type": "LineString", "coordinates": [ [ 36.8502591, -1.2791869 ], [ 36.8464652, -1.2799822 ] ] } },
{ "type": "Feature", "properties": { "@osmId": "way/659308914", "@snapshotTimestamp": "2019-01-01T00:00:00Z" }, "geometry": { "type": "LineString", "coordinates": [ [ 36.8464527, -1.2799051 ], [ 36.850255, -1.2790873 ] ] } },
{ "type": "Feature", "properties": { "@osmId": "way/659308919", "@snapshotTimestamp": "2019-01-01T00:00:00Z" }, "geometry": { "type": "LineString", "coordinates": [ [ 36.8504503, -1.2791282 ], [ 36.8503454, -1.2792365 ], [ 36.8502464, -1.2791548 ], [ 36.8503361, -1.2790309 ], [ 36.8504503, -1.2791282 ] ] } },
{ "type": "Feature", "properties": { "@osmId": "way/659308926", "@snapshotTimestamp": "2019-01-01T00:00:00Z" }, "geometry": { "type": "LineString", "coordinates": [ [ 36.8517084, -1.2788951 ], [ 36.8504465, -1.2791614 ] ] } },
{ "type": "Feature", "properties": { "@osmId": "way/659308925", "@snapshotTimestamp": "2019-01-01T00:00:00Z" }, "geometry": { "type": "LineString", "coordinates": [ [ 36.850426, -1.2790668 ], [ 36.8516944, -1.2788285 ] ] } },
{ "type": "Feature", "properties": { "@osmId": "way/659308920", "@snapshotTimestamp": "2019-01-01T00:00:00Z" }, "geometry": { "type": "LineString", "coordinates": [ [ 36.8518996, -1.2788365 ], [ 36.8517948, -1.2789448 ], [ 36.8516957, -1.278863 ], [ 36.8517855, -1.2787392 ], [ 36.8518996, -1.2788365 ] ] } },
{ "type": "Feature", "properties": { "@osmId": "way/42399907", "@snapshotTimestamp": "2019-01-01T00:00:00Z" }, "geometry": { "type": "LineString", "coordinates": [ [ 36.8838654, -1.278339 ], [ 36.8830069, -1.2786626 ] ] } },
{ "type": "Feature", "properties": { "@osmId": "way/24716350", "@snapshotTimestamp": "2019-01-01T00:00:00Z" }, "geometry": { "type": "LineString", "coordinates": [ [ 36.8323036, -1.2811163 ], [ 36.8320089, -1.2807539 ], [ 36.8321377, -1.2804278 ], [ 36.8325363, -1.2805285 ], [ 36.8323036, -1.2811163 ] ] } },
{ "type": "Feature", "properties": { "@osmId": "way/231933312", "@snapshotTimestamp": "2019-01-01T00:00:00Z" }, "geometry": { "type": "LineString", "coordinates": [ [ 36.8221137, -1.2808736 ], [ 36.8215003, -1.2803298 ] ] } },
{ "type": "Feature", "properties": { "@osmId": "way/24716352", "@snapshotTimestamp": "2019-01-01T00:00:00Z" }, "geometry": { "type": "LineString", "coordinates": [ [ 36.8320089, -1.2807539 ], [ 36.8317772, -1.2804192 ] ] } },
{ "type": "Feature", "properties": { "@osmId": "way/239559119", "@snapshotTimestamp": "2019-01-01T00:00:00Z" }, "geometry": { "type": "LineString", "coordinates": [ [ 36.8215389, -1.2802906 ], [ 36.822158, -1.2808152 ] ] } },
{ "type": "Feature", "properties": { "@osmId": "way/24716359", "@snapshotTimestamp": "2019-01-01T00:00:00Z" }, "geometry": { "type": "LineString", "coordinates": [ [ 36.8317772, -1.2804192 ], [ 36.8321377, -1.2804278 ] ] } },
{ "type": "Feature", "properties": { "@osmId": "way/4821617", "@snapshotTimestamp": "2019-01-01T00:00:00Z" }, "geometry": { "type": "LineString", "coordinates": [ [ 36.8214154, -1.2795528 ], [ 36.822158, -1.2808152 ] ] } },
{ "type": "Feature", "properties": { "@osmId": "way/53787716", "@snapshotTimestamp": "2019-01-01T00:00:00Z" }, "geometry": { "type": "LineString", "coordinates": [ [ 36.8317772, -1.2804192 ], [ 36.8305128, -1.2786133 ] ] } },
{ "type": "Feature", "properties": { "@osmId": "way/231355849", "@snapshotTimestamp": "2019-01-01T00:00:00Z" }, "geometry": { "type": "LineString", "coordinates": [ [ 36.8353779, -1.2774052 ], [ 36.8325625, -1.280759 ] ] } },
{ "type": "Feature", "properties": { "@osmId": "way/332240217", "@snapshotTimestamp": "2019-01-01T00:00:00Z" }, "geometry": { "type": "LineString", "coordinates": [ [ 36.8220311, -1.2788712 ], [ 36.8219213, -1.2790765 ] ] } },
{ "type": "Feature", "properties": { "@osmId": "way/24716336", "@snapshotTimestamp": "2019-01-01T00:00:00Z" }, "geometry": { "type": "LineString", "coordinates": [ [ 36.8324638, -1.2804536 ], [ 36.8340696, -1.2774601 ] ] } },
{ "type": "Feature", "properties": { "@osmId": "way/24027540", "@snapshotTimestamp": "2019-01-01T00:00:00Z" }, "geometry": { "type": "LineString", "coordinates": [ [ 36.8219213, -1.2790765 ], [ 36.8205494, -1.2781897 ] ] } },
{ "type": "Feature", "properties": { "@osmId": "way/659308913", "@snapshotTimestamp": "2019-01-01T00:00:00Z" }, "geometry": { "type": "LineString", "coordinates": [ [ 36.8463154, -1.2800495 ], [ 36.8353779, -1.2774052 ] ] } },
{ "type": "Feature", "properties": { "@osmId": "way/231933311", "@snapshotTimestamp": "2019-01-01T00:00:00Z" }, "geometry": { "type": "LineString", "coordinates": [ [ 36.8221413, -1.2770598 ], [ 36.8215389, -1.2802906 ] ] } },
{ "type": "Feature", "properties": { "@osmId": "way/239559100", "@snapshotTimestamp": "2019-01-01T00:00:00Z" }, "geometry": { "type": "LineString", "coordinates": [ [ 36.8215003, -1.2803298 ], [ 36.8220993, -1.2770126 ] ] } },
{ "type": "Feature", "properties": { "@osmId": "way/569279472", "@snapshotTimestamp": "2019-01-01T00:00:00Z" }, "geometry": { "type": "LineString", "coordinates": [ [ 36.8354432, -1.277023 ], [ 36.846267, -1.2799344 ] ] } },
{ "type": "Feature", "properties": { "@osmId": "way/25849963", "@snapshotTimestamp": "2019-01-01T00:00:00Z" }, "geometry": { "type": "LineString", "coordinates": [ [ 36.8305049, -1.2783425 ], [ 36.8305128, -1.2786133 ] ] } },
{ "type": "Feature", "properties": { "@osmId": "way/51543080", "@snapshotTimestamp": "2019-01-01T00:00:00Z" }, "geometry": { "type": "LineString", "coordinates": [ [ 36.8305128, -1.2786133 ], [ 36.8303022, -1.278337 ] ] } },
{ "type": "Feature", "properties": { "@osmId": "way/332240216", "@snapshotTimestamp": "2019-01-01T00:00:00Z" }, "geometry": { "type": "LineString", "coordinates": [ [ 36.8207292, -1.2779401 ], [ 36.8220311, -1.2788712 ] ] } },
{ "type": "Feature", "properties": { "@osmId": "way/25849925", "@snapshotTimestamp": "2019-01-01T00:00:00Z" }, "geometry": { "type": "LineString", "coordinates": [ [ 36.8301851, -1.2781237 ], [ 36.8304512, -1.2779192 ], [ 36.8306334, -1.278147 ], [ 36.830368, -1.2783603 ], [ 36.8301851, -1.2781237 ] ] } },
{ "type": "Feature", "properties": { "@osmId": "way/24009055", "@snapshotTimestamp": "2019-01-01T00:00:00Z" }, "geometry": { "type": "LineString", "coordinates": [ [ 36.8213119, -1.2775058 ], [ 36.821736, -1.277782 ] ] } },
{ "type": "Feature", "properties": { "@osmId": "way/502218443", "@snapshotTimestamp": "2019-01-01T00:00:00Z" }, "geometry": { "type": "LineString", "coordinates": [ [ 36.8228111, -1.276539 ], [ 36.8220843, -1.2786862 ] ] } },
{ "type": "Feature", "properties": { "@osmId": "way/231933314", "@snapshotTimestamp": "2019-01-01T00:00:00Z" }, "geometry": { "type": "LineString", "coordinates": [ [ 36.8227385, -1.2766522 ], [ 36.8218226, -1.2780045 ] ] } },
{ "type": "Feature", "properties": { "@osmId": "way/261477718", "@snapshotTimestamp": "2019-01-01T00:00:00Z" }, "geometry": { "type": "LineString", "coordinates": [ [ 36.8285774, -1.2772225 ], [ 36.828524, -1.2773115 ] ] } },
{ "type": "Feature", "properties": { "@osmId": "way/24027475", "@snapshotTimestamp": "2019-01-01T00:00:00Z" }, "geometry": { "type": "LineString", "coordinates": [ [ 36.8207292, -1.2779401 ], [ 36.8226644, -1.276556 ] ] } },
{ "type": "Feature", "properties": { "@osmId": "way/4821514", "@snapshotTimestamp": "2019-01-01T00:00:00Z" }, "geometry": { "type": "LineString", "coordinates": [ [ 36.8351521, -1.277347 ], [ 36.8351667, -1.2770322 ], [ 36.8354592, -1.2770351 ], [ 36.8354881, -1.2773258 ], [ 36.8351521, -1.277347 ] ] } },
{ "type": "Feature", "properties": { "@osmId": "way/231932074", "@snapshotTimestamp": "2019-01-01T00:00:00Z" }, "geometry": { "type": "LineString", "coordinates": [ [ 36.8340696, -1.2774601 ], [ 36.8345711, -1.2768279 ] ] } },
{ "type": "Feature", "properties": { "@osmId": "way/24027519", "@snapshotTimestamp": "2019-01-01T00:00:00Z" }, "geometry": { "type": "LineString", "coordinates": [ [ 36.830188, -1.2781791 ], [ 36.8231848, -1.2757063 ] ] } },
{ "type": "Feature", "properties": { "@osmId": "way/231932238", "@snapshotTimestamp": "2019-01-01T00:00:00Z" }, "geometry": { "type": "LineString", "coordinates": [ [ 36.8345711, -1.2768279 ], [ 36.8352415, -1.2769923 ] ] } },
{ "type": "Feature", "properties": { "@osmId": "way/24027521", "@snapshotTimestamp": "2019-01-01T00:00:00Z" }, "geometry": { "type": "LineString", "coordinates": [ [ 36.8235018, -1.2752545 ], [ 36.8302548, -1.2779765 ] ] } },
{ "type": "Feature", "properties": { "@osmId": "way/26583522", "@snapshotTimestamp": "2019-01-01T00:00:00Z" }, "geometry": { "type": "LineString", "coordinates": [ [ 36.8220993, -1.2770126 ], [ 36.8232647, -1.2753103 ] ] } },
{ "type": "Feature", "properties": { "@osmId": "way/180750377", "@snapshotTimestamp": "2019-01-01T00:00:00Z" }, "geometry": { "type": "LineString", "coordinates": [ [ 36.8148227, -1.2816101 ], [ 36.812684, -1.275295 ] ] } },
{ "type": "Feature", "properties": { "@osmId": "way/4742013", "@snapshotTimestamp": "2019-01-01T00:00:00Z" }, "geometry": { "type": "LineString", "coordinates": [ [ 36.8128831, -1.2753737 ], [ 36.8150602, -1.2814805 ] ] } },
{ "type": "Feature", "properties": { "@osmId": "way/332240219", "@snapshotTimestamp": "2019-01-01T00:00:00Z" }, "geometry": { "type": "LineString", "coordinates": [ [ 36.8205494, -1.2781897 ], [ 36.8207292, -1.2779401 ] ] } },
{ "type": "Feature", "properties": { "@osmId": "way/40006040", "@snapshotTimestamp": "2019-01-01T00:00:00Z" }, "geometry": { "type": "LineString", "coordinates": [ [ 36.8155571, -1.2727133 ], [ 36.8213119, -1.2775058 ] ] } },
{ "type": "Feature", "properties": { "@osmId": "way/553306827", "@snapshotTimestamp": "2019-01-01T00:00:00Z" }, "geometry": { "type": "LineString", "coordinates": [ [ 36.8208825, -1.2778203 ], [ 36.8142148, -1.2716537 ] ] } },
{ "type": "Feature", "properties": { "@osmId": "way/402310565", "@snapshotTimestamp": "2019-01-01T00:00:00Z" }, "geometry": { "type": "LineString", "coordinates": [ [ 36.8138495, -1.2732401 ], [ 36.8125742, -1.2743193 ] ] } },
{ "type": "Feature", "properties": { "@osmId": "way/230315386", "@snapshotTimestamp": "2019-01-01T00:00:00Z" }, "geometry": { "type": "LineString", "coordinates": [ [ 36.8125009, -1.2742654 ], [ 36.8140982, -1.2729576 ] ] } },
{ "type": "Feature", "properties": { "@osmId": "way/230315380", "@snapshotTimestamp": "2019-01-01T00:00:00Z" }, "geometry": { "type": "LineString", "coordinates": [ [ 36.8141645, -1.2729912 ], [ 36.8138495, -1.2732401 ] ] } },
{ "type": "Feature", "properties": { "@osmId": "way/161929864", "@snapshotTimestamp": "2019-01-01T00:00:00Z" }, "geometry": { "type": "LineString", "coordinates": [ [ 36.8163899, -1.2728169 ], [ 36.8162254, -1.2731472 ] ] } },
{ "type": "Feature", "properties": { "@osmId": "way/553306826", "@snapshotTimestamp": "2019-01-01T00:00:00Z" }, "geometry": { "type": "LineString", "coordinates": [ [ 36.8163899, -1.2728169 ], [ 36.8160208, -1.273067 ] ] } },
{ "type": "Feature", "properties": { "@osmId": "way/261477676", "@snapshotTimestamp": "2019-01-01T00:00:00Z" }, "geometry": { "type": "LineString", "coordinates": [ [ 36.8245879, -1.2759018 ], [ 36.8246319, -1.2758216 ] ] } },
{ "type": "Feature", "properties": { "@osmId": "way/24027539", "@snapshotTimestamp": "2019-01-01T00:00:00Z" }, "geometry": { "type": "LineString", "coordinates": [ [ 36.8251977, -1.2740063 ], [ 36.8221413, -1.2770598 ] ] } },
{ "type": "Feature", "properties": { "@osmId": "way/239559101", "@snapshotTimestamp": "2019-01-01T00:00:00Z" }, "geometry": { "type": "LineString", "coordinates": [ [ 36.8340696, -1.2774601 ], [ 36.8365102, -1.2709609 ] ] } },
{ "type": "Feature", "properties": { "@osmId": "way/231355848", "@snapshotTimestamp": "2019-01-01T00:00:00Z" }, "geometry": { "type": "LineString", "coordinates": [ [ 36.8366405, -1.2709678 ], [ 36.8345711, -1.2768279 ] ] } },
{ "type": "Feature", "properties": { "@osmId": "way/24027546", "@snapshotTimestamp": "2019-01-01T00:00:00Z" }, "geometry": { "type": "LineString", "coordinates": [ [ 36.8233378, -1.2740397 ], [ 36.823413, -1.2736548 ] ] } },
{ "type": "Feature", "properties": { "@osmId": "way/162142250", "@snapshotTimestamp": "2019-01-01T00:00:00Z" }, "geometry": { "type": "LineString", "coordinates": [ [ 36.8232647, -1.2753103 ], [ 36.8321344, -1.2692143 ] ] } },
{ "type": "Feature", "properties": { "@osmId": "way/231933574", "@snapshotTimestamp": "2019-01-01T00:00:00Z" }, "geometry": { "type": "LineString", "coordinates": [ [ 36.8232647, -1.2753103 ], [ 36.8218851, -1.2676289 ] ] } },
{ "type": "Feature", "properties": { "@osmId": "way/239559098", "@snapshotTimestamp": "2019-01-01T00:00:00Z" }, "geometry": { "type": "LineString", "coordinates": [ [ 36.8327865, -1.2689102 ], [ 36.8251977, -1.2740063 ] ] } },
{ "type": "Feature", "properties": { "@osmId": "way/24027382", "@snapshotTimestamp": "2019-01-01T00:00:00Z" }, "geometry": { "type": "LineString", "coordinates": [ [ 36.8218851, -1.2676289 ], [ 36.8245813, -1.2742548 ] ] } },
{ "type": "Feature", "properties": { "@osmId": "way/302568882", "@snapshotTimestamp": "2019-01-01T00:00:00Z" }, "geometry": { "type": "LineString", "coordinates": [ [ 36.8367073, -1.2702236 ], [ 36.8366405, -1.2709678 ] ] } },
{ "type": "Feature", "properties": { "@osmId": "way/640005920", "@snapshotTimestamp": "2019-01-01T00:00:00Z" }, "geometry": { "type": "LineString", "coordinates": [ [ 36.8828668, -1.2781901 ], [ 36.882955, -1.278758 ], [ 36.8822837, -1.2787747 ], [ 36.8822452, -1.2781655 ], [ 36.8828668, -1.2781901 ] ] } },
{ "type": "Feature", "properties": { "@osmId": "way/640082453", "@snapshotTimestamp": "2019-01-01T00:00:00Z" }, "geometry": { "type": "LineString", "coordinates": [ [ 36.8828668, -1.2781901 ], [ 36.8838654, -1.278339 ] ] } },
{ "type": "Feature", "properties": { "@osmId": "way/312485790", "@snapshotTimestamp": "2019-01-01T00:00:00Z" }, "geometry": { "type": "LineString", "coordinates": [ [ 36.8818544, -1.2738709 ], [ 36.882759, -1.2793191 ] ] } },
{ "type": "Feature", "properties": { "@osmId": "way/658223859", "@snapshotTimestamp": "2019-01-01T00:00:00Z" }, "geometry": { "type": "LineString", "coordinates": [ [ 36.8826076, -1.2793409 ], [ 36.8809106, -1.2707228 ] ] } },
{ "type": "Feature", "properties": { "@osmId": "way/658223870", "@snapshotTimestamp": "2019-01-01T00:00:00Z" }, "geometry": { "type": "LineString", "coordinates": [ [ 36.8810581, -1.2706749 ], [ 36.8818544, -1.2738709 ] ] } },
{ "type": "Feature", "properties": { "@osmId": "way/658223867", "@snapshotTimestamp": "2019-01-01T00:00:00Z" }, "geometry": { "type": "LineString", "coordinates": [ [ 36.8809106, -1.2707228 ], [ 36.8802594, -1.2682262 ] ] } },
{ "type": "Feature", "properties": { "@osmId": "way/640005923", "@snapshotTimestamp": "2019-01-01T00:00:00Z" }, "geometry": { "type": "LineString", "coordinates": [ [ 36.8804233, -1.2681869 ], [ 36.8810581, -1.2706749 ] ] } },
{ "type": "Feature", "properties": { "@osmId": "way/326666377", "@snapshotTimestamp": "2019-01-01T00:00:00Z" }, "geometry": { "type": "LineString", "coordinates": [ [ 36.8387895, -1.2697541 ], [ 36.8587517, -1.2658095 ] ] } },
{ "type": "Feature", "properties": { "@osmId": "way/640005922", "@snapshotTimestamp": "2019-01-01T00:00:00Z" }, "geometry": { "type": "LineString", "coordinates": [ [ 36.8802594, -1.2682262 ], [ 36.8794349, -1.2647662 ] ] } },
{ "type": "Feature", "properties": { "@osmId": "way/112470684", "@snapshotTimestamp": "2019-01-01T00:00:00Z" }, "geometry": { "type": "LineString", "coordinates": [ [ 36.8795529, -1.2646021 ], [ 36.8804233, -1.2681869 ] ] } },
{ "type": "Feature", "properties": { "@osmId": "way/326666383", "@snapshotTimestamp": "2019-01-01T00:00:00Z" }, "geometry": { "type": "LineString", "coordinates": [ [ 36.8371306, -1.2702166 ], [ 36.8355416, -1.2702466 ] ] } },
{ "type": "Feature", "properties": { "@osmId": "way/231510701", "@snapshotTimestamp": "2019-01-01T00:00:00Z" }, "geometry": { "type": "LineString", "coordinates": [ [ 36.8365102, -1.2709609 ], [ 36.8363448, -1.2695245 ] ] } },
{ "type": "Feature", "properties": { "@osmId": "way/326666382", "@snapshotTimestamp": "2019-01-01T00:00:00Z" }, "geometry": { "type": "LineString", "coordinates": [ [ 36.8355416, -1.2702466 ], [ 36.8370822, -1.2701531 ] ] } },
{ "type": "Feature", "properties": { "@osmId": "way/326666384", "@snapshotTimestamp": "2019-01-01T00:00:00Z" }, "geometry": { "type": "LineString", "coordinates": [ [ 36.8354122, -1.270212 ], [ 36.8355416, -1.2702466 ] ] } },
{ "type": "Feature", "properties": { "@osmId": "way/326666376", "@snapshotTimestamp": "2019-01-01T00:00:00Z" }, "geometry": { "type": "LineString", "coordinates": [ [ 36.8386972, -1.2698464 ], [ 36.8372027, -1.2701993 ] ] } },
{ "type": "Feature", "properties": { "@osmId": "way/326666378", "@snapshotTimestamp": "2019-01-01T00:00:00Z" }, "geometry": { "type": "LineString", "coordinates": [ [ 36.8370822, -1.2701531 ], [ 36.8386626, -1.2697419 ] ] } },
{ "type": "Feature", "properties": { "@osmId": "way/326666381", "@snapshotTimestamp": "2019-01-01T00:00:00Z" }, "geometry": { "type": "LineString", "coordinates": [ [ 36.8354122, -1.270212 ], [ 36.8331286, -1.2695407 ] ] } },
{ "type": "Feature", "properties": { "@osmId": "way/326666380", "@snapshotTimestamp": "2019-01-01T00:00:00Z" }, "geometry": { "type": "LineString", "coordinates": [ [ 36.8386972, -1.2698464 ], [ 36.8387895, -1.2697541 ] ] } },
{ "type": "Feature", "properties": { "@osmId": "way/326666379", "@snapshotTimestamp": "2019-01-01T00:00:00Z" }, "geometry": { "type": "LineString", "coordinates": [ [ 36.8386626, -1.2697419 ], [ 36.8387895, -1.2697541 ] ] } },
{ "type": "Feature", "properties": { "@osmId": "way/569273992", "@snapshotTimestamp": "2019-01-01T00:00:00Z" }, "geometry": { "type": "LineString", "coordinates": [ [ 36.8331286, -1.2695407 ], [ 36.8327794, -1.2696246 ] ] } },
{ "type": "Feature", "properties": { "@osmId": "way/553306830", "@snapshotTimestamp": "2019-01-01T00:00:00Z" }, "geometry": { "type": "LineString", "coordinates": [ [ 36.8161013, -1.2727906 ], [ 36.8161791, -1.2729617 ] ] } },
{ "type": "Feature", "properties": { "@osmId": "way/577999110", "@snapshotTimestamp": "2019-01-01T00:00:00Z" }, "geometry": { "type": "LineString", "coordinates": [ [ 36.8155645, -1.272785 ], [ 36.8142367, -1.2729857 ] ] } },
{ "type": "Feature", "properties": { "@osmId": "way/577999109", "@snapshotTimestamp": "2019-01-01T00:00:00Z" }, "geometry": { "type": "LineString", "coordinates": [ [ 36.8141094, -1.2715318 ], [ 36.8155571, -1.2727133 ] ] } },
{ "type": "Feature", "properties": { "@osmId": "way/230315373", "@snapshotTimestamp": "2019-01-01T00:00:00Z" }, "geometry": { "type": "LineString", "coordinates": [ [ 36.8152195, -1.2704173 ], [ 36.8141645, -1.2729912 ] ] } },
{ "type": "Feature", "properties": { "@osmId": "way/230315383", "@snapshotTimestamp": "2019-01-01T00:00:00Z" }, "geometry": { "type": "LineString", "coordinates": [ [ 36.8140982, -1.2729576 ], [ 36.815189, -1.2703691 ] ] } },
{ "type": "Feature", "properties": { "@osmId": "way/231355409", "@snapshotTimestamp": "2019-01-01T00:00:00Z" }, "geometry": { "type": "LineString", "coordinates": [ [ 36.8141094, -1.2715318 ], [ 36.814571, -1.2714142 ] ] } },
{ "type": "Feature", "properties": { "@osmId": "way/4751843", "@snapshotTimestamp": "2019-01-01T00:00:00Z" }, "geometry": { "type": "LineString", "coordinates": [ [ 36.812684, -1.275295 ], [ 36.8020983, -1.2649776 ] ] } },
{ "type": "Feature", "properties": { "@osmId": "way/4742016", "@snapshotTimestamp": "2019-01-01T00:00:00Z" }, "geometry": { "type": "LineString", "coordinates": [ [ 36.8022875, -1.2648187 ], [ 36.8128831, -1.2753737 ] ] } },
{ "type": "Feature", "properties": { "@osmId": "way/239432196", "@snapshotTimestamp": "2019-01-01T00:00:00Z" }, "geometry": { "type": "LineString", "coordinates": [ [ 36.8164666, -1.2694455 ], [ 36.8152195, -1.2704173 ] ] } },
{ "type": "Feature", "properties": { "@osmId": "way/239430630", "@snapshotTimestamp": "2019-01-01T00:00:00Z" }, "geometry": { "type": "LineString", "coordinates": [ [ 36.815189, -1.2703691 ], [ 36.8164312, -1.2693475 ] ] } },
{ "type": "Feature", "properties": { "@osmId": "way/555081906", "@snapshotTimestamp": "2019-01-01T00:00:00Z" }, "geometry": { "type": "LineString", "coordinates": [ [ 36.8327794, -1.2696246 ], [ 36.832376, -1.2692688 ] ] } },
{ "type": "Feature", "properties": { "@osmId": "way/555081132", "@snapshotTimestamp": "2019-01-01T00:00:00Z" }, "geometry": { "type": "LineString", "coordinates": [ [ 36.8327865, -1.2689102 ], [ 36.8331286, -1.2695407 ] ] } },
{ "type": "Feature", "properties": { "@osmId": "way/258647624", "@snapshotTimestamp": "2019-01-01T00:00:00Z" }, "geometry": { "type": "LineString", "coordinates": [ [ 36.8321344, -1.2692143 ], [ 36.8324524, -1.268996 ] ] } },
{ "type": "Feature", "properties": { "@osmId": "way/231932781", "@snapshotTimestamp": "2019-01-01T00:00:00Z" }, "geometry": { "type": "LineString", "coordinates": [ [ 36.8244359, -1.2688676 ], [ 36.8187208, -1.2692259 ] ] } },
{ "type": "Feature", "properties": { "@osmId": "way/231355408", "@snapshotTimestamp": "2019-01-01T00:00:00Z" }, "geometry": { "type": "LineString", "coordinates": [ [ 36.8218348, -1.2686862 ], [ 36.8244486, -1.2687877 ] ] } },
{ "type": "Feature", "properties": { "@osmId": "way/24027330", "@snapshotTimestamp": "2019-01-01T00:00:00Z" }, "geometry": { "type": "LineString", "coordinates": [ [ 36.8347021, -1.2669275 ], [ 36.8367073, -1.2702236 ] ] } },
{ "type": "Feature", "properties": { "@osmId": "way/247463075", "@snapshotTimestamp": "2019-01-01T00:00:00Z" }, "geometry": { "type": "LineString", "coordinates": [ [ 36.8310739, -1.2674556 ], [ 36.8244359, -1.2688676 ] ] } },
{ "type": "Feature", "properties": { "@osmId": "way/239559097", "@snapshotTimestamp": "2019-01-01T00:00:00Z" }, "geometry": { "type": "LineString", "coordinates": [ [ 36.8324524, -1.268996 ], [ 36.8340903, -1.2671553 ] ] } },
{ "type": "Feature", "properties": { "@osmId": "way/231202759", "@snapshotTimestamp": "2019-01-01T00:00:00Z" }, "geometry": { "type": "LineString", "coordinates": [ [ 36.8341648, -1.2672081 ], [ 36.8327865, -1.2689102 ] ] } },
{ "type": "Feature", "properties": { "@osmId": "way/345017134", "@snapshotTimestamp": "2019-01-01T00:00:00Z" }, "geometry": { "type": "LineString", "coordinates": [ [ 36.8357579, -1.2687205 ], [ 36.8346676, -1.2672678 ] ] } },
{ "type": "Feature", "properties": { "@osmId": "way/231932785", "@snapshotTimestamp": "2019-01-01T00:00:00Z" }, "geometry": { "type": "LineString", "coordinates": [ [ 36.8187208, -1.2692259 ], [ 36.8164666, -1.2694455 ] ] } },
{ "type": "Feature", "properties": { "@osmId": "way/25868144", "@snapshotTimestamp": "2019-01-01T00:00:00Z" }, "geometry": { "type": "LineString", "coordinates": [ [ 36.8056198, -1.2689413 ], [ 36.8058369, -1.2686655 ] ] } },
{ "type": "Feature", "properties": { "@osmId": "way/4761141", "@snapshotTimestamp": "2019-01-01T00:00:00Z" }, "geometry": { "type": "LineString", "coordinates": [ [ 36.8136684, -1.2731567 ], [ 36.8057423, -1.2639801 ] ] } },
{ "type": "Feature", "properties": { "@osmId": "way/239432197", "@snapshotTimestamp": "2019-01-01T00:00:00Z" }, "geometry": { "type": "LineString", "coordinates": [ [ 36.8164312, -1.2693475 ], [ 36.8177597, -1.2675449 ] ] } },
{ "type": "Feature", "properties": { "@osmId": "way/231932784", "@snapshotTimestamp": "2019-01-01T00:00:00Z" }, "geometry": { "type": "LineString", "coordinates": [ [ 36.8189675, -1.2677939 ], [ 36.8218348, -1.2686862 ] ] } },
{ "type": "Feature", "properties": { "@osmId": "way/25868142", "@snapshotTimestamp": "2019-01-01T00:00:00Z" }, "geometry": { "type": "LineString", "coordinates": [ [ 36.8051189, -1.2678036 ], [ 36.8045631, -1.2677558 ] ] } },
{ "type": "Feature", "properties": { "@osmId": "way/231852886", "@snapshotTimestamp": "2019-01-01T00:00:00Z" }, "geometry": { "type": "LineString", "coordinates": [ [ 36.8181419, -1.2674384 ], [ 36.8189675, -1.2677939 ] ] } },
{ "type": "Feature", "properties": { "@osmId": "way/357786418", "@snapshotTimestamp": "2019-01-01T00:00:00Z" }, "geometry": { "type": "LineString", "coordinates": [ [ 36.8177597, -1.2675449 ], [ 36.8181419, -1.2674384 ] ] } },
{ "type": "Feature", "properties": { "@osmId": "way/4761138", "@snapshotTimestamp": "2019-01-01T00:00:00Z" }, "geometry": { "type": "LineString", "coordinates": [ [ 36.8118749, -1.2651058 ], [ 36.8181419, -1.2674384 ] ] } },
{ "type": "Feature", "properties": { "@osmId": "way/24009169", "@snapshotTimestamp": "2019-01-01T00:00:00Z" }, "geometry": { "type": "LineString", "coordinates": [ [ 36.81224, -1.2651023 ], [ 36.811926, -1.2649198 ] ] } },
{ "type": "Feature", "properties": { "@osmId": "way/162140494", "@snapshotTimestamp": "2019-01-01T00:00:00Z" }, "geometry": { "type": "LineString", "coordinates": [ [ 36.8340903, -1.2671553 ], [ 36.8327865, -1.2689102 ] ] } },
{ "type": "Feature", "properties": { "@osmId": "way/566876107", "@snapshotTimestamp": "2019-01-01T00:00:00Z" }, "geometry": { "type": "LineString", "coordinates": [ [ 36.8250171, -1.2686112 ], [ 36.8317762, -1.2671697 ] ] } },
{ "type": "Feature", "properties": { "@osmId": "way/231932782", "@snapshotTimestamp": "2019-01-01T00:00:00Z" }, "geometry": { "type": "LineString", "coordinates": [ [ 36.8244486, -1.2687877 ], [ 36.833002, -1.2668864 ] ] } },
{ "type": "Feature", "properties": { "@osmId": "way/231202763", "@snapshotTimestamp": "2019-01-01T00:00:00Z" }, "geometry": { "type": "LineString", "coordinates": [ [ 36.8417228, -1.2612487 ], [ 36.8350003, -1.2662032 ] ] } },
{ "type": "Feature", "properties": { "@osmId": "way/352921938", "@snapshotTimestamp": "2019-01-01T00:00:00Z" }, "geometry": { "type": "LineString", "coordinates": [ [ 36.8351183, -1.2658224 ], [ 36.8416929, -1.2610712 ] ] } },
{ "type": "Feature", "properties": { "@osmId": "way/231510710", "@snapshotTimestamp": "2019-01-01T00:00:00Z" }, "geometry": { "type": "LineString", "coordinates": [ [ 36.8404914, -1.2624794 ], [ 36.840582, -1.2625621 ], [ 36.8404923, -1.262675 ], [ 36.8403873, -1.2625817 ], [ 36.8404914, -1.2624794 ] ] } },
{ "type": "Feature", "properties": { "@osmId": "way/231510708", "@snapshotTimestamp": "2019-01-01T00:00:00Z" }, "geometry": { "type": "LineString", "coordinates": [ [ 36.8404039, -1.2625225 ], [ 36.8401145, -1.2621323 ] ] } },
{ "type": "Feature", "properties": { "@osmId": "way/231510707", "@snapshotTimestamp": "2019-01-01T00:00:00Z" }, "geometry": { "type": "LineString", "coordinates": [ [ 36.8401708, -1.2620782 ], [ 36.8404586, -1.2624829 ] ] } },
{ "type": "Feature", "properties": { "@osmId": "way/658275745", "@snapshotTimestamp": "2019-01-01T00:00:00Z" }, "geometry": { "type": "LineString", "coordinates": [ [ 36.840183, -1.2620619 ], [ 36.8399461, -1.2621365 ], [ 36.8398747, -1.2619031 ], [ 36.8401331, -1.2618456 ], [ 36.840183, -1.2620619 ] ] } },
{ "type": "Feature", "properties": { "@osmId": "way/231510705", "@snapshotTimestamp": "2019-01-01T00:00:00Z" }, "geometry": { "type": "LineString", "coordinates": [ [ 36.8398568, -1.261991 ], [ 36.839199, -1.2615157 ] ] } },
{ "type": "Feature", "properties": { "@osmId": "way/25036530", "@snapshotTimestamp": "2019-01-01T00:00:00Z" }, "geometry": { "type": "LineString", "coordinates": [ [ 36.8587517, -1.2658095 ], [ 36.8593697, -1.265166 ] ] } },
{ "type": "Feature", "properties": { "@osmId": "way/25036516", "@snapshotTimestamp": "2019-01-01T00:00:00Z" }, "geometry": { "type": "LineString", "coordinates": [ [ 36.8593697, -1.265166 ], [ 36.8587517, -1.2658095 ] ] } },
{ "type": "Feature", "properties": { "@osmId": "way/640088044", "@snapshotTimestamp": "2019-01-01T00:00:00Z" }, "geometry": { "type": "LineString", "coordinates": [ [ 36.8794349, -1.2647662 ], [ 36.8793516, -1.264415 ] ] } },
{ "type": "Feature", "properties": { "@osmId": "way/112470619", "@snapshotTimestamp": "2019-01-01T00:00:00Z" }, "geometry": { "type": "LineString", "coordinates": [ [ 36.8794436, -1.2641706 ], [ 36.8795529, -1.2646021 ] ] } },
{ "type": "Feature", "properties": { "@osmId": "way/25036471", "@snapshotTimestamp": "2019-01-01T00:00:00Z" }, "geometry": { "type": "LineString", "coordinates": [ [ 36.8593697, -1.265166 ], [ 36.8783905, -1.2625316 ] ] } },
{ "type": "Feature", "properties": { "@osmId": "way/39885603", "@snapshotTimestamp": "2019-01-01T00:00:00Z" }, "geometry": { "type": "LineString", "coordinates": [ [ 36.8792738, -1.2625876 ], [ 36.8789103, -1.2627269 ] ] } },
{ "type": "Feature", "properties": { "@osmId": "way/640082450", "@snapshotTimestamp": "2019-01-01T00:00:00Z" }, "geometry": { "type": "LineString", "coordinates": [ [ 36.8788066, -1.2626772 ], [ 36.8783905, -1.2625316 ] ] } },
{ "type": "Feature", "properties": { "@osmId": "way/658318940", "@snapshotTimestamp": "2019-01-01T00:00:00Z" }, "geometry": { "type": "LineString", "coordinates": [ [ 36.8783905, -1.2625316 ], [ 36.8787132, -1.262275 ] ] } },
{ "type": "Feature", "properties": { "@osmId": "way/640082449", "@snapshotTimestamp": "2019-01-01T00:00:00Z" }, "geometry": { "type": "LineString", "coordinates": [ [ 36.8796942, -1.2623189 ], [ 36.8793442, -1.262472 ] ] } },
{ "type": "Feature", "properties": { "@osmId": "way/639986097", "@snapshotTimestamp": "2019-01-01T00:00:00Z" }, "geometry": { "type": "LineString", "coordinates": [ [ 36.8789103, -1.2627269 ], [ 36.8788528, -1.262041 ] ] } },
{ "type": "Feature", "properties": { "@osmId": "way/4761133", "@snapshotTimestamp": "2019-01-01T00:00:00Z" }, "geometry": { "type": "LineString", "coordinates": [ [ 36.811926, -1.2649198 ], [ 36.8118211, -1.2651411 ], [ 36.811567, -1.2650119 ], [ 36.8116889, -1.264795 ], [ 36.811926, -1.2649198 ] ] } },
{ "type": "Feature", "properties": { "@osmId": "way/24009167", "@snapshotTimestamp": "2019-01-01T00:00:00Z" }, "geometry": { "type": "LineString", "coordinates": [ [ 36.8113302, -1.2648707 ], [ 36.8116323, -1.2648257 ] ] } },
{ "type": "Feature", "properties": { "@osmId": "way/4751845", "@snapshotTimestamp": "2019-01-01T00:00:00Z" }, "geometry": { "type": "LineString", "coordinates": [ [ 36.8020983, -1.2649776 ], [ 36.8016435, -1.2644343 ] ] } },
{ "type": "Feature", "properties": { "@osmId": "way/344477771", "@snapshotTimestamp": "2019-01-01T00:00:00Z" }, "geometry": { "type": "LineString", "coordinates": [ [ 36.801865, -1.2642328 ], [ 36.8022875, -1.2648187 ] ] } },
{ "type": "Feature", "properties": { "@osmId": "way/563437576", "@snapshotTimestamp": "2019-01-01T00:00:00Z" }, "geometry": { "type": "LineString", "coordinates": [ [ 36.8064755, -1.2633337 ], [ 36.8115919, -1.2650712 ] ] } },
{ "type": "Feature", "properties": { "@osmId": "way/4752673", "@snapshotTimestamp": "2019-01-01T00:00:00Z" }, "geometry": { "type": "LineString", "coordinates": [ [ 36.8045067, -1.2625967 ], [ 36.8064755, -1.2633337 ] ] } },
{ "type": "Feature", "properties": { "@osmId": "way/4752669", "@snapshotTimestamp": "2019-01-01T00:00:00Z" }, "geometry": { "type": "LineString", "coordinates": [ [ 36.8045067, -1.2625967 ], [ 36.8033074, -1.2621977 ] ] } },
{ "type": "Feature", "properties": { "@osmId": "way/4752667", "@snapshotTimestamp": "2019-01-01T00:00:00Z" }, "geometry": { "type": "LineString", "coordinates": [ [ 36.8034919, -1.2616643 ], [ 36.8045067, -1.2625967 ] ] } },
{ "type": "Feature", "properties": { "@osmId": "way/4752665", "@snapshotTimestamp": "2019-01-01T00:00:00Z" }, "geometry": { "type": "LineString", "coordinates": [ [ 36.8032295, -1.2617855 ], [ 36.8034381, -1.2614459 ], [ 36.8033074, -1.2621977 ], [ 36.8031628, -1.2621185 ], [ 36.8032295, -1.2617855 ] ] } },
{ "type": "Feature", "properties": { "@osmId": "way/532650196", "@snapshotTimestamp": "2019-01-01T00:00:00Z" }, "geometry": { "type": "LineString", "coordinates": [ [ 36.8018054, -1.2591549 ], [ 36.8031444, -1.2613275 ] ] } },
{ "type": "Feature", "properties": { "@osmId": "way/639986098", "@snapshotTimestamp": "2019-01-01T00:00:00Z" }, "geometry": { "type": "LineString", "coordinates": [ [ 36.8791994, -1.261935 ], [ 36.8792738, -1.2625876 ] ] } },
{ "type": "Feature", "properties": { "@osmId": "way/658409693", "@snapshotTimestamp": "2019-01-01T00:00:00Z" }, "geometry": { "type": "LineString", "coordinates": [ [ 36.8796942, -1.2623189 ], [ 36.8794022, -1.2621708 ] ] } },
{ "type": "Feature", "properties": { "@osmId": "way/112470688", "@snapshotTimestamp": "2019-01-01T00:00:00Z" }, "geometry": { "type": "LineString", "coordinates": [ [ 36.8824116, -1.2620514 ], [ 36.8796942, -1.2623189 ] ] } },
{ "type": "Feature", "properties": { "@osmId": "way/112470639", "@snapshotTimestamp": "2019-01-01T00:00:00Z" }, "geometry": { "type": "LineString", "coordinates": [ [ 36.8826555, -1.2620184 ], [ 36.8824116, -1.2620514 ] ] } },
{ "type": "Feature", "properties": { "@osmId": "way/639986096", "@snapshotTimestamp": "2019-01-01T00:00:00Z" }, "geometry": { "type": "LineString", "coordinates": [ [ 36.8788528, -1.262041 ], [ 36.8791994, -1.261935 ] ] } },
{ "type": "Feature", "properties": { "@osmId": "way/512997816", "@snapshotTimestamp": "2019-01-01T00:00:00Z" }, "geometry": { "type": "LineString", "coordinates": [ [ 36.8509507, -1.2581676 ], [ 36.8417228, -1.2612487 ] ] } },
{ "type": "Feature", "properties": { "@osmId": "way/231502886", "@snapshotTimestamp": "2019-01-01T00:00:00Z" }, "geometry": { "type": "LineString", "coordinates": [ [ 36.8416929, -1.2610712 ], [ 36.8509432, -1.2580266 ] ] } },
{ "type": "Feature", "properties": { "@osmId": "way/512997817", "@snapshotTimestamp": "2019-01-01T00:00:00Z" }, "geometry": { "type": "LineString", "coordinates": [ [ 36.8510928, -1.2581628 ], [ 36.8509507, -1.2581676 ] ] } },
{ "type": "Feature", "properties": { "@osmId": "way/512997819", "@snapshotTimestamp": "2019-01-01T00:00:00Z" }, "geometry": { "type": "LineString", "coordinates": [ [ 36.8509432, -1.2580266 ], [ 36.8510889, -1.2580196 ] ] } },
{ "type": "Feature", "properties": { "@osmId": "way/640088042", "@snapshotTimestamp": "2019-01-01T00:00:00Z" }, "geometry": { "type": "LineString", "coordinates": [ [ 36.8793516, -1.264415 ], [ 36.878595, -1.2511159 ] ] } },
{ "type": "Feature", "properties": { "@osmId": "way/658409694", "@snapshotTimestamp": "2019-01-01T00:00:00Z" }, "geometry": { "type": "LineString", "coordinates": [ [ 36.8787513, -1.2510944 ], [ 36.8794436, -1.2641706 ] ] } },
{ "type": "Feature", "properties": { "@osmId": "way/26539794", "@snapshotTimestamp": "2019-01-01T00:00:00Z" }, "geometry": { "type": "LineString", "coordinates": [ [ 36.8643432, -1.2588731 ], [ 36.8735818, -1.2559532 ] ] } },
{ "type": "Feature", "properties": { "@osmId": "way/654691740", "@snapshotTimestamp": "2019-01-01T00:00:00Z" }, "geometry": { "type": "LineString", "coordinates": [ [ 36.873544, -1.2559742 ], [ 36.8742802, -1.25767 ] ] } },
{ "type": "Feature", "properties": { "@osmId": "way/654691733", "@snapshotTimestamp": "2019-01-01T00:00:00Z" }, "geometry": { "type": "LineString", "coordinates": [ [ 36.873544, -1.2559742 ], [ 36.8689866, -1.2575947 ] ] } },
{ "type": "Feature", "properties": { "@osmId": "way/231502883", "@snapshotTimestamp": "2019-01-01T00:00:00Z" }, "geometry": { "type": "LineString", "coordinates": [ [ 36.857506, -1.2546666 ], [ 36.8510928, -1.2581628 ] ] } },
{ "type": "Feature", "properties": { "@osmId": "way/512997818", "@snapshotTimestamp": "2019-01-01T00:00:00Z" }, "geometry": { "type": "LineString", "coordinates": [ [ 36.8510889, -1.2580196 ], [ 36.8574341, -1.2545593 ] ] } },
{ "type": "Feature", "properties": { "@osmId": "way/654691738", "@snapshotTimestamp": "2019-01-01T00:00:00Z" }, "geometry": { "type": "LineString", "coordinates": [ [ 36.873544, -1.2559742 ], [ 36.8725188, -1.2537084 ] ] } },
{ "type": "Feature", "properties": { "@osmId": "way/231502879", "@snapshotTimestamp": "2019-01-01T00:00:00Z" }, "geometry": { "type": "LineString", "coordinates": [ [ 36.8595903, -1.2525438 ], [ 36.857506, -1.2546666 ] ] } },
{ "type": "Feature", "properties": { "@osmId": "way/231502885", "@snapshotTimestamp": "2019-01-01T00:00:00Z" }, "geometry": { "type": "LineString", "coordinates": [ [ 36.8574341, -1.2545593 ], [ 36.8595348, -1.2524199 ] ] } },
{ "type": "Feature", "properties": { "@osmId": "way/658409695", "@snapshotTimestamp": "2019-01-01T00:00:00Z" }, "geometry": { "type": "LineString", "coordinates": [ [ 36.878595, -1.2511159 ], [ 36.8782146, -1.2498886 ] ] } },
{ "type": "Feature", "properties": { "@osmId": "way/516178119", "@snapshotTimestamp": "2019-01-01T00:00:00Z" }, "geometry": { "type": "LineString", "coordinates": [ [ 36.9835694, -1.2625271 ], [ 36.9828638, -1.2638891 ] ] } },
{ "type": "Feature", "properties": { "@osmId": "way/103268500", "@snapshotTimestamp": "2019-01-01T00:00:00Z" }, "geometry": { "type": "LineString", "coordinates": [ [ 36.9887452, -1.2454297 ], [ 36.9835694, -1.2625271 ] ] } },
{ "type": "Feature", "properties": { "@osmId": "way/392186116", "@snapshotTimestamp": "2019-01-01T00:00:00Z" }, "geometry": { "type": "LineString", "coordinates": [ [ 36.9888115, -1.2451539 ], [ 36.9887452, -1.2454297 ] ] } },
{ "type": "Feature", "properties": { "@osmId": "way/392186117", "@snapshotTimestamp": "2019-01-01T00:00:00Z" }, "geometry": { "type": "LineString", "coordinates": [ [ 36.9902691, -1.2250453 ], [ 36.9888115, -1.2451539 ] ] } },
{ "type": "Feature", "properties": { "@osmId": "way/436796436", "@snapshotTimestamp": "2019-01-01T00:00:00Z" }, "geometry": { "type": "LineString", "coordinates": [ [ 36.9902735, -1.224711 ], [ 36.9902691, -1.2250453 ] ] } },
{ "type": "Feature", "properties": { "@osmId": "way/120730961", "@snapshotTimestamp": "2019-01-01T00:00:00Z" }, "geometry": { "type": "LineString", "coordinates": [ [ 36.9931461, -1.2073238 ], [ 36.9902735, -1.224711 ] ] } },
{ "type": "Feature", "properties": { "@osmId": "way/658711951", "@snapshotTimestamp": "2019-01-01T00:00:00Z" }, "geometry": { "type": "LineString", "coordinates": [ [ 36.9932138, -1.2070871 ], [ 36.9931461, -1.2073238 ] ] } },
{ "type": "Feature", "properties": { "@osmId": "way/658711955", "@snapshotTimestamp": "2019-01-01T00:00:00Z" }, "geometry": { "type": "LineString", "coordinates": [ [ 36.9965097, -1.1874439 ], [ 36.9932138, -1.2070871 ] ] } },
{ "type": "Feature", "properties": { "@osmId": "way/84658296", "@snapshotTimestamp": "2019-01-01T00:00:00Z" }, "geometry": { "type": "LineString", "coordinates": [ [ 36.9583161, -1.1651894 ], [ 36.9965097, -1.1874439 ] ] } },
{ "type": "Feature", "properties": { "@osmId": "way/97684954", "@snapshotTimestamp": "2019-01-01T00:00:00Z" }, "geometry": { "type": "LineString", "coordinates": [ [ 36.9633311, -1.1467054 ], [ 36.9627298, -1.1469928 ] ] } },
{ "type": "Feature", "properties": { "@osmId": "way/184369607", "@snapshotTimestamp": "2019-01-01T00:00:00Z" }, "geometry": { "type": "LineString", "coordinates": [ [ 36.9209306, -1.1994233 ], [ 36.9187914, -1.2017639 ] ] } },
{ "type": "Feature", "properties": { "@osmId": "way/97815364", "@snapshotTimestamp": "2019-01-01T00:00:00Z" }, "geometry": { "type": "LineString", "coordinates": [ [ 36.9187535, -1.2016374 ], [ 36.9208061, -1.1993084 ] ] } },
{ "type": "Feature", "properties": { "@osmId": "way/184369605", "@snapshotTimestamp": "2019-01-01T00:00:00Z" }, "geometry": { "type": "LineString", "coordinates": [ [ 36.9211618, -1.1991749 ], [ 36.9209306, -1.1994233 ] ] } },
{ "type": "Feature", "properties": { "@osmId": "way/184369594", "@snapshotTimestamp": "2019-01-01T00:00:00Z" }, "geometry": { "type": "LineString", "coordinates": [ [ 36.9208061, -1.1993084 ], [ 36.9210435, -1.199072 ] ] } },
{ "type": "Feature", "properties": { "@osmId": "way/184369608", "@snapshotTimestamp": "2019-01-01T00:00:00Z" }, "geometry": { "type": "LineString", "coordinates": [ [ 36.9304318, -1.1894891 ], [ 36.9211618, -1.1991749 ] ] } },
{ "type": "Feature", "properties": { "@osmId": "way/97816393", "@snapshotTimestamp": "2019-01-01T00:00:00Z" }, "geometry": { "type": "LineString", "coordinates": [ [ 36.9210435, -1.199072 ], [ 36.9303542, -1.1894035 ] ] } },
{ "type": "Feature", "properties": { "@osmId": "way/184369603", "@snapshotTimestamp": "2019-01-01T00:00:00Z" }, "geometry": { "type": "LineString", "coordinates": [ [ 36.9322287, -1.1876211 ], [ 36.9304318, -1.1894891 ] ] } },
{ "type": "Feature", "properties": { "@osmId": "way/184369604", "@snapshotTimestamp": "2019-01-01T00:00:00Z" }, "geometry": { "type": "LineString", "coordinates": [ [ 36.9303542, -1.1894035 ], [ 36.9321377, -1.1875304 ] ] } },
{ "type": "Feature", "properties": { "@osmId": "way/228791222", "@snapshotTimestamp": "2019-01-01T00:00:00Z" }, "geometry": { "type": "LineString", "coordinates": [ [ 36.9067472, -1.1856039 ], [ 36.9070707, -1.1855642 ], [ 36.9071257, -1.1858565 ], [ 36.9068425, -1.1859535 ], [ 36.9067472, -1.1856039 ] ] } },
{ "type": "Feature", "properties": { "@osmId": "way/231493242", "@snapshotTimestamp": "2019-01-01T00:00:00Z" }, "geometry": { "type": "LineString", "coordinates": [ [ 36.9553616, -1.1673494 ], [ 36.9322287, -1.1876211 ] ] } },
{ "type": "Feature", "properties": { "@osmId": "way/169041727", "@snapshotTimestamp": "2019-01-01T00:00:00Z" }, "geometry": { "type": "LineString", "coordinates": [ [ 36.9321377, -1.1875304 ], [ 36.9552906, -1.1672563 ] ] } },
{ "type": "Feature", "properties": { "@osmId": "way/229412246", "@snapshotTimestamp": "2019-01-01T00:00:00Z" }, "geometry": { "type": "LineString", "coordinates": [ [ 36.9070221, -1.1855344 ], [ 36.92079, -1.1637792 ] ] } },
{ "type": "Feature", "properties": { "@osmId": "way/658559804", "@snapshotTimestamp": "2019-01-01T00:00:00Z" }, "geometry": { "type": "LineString", "coordinates": [ [ 36.9570686, -1.1651916 ], [ 36.9553616, -1.1673494 ] ] } },
{ "type": "Feature", "properties": { "@osmId": "way/658559801", "@snapshotTimestamp": "2019-01-01T00:00:00Z" }, "geometry": { "type": "LineString", "coordinates": [ [ 36.9552906, -1.1672563 ], [ 36.9569488, -1.1651558 ] ] } },
{ "type": "Feature", "properties": { "@osmId": "way/231493244", "@snapshotTimestamp": "2019-01-01T00:00:00Z" }, "geometry": { "type": "LineString", "coordinates": [ [ 36.9566691, -1.1650823 ], [ 36.9573185, -1.1653932 ] ] } },
{ "type": "Feature", "properties": { "@osmId": "way/231493247", "@snapshotTimestamp": "2019-01-01T00:00:00Z" }, "geometry": { "type": "LineString", "coordinates": [ [ 36.9575706, -1.1648005 ], [ 36.9574472, -1.1650955 ] ] } },
{ "type": "Feature", "properties": { "@osmId": "way/231493340", "@snapshotTimestamp": "2019-01-01T00:00:00Z" }, "geometry": { "type": "LineString", "coordinates": [ [ 36.9577654, -1.1644485 ], [ 36.9573185, -1.1653932 ] ] } },
{ "type": "Feature", "properties": { "@osmId": "way/658559803", "@snapshotTimestamp": "2019-01-01T00:00:00Z" }, "geometry": { "type": "LineString", "coordinates": [ [ 36.9574026, -1.1644565 ], [ 36.9570686, -1.1651916 ] ] } },
{ "type": "Feature", "properties": { "@osmId": "way/231493252", "@snapshotTimestamp": "2019-01-01T00:00:00Z" }, "geometry": { "type": "LineString", "coordinates": [ [ 36.957356, -1.1651304 ], [ 36.9568901, -1.1650052 ], [ 36.9569108, -1.1645431 ], [ 36.9575545, -1.1646879 ], [ 36.957356, -1.1651304 ] ] } },
{ "type": "Feature", "properties": { "@osmId": "way/658559800", "@snapshotTimestamp": "2019-01-01T00:00:00Z" }, "geometry": { "type": "LineString", "coordinates": [ [ 36.9569488, -1.1651558 ], [ 36.9572855, -1.1644275 ] ] } },
{ "type": "Feature", "properties": { "@osmId": "way/231493341", "@snapshotTimestamp": "2019-01-01T00:00:00Z" }, "geometry": { "type": "LineString", "coordinates": [ [ 36.9565709, -1.1652545 ], [ 36.9570878, -1.1641543 ] ] } },
{ "type": "Feature", "properties": { "@osmId": "way/231493258", "@snapshotTimestamp": "2019-01-01T00:00:00Z" }, "geometry": { "type": "LineString", "coordinates": [ [ 36.9567921, -1.1648666 ], [ 36.9560092, -1.1644383 ] ] } },
{ "type": "Feature", "properties": { "@osmId": "way/409879436", "@snapshotTimestamp": "2019-01-01T00:00:00Z" }, "geometry": { "type": "LineString", "coordinates": [ [ 36.9560092, -1.1644383 ], [ 36.9569108, -1.1645431 ] ] } },
{ "type": "Feature", "properties": { "@osmId": "way/231493245", "@snapshotTimestamp": "2019-01-01T00:00:00Z" }, "geometry": { "type": "LineString", "coordinates": [ [ 36.9577654, -1.1644485 ], [ 36.9570878, -1.1641543 ] ] } },
{ "type": "Feature", "properties": { "@osmId": "way/515200245", "@snapshotTimestamp": "2019-01-01T00:00:00Z" }, "geometry": { "type": "LineString", "coordinates": [ [ 36.92079, -1.1637792 ], [ 36.9208744, -1.1635754 ] ] } },
{ "type": "Feature", "properties": { "@osmId": "way/161487252", "@snapshotTimestamp": "2019-01-01T00:00:00Z" }, "geometry": { "type": "LineString", "coordinates": [ [ 36.9506311, -1.1627559 ], [ 36.9560092, -1.1644383 ] ] } },
{ "type": "Feature", "properties": { "@osmId": "way/231493253", "@snapshotTimestamp": "2019-01-01T00:00:00Z" }, "geometry": { "type": "LineString", "coordinates": [ [ 36.9581705, -1.1620967 ], [ 36.9574026, -1.1644565 ] ] } },
{ "type": "Feature", "properties": { "@osmId": "way/658559802", "@snapshotTimestamp": "2019-01-01T00:00:00Z" }, "geometry": { "type": "LineString", "coordinates": [ [ 36.9572855, -1.1644275 ], [ 36.9580573, -1.16207 ] ] } },
{ "type": "Feature", "properties": { "@osmId": "way/161487256", "@snapshotTimestamp": "2019-01-01T00:00:00Z" }, "geometry": { "type": "LineString", "coordinates": [ [ 36.9503329, -1.1626625 ], [ 36.9506311, -1.1627559 ] ] } },
{ "type": "Feature", "properties": { "@osmId": "way/515200244", "@snapshotTimestamp": "2019-01-01T00:00:00Z" }, "geometry": { "type": "LineString", "coordinates": [ [ 36.9208744, -1.1635754 ], [ 36.9258757, -1.1555335 ] ] } },
{ "type": "Feature", "properties": { "@osmId": "way/231493248", "@snapshotTimestamp": "2019-01-01T00:00:00Z" }, "geometry": { "type": "LineString", "coordinates": [ [ 36.9268113, -1.1551449 ], [ 36.9503329, -1.1626625 ] ] } },
{ "type": "Feature", "properties": { "@osmId": "way/247463068", "@snapshotTimestamp": "2019-01-01T00:00:00Z" }, "geometry": { "type": "LineString", "coordinates": [ [ 36.9578874, -1.16209 ], [ 36.9601642, -1.1547245 ] ] } },
{ "type": "Feature", "properties": { "@osmId": "way/231493246", "@snapshotTimestamp": "2019-01-01T00:00:00Z" }, "geometry": { "type": "LineString", "coordinates": [ [ 36.962571, -1.1491532 ], [ 36.958277, -1.1623106 ] ] } },
{ "type": "Feature", "properties": { "@osmId": "way/436796433", "@snapshotTimestamp": "2019-01-01T00:00:00Z" }, "geometry": { "type": "LineString", "coordinates": [ [ 36.9262813, -1.155199 ], [ 36.9258757, -1.1555335 ] ] } },
{ "type": "Feature", "properties": { "@osmId": "way/436796432", "@snapshotTimestamp": "2019-01-01T00:00:00Z" }, "geometry": { "type": "LineString", "coordinates": [ [ 36.9258757, -1.1555335 ], [ 36.9261187, -1.1550494 ] ] } },
{ "type": "Feature", "properties": { "@osmId": "way/436796430", "@snapshotTimestamp": "2019-01-01T00:00:00Z" }, "geometry": { "type": "LineString", "coordinates": [ [ 36.9268113, -1.1551449 ], [ 36.9264771, -1.1551417 ] ] } },
{ "type": "Feature", "properties": { "@osmId": "way/504904498", "@snapshotTimestamp": "2019-01-01T00:00:00Z" }, "geometry": { "type": "LineString", "coordinates": [ [ 36.9153875, -1.1520949 ], [ 36.8816437, -1.1592996 ] ] } },
{ "type": "Feature", "properties": { "@osmId": "way/436796431", "@snapshotTimestamp": "2019-01-01T00:00:00Z" }, "geometry": { "type": "LineString", "coordinates": [ [ 36.9265327, -1.154927 ], [ 36.9268113, -1.1551449 ] ] } },
{ "type": "Feature", "properties": { "@osmId": "way/231493251", "@snapshotTimestamp": "2019-01-01T00:00:00Z" }, "geometry": { "type": "LineString", "coordinates": [ [ 36.9261283, -1.1550794 ], [ 36.9262191, -1.1547948 ], [ 36.9265187, -1.1548851 ], [ 36.9264193, -1.155182 ], [ 36.9261283, -1.1550794 ] ] } },
{ "type": "Feature", "properties": { "@osmId": "way/436796435", "@snapshotTimestamp": "2019-01-01T00:00:00Z" }, "geometry": { "type": "LineString", "coordinates": [ [ 36.9261102, -1.1550226 ], [ 36.9258742, -1.1548437 ] ] } },
{ "type": "Feature", "properties": { "@osmId": "way/436796434", "@snapshotTimestamp": "2019-01-01T00:00:00Z" }, "geometry": { "type": "LineString", "coordinates": [ [ 36.9258742, -1.1548437 ], [ 36.9261558, -1.1548502 ] ] } },
{ "type": "Feature", "properties": { "@osmId": "way/97684962", "@snapshotTimestamp": "2019-01-01T00:00:00Z" }, "geometry": { "type": "LineString", "coordinates": [ [ 36.9580573, -1.16207 ], [ 36.9630327, -1.1467464 ] ] } },
{ "type": "Feature", "properties": { "@osmId": "way/231493758", "@snapshotTimestamp": "2019-01-01T00:00:00Z" }, "geometry": { "type": "LineString", "coordinates": [ [ 36.9601642, -1.1547245 ], [ 36.9600811, -1.1539784 ] ] } },
{ "type": "Feature", "properties": { "@osmId": "way/97684961", "@snapshotTimestamp": "2019-01-01T00:00:00Z" }, "geometry": { "type": "LineString", "coordinates": [ [ 36.9632515, -1.146564 ], [ 36.9581705, -1.1620967 ] ] } },
{ "type": "Feature", "properties": { "@osmId": "way/97862884", "@snapshotTimestamp": "2019-01-01T00:00:00Z" }, "geometry": { "type": "LineString", "coordinates": [ [ 36.919874, -1.1521471 ], [ 36.9258742, -1.1548437 ] ] } },
{ "type": "Feature", "properties": { "@osmId": "way/231493764", "@snapshotTimestamp": "2019-01-01T00:00:00Z" }, "geometry": { "type": "LineString", "coordinates": [ [ 36.9600811, -1.1539784 ], [ 36.959324, -1.1527789 ] ] } },
{ "type": "Feature", "properties": { "@osmId": "way/97694669", "@snapshotTimestamp": "2019-01-01T00:00:00Z" }, "geometry": { "type": "LineString", "coordinates": [ [ 36.9589664, -1.15248 ], [ 36.959324, -1.1527789 ] ] } },
{ "type": "Feature", "properties": { "@osmId": "way/97694671", "@snapshotTimestamp": "2019-01-01T00:00:00Z" }, "geometry": { "type": "LineString", "coordinates": [ [ 36.9584316, -1.1520974 ], [ 36.9589664, -1.15248 ] ] } },
{ "type": "Feature", "properties": { "@osmId": "way/504904502", "@snapshotTimestamp": "2019-01-01T00:00:00Z" }, "geometry": { "type": "LineString", "coordinates": [ [ 36.9155892, -1.1520846 ], [ 36.9153875, -1.1520949 ] ] } },
{ "type": "Feature", "properties": { "@osmId": "way/97677237", "@snapshotTimestamp": "2019-01-01T00:00:00Z" }, "geometry": { "type": "LineString", "coordinates": [ [ 36.9569165, -1.148824 ], [ 36.9584316, -1.1520974 ] ] } },
{ "type": "Feature", "properties": { "@osmId": "way/472115186", "@snapshotTimestamp": "2019-01-01T00:00:00Z" }, "geometry": { "type": "LineString", "coordinates": [ [ 36.9644211, -1.1461881 ], [ 36.9633311, -1.1467054 ] ] } },
{ "type": "Feature", "properties": { "@osmId": "way/472115187", "@snapshotTimestamp": "2019-01-01T00:00:00Z" }, "geometry": { "type": "LineString", "coordinates": [ [ 36.964772, -1.1460391 ], [ 36.9644211, -1.1461881 ] ] } },
{ "type": "Feature", "properties": { "@osmId": "way/472115191", "@snapshotTimestamp": "2019-01-01T00:00:00Z" }, "geometry": { "type": "LineString", "coordinates": [ [ 36.9630327, -1.1467464 ], [ 36.9640156, -1.145106 ] ] } },
{ "type": "Feature", "properties": { "@osmId": "way/472115193", "@snapshotTimestamp": "2019-01-01T00:00:00Z" }, "geometry": { "type": "LineString", "coordinates": [ [ 36.9641179, -1.1452062 ], [ 36.9632515, -1.146564 ] ] } },
{ "type": "Feature", "properties": { "@osmId": "way/97684967", "@snapshotTimestamp": "2019-01-01T00:00:00Z" }, "geometry": { "type": "LineString", "coordinates": [ [ 36.9660872, -1.1442699 ], [ 36.964772, -1.1460391 ] ] } },
{ "type": "Feature", "properties": { "@osmId": "way/472115196", "@snapshotTimestamp": "2019-01-01T00:00:00Z" }, "geometry": { "type": "LineString", "coordinates": [ [ 36.9642374, -1.1450733 ], [ 36.9641179, -1.1452062 ] ] } },
{ "type": "Feature", "properties": { "@osmId": "way/472115190", "@snapshotTimestamp": "2019-01-01T00:00:00Z" }, "geometry": { "type": "LineString", "coordinates": [ [ 36.9640156, -1.145106 ], [ 36.9641447, -1.1449675 ] ] } },
{ "type": "Feature", "properties": { "@osmId": "way/97676908", "@snapshotTimestamp": "2019-01-01T00:00:00Z" }, "geometry": { "type": "LineString", "coordinates": [ [ 36.9678279, -1.1415353 ], [ 36.9642374, -1.1450733 ] ] } },
{ "type": "Feature", "properties": { "@osmId": "way/97676906", "@snapshotTimestamp": "2019-01-01T00:00:00Z" }, "geometry": { "type": "LineString", "coordinates": [ [ 36.9641447, -1.1449675 ], [ 36.967699, -1.1414811 ] ] } },
{ "type": "Feature", "properties": { "@osmId": "way/472115182", "@snapshotTimestamp": "2019-01-01T00:00:00Z" }, "geometry": { "type": "LineString", "coordinates": [ [ 36.9679908, -1.1415792 ], [ 36.9656961, -1.1439994 ] ] } },
{ "type": "Feature", "properties": { "@osmId": "way/472115183", "@snapshotTimestamp": "2019-01-01T00:00:00Z" }, "geometry": { "type": "LineString", "coordinates": [ [ 36.9680656, -1.1414494 ], [ 36.9679908, -1.1415792 ] ] } },
{ "type": "Feature", "properties": { "@osmId": "way/97694543", "@snapshotTimestamp": "2019-01-01T00:00:00Z" }, "geometry": { "type": "LineString", "coordinates": [ [ 36.9679261, -1.1413839 ], [ 36.9678279, -1.1415353 ] ] } },
{ "type": "Feature", "properties": { "@osmId": "way/97694537", "@snapshotTimestamp": "2019-01-01T00:00:00Z" }, "geometry": { "type": "LineString", "coordinates": [ [ 36.967699, -1.1414811 ], [ 36.9677866, -1.1413364 ] ] } },
{ "type": "Feature", "properties": { "@osmId": "way/231498620", "@snapshotTimestamp": "2019-01-01T00:00:00Z" }, "geometry": { "type": "LineString", "coordinates": [ [ 36.9742947, -1.1331253 ], [ 36.9679261, -1.1413839 ] ] } },
{ "type": "Feature", "properties": { "@osmId": "way/97694540", "@snapshotTimestamp": "2019-01-01T00:00:00Z" }, "geometry": { "type": "LineString", "coordinates": [ [ 36.9677866, -1.1413364 ], [ 36.9742093, -1.1329954 ] ] } },
{ "type": "Feature", "properties": { "@osmId": "way/231498618", "@snapshotTimestamp": "2019-01-01T00:00:00Z" }, "geometry": { "type": "LineString", "coordinates": [ [ 36.9833823, -1.1304036 ], [ 36.9680656, -1.1414494 ] ] } },
{ "type": "Feature", "properties": { "@osmId": "way/231498626", "@snapshotTimestamp": "2019-01-01T00:00:00Z" }, "geometry": { "type": "LineString", "coordinates": [ [ 36.9676328, -1.1412863 ], [ 36.9841294, -1.1300842 ] ] } },
{ "type": "Feature", "properties": { "@osmId": "way/231498629", "@snapshotTimestamp": "2019-01-01T00:00:00Z" }, "geometry": { "type": "LineString", "coordinates": [ [ 36.9745278, -1.1330008 ], [ 36.9742947, -1.1331253 ] ] } },
{ "type": "Feature", "properties": { "@osmId": "way/231498625", "@snapshotTimestamp": "2019-01-01T00:00:00Z" }, "geometry": { "type": "LineString", "coordinates": [ [ 36.9742093, -1.1329954 ], [ 36.9744617, -1.1328601 ] ] } },
{ "type": "Feature", "properties": { "@osmId": "way/247463752", "@snapshotTimestamp": "2019-01-01T00:00:00Z" }, "geometry": { "type": "LineString", "coordinates": [ [ 36.9833823, -1.1304036 ], [ 36.9745278, -1.1330008 ] ] } },
{ "type": "Feature", "properties": { "@osmId": "way/231498628", "@snapshotTimestamp": "2019-01-01T00:00:00Z" }, "geometry": { "type": "LineString", "coordinates": [ [ 36.9744617, -1.1328601 ], [ 36.9841294, -1.1300842 ] ] } },
{ "type": "Feature", "properties": { "@osmId": "way/363390667", "@snapshotTimestamp": "2019-01-01T00:00:00Z" }, "geometry": { "type": "LineString", "coordinates": [ [ 37.002931, -1.1253751 ], [ 36.9833823, -1.1304036 ] ] } },
{ "type": "Feature", "properties": { "@osmId": "way/247463758", "@snapshotTimestamp": "2019-01-01T00:00:00Z" }, "geometry": { "type": "LineString", "coordinates": [ [ 36.9841294, -1.1300842 ], [ 37.0028209, -1.1252418 ] ] } },
{ "type": "Feature", "properties": { "@osmId": "way/363390670", "@snapshotTimestamp": "2019-01-01T00:00:00Z" }, "geometry": { "type": "LineString", "coordinates": [ [ 37.0037085, -1.1247011 ], [ 37.002931, -1.1253751 ] ] } },
{ "type": "Feature", "properties": { "@osmId": "way/363390674", "@snapshotTimestamp": "2019-01-01T00:00:00Z" }, "geometry": { "type": "LineString", "coordinates": [ [ 37.0031725, -1.1248223 ], [ 37.0034253, -1.1250809 ] ] } },
{ "type": "Feature", "properties": { "@osmId": "way/363390668", "@snapshotTimestamp": "2019-01-01T00:00:00Z" }, "geometry": { "type": "LineString", "coordinates": [ [ 37.0028209, -1.1252418 ], [ 37.0035899, -1.1245728 ] ] } },
{ "type": "Feature", "properties": { "@osmId": "way/363390673", "@snapshotTimestamp": "2019-01-01T00:00:00Z" }, "geometry": { "type": "LineString", "coordinates": [ [ 37.0028064, -1.1249508 ], [ 37.0031725, -1.1248223 ] ] } },
{ "type": "Feature", "properties": { "@osmId": "way/363390671", "@snapshotTimestamp": "2019-01-01T00:00:00Z" }, "geometry": { "type": "LineString", "coordinates": [ [ 37.0028966, -1.1245241 ], [ 37.0028064, -1.1249508 ] ] } },
{ "type": "Feature", "properties": { "@osmId": "way/363390675", "@snapshotTimestamp": "2019-01-01T00:00:00Z" }, "geometry": { "type": "LineString", "coordinates": [ [ 37.0031725, -1.1248223 ], [ 37.0028966, -1.1245241 ] ] } },
{ "type": "Feature", "properties": { "@osmId": "way/363390676", "@snapshotTimestamp": "2019-01-01T00:00:00Z" }, "geometry": { "type": "LineString", "coordinates": [ [ 37.0031725, -1.1248223 ], [ 37.0033146, -1.1245093 ] ] } },
{ "type": "Feature", "properties": { "@osmId": "way/363390672", "@snapshotTimestamp": "2019-01-01T00:00:00Z" }, "geometry": { "type": "LineString", "coordinates": [ [ 37.0028966, -1.1245241 ], [ 37.0033146, -1.1245093 ] ] } },
{ "type": "Feature", "properties": { "@osmId": "way/233060431", "@snapshotTimestamp": "2019-01-01T00:00:00Z" }, "geometry": { "type": "LineString", "coordinates": [ [ 37.0108019, -1.1170476 ], [ 37.0037085, -1.1247011 ] ] } },
{ "type": "Feature", "properties": { "@osmId": "way/363390669", "@snapshotTimestamp": "2019-01-01T00:00:00Z" }, "geometry": { "type": "LineString", "coordinates": [ [ 37.0035899, -1.1245728 ], [ 37.0106571, -1.1169994 ] ] } },
{ "type": "Feature", "properties": { "@osmId": "way/362403931", "@snapshotTimestamp": "2019-01-01T00:00:00Z" }, "geometry": { "type": "LineString", "coordinates": [ [ 36.9968255, -1.1290771 ], [ 37.0128081, -1.1099431 ] ] } },
{ "type": "Feature", "properties": { "@osmId": "way/362403930", "@snapshotTimestamp": "2019-01-01T00:00:00Z" }, "geometry": { "type": "LineString", "coordinates": [ [ 37.012749, -1.1099194 ], [ 37.0140875, -1.1080499 ] ] } },
{ "type": "Feature", "properties": { "@osmId": "way/313794098", "@snapshotTimestamp": "2019-01-01T00:00:00Z" }, "geometry": { "type": "LineString", "coordinates": [ [ 37.0140875, -1.1080499 ], [ 37.0169678, -1.1053223 ] ] } },
{ "type": "Feature", "properties": { "@osmId": "way/362403284", "@snapshotTimestamp": "2019-01-01T00:00:00Z" }, "geometry": { "type": "LineString", "coordinates": [ [ 37.0170198, -1.1052804 ], [ 37.0169678, -1.1053223 ] ] } },
{ "type": "Feature", "properties": { "@osmId": "way/363387384", "@snapshotTimestamp": "2019-01-01T00:00:00Z" }, "geometry": { "type": "LineString", "coordinates": [ [ 37.0169678, -1.1053223 ], [ 37.0148511, -1.1025772 ] ] } },
{ "type": "Feature", "properties": { "@osmId": "way/97988623", "@snapshotTimestamp": "2019-01-01T00:00:00Z" }, "geometry": { "type": "LineString", "coordinates": [ [ 37.0346807, -1.0902848 ], [ 37.0108019, -1.1170476 ] ] } },
{ "type": "Feature", "properties": { "@osmId": "way/233060433", "@snapshotTimestamp": "2019-01-01T00:00:00Z" }, "geometry": { "type": "LineString", "coordinates": [ [ 37.0106571, -1.1169994 ], [ 37.0346003, -1.0901307 ] ] } },
{ "type": "Feature", "properties": { "@osmId": "way/446928611", "@snapshotTimestamp": "2019-01-01T00:00:00Z" }, "geometry": { "type": "LineString", "coordinates": [ [ 36.7869897, -2.5479554 ], [ 36.78416566148934, -2.551552628439139 ] ] } },
{ "type": "Feature", "properties": { "@osmId": "way/68977837", "@snapshotTimestamp": "2019-01-01T00:00:00Z" }, "geometry": { "type": "LineString", "coordinates": [ [ 36.784074543586847, -2.551502309863834 ], [ 36.7863689, -2.5476785 ] ] } },
{ "type": "Feature", "properties": { "@osmId": "way/426655236", "@snapshotTimestamp": "2019-01-01T00:00:00Z" }, "geometry": { "type": "LineString", "coordinates": [ [ 36.7923201, -2.5421196 ], [ 36.7869897, -2.5479554 ] ] } },
{ "type": "Feature", "properties": { "@osmId": "way/446928603", "@snapshotTimestamp": "2019-01-01T00:00:00Z" }, "geometry": { "type": "LineString", "coordinates": [ [ 36.7863689, -2.5476785 ], [ 36.7923201, -2.5421196 ] ] } },
{ "type": "Feature", "properties": { "@osmId": "way/515103517", "@snapshotTimestamp": "2019-01-01T00:00:00Z" }, "geometry": { "type": "LineString", "coordinates": [ [ 36.7904702, -2.0944715 ], [ 36.7903616, -2.0941883 ] ] } },
{ "type": "Feature", "properties": { "@osmId": "way/515103520", "@snapshotTimestamp": "2019-01-01T00:00:00Z" }, "geometry": { "type": "LineString", "coordinates": [ [ 36.7903616, -2.0941883 ], [ 36.7787162, -1.8776677 ] ] } },
{ "type": "Feature", "properties": { "@osmId": "way/467661940", "@snapshotTimestamp": "2019-01-01T00:00:00Z" }, "geometry": { "type": "LineString", "coordinates": [ [ 36.7787162, -1.8776677 ], [ 36.7787001, -1.8773272 ] ] } },
{ "type": "Feature", "properties": { "@osmId": "way/87644547", "@snapshotTimestamp": "2019-01-01T00:00:00Z" }, "geometry": { "type": "LineString", "coordinates": [ [ 36.709101, -1.4176447 ], [ 36.7786107, -1.3965402 ] ] } },
{ "type": "Feature", "properties": { "@osmId": "way/48067252", "@snapshotTimestamp": "2019-01-01T00:00:00Z" }, "geometry": { "type": "LineString", "coordinates": [ [ 36.7822917, -1.3918025 ], [ 36.7786107, -1.3965402 ] ] } },
{ "type": "Feature", "properties": { "@osmId": "way/313035435", "@snapshotTimestamp": "2019-01-01T00:00:00Z" }, "geometry": { "type": "LineString", "coordinates": [ [ 36.7822917, -1.3918025 ], [ 36.7669087, -1.390532 ] ] } },
{ "type": "Feature", "properties": { "@osmId": "way/41802280", "@snapshotTimestamp": "2019-01-01T00:00:00Z" }, "geometry": { "type": "LineString", "coordinates": [ [ 36.2899429, -1.8956742 ], [ 36.4186835, -1.5667004 ] ] } },
{ "type": "Feature", "properties": { "@osmId": "way/231682234", "@snapshotTimestamp": "2019-01-01T00:00:00Z" }, "geometry": { "type": "LineString", "coordinates": [ [ 35.859525, -1.6793536 ], [ 35.8194426, -1.7004917 ], [ 35.8147659, -1.7557546 ] ] } },
{ "type": "Feature", "properties": { "@osmId": "way/230148418", "@snapshotTimestamp": "2019-01-01T00:00:00Z" }, "geometry": { "type": "LineString", "coordinates": [ [ 35.8542152, -1.5273211 ], [ 35.859525, -1.6793536 ] ] } },
{ "type": "Feature", "properties": { "@osmId": "way/230148417", "@snapshotTimestamp": "2019-01-01T00:00:00Z" }, "geometry": { "type": "LineString", "coordinates": [ [ 35.8541802, -1.5271214 ], [ 35.8542152, -1.5273211 ] ] } },
{ "type": "Feature", "properties": { "@osmId": "way/230047912", "@snapshotTimestamp": "2019-01-01T00:00:00Z" }, "geometry": { "type": "LineString", "coordinates": [ [ 35.8261071, -1.3732931 ], [ 35.8319064, -1.4975964 ], [ 35.8541802, -1.5271214 ] ] } },
{ "type": "Feature", "properties": { "@osmId": "way/230047900", "@snapshotTimestamp": "2019-01-01T00:00:00Z" }, "geometry": { "type": "LineString", "coordinates": [ [ 35.8260411, -1.3731697 ], [ 35.8261071, -1.3732931 ] ] } },
{ "type": "Feature", "properties": { "@osmId": "way/27069277", "@snapshotTimestamp": "2019-01-01T00:00:00Z" }, "geometry": { "type": "LineString", "coordinates": [ [ 35.8353615, -1.1008981 ], [ 35.8022652, -1.1205643 ] ] } },
{ "type": "Feature", "properties": { "@osmId": "way/169161515", "@snapshotTimestamp": "2019-01-01T00:00:00Z" }, "geometry": { "type": "LineString", "coordinates": [ [ 35.8698021, -1.0930226 ], [ 35.8343551, -1.1005649 ] ] } },
{ "type": "Feature", "properties": { "@osmId": "way/644770935", "@snapshotTimestamp": "2019-01-01T00:00:00Z" }, "geometry": { "type": "LineString", "coordinates": [ [ 35.8597473, -1.0947988 ], [ 35.861332, -1.0947151 ] ] } },
{ "type": "Feature", "properties": { "@osmId": "way/646699926", "@snapshotTimestamp": "2019-01-01T00:00:00Z" }, "geometry": { "type": "LineString", "coordinates": [ [ 35.8708407, -1.0929701 ], [ 35.8691307, -1.0944591 ] ] } },
{ "type": "Feature", "properties": { "@osmId": "way/96761666", "@snapshotTimestamp": "2019-01-01T00:00:00Z" }, "geometry": { "type": "LineString", "coordinates": [ [ 36.6166682, -1.5167711 ], [ 36.5308188, -1.5571291 ], [ 36.4186835, -1.5667004 ] ] } },
{ "type": "Feature", "properties": { "@osmId": "way/26842795", "@snapshotTimestamp": "2019-01-01T00:00:00Z" }, "geometry": { "type": "LineString", "coordinates": [ [ 36.6846057, -1.4366534 ], [ 36.652957, -1.463531 ], [ 36.6322963, -1.4499966 ], [ 36.6166682, -1.5167711 ] ] } },
{ "type": "Feature", "properties": { "@osmId": "way/26843316", "@snapshotTimestamp": "2019-01-01T00:00:00Z" }, "geometry": { "type": "LineString", "coordinates": [ [ 36.6873858, -1.4304527 ], [ 36.6846057, -1.4366534 ] ] } },
{ "type": "Feature", "properties": { "@osmId": "way/26842952", "@snapshotTimestamp": "2019-01-01T00:00:00Z" }, "geometry": { "type": "LineString", "coordinates": [ [ 36.6553654, -1.3623187 ], [ 36.6869118, -1.3296028 ] ] } },
{ "type": "Feature", "properties": { "@osmId": "way/368031189", "@snapshotTimestamp": "2019-01-01T00:00:00Z" }, "geometry": { "type": "LineString", "coordinates": [ [ 36.683832, -1.2926444 ], [ 36.6853118, -1.2928036 ] ] } },
{ "type": "Feature", "properties": { "@osmId": "way/658709079", "@snapshotTimestamp": "2019-01-01T00:00:00Z" }, "geometry": { "type": "LineString", "coordinates": [ [ 36.6845348, -1.2907177 ], [ 36.6844188, -1.2905321 ] ] } },
{ "type": "Feature", "properties": { "@osmId": "way/532655568", "@snapshotTimestamp": "2019-01-01T00:00:00Z" }, "geometry": { "type": "LineString", "coordinates": [ [ 36.6843991, -1.2907904 ], [ 36.6846504, -1.2903836 ] ] } },
{ "type": "Feature", "properties": { "@osmId": "way/658709077", "@snapshotTimestamp": "2019-01-01T00:00:00Z" }, "geometry": { "type": "LineString", "coordinates": [ [ 36.6844946, -1.290456 ], [ 36.6846149, -1.2906429 ] ] } },
{ "type": "Feature", "properties": { "@osmId": "way/419051572", "@snapshotTimestamp": "2019-01-01T00:00:00Z" }, "geometry": { "type": "LineString", "coordinates": [ [ 36.6855484, -1.2913435 ], [ 36.6849598, -1.2896751 ] ] } },
{ "type": "Feature", "properties": { "@osmId": "way/532655588", "@snapshotTimestamp": "2019-01-01T00:00:00Z" }, "geometry": { "type": "LineString", "coordinates": [ [ 36.6846504, -1.2903836 ], [ 36.686736, -1.2865687 ] ] } },
{ "type": "Feature", "properties": { "@osmId": "way/42011040", "@snapshotTimestamp": "2019-01-01T00:00:00Z" }, "geometry": { "type": "LineString", "coordinates": [ [ 36.6873858, -1.4304527 ], [ 36.7638282, -1.3951625 ], [ 36.7658034, -1.3454803 ] ] } },
{ "type": "Feature", "properties": { "@osmId": "way/312906755", "@snapshotTimestamp": "2019-01-01T00:00:00Z" }, "geometry": { "type": "LineString", "coordinates": [ [ 36.7668776, -1.3427461 ], [ 36.7658034, -1.3454803 ] ] } },
{ "type": "Feature", "properties": { "@osmId": "way/361360703", "@snapshotTimestamp": "2019-01-01T00:00:00Z" }, "geometry": { "type": "LineString", "coordinates": [ [ 36.7658034, -1.3454803 ], [ 36.7666311, -1.3426887 ] ] } },
{ "type": "Feature", "properties": { "@osmId": "way/655547452", "@snapshotTimestamp": "2019-01-01T00:00:00Z" }, "geometry": { "type": "LineString", "coordinates": [ [ 36.766982, -1.3425775 ], [ 36.7666031, -1.3426386 ] ] } },
{ "type": "Feature", "properties": { "@osmId": "way/658273334", "@snapshotTimestamp": "2019-01-01T00:00:00Z" }, "geometry": { "type": "LineString", "coordinates": [ [ 36.7666031, -1.3426386 ], [ 36.7665876, -1.3424729 ] ] } },
{ "type": "Feature", "properties": { "@osmId": "way/655547451", "@snapshotTimestamp": "2019-01-01T00:00:00Z" }, "geometry": { "type": "LineString", "coordinates": [ [ 36.7666311, -1.3426887 ], [ 36.7639344, -1.3423671 ] ] } },
{ "type": "Feature", "properties": { "@osmId": "way/658273332", "@snapshotTimestamp": "2019-01-01T00:00:00Z" }, "geometry": { "type": "LineString", "coordinates": [ [ 36.7669402, -1.3423956 ], [ 36.766982, -1.3425775 ] ] } },
{ "type": "Feature", "properties": { "@osmId": "way/658273333", "@snapshotTimestamp": "2019-01-01T00:00:00Z" }, "geometry": { "type": "LineString", "coordinates": [ [ 36.7665876, -1.3424729 ], [ 36.7669402, -1.3423956 ] ] } },
{ "type": "Feature", "properties": { "@osmId": "way/658273335", "@snapshotTimestamp": "2019-01-01T00:00:00Z" }, "geometry": { "type": "LineString", "coordinates": [ [ 36.7637099, -1.3422388 ], [ 36.7666206, -1.3423985 ] ] } },
{ "type": "Feature", "properties": { "@osmId": "way/655547446", "@snapshotTimestamp": "2019-01-01T00:00:00Z" }, "geometry": { "type": "LineString", "coordinates": [ [ 36.7644695, -1.3422641 ], [ 36.7668889, -1.3413451 ] ] } },
{ "type": "Feature", "properties": { "@osmId": "way/312906757", "@snapshotTimestamp": "2019-01-01T00:00:00Z" }, "geometry": { "type": "LineString", "coordinates": [ [ 36.7702394, -1.3406984 ], [ 36.7669262, -1.3427079 ] ] } },
{ "type": "Feature", "properties": { "@osmId": "way/312906760", "@snapshotTimestamp": "2019-01-01T00:00:00Z" }, "geometry": { "type": "LineString", "coordinates": [ [ 36.7669169, -1.3423647 ], [ 36.7701771, -1.3405987 ] ] } },
{ "type": "Feature", "properties": { "@osmId": "way/305664826", "@snapshotTimestamp": "2019-01-01T00:00:00Z" }, "geometry": { "type": "LineString", "coordinates": [ [ 36.75927, -1.3417179 ], [ 36.7459027, -1.3398123 ] ] } },
{ "type": "Feature", "properties": { "@osmId": "way/312906759", "@snapshotTimestamp": "2019-01-01T00:00:00Z" }, "geometry": { "type": "LineString", "coordinates": [ [ 36.7749285, -1.3370296 ], [ 36.75927, -1.3417179 ] ] } },
{ "type": "Feature", "properties": { "@osmId": "way/312906758", "@snapshotTimestamp": "2019-01-01T00:00:00Z" }, "geometry": { "type": "LineString", "coordinates": [ [ 36.75927, -1.3417179 ], [ 36.7748569, -1.3369739 ] ] } },
{ "type": "Feature", "properties": { "@osmId": "way/39885723", "@snapshotTimestamp": "2019-01-01T00:00:00Z" }, "geometry": { "type": "LineString", "coordinates": [ [ 36.7806849, -1.3335527 ], [ 36.7749285, -1.3370296 ] ] } },
{ "type": "Feature", "properties": { "@osmId": "way/305664823", "@snapshotTimestamp": "2019-01-01T00:00:00Z" }, "geometry": { "type": "LineString", "coordinates": [ [ 36.7748569, -1.3369739 ], [ 36.7815399, -1.3329241 ] ] } },
{ "type": "Feature", "properties": { "@osmId": "way/352430681", "@snapshotTimestamp": "2019-01-01T00:00:00Z" }, "geometry": { "type": "LineString", "coordinates": [ [ 36.781605, -1.3330185 ], [ 36.7806849, -1.3335527 ] ] } },
{ "type": "Feature", "properties": { "@osmId": "way/352430682", "@snapshotTimestamp": "2019-01-01T00:00:00Z" }, "geometry": { "type": "LineString", "coordinates": [ [ 36.7816426, -1.3330309 ], [ 36.7815417, -1.3328845 ], [ 36.7816606, -1.3327868 ], [ 36.7817841, -1.3329232 ], [ 36.7816426, -1.3330309 ] ] } },
{ "type": "Feature", "properties": { "@osmId": "way/166377952", "@snapshotTimestamp": "2019-01-01T00:00:00Z" }, "geometry": { "type": "LineString", "coordinates": [ [ 36.7459027, -1.3398123 ], [ 36.7074271, -1.3224887 ] ] } },
{ "type": "Feature", "properties": { "@osmId": "way/659301393", "@snapshotTimestamp": "2019-01-01T00:00:00Z" }, "geometry": { "type": "LineString", "coordinates": [ [ 36.7873871, -1.3297054 ], [ 36.7872417, -1.3295834 ] ] } },
{ "type": "Feature", "properties": { "@osmId": "way/369117814", "@snapshotTimestamp": "2019-01-01T00:00:00Z" }, "geometry": { "type": "LineString", "coordinates": [ [ 36.7942473, -1.325827 ], [ 36.7817841, -1.3329232 ] ] } },
{ "type": "Feature", "properties": { "@osmId": "way/352430680", "@snapshotTimestamp": "2019-01-01T00:00:00Z" }, "geometry": { "type": "LineString", "coordinates": [ [ 36.7817015, -1.3327934 ], [ 36.794142, -1.3257148 ] ] } },
{ "type": "Feature", "properties": { "@osmId": "way/659301395", "@snapshotTimestamp": "2019-01-01T00:00:00Z" }, "geometry": { "type": "LineString", "coordinates": [ [ 36.7893005, -1.3286662 ], [ 36.7890132, -1.3284937 ] ] } },
{ "type": "Feature", "properties": { "@osmId": "way/26842934", "@snapshotTimestamp": "2019-01-01T00:00:00Z" }, "geometry": { "type": "LineString", "coordinates": [ [ 36.6869118, -1.3296028 ], [ 36.704224, -1.3232942 ] ] } },
{ "type": "Feature", "properties": { "@osmId": "way/369117813", "@snapshotTimestamp": "2019-01-01T00:00:00Z" }, "geometry": { "type": "LineString", "coordinates": [ [ 36.7947028, -1.3255761 ], [ 36.7942473, -1.325827 ] ] } },
{ "type": "Feature", "properties": { "@osmId": "way/369117811", "@snapshotTimestamp": "2019-01-01T00:00:00Z" }, "geometry": { "type": "LineString", "coordinates": [ [ 36.794142, -1.3257148 ], [ 36.7945962, -1.3254481 ] ] } },
{ "type": "Feature", "properties": { "@osmId": "way/655574417", "@snapshotTimestamp": "2019-01-01T00:00:00Z" }, "geometry": { "type": "LineString", "coordinates": [ [ 36.7070912, -1.3222595 ], [ 36.704224, -1.3232942 ] ] } },
{ "type": "Feature", "properties": { "@osmId": "way/655574410", "@snapshotTimestamp": "2019-01-01T00:00:00Z" }, "geometry": { "type": "LineString", "coordinates": [ [ 36.704224, -1.3232942 ], [ 36.7070252, -1.3221108 ] ] } },
{ "type": "Feature", "properties": { "@osmId": "way/658273339", "@snapshotTimestamp": "2019-01-01T00:00:00Z" }, "geometry": { "type": "LineString", "coordinates": [ [ 36.7074271, -1.3224887 ], [ 36.707159, -1.3222726 ] ] } },
{ "type": "Feature", "properties": { "@osmId": "way/658273340", "@snapshotTimestamp": "2019-01-01T00:00:00Z" }, "geometry": { "type": "LineString", "coordinates": [ [ 36.7072728, -1.3221942 ], [ 36.7074271, -1.3224887 ] ] } },
{ "type": "Feature", "properties": { "@osmId": "way/658273338", "@snapshotTimestamp": "2019-01-01T00:00:00Z" }, "geometry": { "type": "LineString", "coordinates": [ [ 36.7072728, -1.3221942 ], [ 36.7070912, -1.3222595 ], [ 36.7070252, -1.3221108 ], [ 36.7071956, -1.3220201 ], [ 36.7072728, -1.3221942 ] ] } },
{ "type": "Feature", "properties": { "@osmId": "way/655583144", "@snapshotTimestamp": "2019-01-01T00:00:00Z" }, "geometry": { "type": "LineString", "coordinates": [ [ 36.7104563, -1.3211244 ], [ 36.7072827, -1.3221529 ] ] } },
{ "type": "Feature", "properties": { "@osmId": "way/655583139", "@snapshotTimestamp": "2019-01-01T00:00:00Z" }, "geometry": { "type": "LineString", "coordinates": [ [ 36.7072442, -1.3220529 ], [ 36.7104563, -1.3211244 ] ] } },
{ "type": "Feature", "properties": { "@osmId": "way/295905516", "@snapshotTimestamp": "2019-01-01T00:00:00Z" }, "geometry": { "type": "LineString", "coordinates": [ [ 36.7275746, -1.3093053 ], [ 36.8467545, -1.3250708 ] ] } },
{ "type": "Feature", "properties": { "@osmId": "way/48850475", "@snapshotTimestamp": "2019-01-01T00:00:00Z" }, "geometry": { "type": "LineString", "coordinates": [ [ 36.7070431, -1.3220709 ], [ 36.7018597, -1.3157126 ] ] } },
{ "type": "Feature", "properties": { "@osmId": "way/655574378", "@snapshotTimestamp": "2019-01-01T00:00:00Z" }, "geometry": { "type": "LineString", "coordinates": [ [ 36.7018597, -1.3157126 ], [ 36.7071118, -1.3220189 ] ] } },
{ "type": "Feature", "properties": { "@osmId": "way/336026407", "@snapshotTimestamp": "2019-01-01T00:00:00Z" }, "geometry": { "type": "LineString", "coordinates": [ [ 36.7939858, -1.325185 ], [ 36.7275001, -1.3094299 ] ] } },
{ "type": "Feature", "properties": { "@osmId": "way/655574407", "@snapshotTimestamp": "2019-01-01T00:00:00Z" }, "geometry": { "type": "LineString", "coordinates": [ [ 36.7037697, -1.3181627 ], [ 36.7026161, -1.316497 ] ] } },
{ "type": "Feature", "properties": { "@osmId": "way/4723383", "@snapshotTimestamp": "2019-01-01T00:00:00Z" }, "geometry": { "type": "LineString", "coordinates": [ [ 36.7104563, -1.3211244 ], [ 36.7237125, -1.3116475 ] ] } },
{ "type": "Feature", "properties": { "@osmId": "way/532657335", "@snapshotTimestamp": "2019-01-01T00:00:00Z" }, "geometry": { "type": "LineString", "coordinates": [ [ 36.7327423, -1.3083129 ], [ 36.7237125, -1.3116475 ] ] } },
{ "type": "Feature", "properties": { "@osmId": "way/337517575", "@snapshotTimestamp": "2019-01-01T00:00:00Z" }, "geometry": { "type": "LineString", "coordinates": [ [ 36.7237125, -1.3116475 ], [ 36.7327423, -1.3083129 ] ] } },
{ "type": "Feature", "properties": { "@osmId": "way/337517576", "@snapshotTimestamp": "2019-01-01T00:00:00Z" }, "geometry": { "type": "LineString", "coordinates": [ [ 36.7275001, -1.3094299 ], [ 36.7268259, -1.3089554 ] ] } },
{ "type": "Feature", "properties": { "@osmId": "way/295905515", "@snapshotTimestamp": "2019-01-01T00:00:00Z" }, "geometry": { "type": "LineString", "coordinates": [ [ 36.7269928, -1.3088966 ], [ 36.7275746, -1.3093053 ] ] } },
{ "type": "Feature", "properties": { "@osmId": "way/532657338", "@snapshotTimestamp": "2019-01-01T00:00:00Z" }, "geometry": { "type": "LineString", "coordinates": [ [ 36.7327423, -1.3083129 ], [ 36.7532142, -1.301916 ] ] } },
{ "type": "Feature", "properties": { "@osmId": "way/655574382", "@snapshotTimestamp": "2019-01-01T00:00:00Z" }, "geometry": { "type": "LineString", "coordinates": [ [ 36.6843991, -1.2907904 ], [ 36.7018597, -1.3157126 ] ] } },
{ "type": "Feature", "properties": { "@osmId": "way/182627061", "@snapshotTimestamp": "2019-01-01T00:00:00Z" }, "geometry": { "type": "LineString", "coordinates": [ [ 36.7532142, -1.301916 ], [ 36.7534827, -1.3018106 ] ] } },
{ "type": "Feature", "properties": { "@osmId": "way/182627060", "@snapshotTimestamp": "2019-01-01T00:00:00Z" }, "geometry": { "type": "LineString", "coordinates": [ [ 36.7534827, -1.3018106 ], [ 36.7601736, -1.2993313 ] ] } },
{ "type": "Feature", "properties": { "@osmId": "way/333021916", "@snapshotTimestamp": "2019-01-01T00:00:00Z" }, "geometry": { "type": "LineString", "coordinates": [ [ 36.7788703, -1.3000987 ], [ 36.7741822, -1.3003256 ] ] } },
{ "type": "Feature", "properties": { "@osmId": "way/333021919", "@snapshotTimestamp": "2019-01-01T00:00:00Z" }, "geometry": { "type": "LineString", "coordinates": [ [ 36.7793744, -1.3001797 ], [ 36.7788703, -1.3000987 ] ] } },
{ "type": "Feature", "properties": { "@osmId": "way/324391344", "@snapshotTimestamp": "2019-01-01T00:00:00Z" }, "geometry": { "type": "LineString", "coordinates": [ [ 36.7798966, -1.3000812 ], [ 36.7796566, -1.3001795 ] ] } },
{ "type": "Feature", "properties": { "@osmId": "way/4716859", "@snapshotTimestamp": "2019-01-01T00:00:00Z" }, "geometry": { "type": "LineString", "coordinates": [ [ 36.7793883, -1.2999068 ], [ 36.7796307, -1.2998971 ], [ 36.7796566, -1.3001795 ], [ 36.7793744, -1.3001797 ], [ 36.7793883, -1.2999068 ] ] } },
{ "type": "Feature", "properties": { "@osmId": "way/333021921", "@snapshotTimestamp": "2019-01-01T00:00:00Z" }, "geometry": { "type": "LineString", "coordinates": [ [ 36.7788703, -1.3000987 ], [ 36.779348, -1.2999569 ] ] } },
{ "type": "Feature", "properties": { "@osmId": "way/4723377", "@snapshotTimestamp": "2019-01-01T00:00:00Z" }, "geometry": { "type": "LineString", "coordinates": [ [ 36.7820969, -1.2999485 ], [ 36.7798966, -1.3000812 ] ] } },
{ "type": "Feature", "properties": { "@osmId": "way/324391338", "@snapshotTimestamp": "2019-01-01T00:00:00Z" }, "geometry": { "type": "LineString", "coordinates": [ [ 36.779676, -1.2999456 ], [ 36.7820969, -1.2999485 ] ] } },
{ "type": "Feature", "properties": { "@osmId": "way/324391341", "@snapshotTimestamp": "2019-01-01T00:00:00Z" }, "geometry": { "type": "LineString", "coordinates": [ [ 36.7820969, -1.2999485 ], [ 36.7848444, -1.2998062 ] ] } },
{ "type": "Feature", "properties": { "@osmId": "way/87654402", "@snapshotTimestamp": "2019-01-01T00:00:00Z" }, "geometry": { "type": "LineString", "coordinates": [ [ 36.7268259, -1.3089554 ], [ 36.6845348, -1.2907177 ] ] } },
{ "type": "Feature", "properties": { "@osmId": "way/382141733", "@snapshotTimestamp": "2019-01-01T00:00:00Z" }, "geometry": { "type": "LineString", "coordinates": [ [ 36.7741822, -1.3003256 ], [ 36.7629985, -1.2991263 ] ] } },
{ "type": "Feature", "properties": { "@osmId": "way/454736993", "@snapshotTimestamp": "2019-01-01T00:00:00Z" }, "geometry": { "type": "LineString", "coordinates": [ [ 36.7848444, -1.2998062 ], [ 36.7849436, -1.2998011 ] ] } },
{ "type": "Feature", "properties": { "@osmId": "way/658709078", "@snapshotTimestamp": "2019-01-01T00:00:00Z" }, "geometry": { "type": "LineString", "coordinates": [ [ 36.6846149, -1.2906429 ], [ 36.7269928, -1.3088966 ] ] } },
{ "type": "Feature", "properties": { "@osmId": "way/405365464", "@snapshotTimestamp": "2019-01-01T00:00:00Z" }, "geometry": { "type": "LineString", "coordinates": [ [ 36.7848444, -1.2998062 ], [ 36.7867541, -1.2997022 ] ] } },
{ "type": "Feature", "properties": { "@osmId": "way/567024561", "@snapshotTimestamp": "2019-01-01T00:00:00Z" }, "geometry": { "type": "LineString", "coordinates": [ [ 36.7884368, -1.2996625 ], [ 36.7867541, -1.2997022 ] ] } },
{ "type": "Feature", "properties": { "@osmId": "way/567024562", "@snapshotTimestamp": "2019-01-01T00:00:00Z" }, "geometry": { "type": "LineString", "coordinates": [ [ 36.7889863, -1.2996403 ], [ 36.7884368, -1.2996625 ] ] } },
{ "type": "Feature", "properties": { "@osmId": "way/567024564", "@snapshotTimestamp": "2019-01-01T00:00:00Z" }, "geometry": { "type": "LineString", "coordinates": [ [ 36.7894309, -1.2996193 ], [ 36.7889863, -1.2996403 ] ] } },
{ "type": "Feature", "properties": { "@osmId": "way/567024565", "@snapshotTimestamp": "2019-01-01T00:00:00Z" }, "geometry": { "type": "LineString", "coordinates": [ [ 36.7897101, -1.2996087 ], [ 36.7894309, -1.2996193 ] ] } },
{ "type": "Feature", "properties": { "@osmId": "way/567024566", "@snapshotTimestamp": "2019-01-01T00:00:00Z" }, "geometry": { "type": "LineString", "coordinates": [ [ 36.7901373, -1.2995905 ], [ 36.7897101, -1.2996087 ] ] } },
{ "type": "Feature", "properties": { "@osmId": "way/326962602", "@snapshotTimestamp": "2019-01-01T00:00:00Z" }, "geometry": { "type": "LineString", "coordinates": [ [ 36.7927248, -1.2994918 ], [ 36.7901373, -1.2995905 ] ] } },
{ "type": "Feature", "properties": { "@osmId": "way/326962096", "@snapshotTimestamp": "2019-01-01T00:00:00Z" }, "geometry": { "type": "LineString", "coordinates": [ [ 36.7954762, -1.2993549 ], [ 36.7927248, -1.2994918 ] ] } },
{ "type": "Feature", "properties": { "@osmId": "way/652583282", "@snapshotTimestamp": "2019-01-01T00:00:00Z" }, "geometry": { "type": "LineString", "coordinates": [ [ 36.7933928, -1.2993281 ], [ 36.7933901, -1.299454 ] ] } },
{ "type": "Feature", "properties": { "@osmId": "way/33136417", "@snapshotTimestamp": "2019-01-01T00:00:00Z" }, "geometry": { "type": "LineString", "coordinates": [ [ 36.7606923, -1.2991445 ], [ 36.7601736, -1.2993313 ] ] } },
{ "type": "Feature", "properties": { "@osmId": "way/239164440", "@snapshotTimestamp": "2019-01-01T00:00:00Z" }, "geometry": { "type": "LineString", "coordinates": [ [ 36.7629985, -1.2991263 ], [ 36.7618885, -1.2992387 ] ] } },
{ "type": "Feature", "properties": { "@osmId": "way/41454961", "@snapshotTimestamp": "2019-01-01T00:00:00Z" }, "geometry": { "type": "LineString", "coordinates": [ [ 36.7617817, -1.2988778 ], [ 36.7629985, -1.2991263 ] ] } },
{ "type": "Feature", "properties": { "@osmId": "way/41454962", "@snapshotTimestamp": "2019-01-01T00:00:00Z" }, "geometry": { "type": "LineString", "coordinates": [ [ 36.7617817, -1.2988778 ], [ 36.7618885, -1.2992387 ], [ 36.7604457, -1.29879 ], [ 36.7606426, -1.2986165 ], [ 36.7617817, -1.2988778 ] ] } },
{ "type": "Feature", "properties": { "@osmId": "way/654756985", "@snapshotTimestamp": "2019-01-01T00:00:00Z" }, "geometry": { "type": "LineString", "coordinates": [ [ 36.7613375, -1.2986187 ], [ 36.7613327, -1.2987759 ] ] } },
{ "type": "Feature", "properties": { "@osmId": "way/654756984", "@snapshotTimestamp": "2019-01-01T00:00:00Z" }, "geometry": { "type": "LineString", "coordinates": [ [ 36.761188, -1.2987425 ], [ 36.7613375, -1.2986187 ] ] } },
{ "type": "Feature", "properties": { "@osmId": "way/95932149", "@snapshotTimestamp": "2019-01-01T00:00:00Z" }, "geometry": { "type": "LineString", "coordinates": [ [ 36.7604457, -1.29879 ], [ 36.7602564, -1.2985436 ] ] } },
{ "type": "Feature", "properties": { "@osmId": "way/44035354", "@snapshotTimestamp": "2019-01-01T00:00:00Z" }, "geometry": { "type": "LineString", "coordinates": [ [ 36.7602564, -1.2985436 ], [ 36.7606426, -1.2986165 ] ] } },
{ "type": "Feature", "properties": { "@osmId": "way/239185908", "@snapshotTimestamp": "2019-01-01T00:00:00Z" }, "geometry": { "type": "LineString", "coordinates": [ [ 36.7602564, -1.2985436 ], [ 36.7475735, -1.2915781 ] ] } },
{ "type": "Feature", "properties": { "@osmId": "way/654285031", "@snapshotTimestamp": "2019-01-01T00:00:00Z" }, "geometry": { "type": "LineString", "coordinates": [ [ 36.7615505, -1.290791 ], [ 36.7613375, -1.2986187 ] ] } },
{ "type": "Feature", "properties": { "@osmId": "way/658575808", "@snapshotTimestamp": "2019-01-01T00:00:00Z" }, "geometry": { "type": "LineString", "coordinates": [ [ 36.7616122, -1.2896899 ], [ 36.7615505, -1.290791 ] ] } },
{ "type": "Feature", "properties": { "@osmId": "way/658575806", "@snapshotTimestamp": "2019-01-01T00:00:00Z" }, "geometry": { "type": "LineString", "coordinates": [ [ 36.7615505, -1.290791 ], [ 36.7615371, -1.2896845 ] ] } },
{ "type": "Feature", "properties": { "@osmId": "way/658575807", "@snapshotTimestamp": "2019-01-01T00:00:00Z" }, "geometry": { "type": "LineString", "coordinates": [ [ 36.7617174, -1.2883983 ], [ 36.7616122, -1.2896899 ] ] } },
{ "type": "Feature", "properties": { "@osmId": "way/658575809", "@snapshotTimestamp": "2019-01-01T00:00:00Z" }, "geometry": { "type": "LineString", "coordinates": [ [ 36.7615371, -1.2896845 ], [ 36.7617174, -1.2883983 ] ] } },
{ "type": "Feature", "properties": { "@osmId": "way/239192904", "@snapshotTimestamp": "2019-01-01T00:00:00Z" }, "geometry": { "type": "LineString", "coordinates": [ [ 36.7475735, -1.2915781 ], [ 36.7378961, -1.2847016 ] ] } },
{ "type": "Feature", "properties": { "@osmId": "way/553033800", "@snapshotTimestamp": "2019-01-01T00:00:00Z" }, "geometry": { "type": "LineString", "coordinates": [ [ 36.7398554, -1.2862797 ], [ 36.7376096, -1.2842254 ] ] } },
{ "type": "Feature", "properties": { "@osmId": "way/239183912", "@snapshotTimestamp": "2019-01-01T00:00:00Z" }, "geometry": { "type": "LineString", "coordinates": [ [ 36.686736, -1.2865687 ], [ 36.6908178, -1.2807567 ] ] } },
{ "type": "Feature", "properties": { "@osmId": "way/654285027", "@snapshotTimestamp": "2019-01-01T00:00:00Z" }, "geometry": { "type": "LineString", "coordinates": [ [ 36.7617174, -1.2883983 ], [ 36.7718208, -1.2758755 ] ] } },
{ "type": "Feature", "properties": { "@osmId": "way/97084503", "@snapshotTimestamp": "2019-01-01T00:00:00Z" }, "geometry": { "type": "LineString", "coordinates": [ [ 36.6908178, -1.2807567 ], [ 36.7378961, -1.2847016 ] ] } },
{ "type": "Feature", "properties": { "@osmId": "way/293413775", "@snapshotTimestamp": "2019-01-01T00:00:00Z" }, "geometry": { "type": "LineString", "coordinates": [ [ 36.771786, -1.2758457 ], [ 36.7718, -1.2756633 ], [ 36.7719812, -1.2756685 ], [ 36.7719903, -1.275845 ], [ 36.771786, -1.2758457 ] ] } },
{ "type": "Feature", "properties": { "@osmId": "way/239185909", "@snapshotTimestamp": "2019-01-01T00:00:00Z" }, "geometry": { "type": "LineString", "coordinates": [ [ 36.7378961, -1.2847016 ], [ 36.722129, -1.266015 ] ] } },
{ "type": "Feature", "properties": { "@osmId": "way/294960063", "@snapshotTimestamp": "2019-01-01T00:00:00Z" }, "geometry": { "type": "LineString", "coordinates": [ [ 36.7719812, -1.2756685 ], [ 36.7757111, -1.2597268 ] ] } },
{ "type": "Feature", "properties": { "@osmId": "way/45554325", "@snapshotTimestamp": "2019-01-01T00:00:00Z" }, "geometry": { "type": "LineString", "coordinates": [ [ 36.722129, -1.266015 ], [ 36.7213032, -1.2654098 ] ] } },
{ "type": "Feature", "properties": { "@osmId": "way/45554329", "@snapshotTimestamp": "2019-01-01T00:00:00Z" }, "geometry": { "type": "LineString", "coordinates": [ [ 36.7216902, -1.2650241 ], [ 36.722129, -1.266015 ] ] } },
{ "type": "Feature", "properties": { "@osmId": "way/39962868", "@snapshotTimestamp": "2019-01-01T00:00:00Z" }, "geometry": { "type": "LineString", "coordinates": [ [ 36.7216933, -1.2649564 ], [ 36.7213032, -1.2654098 ], [ 36.7208079, -1.2649869 ], [ 36.7212913, -1.2645338 ], [ 36.7216933, -1.2649564 ] ] } },
{ "type": "Feature", "properties": { "@osmId": "way/312490043", "@snapshotTimestamp": "2019-01-01T00:00:00Z" }, "geometry": { "type": "LineString", "coordinates": [ [ 36.7208079, -1.2649869 ], [ 36.7203411, -1.264397 ] ] } },
{ "type": "Feature", "properties": { "@osmId": "way/312490044", "@snapshotTimestamp": "2019-01-01T00:00:00Z" }, "geometry": { "type": "LineString", "coordinates": [ [ 36.7203411, -1.264397 ], [ 36.7209787, -1.2646203 ] ] } },
{ "type": "Feature", "properties": { "@osmId": "way/87647454", "@snapshotTimestamp": "2019-01-01T00:00:00Z" }, "geometry": { "type": "LineString", "coordinates": [ [ 36.7494303, -1.2638274 ], [ 36.749458, -1.2644501 ] ] } },
{ "type": "Feature", "properties": { "@osmId": "way/187198057", "@snapshotTimestamp": "2019-01-01T00:00:00Z" }, "geometry": { "type": "LineString", "coordinates": [ [ 36.7328939, -1.2640244 ], [ 36.7679578, -1.26093 ] ] } },
{ "type": "Feature", "properties": { "@osmId": "way/369080490", "@snapshotTimestamp": "2019-01-01T00:00:00Z" }, "geometry": { "type": "LineString", "coordinates": [ [ 36.7166745, -1.2607947 ], [ 36.7203411, -1.264397 ] ] } },
{ "type": "Feature", "properties": { "@osmId": "way/187198061", "@snapshotTimestamp": "2019-01-01T00:00:00Z" }, "geometry": { "type": "LineString", "coordinates": [ [ 36.7328619, -1.2642945 ], [ 36.7166745, -1.2607947 ] ] } },
{ "type": "Feature", "properties": { "@osmId": "way/239784683", "@snapshotTimestamp": "2019-01-01T00:00:00Z" }, "geometry": { "type": "LineString", "coordinates": [ [ 36.6813932, -1.2702693 ], [ 36.6908178, -1.2807567 ] ] } },
{ "type": "Feature", "properties": { "@osmId": "way/239784686", "@snapshotTimestamp": "2019-01-01T00:00:00Z" }, "geometry": { "type": "LineString", "coordinates": [ [ 36.6812968, -1.2701825 ], [ 36.6813932, -1.2702693 ] ] } },
{ "type": "Feature", "properties": { "@osmId": "way/658709080", "@snapshotTimestamp": "2019-01-01T00:00:00Z" }, "geometry": { "type": "LineString", "coordinates": [ [ 36.6844188, -1.2905321 ], [ 36.6600891, -1.2680072 ], [ 36.6672092, -1.2361305 ] ] } },
{ "type": "Feature", "properties": { "@osmId": "way/337521272", "@snapshotTimestamp": "2019-01-01T00:00:00Z" }, "geometry": { "type": "LineString", "coordinates": [ [ 36.6680647, -1.2351663 ], [ 36.6600687, -1.2675576 ], [ 36.6844946, -1.290456 ] ] } },
{ "type": "Feature", "properties": { "@osmId": "way/337517586", "@snapshotTimestamp": "2019-01-01T00:00:00Z" }, "geometry": { "type": "LineString", "coordinates": [ [ 36.6661337, -1.239383 ], [ 36.6812968, -1.2701825 ] ] } },
{ "type": "Feature", "properties": { "@osmId": "way/187197451", "@snapshotTimestamp": "2019-01-01T00:00:00Z" }, "geometry": { "type": "LineString", "coordinates": [ [ 36.6803052, -1.2464686 ], [ 36.6941523, -1.2553597 ] ] } },
{ "type": "Feature", "properties": { "@osmId": "way/187197454", "@snapshotTimestamp": "2019-01-01T00:00:00Z" }, "geometry": { "type": "LineString", "coordinates": [ [ 36.6803717, -1.2466615 ], [ 36.6798376, -1.2461282 ] ] } },
{ "type": "Feature", "properties": { "@osmId": "way/187197446", "@snapshotTimestamp": "2019-01-01T00:00:00Z" }, "geometry": { "type": "LineString", "coordinates": [ [ 36.6798807, -1.2460486 ], [ 36.6803052, -1.2464686 ] ] } },
{ "type": "Feature", "properties": { "@osmId": "way/187197444", "@snapshotTimestamp": "2019-01-01T00:00:00Z" }, "geometry": { "type": "LineString", "coordinates": [ [ 36.6798376, -1.2461282 ], [ 36.6796094, -1.2458696 ] ] } },
{ "type": "Feature", "properties": { "@osmId": "way/187197453", "@snapshotTimestamp": "2019-01-01T00:00:00Z" }, "geometry": { "type": "LineString", "coordinates": [ [ 36.6796608, -1.2458019 ], [ 36.6798807, -1.2460486 ] ] } },
{ "type": "Feature", "properties": { "@osmId": "way/39573551", "@snapshotTimestamp": "2019-01-01T00:00:00Z" }, "geometry": { "type": "LineString", "coordinates": [ [ 36.8016435, -1.2644343 ], [ 36.7851364, -1.2596239 ] ] } },
{ "type": "Feature", "properties": { "@osmId": "way/239190769", "@snapshotTimestamp": "2019-01-01T00:00:00Z" }, "geometry": { "type": "LineString", "coordinates": [ [ 36.7166251, -1.2606101 ], [ 36.7328939, -1.2640244 ] ] } },
{ "type": "Feature", "properties": { "@osmId": "way/133901081", "@snapshotTimestamp": "2019-01-01T00:00:00Z" }, "geometry": { "type": "LineString", "coordinates": [ [ 36.7328619, -1.2642945 ], [ 36.7851364, -1.2596239 ] ] } },
{ "type": "Feature", "properties": { "@osmId": "way/39573554", "@snapshotTimestamp": "2019-01-01T00:00:00Z" }, "geometry": { "type": "LineString", "coordinates": [ [ 36.7679578, -1.26093 ], [ 36.801865, -1.2642328 ] ] } },
{ "type": "Feature", "properties": { "@osmId": "way/654285034", "@snapshotTimestamp": "2019-01-01T00:00:00Z" }, "geometry": { "type": "LineString", "coordinates": [ [ 36.7893356, -1.2600481 ], [ 36.7892825, -1.2598139 ] ] } },
{ "type": "Feature", "properties": { "@osmId": "way/239190766", "@snapshotTimestamp": "2019-01-01T00:00:00Z" }, "geometry": { "type": "LineString", "coordinates": [ [ 36.7166745, -1.2607947 ], [ 36.7018185, -1.2581687 ] ] } },
{ "type": "Feature", "properties": { "@osmId": "way/24025777", "@snapshotTimestamp": "2019-01-01T00:00:00Z" }, "geometry": { "type": "LineString", "coordinates": [ [ 36.7757111, -1.2597268 ], [ 36.7754603, -1.259466 ] ] } },
{ "type": "Feature", "properties": { "@osmId": "way/180751763", "@snapshotTimestamp": "2019-01-01T00:00:00Z" }, "geometry": { "type": "LineString", "coordinates": [ [ 36.7758872, -1.2593905 ], [ 36.7757111, -1.2597268 ] ] } },
{ "type": "Feature", "properties": { "@osmId": "way/133901005", "@snapshotTimestamp": "2019-01-01T00:00:00Z" }, "geometry": { "type": "LineString", "coordinates": [ [ 36.7018651, -1.2580656 ], [ 36.7166251, -1.2606101 ] ] } },
{ "type": "Feature", "properties": { "@osmId": "way/39573564", "@snapshotTimestamp": "2019-01-01T00:00:00Z" }, "geometry": { "type": "LineString", "coordinates": [ [ 36.7751032, -1.2594971 ], [ 36.7750263, -1.2592385 ] ] } },
{ "type": "Feature", "properties": { "@osmId": "way/40384822", "@snapshotTimestamp": "2019-01-01T00:00:00Z" }, "geometry": { "type": "LineString", "coordinates": [ [ 36.7757874, -1.2591217 ], [ 36.7758872, -1.2593905 ] ] } },
{ "type": "Feature", "properties": { "@osmId": "way/43270176", "@snapshotTimestamp": "2019-01-01T00:00:00Z" }, "geometry": { "type": "LineString", "coordinates": [ [ 36.7018185, -1.2581687 ], [ 36.7015829, -1.2580847 ] ] } },
{ "type": "Feature", "properties": { "@osmId": "way/43270175", "@snapshotTimestamp": "2019-01-01T00:00:00Z" }, "geometry": { "type": "LineString", "coordinates": [ [ 36.7016007, -1.2579807 ], [ 36.7018651, -1.2580656 ] ] } },
{ "type": "Feature", "properties": { "@osmId": "way/87647441", "@snapshotTimestamp": "2019-01-01T00:00:00Z" }, "geometry": { "type": "LineString", "coordinates": [ [ 36.7540181, -1.2518868 ], [ 36.7494303, -1.2638274 ] ] } },
{ "type": "Feature", "properties": { "@osmId": "way/43270177", "@snapshotTimestamp": "2019-01-01T00:00:00Z" }, "geometry": { "type": "LineString", "coordinates": [ [ 36.7015829, -1.2580847 ], [ 36.6941225, -1.2554405 ] ] } },
{ "type": "Feature", "properties": { "@osmId": "way/239190772", "@snapshotTimestamp": "2019-01-01T00:00:00Z" }, "geometry": { "type": "LineString", "coordinates": [ [ 36.6941523, -1.2553597 ], [ 36.7016007, -1.2579807 ] ] } },
{ "type": "Feature", "properties": { "@osmId": "way/40056255", "@snapshotTimestamp": "2019-01-01T00:00:00Z" }, "geometry": { "type": "LineString", "coordinates": [ [ 36.7860091, -1.2512993 ], [ 36.7973084, -1.255298 ] ] } },
{ "type": "Feature", "properties": { "@osmId": "way/40056254", "@snapshotTimestamp": "2019-01-01T00:00:00Z" }, "geometry": { "type": "LineString", "coordinates": [ [ 36.7860091, -1.2512993 ], [ 36.785534, -1.2512457 ] ] } },
{ "type": "Feature", "properties": { "@osmId": "way/51068009", "@snapshotTimestamp": "2019-01-01T00:00:00Z" }, "geometry": { "type": "LineString", "coordinates": [ [ 36.7666749, -1.2505352 ], [ 36.7540181, -1.2518868 ] ] } },
{ "type": "Feature", "properties": { "@osmId": "way/40056257", "@snapshotTimestamp": "2019-01-01T00:00:00Z" }, "geometry": { "type": "LineString", "coordinates": [ [ 36.7856644, -1.251048 ], [ 36.7860091, -1.2512993 ] ] } },
{ "type": "Feature", "properties": { "@osmId": "way/187197442", "@snapshotTimestamp": "2019-01-01T00:00:00Z" }, "geometry": { "type": "LineString", "coordinates": [ [ 36.6796094, -1.2458696 ], [ 36.6747028, -1.2389861 ] ] } },
{ "type": "Feature", "properties": { "@osmId": "way/162817969", "@snapshotTimestamp": "2019-01-01T00:00:00Z" }, "geometry": { "type": "LineString", "coordinates": [ [ 36.674773, -1.2388195 ], [ 36.6796608, -1.2458019 ] ] } },
{ "type": "Feature", "properties": { "@osmId": "way/162817957", "@snapshotTimestamp": "2019-01-01T00:00:00Z" }, "geometry": { "type": "LineString", "coordinates": [ [ 36.6747028, -1.2389861 ], [ 36.6744834, -1.2385635 ] ] } },
{ "type": "Feature", "properties": { "@osmId": "way/162817966", "@snapshotTimestamp": "2019-01-01T00:00:00Z" }, "geometry": { "type": "LineString", "coordinates": [ [ 36.6745632, -1.2384309 ], [ 36.674773, -1.2388195 ] ] } },
{ "type": "Feature", "properties": { "@osmId": "way/162817965", "@snapshotTimestamp": "2019-01-01T00:00:00Z" }, "geometry": { "type": "LineString", "coordinates": [ [ 36.6744834, -1.2385635 ], [ 36.6714404, -1.2348348 ] ] } },
{ "type": "Feature", "properties": { "@osmId": "way/162818141", "@snapshotTimestamp": "2019-01-01T00:00:00Z" }, "geometry": { "type": "LineString", "coordinates": [ [ 36.6714741, -1.2347164 ], [ 36.6745632, -1.2384309 ] ] } },
{ "type": "Feature", "properties": { "@osmId": "way/60740535", "@snapshotTimestamp": "2019-01-01T00:00:00Z" }, "geometry": { "type": "LineString", "coordinates": [ [ 36.6730721, -1.2355393 ], [ 36.6733907, -1.2358881 ] ] } },
{ "type": "Feature", "properties": { "@osmId": "way/162818143", "@snapshotTimestamp": "2019-01-01T00:00:00Z" }, "geometry": { "type": "LineString", "coordinates": [ [ 36.6715547, -1.2345889 ], [ 36.6730721, -1.2355393 ] ] } },
{ "type": "Feature", "properties": { "@osmId": "way/162818139", "@snapshotTimestamp": "2019-01-01T00:00:00Z" }, "geometry": { "type": "LineString", "coordinates": [ [ 36.6714404, -1.2348348 ], [ 36.6711046, -1.2345916 ] ] } },
{ "type": "Feature", "properties": { "@osmId": "way/162818142", "@snapshotTimestamp": "2019-01-01T00:00:00Z" }, "geometry": { "type": "LineString", "coordinates": [ [ 36.671164, -1.2344884 ], [ 36.6714741, -1.2347164 ] ] } },
{ "type": "Feature", "properties": { "@osmId": "way/162818140", "@snapshotTimestamp": "2019-01-01T00:00:00Z" }, "geometry": { "type": "LineString", "coordinates": [ [ 36.6712387, -1.2343673 ], [ 36.6715547, -1.2345889 ] ] } },
{ "type": "Feature", "properties": { "@osmId": "way/337521271", "@snapshotTimestamp": "2019-01-01T00:00:00Z" }, "geometry": { "type": "LineString", "coordinates": [ [ 36.6692431, -1.2333913 ], [ 36.6680647, -1.2351663 ] ] } },
{ "type": "Feature", "properties": { "@osmId": "way/162818138", "@snapshotTimestamp": "2019-01-01T00:00:00Z" }, "geometry": { "type": "LineString", "coordinates": [ [ 36.6711046, -1.2345916 ], [ 36.6696677, -1.2335525 ] ] } },
{ "type": "Feature", "properties": { "@osmId": "way/56397020", "@snapshotTimestamp": "2019-01-01T00:00:00Z" }, "geometry": { "type": "LineString", "coordinates": [ [ 36.6694663, -1.2332692 ], [ 36.671164, -1.2344884 ] ] } },
{ "type": "Feature", "properties": { "@osmId": "way/48489679", "@snapshotTimestamp": "2019-01-01T00:00:00Z" }, "geometry": { "type": "LineString", "coordinates": [ [ 36.6697347, -1.232721 ], [ 36.6712387, -1.2343673 ] ] } },
{ "type": "Feature", "properties": { "@osmId": "way/187196991", "@snapshotTimestamp": "2019-01-01T00:00:00Z" }, "geometry": { "type": "LineString", "coordinates": [ [ 36.6696677, -1.2335525 ], [ 36.6694075, -1.2333643 ] ] } },
{ "type": "Feature", "properties": { "@osmId": "way/56397018", "@snapshotTimestamp": "2019-01-01T00:00:00Z" }, "geometry": { "type": "LineString", "coordinates": [ [ 36.6694075, -1.2333643 ], [ 36.6692021, -1.2331889 ] ] } },
{ "type": "Feature", "properties": { "@osmId": "way/56397014", "@snapshotTimestamp": "2019-01-01T00:00:00Z" }, "geometry": { "type": "LineString", "coordinates": [ [ 36.6692642, -1.2330947 ], [ 36.6694663, -1.2332692 ] ] } },
{ "type": "Feature", "properties": { "@osmId": "way/187196992", "@snapshotTimestamp": "2019-01-01T00:00:00Z" }, "geometry": { "type": "LineString", "coordinates": [ [ 36.6692021, -1.2331889 ], [ 36.6645091, -1.2278215 ] ] } },
{ "type": "Feature", "properties": { "@osmId": "way/187196990", "@snapshotTimestamp": "2019-01-01T00:00:00Z" }, "geometry": { "type": "LineString", "coordinates": [ [ 36.6646107, -1.2277446 ], [ 36.6692642, -1.2330947 ] ] } },
{ "type": "Feature", "properties": { "@osmId": "way/40056253", "@snapshotTimestamp": "2019-01-01T00:00:00Z" }, "geometry": { "type": "LineString", "coordinates": [ [ 36.785534, -1.2512457 ], [ 36.7853768, -1.2511193 ], [ 36.7855305, -1.2509486 ], [ 36.785672, -1.2511127 ], [ 36.785534, -1.2512457 ] ] } },
{ "type": "Feature", "properties": { "@osmId": "way/239190762", "@snapshotTimestamp": "2019-01-01T00:00:00Z" }, "geometry": { "type": "LineString", "coordinates": [ [ 36.6941225, -1.2554405 ], [ 36.6803717, -1.2466615 ] ] } },
{ "type": "Feature", "properties": { "@osmId": "way/658208342", "@snapshotTimestamp": "2019-01-01T00:00:00Z" }, "geometry": { "type": "LineString", "coordinates": [ [ 36.7938353, -1.213873 ], [ 36.7948429, -1.2144803 ] ] } },
{ "type": "Feature", "properties": { "@osmId": "way/658208340", "@snapshotTimestamp": "2019-01-01T00:00:00Z" }, "geometry": { "type": "LineString", "coordinates": [ [ 36.794273, -1.2141827 ], [ 36.7923265, -1.2129124 ] ] } },
{ "type": "Feature", "properties": { "@osmId": "way/658208333", "@snapshotTimestamp": "2019-01-01T00:00:00Z" }, "geometry": { "type": "LineString", "coordinates": [ [ 36.7923588, -1.2128612 ], [ 36.7938353, -1.213873 ] ] } },
{ "type": "Feature", "properties": { "@osmId": "way/658208326", "@snapshotTimestamp": "2019-01-01T00:00:00Z" }, "geometry": { "type": "LineString", "coordinates": [ [ 36.7923265, -1.2129124 ], [ 36.7920327, -1.2126846 ] ] } },
{ "type": "Feature", "properties": { "@osmId": "way/658208335", "@snapshotTimestamp": "2019-01-01T00:00:00Z" }, "geometry": { "type": "LineString", "coordinates": [ [ 36.7920734, -1.2126401 ], [ 36.7923588, -1.2128612 ] ] } },
{ "type": "Feature", "properties": { "@osmId": "way/53627921", "@snapshotTimestamp": "2019-01-01T00:00:00Z" }, "geometry": { "type": "LineString", "coordinates": [ [ 36.6699469, -1.2324484 ], [ 36.7438119, -1.1922308 ] ] } },
{ "type": "Feature", "properties": { "@osmId": "way/658208338", "@snapshotTimestamp": "2019-01-01T00:00:00Z" }, "geometry": { "type": "LineString", "coordinates": [ [ 36.7920327, -1.2126846 ], [ 36.791005, -1.2118531 ] ] } },
{ "type": "Feature", "properties": { "@osmId": "way/658208347", "@snapshotTimestamp": "2019-01-01T00:00:00Z" }, "geometry": { "type": "LineString", "coordinates": [ [ 36.7906581, -1.2114621 ], [ 36.7920734, -1.2126401 ] ] } },
{ "type": "Feature", "properties": { "@osmId": "way/658208345", "@snapshotTimestamp": "2019-01-01T00:00:00Z" }, "geometry": { "type": "LineString", "coordinates": [ [ 36.791005, -1.2118531 ], [ 36.7903275, -1.2111491 ] ] } },
{ "type": "Feature", "properties": { "@osmId": "way/658208331", "@snapshotTimestamp": "2019-01-01T00:00:00Z" }, "geometry": { "type": "LineString", "coordinates": [ [ 36.7903275, -1.2111491 ], [ 36.7906581, -1.2114621 ] ] } },
{ "type": "Feature", "properties": { "@osmId": "way/493736707", "@snapshotTimestamp": "2019-01-01T00:00:00Z" }, "geometry": { "type": "LineString", "coordinates": [ [ 36.7903275, -1.2111491 ], [ 36.7803253, -1.2060583 ] ] } },
{ "type": "Feature", "properties": { "@osmId": "way/231503847", "@snapshotTimestamp": "2019-01-01T00:00:00Z" }, "geometry": { "type": "LineString", "coordinates": [ [ 36.7803253, -1.2060583 ], [ 36.7797958, -1.2058588 ] ] } },
{ "type": "Feature", "properties": { "@osmId": "way/231503034", "@snapshotTimestamp": "2019-01-01T00:00:00Z" }, "geometry": { "type": "LineString", "coordinates": [ [ 36.7867711, -1.2045154 ], [ 36.7953087, -1.2072954 ] ] } },
{ "type": "Feature", "properties": { "@osmId": "way/231503845", "@snapshotTimestamp": "2019-01-01T00:00:00Z" }, "geometry": { "type": "LineString", "coordinates": [ [ 36.7800076, -1.2056799 ], [ 36.7803253, -1.2060583 ] ] } },
{ "type": "Feature", "properties": { "@osmId": "way/183810315", "@snapshotTimestamp": "2019-01-01T00:00:00Z" }, "geometry": { "type": "LineString", "coordinates": [ [ 36.7795378, -1.2057901 ], [ 36.7794087, -1.2053431 ], [ 36.7799549, -1.205396 ], [ 36.7799532, -1.2057629 ], [ 36.7795378, -1.2057901 ] ] } },
{ "type": "Feature", "properties": { "@osmId": "way/231503848", "@snapshotTimestamp": "2019-01-01T00:00:00Z" }, "geometry": { "type": "LineString", "coordinates": [ [ 36.7793603, -1.2057289 ], [ 36.7776182, -1.2051607 ] ] } },
{ "type": "Feature", "properties": { "@osmId": "way/99190152", "@snapshotTimestamp": "2019-01-01T00:00:00Z" }, "geometry": { "type": "LineString", "coordinates": [ [ 36.7804093, -1.2052628 ], [ 36.7800113, -1.2054802 ] ] } },
{ "type": "Feature", "properties": { "@osmId": "way/183810314", "@snapshotTimestamp": "2019-01-01T00:00:00Z" }, "geometry": { "type": "LineString", "coordinates": [ [ 36.7776182, -1.2051607 ], [ 36.7794087, -1.2053431 ] ] } },
{ "type": "Feature", "properties": { "@osmId": "way/325191241", "@snapshotTimestamp": "2019-01-01T00:00:00Z" }, "geometry": { "type": "LineString", "coordinates": [ [ 35.213660535851488, -1.676357532779188 ], [ 35.2175548, -1.664822 ] ] } },
{ "type": "Feature", "properties": { "@osmId": "way/37426067", "@snapshotTimestamp": "2019-01-01T00:00:00Z" }, "geometry": { "type": "LineString", "coordinates": [ [ 35.2148657, -1.6534883 ], [ 35.2175548, -1.664822 ] ] } },
{ "type": "Feature", "properties": { "@osmId": "way/322208666", "@snapshotTimestamp": "2019-01-01T00:00:00Z" }, "geometry": { "type": "LineString", "coordinates": [ [ 35.2153964, -1.6532159 ], [ 35.2148657, -1.6534883 ] ] } },
{ "type": "Feature", "properties": { "@osmId": "way/486090765", "@snapshotTimestamp": "2019-01-01T00:00:00Z" }, "geometry": { "type": "LineString", "coordinates": [ [ 35.3008085, -1.5280648 ], [ 35.2339747, -1.5837015 ], [ 35.2437691, -1.6243086 ], [ 35.2153964, -1.6532159 ] ] } },
{ "type": "Feature", "properties": { "@osmId": "way/597899983", "@snapshotTimestamp": "2019-01-01T00:00:00Z" }, "geometry": { "type": "LineString", "coordinates": [ [ 35.2027295, -1.5037778 ], [ 35.2450516, -1.58201 ] ] } },
{ "type": "Feature", "properties": { "@osmId": "way/486090764", "@snapshotTimestamp": "2019-01-01T00:00:00Z" }, "geometry": { "type": "LineString", "coordinates": [ [ 35.307592, -1.5247509 ], [ 35.3008085, -1.5280648 ] ] } },
{ "type": "Feature", "properties": { "@osmId": "way/486090762", "@snapshotTimestamp": "2019-01-01T00:00:00Z" }, "geometry": { "type": "LineString", "coordinates": [ [ 35.3665791, -1.4801189 ], [ 35.3364765, -1.5222976 ], [ 35.3008085, -1.5280648 ] ] } },
{ "type": "Feature", "properties": { "@osmId": "way/597899984", "@snapshotTimestamp": "2019-01-01T00:00:00Z" }, "geometry": { "type": "LineString", "coordinates": [ [ 35.2027608, -1.5036883 ], [ 35.2027295, -1.5037778 ] ] } },
{ "type": "Feature", "properties": { "@osmId": "way/486090761", "@snapshotTimestamp": "2019-01-01T00:00:00Z" }, "geometry": { "type": "LineString", "coordinates": [ [ 35.3665791, -1.4801189 ], [ 35.3367768, -1.5220769 ], [ 35.307592, -1.5247509 ] ] } },
{ "type": "Feature", "properties": { "@osmId": "way/204104931", "@snapshotTimestamp": "2019-01-01T00:00:00Z" }, "geometry": { "type": "LineString", "coordinates": [ [ 35.2079559, -1.4432248 ], [ 35.2027608, -1.5036883 ] ] } },
{ "type": "Feature", "properties": { "@osmId": "way/474074914", "@snapshotTimestamp": "2019-01-01T00:00:00Z" }, "geometry": { "type": "LineString", "coordinates": [ [ 35.5876053, -1.4103225 ], [ 35.5100383, -1.3953083 ], [ 35.413238, -1.4344156 ] ] } },
{ "type": "Feature", "properties": { "@osmId": "way/332548670", "@snapshotTimestamp": "2019-01-01T00:00:00Z" }, "geometry": { "type": "LineString", "coordinates": [ [ 35.5984672, -1.3836707 ], [ 35.5876053, -1.4103225 ] ] } },
{ "type": "Feature", "properties": { "@osmId": "way/332548671", "@snapshotTimestamp": "2019-01-01T00:00:00Z" }, "geometry": { "type": "LineString", "coordinates": [ [ 35.6333936, -1.3305072 ], [ 35.5984672, -1.3836707 ] ] } },
{ "type": "Feature", "properties": { "@osmId": "way/486087645", "@snapshotTimestamp": "2019-01-01T00:00:00Z" }, "geometry": { "type": "LineString", "coordinates": [ [ 35.6644097, -1.2915001 ], [ 35.6333936, -1.3305072 ] ] } },
{ "type": "Feature", "properties": { "@osmId": "way/230047903", "@snapshotTimestamp": "2019-01-01T00:00:00Z" }, "geometry": { "type": "LineString", "coordinates": [ [ 35.778378, -1.2111308 ], [ 35.8260411, -1.3731697 ] ] } },
{ "type": "Feature", "properties": { "@osmId": "way/27096155", "@snapshotTimestamp": "2019-01-01T00:00:00Z" }, "geometry": { "type": "LineString", "coordinates": [ [ 35.7026659, -1.2383922 ], [ 35.6644097, -1.2915001 ] ] } },
{ "type": "Feature", "properties": { "@osmId": "way/230047901", "@snapshotTimestamp": "2019-01-01T00:00:00Z" }, "geometry": { "type": "LineString", "coordinates": [ [ 35.7780119, -1.2103371 ], [ 35.778378, -1.2111308 ] ] } },
{ "type": "Feature", "properties": { "@osmId": "way/332548675", "@snapshotTimestamp": "2019-01-01T00:00:00Z" }, "geometry": { "type": "LineString", "coordinates": [ [ 35.7590175, -1.1532446 ], [ 35.7026659, -1.2383922 ] ] } },
{ "type": "Feature", "properties": { "@osmId": "way/34357417", "@snapshotTimestamp": "2019-01-01T00:00:00Z" }, "geometry": { "type": "LineString", "coordinates": [ [ 35.7518661, -1.1524188 ], [ 35.7780119, -1.2103371 ] ] } },
{ "type": "Feature", "properties": { "@osmId": "way/644766082", "@snapshotTimestamp": "2019-01-01T00:00:00Z" }, "geometry": { "type": "LineString", "coordinates": [ [ 35.6998518, -1.1689319 ], [ 35.6995211, -1.1654374 ] ] } },
{ "type": "Feature", "properties": { "@osmId": "way/34358985", "@snapshotTimestamp": "2019-01-01T00:00:00Z" }, "geometry": { "type": "LineString", "coordinates": [ [ 35.3727482, -1.4651703 ], [ 35.3665791, -1.4801189 ] ] } },
{ "type": "Feature", "properties": { "@osmId": "way/474074913", "@snapshotTimestamp": "2019-01-01T00:00:00Z" }, "geometry": { "type": "LineString", "coordinates": [ [ 35.3727509, -1.4647011 ], [ 35.3727482, -1.4651703 ] ] } },
{ "type": "Feature", "properties": { "@osmId": "way/515206306", "@snapshotTimestamp": "2019-01-01T00:00:00Z" }, "geometry": { "type": "LineString", "coordinates": [ [ 35.4071832, -1.4488321 ], [ 35.3727509, -1.4647011 ] ] } },
{ "type": "Feature", "properties": { "@osmId": "way/643412499", "@snapshotTimestamp": "2019-01-01T00:00:00Z" }, "geometry": { "type": "LineString", "coordinates": [ [ 35.4083193, -1.4477426 ], [ 35.4071832, -1.4488321 ] ] } },
{ "type": "Feature", "properties": { "@osmId": "way/204104929", "@snapshotTimestamp": "2019-01-01T00:00:00Z" }, "geometry": { "type": "LineString", "coordinates": [ [ 35.2083313, -1.4432333 ], [ 35.2079559, -1.4432248 ] ] } },
{ "type": "Feature", "properties": { "@osmId": "way/643412500", "@snapshotTimestamp": "2019-01-01T00:00:00Z" }, "geometry": { "type": "LineString", "coordinates": [ [ 35.4131976, -1.4346262 ], [ 35.4083193, -1.4477426 ] ] } },
{ "type": "Feature", "properties": { "@osmId": "way/515206308", "@snapshotTimestamp": "2019-01-01T00:00:00Z" }, "geometry": { "type": "LineString", "coordinates": [ [ 35.413238, -1.4344156 ], [ 35.4131976, -1.4346262 ] ] } },
{ "type": "Feature", "properties": { "@osmId": "way/204104930", "@snapshotTimestamp": "2019-01-01T00:00:00Z" }, "geometry": { "type": "LineString", "coordinates": [ [ 35.2404955, -1.1682388 ], [ 35.2651404, -1.3033959 ], [ 35.2083313, -1.4432333 ] ] } },
{ "type": "Feature", "properties": { "@osmId": "way/367875884", "@snapshotTimestamp": "2019-01-01T00:00:00Z" }, "geometry": { "type": "LineString", "coordinates": [ [ 35.041053, -1.2191881 ], [ 35.2564232, -1.1629692 ] ] } },
{ "type": "Feature", "properties": { "@osmId": "way/34357432", "@snapshotTimestamp": "2019-01-01T00:00:00Z" }, "geometry": { "type": "LineString", "coordinates": [ [ 35.6058857, -1.0031239 ], [ 35.2989204, -1.123494 ], [ 35.2564232, -1.1629692 ] ] } },
{ "type": "Feature", "properties": { "@osmId": "way/36837957", "@snapshotTimestamp": "2019-01-01T00:00:00Z" }, "geometry": { "type": "LineString", "coordinates": [ [ 34.808902, -1.2279079 ], [ 34.9174353, -1.2725253 ], [ 35.0358995, -1.2228489 ] ] } },
{ "type": "Feature", "properties": { "@osmId": "way/48057150", "@snapshotTimestamp": "2019-01-01T00:00:00Z" }, "geometry": { "type": "LineString", "coordinates": [ [ 35.0358995, -1.2228489 ], [ 35.0365188, -1.2230387 ] ] } },
{ "type": "Feature", "properties": { "@osmId": "way/48057146", "@snapshotTimestamp": "2019-01-01T00:00:00Z" }, "geometry": { "type": "LineString", "coordinates": [ [ 35.0365188, -1.2230387 ], [ 35.041053, -1.2191881 ] ] } },
{ "type": "Feature", "properties": { "@osmId": "way/209405056", "@snapshotTimestamp": "2019-01-01T00:00:00Z" }, "geometry": { "type": "LineString", "coordinates": [ [ 34.8365046, -1.1723783 ], [ 34.808902, -1.2279079 ] ] } },
{ "type": "Feature", "properties": { "@osmId": "way/209405059", "@snapshotTimestamp": "2019-01-01T00:00:00Z" }, "geometry": { "type": "LineString", "coordinates": [ [ 34.8368612, -1.1720738 ], [ 34.8365046, -1.1723783 ] ] } },
{ "type": "Feature", "properties": { "@osmId": "way/127678306", "@snapshotTimestamp": "2019-01-01T00:00:00Z" }, "geometry": { "type": "LineString", "coordinates": [ [ 34.8828364, -1.0079068 ], [ 34.882305, -1.0899072 ], [ 34.8368612, -1.1720738 ] ] } },
{ "type": "Feature", "properties": { "@osmId": "way/597296186", "@snapshotTimestamp": "2019-01-01T00:00:00Z" }, "geometry": { "type": "LineString", "coordinates": [ [ 34.8405038, -0.9317684 ], [ 34.8828364, -1.0079068 ] ] } },
{ "type": "Feature", "properties": { "@osmId": "way/276342424", "@snapshotTimestamp": "2019-01-01T00:00:00Z" }, "geometry": { "type": "LineString", "coordinates": [ [ 34.9837324, -0.8811492 ], [ 34.9453644, -0.9694212 ], [ 34.8828364, -1.0079068 ] ] } },
{ "type": "Feature", "properties": { "@osmId": "way/36826035", "@snapshotTimestamp": "2019-01-01T00:00:00Z" }, "geometry": { "type": "LineString", "coordinates": [ [ 34.8405038, -0.9317684 ], [ 34.9041463, -0.8713336 ] ] } },
{ "type": "Feature", "properties": { "@osmId": "way/34357760", "@snapshotTimestamp": "2019-01-01T00:00:00Z" }, "geometry": { "type": "LineString", "coordinates": [ [ 34.759787, -0.8625588 ], [ 34.8000045, -0.9227678 ], [ 34.8405038, -0.9317684 ] ] } },
{ "type": "Feature", "properties": { "@osmId": "way/332548673", "@snapshotTimestamp": "2019-01-01T00:00:00Z" }, "geometry": { "type": "LineString", "coordinates": [ [ 35.7591554, -1.1534215 ], [ 35.7590175, -1.1532446 ] ] } },
{ "type": "Feature", "properties": { "@osmId": "way/515206310", "@snapshotTimestamp": "2019-01-01T00:00:00Z" }, "geometry": { "type": "LineString", "coordinates": [ [ 35.802043, -1.1207315 ], [ 35.7591554, -1.1534215 ] ] } },
{ "type": "Feature", "properties": { "@osmId": "way/515206309", "@snapshotTimestamp": "2019-01-01T00:00:00Z" }, "geometry": { "type": "LineString", "coordinates": [ [ 35.8022652, -1.1205643 ], [ 35.802043, -1.1207315 ] ] } },
{ "type": "Feature", "properties": { "@osmId": "way/34358099", "@snapshotTimestamp": "2019-01-01T00:00:00Z" }, "geometry": { "type": "LineString", "coordinates": [ [ 35.7492918, -1.0628287 ], [ 35.8343551, -1.1005649 ] ] } },
{ "type": "Feature", "properties": { "@osmId": "way/542832008", "@snapshotTimestamp": "2019-01-01T00:00:00Z" }, "geometry": { "type": "LineString", "coordinates": [ [ 35.6918978, -1.0262302 ], [ 35.7492918, -1.0628287 ] ] } },
{ "type": "Feature", "properties": { "@osmId": "way/542832009", "@snapshotTimestamp": "2019-01-01T00:00:00Z" }, "geometry": { "type": "LineString", "coordinates": [ [ 35.691533, -1.0262257 ], [ 35.6918978, -1.0262302 ] ] } },
{ "type": "Feature", "properties": { "@osmId": "way/34359183", "@snapshotTimestamp": "2019-01-01T00:00:00Z" }, "geometry": { "type": "LineString", "coordinates": [ [ 35.6497036, -1.0174643 ], [ 35.691533, -1.0262257 ] ] } },
{ "type": "Feature", "properties": { "@osmId": "way/34358745", "@snapshotTimestamp": "2019-01-01T00:00:00Z" }, "geometry": { "type": "LineString", "coordinates": [ [ 35.6076956, -1.0017605 ], [ 35.6497036, -1.0174643 ] ] } },
{ "type": "Feature", "properties": { "@osmId": "way/380823235", "@snapshotTimestamp": "2019-01-01T00:00:00Z" }, "geometry": { "type": "LineString", "coordinates": [ [ 35.6076956, -1.0017605 ], [ 35.6058857, -1.0031239 ] ] } },
{ "type": "Feature", "properties": { "@osmId": "way/34359142", "@snapshotTimestamp": "2019-01-01T00:00:00Z" }, "geometry": { "type": "LineString", "coordinates": [ [ 35.4334039, -0.9575117 ], [ 35.6076956, -1.0017605 ] ] } },
{ "type": "Feature", "properties": { "@osmId": "way/648101097", "@snapshotTimestamp": "2019-01-01T00:00:00Z" }, "geometry": { "type": "LineString", "coordinates": [ [ 35.250035, -1.0098792 ], [ 35.2480075, -1.0109635 ] ] } },
{ "type": "Feature", "properties": { "@osmId": "way/648101101", "@snapshotTimestamp": "2019-01-01T00:00:00Z" }, "geometry": { "type": "LineString", "coordinates": [ [ 35.250035, -1.0098792 ], [ 35.2481499, -1.0108592 ] ] } },
{ "type": "Feature", "properties": { "@osmId": "way/648088469", "@snapshotTimestamp": "2019-01-01T00:00:00Z" }, "geometry": { "type": "LineString", "coordinates": [ [ 35.266508, -1.0072889 ], [ 35.2652193, -1.0086395 ] ] } },
{ "type": "Feature", "properties": { "@osmId": "way/648121007", "@snapshotTimestamp": "2019-01-01T00:00:00Z" }, "geometry": { "type": "LineString", "coordinates": [ [ 35.2706635, -0.9976491 ], [ 35.2677788, -0.9992035 ] ] } },
{ "type": "Feature", "properties": { "@osmId": "way/544105101", "@snapshotTimestamp": "2019-01-01T00:00:00Z" }, "geometry": { "type": "LineString", "coordinates": [ [ 35.2603492, -0.9901121 ], [ 35.2521303, -1.0025401 ] ] } },
{ "type": "Feature", "properties": { "@osmId": "way/544105100", "@snapshotTimestamp": "2019-01-01T00:00:00Z" }, "geometry": { "type": "LineString", "coordinates": [ [ 35.2606827, -0.9899119 ], [ 35.2603492, -0.9901121 ] ] } },
{ "type": "Feature", "properties": { "@osmId": "way/563678312", "@snapshotTimestamp": "2019-01-01T00:00:00Z" }, "geometry": { "type": "LineString", "coordinates": [ [ 35.1588768, -0.9472938 ], [ 35.2521303, -1.0025401 ] ] } },
{ "type": "Feature", "properties": { "@osmId": "way/563005868", "@snapshotTimestamp": "2019-01-01T00:00:00Z" }, "geometry": { "type": "LineString", "coordinates": [ [ 35.4235705, -0.942869 ], [ 35.4334039, -0.9575117 ] ] } },
{ "type": "Feature", "properties": { "@osmId": "way/563005867", "@snapshotTimestamp": "2019-01-01T00:00:00Z" }, "geometry": { "type": "LineString", "coordinates": [ [ 35.4234149, -0.9425145 ], [ 35.4235705, -0.942869 ] ] } },
{ "type": "Feature", "properties": { "@osmId": "way/475484314", "@snapshotTimestamp": "2019-01-01T00:00:00Z" }, "geometry": { "type": "LineString", "coordinates": [ [ 35.1588768, -0.9472938 ], [ 35.1259749, -0.9309323 ] ] } },
{ "type": "Feature", "properties": { "@osmId": "way/475484312", "@snapshotTimestamp": "2019-01-01T00:00:00Z" }, "geometry": { "type": "LineString", "coordinates": [ [ 35.1259749, -0.9309323 ], [ 35.1258285, -0.9308541 ] ] } },
{ "type": "Feature", "properties": { "@osmId": "way/475484311", "@snapshotTimestamp": "2019-01-01T00:00:00Z" }, "geometry": { "type": "LineString", "coordinates": [ [ 35.1258285, -0.9308541 ], [ 35.1256691, -0.9307566 ] ] } },
{ "type": "Feature", "properties": { "@osmId": "way/475484316", "@snapshotTimestamp": "2019-01-01T00:00:00Z" }, "geometry": { "type": "LineString", "coordinates": [ [ 35.1256691, -0.9307566 ], [ 35.1179819, -0.9208874 ] ] } },
{ "type": "Feature", "properties": { "@osmId": "way/475484315", "@snapshotTimestamp": "2019-01-01T00:00:00Z" }, "geometry": { "type": "LineString", "coordinates": [ [ 35.1179819, -0.9208874 ], [ 35.1178746, -0.9208096 ] ] } },
{ "type": "Feature", "properties": { "@osmId": "way/547104046", "@snapshotTimestamp": "2019-01-01T00:00:00Z" }, "geometry": { "type": "LineString", "coordinates": [ [ 35.3184845, -0.8292371 ], [ 35.3242186, -0.8751008 ], [ 35.2606827, -0.9899119 ] ] } },
{ "type": "Feature", "properties": { "@osmId": "way/34357679", "@snapshotTimestamp": "2019-01-01T00:00:00Z" }, "geometry": { "type": "LineString", "coordinates": [ [ 35.1178746, -0.9208096 ], [ 35.0946661, -0.914136 ], [ 35.097553, -0.8851365 ], [ 35.0728027, -0.8947541 ] ] } },
{ "type": "Feature", "properties": { "@osmId": "way/547031143", "@snapshotTimestamp": "2019-01-01T00:00:00Z" }, "geometry": { "type": "LineString", "coordinates": [ [ 35.3505411, -0.8306422 ], [ 35.3933277, -0.8542915 ], [ 35.4234149, -0.9425145 ] ] } },
{ "type": "Feature", "properties": { "@osmId": "way/547031142", "@snapshotTimestamp": "2019-01-01T00:00:00Z" }, "geometry": { "type": "LineString", "coordinates": [ [ 35.3504571, -0.8304975 ], [ 35.3505411, -0.8306422 ] ] } },
{ "type": "Feature", "properties": { "@osmId": "way/547104047", "@snapshotTimestamp": "2019-01-01T00:00:00Z" }, "geometry": { "type": "LineString", "coordinates": [ [ 35.3185428, -0.8291588 ], [ 35.3184845, -0.8292371 ] ] } },
{ "type": "Feature", "properties": { "@osmId": "way/204415956", "@snapshotTimestamp": "2019-01-01T00:00:00Z" }, "geometry": { "type": "LineString", "coordinates": [ [ 35.0925289, -0.8448945 ], [ 35.1149076, -0.8097244 ] ] } },
{ "type": "Feature", "properties": { "@osmId": "way/276342421", "@snapshotTimestamp": "2019-01-01T00:00:00Z" }, "geometry": { "type": "LineString", "coordinates": [ [ 35.0728027, -0.8947541 ], [ 35.0347186, -0.8799607 ] ] } },
{ "type": "Feature", "properties": { "@osmId": "way/309981530", "@snapshotTimestamp": "2019-01-01T00:00:00Z" }, "geometry": { "type": "LineString", "coordinates": [ [ 34.9897203, -0.8720415 ], [ 34.9837324, -0.8811492 ] ] } },
{ "type": "Feature", "properties": { "@osmId": "way/309981529", "@snapshotTimestamp": "2019-01-01T00:00:00Z" }, "geometry": { "type": "LineString", "coordinates": [ [ 35.0347186, -0.8799607 ], [ 34.9897203, -0.8720415 ] ] } },
{ "type": "Feature", "properties": { "@osmId": "way/34359187", "@snapshotTimestamp": "2019-01-01T00:00:00Z" }, "geometry": { "type": "LineString", "coordinates": [ [ 35.0728027, -0.8947541 ], [ 35.0924422, -0.8450053 ] ] } },
{ "type": "Feature", "properties": { "@osmId": "way/476445475", "@snapshotTimestamp": "2019-01-01T00:00:00Z" }, "geometry": { "type": "LineString", "coordinates": [ [ 34.9041463, -0.8713336 ], [ 34.9057273, -0.8678605 ] ] } },
{ "type": "Feature", "properties": { "@osmId": "way/587294914", "@snapshotTimestamp": "2019-01-01T00:00:00Z" }, "geometry": { "type": "LineString", "coordinates": [ [ 34.9057273, -0.8678605 ], [ 34.8998845, -0.8541136 ] ] } },
{ "type": "Feature", "properties": { "@osmId": "way/476445476", "@snapshotTimestamp": "2019-01-01T00:00:00Z" }, "geometry": { "type": "LineString", "coordinates": [ [ 34.8998845, -0.8541136 ], [ 34.8886846, -0.8384239 ] ] } },
{ "type": "Feature", "properties": { "@osmId": "way/204415955", "@snapshotTimestamp": "2019-01-01T00:00:00Z" }, "geometry": { "type": "LineString", "coordinates": [ [ 35.0924422, -0.8450053 ], [ 35.0925289, -0.8448945 ] ] } },
{ "type": "Feature", "properties": { "@osmId": "way/372692020", "@snapshotTimestamp": "2019-01-01T00:00:00Z" }, "geometry": { "type": "LineString", "coordinates": [ [ 34.9894036, -0.8683919 ], [ 34.9844851, -0.7962061 ] ] } },
{ "type": "Feature", "properties": { "@osmId": "way/587294913", "@snapshotTimestamp": "2019-01-01T00:00:00Z" }, "geometry": { "type": "LineString", "coordinates": [ [ 34.9041463, -0.8713336 ], [ 34.9369572, -0.8775416 ], [ 34.9475862, -0.7798765 ] ] } },
{ "type": "Feature", "properties": { "@osmId": "way/34359123", "@snapshotTimestamp": "2019-01-01T00:00:00Z" }, "geometry": { "type": "LineString", "coordinates": [ [ 35.3346225, -0.8197502 ], [ 35.3504571, -0.8304975 ] ] } },
{ "type": "Feature", "properties": { "@osmId": "way/34358829", "@snapshotTimestamp": "2019-01-01T00:00:00Z" }, "geometry": { "type": "LineString", "coordinates": [ [ 35.3346225, -0.8197502 ], [ 35.3185428, -0.8291588 ] ] } },
{ "type": "Feature", "properties": { "@osmId": "way/542832855", "@snapshotTimestamp": "2019-01-01T00:00:00Z" }, "geometry": { "type": "LineString", "coordinates": [ [ 35.3463806, -0.7898974 ], [ 35.3346225, -0.8197502 ] ] } },
{ "type": "Feature", "properties": { "@osmId": "way/217347065", "@snapshotTimestamp": "2019-01-01T00:00:00Z" }, "geometry": { "type": "LineString", "coordinates": [ [ 35.0919352, -0.7852275 ], [ 35.1149076, -0.8097244 ] ] } },
{ "type": "Feature", "properties": { "@osmId": "way/542832856", "@snapshotTimestamp": "2019-01-01T00:00:00Z" }, "geometry": { "type": "LineString", "coordinates": [ [ 35.3462592, -0.7897101 ], [ 35.3463806, -0.7898974 ] ] } },
{ "type": "Feature", "properties": { "@osmId": "way/34358487", "@snapshotTimestamp": "2019-01-01T00:00:00Z" }, "geometry": { "type": "LineString", "coordinates": [ [ 35.3389432, -0.7772264 ], [ 35.3462592, -0.7897101 ] ] } },
{ "type": "Feature", "properties": { "@osmId": "way/33402279", "@snapshotTimestamp": "2019-01-01T00:00:00Z" }, "geometry": { "type": "LineString", "coordinates": [ [ 35.226981, -0.7617809 ], [ 35.3389432, -0.7772264 ] ] } },
{ "type": "Feature", "properties": { "@osmId": "way/250138592", "@snapshotTimestamp": "2019-01-01T00:00:00Z" }, "geometry": { "type": "LineString", "coordinates": [ [ 35.2268393, -0.7617633 ], [ 35.226981, -0.7617809 ] ] } },
{ "type": "Feature", "properties": { "@osmId": "way/34357773", "@snapshotTimestamp": "2019-01-01T00:00:00Z" }, "geometry": { "type": "LineString", "coordinates": [ [ 35.3470408, -0.7416694 ], [ 35.3389432, -0.7772264 ] ] } },
{ "type": "Feature", "properties": { "@osmId": "way/34358923", "@snapshotTimestamp": "2019-01-01T00:00:00Z" }, "geometry": { "type": "LineString", "coordinates": [ [ 35.214615, -0.7508195 ], [ 35.2268393, -0.7617633 ] ] } },
{ "type": "Feature", "properties": { "@osmId": "way/314120783", "@snapshotTimestamp": "2019-01-01T00:00:00Z" }, "geometry": { "type": "LineString", "coordinates": [ [ 34.8427991, -0.7804078 ], [ 34.8886846, -0.8384239 ] ] } },
{ "type": "Feature", "properties": { "@osmId": "way/314120337", "@snapshotTimestamp": "2019-01-01T00:00:00Z" }, "geometry": { "type": "LineString", "coordinates": [ [ 34.8292974, -0.7789604 ], [ 34.8047393, -0.8027472 ] ] } },
{ "type": "Feature", "properties": { "@osmId": "way/217347066", "@snapshotTimestamp": "2019-01-01T00:00:00Z" }, "geometry": { "type": "LineString", "coordinates": [ [ 35.0918844, -0.785022 ], [ 35.0919352, -0.7852275 ] ] } },
{ "type": "Feature", "properties": { "@osmId": "way/314120782", "@snapshotTimestamp": "2019-01-01T00:00:00Z" }, "geometry": { "type": "LineString", "coordinates": [ [ 34.8365258, -0.7787571 ], [ 34.8427991, -0.7804078 ] ] } },
{ "type": "Feature", "properties": { "@osmId": "way/314120336", "@snapshotTimestamp": "2019-01-01T00:00:00Z" }, "geometry": { "type": "LineString", "coordinates": [ [ 34.8301345, -0.7772935 ], [ 34.8365258, -0.7787571 ] ] } },
{ "type": "Feature", "properties": { "@osmId": "way/314120335", "@snapshotTimestamp": "2019-01-01T00:00:00Z" }, "geometry": { "type": "LineString", "coordinates": [ [ 34.8461813, -0.7335769 ], [ 34.8292974, -0.7789604 ] ] } },
{ "type": "Feature", "properties": { "@osmId": "way/650597209", "@snapshotTimestamp": "2019-01-01T00:00:00Z" }, "geometry": { "type": "LineString", "coordinates": [ [ 34.8864192, -0.7446819 ], [ 34.9534369, -0.7817495 ], [ 35.0137715, -0.76072 ], [ 35.0441399, -0.7121235 ] ] } },
{ "type": "Feature", "properties": { "@osmId": "way/34359185", "@snapshotTimestamp": "2019-01-01T00:00:00Z" }, "geometry": { "type": "LineString", "coordinates": [ [ 35.0917918, -0.6868157 ], [ 35.0918844, -0.785022 ] ] } },
{ "type": "Feature", "properties": { "@osmId": "way/426373044", "@snapshotTimestamp": "2019-01-01T00:00:00Z" }, "geometry": { "type": "LineString", "coordinates": [ [ 34.8218885, -0.7113116 ], [ 34.8864192, -0.7446819 ] ] } },
{ "type": "Feature", "properties": { "@osmId": "way/597913501", "@snapshotTimestamp": "2019-01-01T00:00:00Z" }, "geometry": { "type": "LineString", "coordinates": [ [ 34.8217946, -0.7111534 ], [ 34.8218885, -0.7113116 ] ] } },
{ "type": "Feature", "properties": { "@osmId": "way/428573649", "@snapshotTimestamp": "2019-01-01T00:00:00Z" }, "geometry": { "type": "LineString", "coordinates": [ [ 34.5831773, -1.3184106 ], [ 34.5926823, -1.3077394 ] ] } },
{ "type": "Feature", "properties": { "@osmId": "way/34358522", "@snapshotTimestamp": "2019-01-01T00:00:00Z" }, "geometry": { "type": "MultiLineString", "coordinates": [ [ [ 34.4705253, -1.257841 ], [ 34.48369698092857, -1.26852446105188 ] ], [ [ 34.494948300272583, -1.274806630964243 ], [ 34.585706501763852, -1.325473279770641 ] ], [ [ 34.641068000641766, -1.356379065037958 ], [ 34.65261345845672, -1.36282436451998 ] ] ] } },
{ "type": "Feature", "properties": { "@osmId": "way/428578599", "@snapshotTimestamp": "2019-01-01T00:00:00Z" }, "geometry": { "type": "LineString", "coordinates": [ [ 34.5465292, -1.2733554 ], [ 34.5926823, -1.3077394 ] ] } },
{ "type": "Feature", "properties": { "@osmId": "way/466109485", "@snapshotTimestamp": "2019-01-01T00:00:00Z" }, "geometry": { "type": "LineString", "coordinates": [ [ 34.5464693, -1.2733056 ], [ 34.5465292, -1.2733554 ] ] } },
{ "type": "Feature", "properties": { "@osmId": "way/450203270", "@snapshotTimestamp": "2019-01-01T00:00:00Z" }, "geometry": { "type": "LineString", "coordinates": [ [ 34.4970661, -1.2540817 ], [ 34.5464693, -1.2733056 ] ] } },
{ "type": "Feature", "properties": { "@osmId": "way/464373575", "@snapshotTimestamp": "2019-01-01T00:00:00Z" }, "geometry": { "type": "LineString", "coordinates": [ [ 34.4752656, -1.2446491 ], [ 34.458921135069893, -1.254690876860747 ] ] } },
{ "type": "Feature", "properties": { "@osmId": "way/461120654", "@snapshotTimestamp": "2019-01-01T00:00:00Z" }, "geometry": { "type": "LineString", "coordinates": [ [ 34.4807634, -1.2476223 ], [ 34.4970661, -1.2540817 ] ] } },
{ "type": "Feature", "properties": { "@osmId": "way/461120652", "@snapshotTimestamp": "2019-01-01T00:00:00Z" }, "geometry": { "type": "LineString", "coordinates": [ [ 34.4802235, -1.2473241 ], [ 34.4807634, -1.2476223 ] ] } },
{ "type": "Feature", "properties": { "@osmId": "way/461120614", "@snapshotTimestamp": "2019-01-01T00:00:00Z" }, "geometry": { "type": "LineString", "coordinates": [ [ 34.4752759, -1.2445634 ], [ 34.4802235, -1.2473241 ] ] } },
{ "type": "Feature", "properties": { "@osmId": "way/364744973", "@snapshotTimestamp": "2019-01-01T00:00:00Z" }, "geometry": { "type": "LineString", "coordinates": [ [ 34.4752826, -1.2445291 ], [ 34.4752656, -1.2446491 ] ] } },
{ "type": "Feature", "properties": { "@osmId": "way/34358035", "@snapshotTimestamp": "2019-01-01T00:00:00Z" }, "geometry": { "type": "LineString", "coordinates": [ [ 34.6322151, -1.1629897 ], [ 34.6828396, -1.1950764 ] ] } },
{ "type": "Feature", "properties": { "@osmId": "way/516547583", "@snapshotTimestamp": "2019-01-01T00:00:00Z" }, "geometry": { "type": "LineString", "coordinates": [ [ 34.6319906, -1.1629083 ], [ 34.6322151, -1.1629897 ] ] } },
{ "type": "Feature", "properties": { "@osmId": "way/23854461", "@snapshotTimestamp": "2019-01-01T00:00:00Z" }, "geometry": { "type": "LineString", "coordinates": [ [ 34.4711278, -1.0668187 ], [ 34.4444368, -1.1632696 ], [ 34.4752826, -1.2445291 ] ] } },
{ "type": "Feature", "properties": { "@osmId": "way/34357580", "@snapshotTimestamp": "2019-01-01T00:00:00Z" }, "geometry": { "type": "LineString", "coordinates": [ [ 34.5337838, -1.1214351 ], [ 34.6319906, -1.1629083 ] ] } },
{ "type": "Feature", "properties": { "@osmId": "way/441102489", "@snapshotTimestamp": "2019-01-01T00:00:00Z" }, "geometry": { "type": "LineString", "coordinates": [ [ 34.508881, -1.1122858 ], [ 34.5337838, -1.1214351 ] ] } },
{ "type": "Feature", "properties": { "@osmId": "way/440586718", "@snapshotTimestamp": "2019-01-01T00:00:00Z" }, "geometry": { "type": "LineString", "coordinates": [ [ 34.479092, -1.1105981 ], [ 34.5087548, -1.1122714 ] ] } },
{ "type": "Feature", "properties": { "@osmId": "way/441102488", "@snapshotTimestamp": "2019-01-01T00:00:00Z" }, "geometry": { "type": "LineString", "coordinates": [ [ 34.5087548, -1.1122714 ], [ 34.508881, -1.1122858 ] ] } },
{ "type": "Feature", "properties": { "@osmId": "way/440586717", "@snapshotTimestamp": "2019-01-01T00:00:00Z" }, "geometry": { "type": "LineString", "coordinates": [ [ 34.4790091, -1.1105018 ], [ 34.479092, -1.1105981 ] ] } },
{ "type": "Feature", "properties": { "@osmId": "way/359025384", "@snapshotTimestamp": "2019-01-01T00:00:00Z" }, "geometry": { "type": "LineString", "coordinates": [ [ 34.3321683, -1.1213226 ], [ 34.4445783, -1.0843756 ] ] } },
{ "type": "Feature", "properties": { "@osmId": "way/34358818", "@snapshotTimestamp": "2019-01-01T00:00:00Z" }, "geometry": { "type": "LineString", "coordinates": [ [ 34.4559913, -1.0953776 ], [ 34.4790091, -1.1105018 ] ] } },
{ "type": "Feature", "properties": { "@osmId": "way/440637814", "@snapshotTimestamp": "2019-01-01T00:00:00Z" }, "geometry": { "type": "LineString", "coordinates": [ [ 34.3321683, -1.1213226 ], [ 34.2907828, -1.1018611 ] ] } },
{ "type": "Feature", "properties": { "@osmId": "way/359025395", "@snapshotTimestamp": "2019-01-01T00:00:00Z" }, "geometry": { "type": "LineString", "coordinates": [ [ 34.2896671, -1.1017839 ], [ 34.2907828, -1.1018611 ] ] } },
{ "type": "Feature", "properties": { "@osmId": "way/490245999", "@snapshotTimestamp": "2019-01-01T00:00:00Z" }, "geometry": { "type": "LineString", "coordinates": [ [ 34.2920416, -1.0924599 ], [ 34.2907828, -1.1018611 ] ] } },
{ "type": "Feature", "properties": { "@osmId": "way/443920793", "@snapshotTimestamp": "2019-01-01T00:00:00Z" }, "geometry": { "type": "LineString", "coordinates": [ [ 34.2708999, -1.0887878 ], [ 34.2896671, -1.1017839 ] ] } },
{ "type": "Feature", "properties": { "@osmId": "way/490246000", "@snapshotTimestamp": "2019-01-01T00:00:00Z" }, "geometry": { "type": "LineString", "coordinates": [ [ 34.2920037, -1.0923817 ], [ 34.2920416, -1.0924599 ] ] } },
{ "type": "Feature", "properties": { "@osmId": "way/443920792", "@snapshotTimestamp": "2019-01-01T00:00:00Z" }, "geometry": { "type": "LineString", "coordinates": [ [ 34.270694, -1.0889197 ], [ 34.2708999, -1.0887878 ] ] } },
{ "type": "Feature", "properties": { "@osmId": "way/359025397", "@snapshotTimestamp": "2019-01-01T00:00:00Z" }, "geometry": { "type": "LineString", "coordinates": [ [ 34.292976, -1.0749217 ], [ 34.2920037, -1.0923817 ] ] } },
{ "type": "Feature", "properties": { "@osmId": "way/359025398", "@snapshotTimestamp": "2019-01-01T00:00:00Z" }, "geometry": { "type": "LineString", "coordinates": [ [ 34.2253981, -1.0500588 ], [ 34.270694, -1.0889197 ] ] } },
{ "type": "Feature", "properties": { "@osmId": "way/456545785", "@snapshotTimestamp": "2019-01-01T00:00:00Z" }, "geometry": { "type": "LineString", "coordinates": [ [ 34.091261113574582, -1.048009061629967 ], [ 34.1087265, -1.0356531 ] ] } },
{ "type": "Feature", "properties": { "@osmId": "way/438750403", "@snapshotTimestamp": "2019-01-01T00:00:00Z" }, "geometry": { "type": "LineString", "coordinates": [ [ 34.1102818, -1.0337938 ], [ 34.1087265, -1.0356531 ] ] } },
{ "type": "Feature", "properties": { "@osmId": "way/474703095", "@snapshotTimestamp": "2019-01-01T00:00:00Z" }, "geometry": { "type": "LineString", "coordinates": [ [ 34.706453986144943, -1.392881061342453 ], [ 34.698947788962968, -1.388690695781871 ] ] } },
{ "type": "Feature", "properties": { "@osmId": "way/204115227", "@snapshotTimestamp": "2019-01-01T00:00:00Z" }, "geometry": { "type": "LineString", "coordinates": [ [ 34.7110537, -1.2037278 ], [ 34.808902, -1.2279079 ] ] } },
{ "type": "Feature", "properties": { "@osmId": "way/204115226", "@snapshotTimestamp": "2019-01-01T00:00:00Z" }, "geometry": { "type": "LineString", "coordinates": [ [ 34.7105727, -1.2041321 ], [ 34.7110537, -1.2037278 ] ] } },
{ "type": "Feature", "properties": { "@osmId": "way/34358859", "@snapshotTimestamp": "2019-01-01T00:00:00Z" }, "geometry": { "type": "LineString", "coordinates": [ [ 34.6828396, -1.1950764 ], [ 34.7105727, -1.2041321 ] ] } },
{ "type": "Feature", "properties": { "@osmId": "way/34358465", "@snapshotTimestamp": "2019-01-01T00:00:00Z" }, "geometry": { "type": "LineString", "coordinates": [ [ 34.7257283, -0.7989685 ], [ 34.759787, -0.8625588 ] ] } },
{ "type": "Feature", "properties": { "@osmId": "way/225239569", "@snapshotTimestamp": "2019-01-01T00:00:00Z" }, "geometry": { "type": "LineString", "coordinates": [ [ 34.7263436, -0.7980687 ], [ 34.7257283, -0.7989685 ] ] } },
{ "type": "Feature", "properties": { "@osmId": "way/225239568", "@snapshotTimestamp": "2019-01-01T00:00:00Z" }, "geometry": { "type": "LineString", "coordinates": [ [ 34.7267111, -0.7976171 ], [ 34.7263436, -0.7980687 ] ] } },
{ "type": "Feature", "properties": { "@osmId": "way/204415957", "@snapshotTimestamp": "2019-01-01T00:00:00Z" }, "geometry": { "type": "LineString", "coordinates": [ [ 34.7219831, -0.7968543 ], [ 34.7257283, -0.7989685 ] ] } },
{ "type": "Feature", "properties": { "@osmId": "way/204415958", "@snapshotTimestamp": "2019-01-01T00:00:00Z" }, "geometry": { "type": "LineString", "coordinates": [ [ 34.7218585, -0.796896 ], [ 34.7219831, -0.7968543 ] ] } },
{ "type": "Feature", "properties": { "@osmId": "way/34359064", "@snapshotTimestamp": "2019-01-01T00:00:00Z" }, "geometry": { "type": "LineString", "coordinates": [ [ 34.6671297, -0.7572451 ], [ 34.7218585, -0.796896 ] ] } },
{ "type": "Feature", "properties": { "@osmId": "way/489612876", "@snapshotTimestamp": "2019-01-01T00:00:00Z" }, "geometry": { "type": "LineString", "coordinates": [ [ 34.1102818, -1.0337938 ], [ 34.1190402, -1.0135544 ] ] } },
{ "type": "Feature", "properties": { "@osmId": "way/230047935", "@snapshotTimestamp": "2019-01-01T00:00:00Z" }, "geometry": { "type": "LineString", "coordinates": [ [ 34.3129598, -1.0211281 ], [ 34.3130139, -1.020924 ] ] } },
{ "type": "Feature", "properties": { "@osmId": "way/34357877", "@snapshotTimestamp": "2019-01-01T00:00:00Z" }, "geometry": { "type": "LineString", "coordinates": [ [ 34.278823, -1.0089617 ], [ 34.3129598, -1.0211281 ] ] } },
{ "type": "Feature", "properties": { "@osmId": "way/379348141", "@snapshotTimestamp": "2019-01-01T00:00:00Z" }, "geometry": { "type": "LineString", "coordinates": [ [ 34.1508713, -1.0156912 ], [ 34.1510534, -1.0155921 ] ] } },
{ "type": "Feature", "properties": { "@osmId": "way/456799507", "@snapshotTimestamp": "2019-01-01T00:00:00Z" }, "geometry": { "type": "LineString", "coordinates": [ [ 34.1128001, -1.012606 ], [ 34.1508713, -1.0156912 ] ] } },
{ "type": "Feature", "properties": { "@osmId": "way/209405135", "@snapshotTimestamp": "2019-01-01T00:00:00Z" }, "geometry": { "type": "LineString", "coordinates": [ [ 34.2255259, -1.0133279 ], [ 34.2258365, -1.0135062 ] ] } },
{ "type": "Feature", "properties": { "@osmId": "way/209405137", "@snapshotTimestamp": "2019-01-01T00:00:00Z" }, "geometry": { "type": "LineString", "coordinates": [ [ 34.2258365, -1.0135062 ], [ 34.2288043, -1.0117739 ] ] } },
{ "type": "Feature", "properties": { "@osmId": "way/379348142", "@snapshotTimestamp": "2019-01-01T00:00:00Z" }, "geometry": { "type": "LineString", "coordinates": [ [ 34.1510534, -1.0155921 ], [ 34.1770622, -1.0046918 ] ] } },
{ "type": "Feature", "properties": { "@osmId": "way/34359121", "@snapshotTimestamp": "2019-01-01T00:00:00Z" }, "geometry": { "type": "LineString", "coordinates": [ [ 34.1892615, -1.0047697 ], [ 34.2255259, -1.0133279 ] ] } },
{ "type": "Feature", "properties": { "@osmId": "way/209405141", "@snapshotTimestamp": "2019-01-01T00:00:00Z" }, "geometry": { "type": "LineString", "coordinates": [ [ 34.2672579, -1.0048426 ], [ 34.278823, -1.0089617 ] ] } },
{ "type": "Feature", "properties": { "@osmId": "way/451695778", "@snapshotTimestamp": "2019-01-01T00:00:00Z" }, "geometry": { "type": "LineString", "coordinates": [ [ 34.4257018, -1.0728457 ], [ 34.4562248, -1.094724 ] ] } },
{ "type": "Feature", "properties": { "@osmId": "way/209405039", "@snapshotTimestamp": "2019-01-01T00:00:00Z" }, "geometry": { "type": "LineString", "coordinates": [ [ 34.4713606, -1.0662515 ], [ 34.4711278, -1.0668187 ] ] } },
{ "type": "Feature", "properties": { "@osmId": "way/448213732", "@snapshotTimestamp": "2019-01-01T00:00:00Z" }, "geometry": { "type": "LineString", "coordinates": [ [ 34.4750401, -1.03783 ], [ 34.4713606, -1.0662515 ] ] } },
{ "type": "Feature", "properties": { "@osmId": "way/451282151", "@snapshotTimestamp": "2019-01-01T00:00:00Z" }, "geometry": { "type": "LineString", "coordinates": [ [ 34.3130139, -1.020924 ], [ 34.4257018, -1.0728457 ] ] } },
{ "type": "Feature", "properties": { "@osmId": "way/209405043", "@snapshotTimestamp": "2019-01-01T00:00:00Z" }, "geometry": { "type": "LineString", "coordinates": [ [ 34.5004747, -0.9817226 ], [ 34.4750401, -1.03783 ] ] } },
{ "type": "Feature", "properties": { "@osmId": "way/209405041", "@snapshotTimestamp": "2019-01-01T00:00:00Z" }, "geometry": { "type": "LineString", "coordinates": [ [ 34.500619, -0.9815203 ], [ 34.5004747, -0.9817226 ] ] } },
{ "type": "Feature", "properties": { "@osmId": "way/34357498", "@snapshotTimestamp": "2019-01-01T00:00:00Z" }, "geometry": { "type": "LineString", "coordinates": [ [ 34.5111439, -0.9552245 ], [ 34.500619, -0.9815203 ] ] } },
{ "type": "Feature", "properties": { "@osmId": "way/204422460", "@snapshotTimestamp": "2019-01-01T00:00:00Z" }, "geometry": { "type": "LineString", "coordinates": [ [ 34.5330414, -0.9043068 ], [ 34.5111439, -0.9552245 ] ] } },
{ "type": "Feature", "properties": { "@osmId": "way/562137409", "@snapshotTimestamp": "2019-01-01T00:00:00Z" }, "geometry": { "type": "LineString", "coordinates": [ [ 34.5331796, -0.904111 ], [ 34.5330414, -0.9043068 ] ] } },
{ "type": "Feature", "properties": { "@osmId": "way/562137410", "@snapshotTimestamp": "2019-01-01T00:00:00Z" }, "geometry": { "type": "LineString", "coordinates": [ [ 34.5403758, -0.8951299 ], [ 34.5331796, -0.904111 ] ] } },
{ "type": "Feature", "properties": { "@osmId": "way/204422458", "@snapshotTimestamp": "2019-01-01T00:00:00Z" }, "geometry": { "type": "LineString", "coordinates": [ [ 34.5403667, -0.8949156 ], [ 34.5403758, -0.8951299 ] ] } },
{ "type": "Feature", "properties": { "@osmId": "way/126408665", "@snapshotTimestamp": "2019-01-01T00:00:00Z" }, "geometry": { "type": "LineString", "coordinates": [ [ 34.5511048, -0.8707336 ], [ 34.5403667, -0.8949156 ] ] } },
{ "type": "Feature", "properties": { "@osmId": "way/34358632", "@snapshotTimestamp": "2019-01-01T00:00:00Z" }, "geometry": { "type": "LineString", "coordinates": [ [ 34.5662919, -0.8619719 ], [ 34.5511048, -0.8707336 ] ] } },
{ "type": "Feature", "properties": { "@osmId": "way/34358688", "@snapshotTimestamp": "2019-01-01T00:00:00Z" }, "geometry": { "type": "LineString", "coordinates": [ [ 34.5868106, -0.8346958 ], [ 34.5662919, -0.8619719 ] ] } },
{ "type": "Feature", "properties": { "@osmId": "way/204104927", "@snapshotTimestamp": "2019-01-01T00:00:00Z" }, "geometry": { "type": "LineString", "coordinates": [ [ 34.5871202, -0.8340836 ], [ 34.5868106, -0.8346958 ] ] } },
{ "type": "Feature", "properties": { "@osmId": "way/448883115", "@snapshotTimestamp": "2019-01-01T00:00:00Z" }, "geometry": { "type": "LineString", "coordinates": [ [ 34.5903491, -0.8215778 ], [ 34.5956289, -0.8225925 ] ] } },
{ "type": "Feature", "properties": { "@osmId": "way/448571802", "@snapshotTimestamp": "2019-01-01T00:00:00Z" }, "geometry": { "type": "LineString", "coordinates": [ [ 34.6003373, -0.8210458 ], [ 34.5956289, -0.8225925 ] ] } },
{ "type": "Feature", "properties": { "@osmId": "way/448888407", "@snapshotTimestamp": "2019-01-01T00:00:00Z" }, "geometry": { "type": "LineString", "coordinates": [ [ 34.5880212, -0.8208486 ], [ 34.5903491, -0.8215778 ] ] } },
{ "type": "Feature", "properties": { "@osmId": "way/448423071", "@snapshotTimestamp": "2019-01-01T00:00:00Z" }, "geometry": { "type": "LineString", "coordinates": [ [ 34.5933757, -0.8127065 ], [ 34.631866, -0.8192823 ] ] } },
{ "type": "Feature", "properties": { "@osmId": "way/649115358", "@snapshotTimestamp": "2019-01-01T00:00:00Z" }, "geometry": { "type": "LineString", "coordinates": [ [ 34.6044205, -0.7567409 ], [ 34.5871202, -0.8340836 ] ] } },
{ "type": "Feature", "properties": { "@osmId": "way/209405138", "@snapshotTimestamp": "2019-01-01T00:00:00Z" }, "geometry": { "type": "LineString", "coordinates": [ [ 34.2288043, -1.0117739 ], [ 34.2670469, -1.0047905 ] ] } },
{ "type": "Feature", "properties": { "@osmId": "way/34358893", "@snapshotTimestamp": "2019-01-01T00:00:00Z" }, "geometry": { "type": "LineString", "coordinates": [ [ 34.0947252, -0.9992731 ], [ 34.1128001, -1.012606 ] ] } },
{ "type": "Feature", "properties": { "@osmId": "way/209405136", "@snapshotTimestamp": "2019-01-01T00:00:00Z" }, "geometry": { "type": "LineString", "coordinates": [ [ 34.2670469, -1.0047905 ], [ 34.2672579, -1.0048426 ] ] } },
{ "type": "Feature", "properties": { "@osmId": "way/379344895", "@snapshotTimestamp": "2019-01-01T00:00:00Z" }, "geometry": { "type": "LineString", "coordinates": [ [ 34.1891261, -1.004812 ], [ 34.1892615, -1.0047697 ] ] } },
{ "type": "Feature", "properties": { "@osmId": "way/379344908", "@snapshotTimestamp": "2019-01-01T00:00:00Z" }, "geometry": { "type": "LineString", "coordinates": [ [ 34.1808056, -1.0042365 ], [ 34.1891261, -1.004812 ] ] } },
{ "type": "Feature", "properties": { "@osmId": "way/34358978", "@snapshotTimestamp": "2019-01-01T00:00:00Z" }, "geometry": { "type": "LineString", "coordinates": [ [ 34.1808056, -1.0042365 ], [ 34.1770622, -1.0046918 ] ] } },
{ "type": "Feature", "properties": { "@osmId": "way/34358249", "@snapshotTimestamp": "2019-01-01T00:00:00Z" }, "geometry": { "type": "LineString", "coordinates": [ [ 34.321363, -0.7477887 ], [ 34.1570081, -0.8431125 ] ] } },
{ "type": "Feature", "properties": { "@osmId": "way/286205970", "@snapshotTimestamp": "2019-01-01T00:00:00Z" }, "geometry": { "type": "LineString", "coordinates": [ [ 34.0740639, -0.7312327 ], [ 34.1570081, -0.8431125 ] ] } },
{ "type": "Feature", "properties": { "@osmId": "way/334577980", "@snapshotTimestamp": "2019-01-01T00:00:00Z" }, "geometry": { "type": "LineString", "coordinates": [ [ 34.0543167, -0.644795 ], [ 34.0985371, -0.6211723 ], [ 34.078176, -0.592069 ], [ 34.1155273, -0.5539481 ] ] } },
{ "type": "Feature", "properties": { "@osmId": "way/333315074", "@snapshotTimestamp": "2019-01-01T00:00:00Z" }, "geometry": { "type": "LineString", "coordinates": [ [ 34.1135934, -0.5530345 ], [ 34.1671162, -0.5386584 ] ] } },
{ "type": "Feature", "properties": { "@osmId": "way/451984270", "@snapshotTimestamp": "2019-01-01T00:00:00Z" }, "geometry": { "type": "LineString", "coordinates": [ [ 34.5724444, -0.7773251 ], [ 34.5726097, -0.7743109 ] ] } },
{ "type": "Feature", "properties": { "@osmId": "way/447714208", "@snapshotTimestamp": "2019-01-01T00:00:00Z" }, "geometry": { "type": "LineString", "coordinates": [ [ 34.5726097, -0.7743109 ], [ 34.5730245, -0.7685933 ] ] } },
{ "type": "Feature", "properties": { "@osmId": "way/457770048", "@snapshotTimestamp": "2019-01-01T00:00:00Z" }, "geometry": { "type": "LineString", "coordinates": [ [ 34.6135638, -0.7640125 ], [ 34.6330366, -0.7725861 ] ] } },
{ "type": "Feature", "properties": { "@osmId": "way/447714209", "@snapshotTimestamp": "2019-01-01T00:00:00Z" }, "geometry": { "type": "LineString", "coordinates": [ [ 34.5903408, -0.7665271 ], [ 34.5843065, -0.7658605 ] ] } },
{ "type": "Feature", "properties": { "@osmId": "way/186052547", "@snapshotTimestamp": "2019-01-01T00:00:00Z" }, "geometry": { "type": "LineString", "coordinates": [ [ 34.5980818, -0.7657155 ], [ 34.5903408, -0.7665271 ] ] } },
{ "type": "Feature", "properties": { "@osmId": "way/448377832", "@snapshotTimestamp": "2019-01-01T00:00:00Z" }, "geometry": { "type": "LineString", "coordinates": [ [ 34.5843065, -0.7658605 ], [ 34.5730245, -0.7685933 ] ] } },
{ "type": "Feature", "properties": { "@osmId": "way/186053578", "@snapshotTimestamp": "2019-01-01T00:00:00Z" }, "geometry": { "type": "LineString", "coordinates": [ [ 34.6330366, -0.7725861 ], [ 34.6671297, -0.7572451 ] ] } },
{ "type": "Feature", "properties": { "@osmId": "way/96789413", "@snapshotTimestamp": "2019-01-01T00:00:00Z" }, "geometry": { "type": "LineString", "coordinates": [ [ 34.60234, -0.7585194 ], [ 34.6135638, -0.7640125 ] ] } },
{ "type": "Feature", "properties": { "@osmId": "way/455674188", "@snapshotTimestamp": "2019-01-01T00:00:00Z" }, "geometry": { "type": "LineString", "coordinates": [ [ 34.5387157, -0.68712 ], [ 34.603065, -0.7578886 ] ] } },
{ "type": "Feature", "properties": { "@osmId": "way/34357652", "@snapshotTimestamp": "2019-01-01T00:00:00Z" }, "geometry": { "type": "LineString", "coordinates": [ [ 34.7044774, -0.6786708 ], [ 34.6044205, -0.7567409 ] ] } },
{ "type": "Feature", "properties": { "@osmId": "way/455674193", "@snapshotTimestamp": "2019-01-01T00:00:00Z" }, "geometry": { "type": "LineString", "coordinates": [ [ 34.5306584, -0.6909019 ], [ 34.5486167, -0.6982547 ] ] } },
{ "type": "Feature", "properties": { "@osmId": "way/455674190", "@snapshotTimestamp": "2019-01-01T00:00:00Z" }, "geometry": { "type": "LineString", "coordinates": [ [ 34.5303706, -0.6908336 ], [ 34.5306584, -0.6909019 ] ] } },
{ "type": "Feature", "properties": { "@osmId": "way/455676514", "@snapshotTimestamp": "2019-01-01T00:00:00Z" }, "geometry": { "type": "LineString", "coordinates": [ [ 34.5167831, -0.6870059 ], [ 34.5303706, -0.6908336 ] ] } },
{ "type": "Feature", "properties": { "@osmId": "way/455674195", "@snapshotTimestamp": "2019-01-01T00:00:00Z" }, "geometry": { "type": "LineString", "coordinates": [ [ 34.538622, -0.6869279 ], [ 34.5387157, -0.68712 ] ] } },
{ "type": "Feature", "properties": { "@osmId": "way/220063098", "@snapshotTimestamp": "2019-01-01T00:00:00Z" }, "geometry": { "type": "LineString", "coordinates": [ [ 34.5026297, -0.6240272 ], [ 34.321363, -0.7477887 ] ] } },
{ "type": "Feature", "properties": { "@osmId": "way/34358921", "@snapshotTimestamp": "2019-01-01T00:00:00Z" }, "geometry": { "type": "LineString", "coordinates": [ [ 34.5031445, -0.6247655 ], [ 34.538622, -0.6869279 ] ] } },
{ "type": "Feature", "properties": { "@osmId": "way/232008029", "@snapshotTimestamp": "2019-01-01T00:00:00Z" }, "geometry": { "type": "LineString", "coordinates": [ [ 34.519172, -0.6049424 ], [ 34.5031445, -0.6247655 ] ] } },
{ "type": "Feature", "properties": { "@osmId": "way/34358485", "@snapshotTimestamp": "2019-01-01T00:00:00Z" }, "geometry": { "type": "LineString", "coordinates": [ [ 34.4717236, -0.5786123 ], [ 34.5031445, -0.6247655 ] ] } },
{ "type": "Feature", "properties": { "@osmId": "way/34358340", "@snapshotTimestamp": "2019-01-01T00:00:00Z" }, "geometry": { "type": "LineString", "coordinates": [ [ 34.519172, -0.6049424 ], [ 34.5886001, -0.6020151 ] ] } },
{ "type": "Feature", "properties": { "@osmId": "way/34358825", "@snapshotTimestamp": "2019-01-01T00:00:00Z" }, "geometry": { "type": "LineString", "coordinates": [ [ 34.6738773, -0.5656979 ], [ 34.5886001, -0.6020151 ] ] } },
{ "type": "Feature", "properties": { "@osmId": "way/440754736", "@snapshotTimestamp": "2019-01-01T00:00:00Z" }, "geometry": { "type": "LineString", "coordinates": [ [ 36.6645091, -1.2278215 ], [ 36.6604831, -1.2134027 ] ] } },
{ "type": "Feature", "properties": { "@osmId": "way/419051578", "@snapshotTimestamp": "2019-01-01T00:00:00Z" }, "geometry": { "type": "LineString", "coordinates": [ [ 36.6605449, -1.2133295 ], [ 36.6646107, -1.2277446 ] ] } },
{ "type": "Feature", "properties": { "@osmId": "way/419051575", "@snapshotTimestamp": "2019-01-01T00:00:00Z" }, "geometry": { "type": "LineString", "coordinates": [ [ 36.6604831, -1.2134027 ], [ 36.6602891, -1.2132296 ] ] } },
{ "type": "Feature", "properties": { "@osmId": "way/419051577", "@snapshotTimestamp": "2019-01-01T00:00:00Z" }, "geometry": { "type": "LineString", "coordinates": [ [ 36.6603422, -1.2131592 ], [ 36.6605449, -1.2133295 ] ] } },
{ "type": "Feature", "properties": { "@osmId": "way/419051576", "@snapshotTimestamp": "2019-01-01T00:00:00Z" }, "geometry": { "type": "LineString", "coordinates": [ [ 36.6602891, -1.2132296 ], [ 36.6552601, -1.2026343 ] ] } },
{ "type": "Feature", "properties": { "@osmId": "way/419051581", "@snapshotTimestamp": "2019-01-01T00:00:00Z" }, "geometry": { "type": "LineString", "coordinates": [ [ 36.6540895, -1.1995121 ], [ 36.6603422, -1.2131592 ] ] } },
{ "type": "Feature", "properties": { "@osmId": "way/10035730", "@snapshotTimestamp": "2019-01-01T00:00:00Z" }, "geometry": { "type": "LineString", "coordinates": [ [ 36.6552601, -1.2026343 ], [ 36.6540143, -1.1995564 ] ] } },
{ "type": "Feature", "properties": { "@osmId": "way/419051579", "@snapshotTimestamp": "2019-01-01T00:00:00Z" }, "geometry": { "type": "LineString", "coordinates": [ [ 36.6540143, -1.1995564 ], [ 36.6538952, -1.1992638 ] ] } },
{ "type": "Feature", "properties": { "@osmId": "way/419051582", "@snapshotTimestamp": "2019-01-01T00:00:00Z" }, "geometry": { "type": "LineString", "coordinates": [ [ 36.6539786, -1.1992512 ], [ 36.6540895, -1.1995121 ] ] } },
{ "type": "Feature", "properties": { "@osmId": "way/419051580", "@snapshotTimestamp": "2019-01-01T00:00:00Z" }, "geometry": { "type": "LineString", "coordinates": [ [ 36.6538952, -1.1992638 ], [ 36.6480374, -1.1882995 ] ] } },
{ "type": "Feature", "properties": { "@osmId": "way/228807174", "@snapshotTimestamp": "2019-01-01T00:00:00Z" }, "geometry": { "type": "LineString", "coordinates": [ [ 36.7804093, -1.2052628 ], [ 36.783021, -1.2046265 ] ] } },
{ "type": "Feature", "properties": { "@osmId": "way/231503035", "@snapshotTimestamp": "2019-01-01T00:00:00Z" }, "geometry": { "type": "LineString", "coordinates": [ [ 36.783021, -1.2046265 ], [ 36.7852794, -1.2043732 ] ] } },
{ "type": "Feature", "properties": { "@osmId": "way/450949696", "@snapshotTimestamp": "2019-01-01T00:00:00Z" }, "geometry": { "type": "LineString", "coordinates": [ [ 36.7857038, -1.2043849 ], [ 36.7867711, -1.2045154 ] ] } },
{ "type": "Feature", "properties": { "@osmId": "way/450949697", "@snapshotTimestamp": "2019-01-01T00:00:00Z" }, "geometry": { "type": "LineString", "coordinates": [ [ 36.7852794, -1.2043732 ], [ 36.7857038, -1.2043849 ] ] } },
{ "type": "Feature", "properties": { "@osmId": "way/53059089", "@snapshotTimestamp": "2019-01-01T00:00:00Z" }, "geometry": { "type": "LineString", "coordinates": [ [ 36.7858875, -1.2071633 ], [ 36.758992, -1.174454 ] ] } },
{ "type": "Feature", "properties": { "@osmId": "way/53058230", "@snapshotTimestamp": "2019-01-01T00:00:00Z" }, "geometry": { "type": "LineString", "coordinates": [ [ 36.758992, -1.174454 ], [ 36.7451478, -1.1923673 ] ] } },
{ "type": "Feature", "properties": { "@osmId": "way/231503846", "@snapshotTimestamp": "2019-01-01T00:00:00Z" }, "geometry": { "type": "LineString", "coordinates": [ [ 36.7776182, -1.2051607 ], [ 36.6360146, -1.1323729 ] ] } },
{ "type": "Feature", "properties": { "@osmId": "way/97085101", "@snapshotTimestamp": "2019-01-01T00:00:00Z" }, "geometry": { "type": "LineString", "coordinates": [ [ 36.758992, -1.174454 ], [ 36.7436204, -1.1594432 ] ] } },
{ "type": "Feature", "properties": { "@osmId": "way/87652992", "@snapshotTimestamp": "2019-01-01T00:00:00Z" }, "geometry": { "type": "LineString", "coordinates": [ [ 36.8342715, -1.1749979 ], [ 36.7436204, -1.1594432 ] ] } },
{ "type": "Feature", "properties": { "@osmId": "way/97085099", "@snapshotTimestamp": "2019-01-01T00:00:00Z" }, "geometry": { "type": "LineString", "coordinates": [ [ 36.7436204, -1.1594432 ], [ 36.6456281, -1.1240238 ] ] } },
{ "type": "Feature", "properties": { "@osmId": "way/103615659", "@snapshotTimestamp": "2019-01-01T00:00:00Z" }, "geometry": { "type": "LineString", "coordinates": [ [ 36.6480881, -1.1881775 ], [ 36.6539786, -1.1992512 ] ] } },
{ "type": "Feature", "properties": { "@osmId": "way/162818953", "@snapshotTimestamp": "2019-01-01T00:00:00Z" }, "geometry": { "type": "LineString", "coordinates": [ [ 36.6480374, -1.1882995 ], [ 36.6478611, -1.1879096 ] ] } },
{ "type": "Feature", "properties": { "@osmId": "way/162818950", "@snapshotTimestamp": "2019-01-01T00:00:00Z" }, "geometry": { "type": "LineString", "coordinates": [ [ 36.6479234, -1.1878409 ], [ 36.6480881, -1.1881775 ] ] } },
{ "type": "Feature", "properties": { "@osmId": "way/162818949", "@snapshotTimestamp": "2019-01-01T00:00:00Z" }, "geometry": { "type": "LineString", "coordinates": [ [ 36.6478611, -1.1879096 ], [ 36.6394862, -1.1589091 ] ] } },
{ "type": "Feature", "properties": { "@osmId": "way/184369601", "@snapshotTimestamp": "2019-01-01T00:00:00Z" }, "geometry": { "type": "LineString", "coordinates": [ [ 36.6395731, -1.158901 ], [ 36.6479234, -1.1878409 ] ] } },
{ "type": "Feature", "properties": { "@osmId": "way/184369600", "@snapshotTimestamp": "2019-01-01T00:00:00Z" }, "geometry": { "type": "LineString", "coordinates": [ [ 36.6394862, -1.1589091 ], [ 36.6394381, -1.158595 ] ] } },
{ "type": "Feature", "properties": { "@osmId": "way/184369599", "@snapshotTimestamp": "2019-01-01T00:00:00Z" }, "geometry": { "type": "LineString", "coordinates": [ [ 36.6395228, -1.1585894 ], [ 36.6395731, -1.158901 ] ] } },
{ "type": "Feature", "properties": { "@osmId": "way/45368253", "@snapshotTimestamp": "2019-01-01T00:00:00Z" }, "geometry": { "type": "LineString", "coordinates": [ [ 36.6357584, -1.1359154 ], [ 36.6395228, -1.1585894 ] ] } },
{ "type": "Feature", "properties": { "@osmId": "way/184369598", "@snapshotTimestamp": "2019-01-01T00:00:00Z" }, "geometry": { "type": "LineString", "coordinates": [ [ 36.6394381, -1.158595 ], [ 36.6349697, -1.1331008 ] ] } },
{ "type": "Feature", "properties": { "@osmId": "way/161598630", "@snapshotTimestamp": "2019-01-01T00:00:00Z" }, "geometry": { "type": "LineString", "coordinates": [ [ 36.668102, -1.1505975 ], [ 36.6737975, -1.1259722 ] ] } },
{ "type": "Feature", "properties": { "@osmId": "way/94705388", "@snapshotTimestamp": "2019-01-01T00:00:00Z" }, "geometry": { "type": "LineString", "coordinates": [ [ 36.6349697, -1.1331008 ], [ 36.6357584, -1.1359154 ] ] } },
{ "type": "Feature", "properties": { "@osmId": "way/431210146", "@snapshotTimestamp": "2019-01-01T00:00:00Z" }, "geometry": { "type": "LineString", "coordinates": [ [ 36.6348936, -1.1327449 ], [ 36.6349697, -1.1331008 ] ] } },
{ "type": "Feature", "properties": { "@osmId": "way/27113107", "@snapshotTimestamp": "2019-01-01T00:00:00Z" }, "geometry": { "type": "LineString", "coordinates": [ [ 36.6347436, -1.1330397 ], [ 36.6351807, -1.1328026 ] ] } },
{ "type": "Feature", "properties": { "@osmId": "way/298489491", "@snapshotTimestamp": "2019-01-01T00:00:00Z" }, "geometry": { "type": "LineString", "coordinates": [ [ 36.6360146, -1.1323729 ], [ 36.6351807, -1.1328026 ] ] } },
{ "type": "Feature", "properties": { "@osmId": "way/94706158", "@snapshotTimestamp": "2019-01-01T00:00:00Z" }, "geometry": { "type": "LineString", "coordinates": [ [ 36.631202, -1.108874 ], [ 36.6456281, -1.1240238 ] ] } },
{ "type": "Feature", "properties": { "@osmId": "way/53627863", "@snapshotTimestamp": "2019-01-01T00:00:00Z" }, "geometry": { "type": "LineString", "coordinates": [ [ 36.6199836, -1.1185641 ], [ 36.6296805, -1.1091242 ] ] } },
{ "type": "Feature", "properties": { "@osmId": "way/644858079", "@snapshotTimestamp": "2019-01-01T00:00:00Z" }, "geometry": { "type": "LineString", "coordinates": [ [ 36.6296805, -1.1091242 ], [ 36.6308188, -1.108939 ] ] } },
{ "type": "Feature", "properties": { "@osmId": "way/94706161", "@snapshotTimestamp": "2019-01-01T00:00:00Z" }, "geometry": { "type": "LineString", "coordinates": [ [ 36.6308188, -1.108939 ], [ 36.631202, -1.108874 ] ] } },
{ "type": "Feature", "properties": { "@osmId": "way/140305993", "@snapshotTimestamp": "2019-01-01T00:00:00Z" }, "geometry": { "type": "LineString", "coordinates": [ [ 36.6232133, -1.0275332 ], [ 36.6348936, -1.1327449 ] ] } },
{ "type": "Feature", "properties": { "@osmId": "way/27113106", "@snapshotTimestamp": "2019-01-01T00:00:00Z" }, "geometry": { "type": "LineString", "coordinates": [ [ 36.5856086, -0.9824214 ], [ 36.6347436, -1.1330397 ] ] } },
{ "type": "Feature", "properties": { "@osmId": "way/169161372", "@snapshotTimestamp": "2019-01-01T00:00:00Z" }, "geometry": { "type": "LineString", "coordinates": [ [ 35.8699001, -1.0928117 ], [ 35.8698021, -1.0930226 ] ] } },
{ "type": "Feature", "properties": { "@osmId": "way/204147078", "@snapshotTimestamp": "2019-01-01T00:00:00Z" }, "geometry": { "type": "LineString", "coordinates": [ [ 35.953778, -1.0914615 ], [ 35.8699001, -1.0928117 ] ] } },
{ "type": "Feature", "properties": { "@osmId": "way/204147077", "@snapshotTimestamp": "2019-01-01T00:00:00Z" }, "geometry": { "type": "LineString", "coordinates": [ [ 35.9540878, -1.091533 ], [ 35.953778, -1.0914615 ] ] } },
{ "type": "Feature", "properties": { "@osmId": "way/27067074", "@snapshotTimestamp": "2019-01-01T00:00:00Z" }, "geometry": { "type": "LineString", "coordinates": [ [ 36.5856086, -0.9824214 ], [ 36.3415598, -1.0438217 ], [ 36.2575604, -1.1050404 ], [ 36.0954898, -1.0924011 ], [ 35.9841804, -1.1244929 ], [ 35.9540878, -1.091533 ] ] } },
{ "type": "Feature", "properties": { "@osmId": "way/34358322", "@snapshotTimestamp": "2019-01-01T00:00:00Z" }, "geometry": { "type": "LineString", "coordinates": [ [ 35.8953298, -1.0059413 ], [ 35.8627136, -1.0520362 ], [ 35.8708497, -1.09138 ] ] } },
{ "type": "Feature", "properties": { "@osmId": "way/119905664", "@snapshotTimestamp": "2019-01-01T00:00:00Z" }, "geometry": { "type": "LineString", "coordinates": [ [ 35.8988497, -0.992039 ], [ 35.8953298, -1.0059413 ] ] } },
{ "type": "Feature", "properties": { "@osmId": "way/171226984", "@snapshotTimestamp": "2019-01-01T00:00:00Z" }, "geometry": { "type": "LineString", "coordinates": [ [ 35.8982724, -0.9648389 ], [ 35.8988497, -0.992039 ] ] } },
{ "type": "Feature", "properties": { "@osmId": "way/537045990", "@snapshotTimestamp": "2019-01-01T00:00:00Z" }, "geometry": { "type": "LineString", "coordinates": [ [ 35.8923072, -0.8566147 ], [ 35.8982724, -0.9648389 ] ] } },
{ "type": "Feature", "properties": { "@osmId": "way/644784214", "@snapshotTimestamp": "2019-01-01T00:00:00Z" }, "geometry": { "type": "LineString", "coordinates": [ [ 36.0389863, -0.8898016 ], [ 36.0491656, -0.8838269 ] ] } },
{ "type": "Feature", "properties": { "@osmId": "way/644784551", "@snapshotTimestamp": "2019-01-01T00:00:00Z" }, "geometry": { "type": "LineString", "coordinates": [ [ 36.0442905, -0.8837463 ], [ 36.0450165, -0.889243 ] ] } },
{ "type": "Feature", "properties": { "@osmId": "way/644904186", "@snapshotTimestamp": "2019-01-01T00:00:00Z" }, "geometry": { "type": "LineString", "coordinates": [ [ 36.6310601, -1.0534746 ], [ 36.6308336, -1.0537152 ] ] } },
{ "type": "Feature", "properties": { "@osmId": "way/158939231", "@snapshotTimestamp": "2019-01-01T00:00:00Z" }, "geometry": { "type": "LineString", "coordinates": [ [ 36.6310455, -1.0534721 ], [ 36.630887, -1.0534445 ] ] } },
{ "type": "Feature", "properties": { "@osmId": "way/644904185", "@snapshotTimestamp": "2019-01-01T00:00:00Z" }, "geometry": { "type": "LineString", "coordinates": [ [ 36.6309278, -1.0531409 ], [ 36.6310601, -1.0534746 ] ] } },
{ "type": "Feature", "properties": { "@osmId": "way/644904187", "@snapshotTimestamp": "2019-01-01T00:00:00Z" }, "geometry": { "type": "LineString", "coordinates": [ [ 36.6310455, -1.0534721 ], [ 36.6416586, -1.0378868 ], [ 36.6780739, -1.0640269 ] ] } },
{ "type": "Feature", "properties": { "@osmId": "way/140306006", "@snapshotTimestamp": "2019-01-01T00:00:00Z" }, "geometry": { "type": "LineString", "coordinates": [ [ 36.6227687, -1.0266023 ], [ 36.6232133, -1.0275332 ] ] } },
{ "type": "Feature", "properties": { "@osmId": "way/163642779", "@snapshotTimestamp": "2019-01-01T00:00:00Z" }, "geometry": { "type": "LineString", "coordinates": [ [ 36.6304482, -0.9866545 ], [ 36.6227687, -1.0266023 ] ] } },
{ "type": "Feature", "properties": { "@osmId": "way/163642797", "@snapshotTimestamp": "2019-01-01T00:00:00Z" }, "geometry": { "type": "LineString", "coordinates": [ [ 36.630353, -0.9861531 ], [ 36.6304482, -0.9866545 ] ] } },
{ "type": "Feature", "properties": { "@osmId": "way/27097168", "@snapshotTimestamp": "2019-01-01T00:00:00Z" }, "geometry": { "type": "LineString", "coordinates": [ [ 36.5856086, -0.9824214 ], [ 36.501277, -0.8887882 ] ] } },
{ "type": "Feature", "properties": { "@osmId": "way/140301543", "@snapshotTimestamp": "2019-01-01T00:00:00Z" }, "geometry": { "type": "LineString", "coordinates": [ [ 36.501277, -0.8887882 ], [ 36.5011214, -0.8884479 ] ] } },
{ "type": "Feature", "properties": { "@osmId": "way/188883887", "@snapshotTimestamp": "2019-01-01T00:00:00Z" }, "geometry": { "type": "LineString", "coordinates": [ [ 36.5011214, -0.8884479 ], [ 36.4998284, -0.88675 ] ] } },
{ "type": "Feature", "properties": { "@osmId": "way/316678313", "@snapshotTimestamp": "2019-01-01T00:00:00Z" }, "geometry": { "type": "LineString", "coordinates": [ [ 36.422726, -0.695026 ], [ 36.6082013, -0.9108644 ], [ 36.630353, -0.9861531 ] ] } },
{ "type": "Feature", "properties": { "@osmId": "way/140300696", "@snapshotTimestamp": "2019-01-01T00:00:00Z" }, "geometry": { "type": "LineString", "coordinates": [ [ 36.4998284, -0.88675 ], [ 36.4497912, -0.7702453 ] ] } },
{ "type": "Feature", "properties": { "@osmId": "way/34357831", "@snapshotTimestamp": "2019-01-01T00:00:00Z" }, "geometry": { "type": "LineString", "coordinates": [ [ 36.6187005, -0.7384249 ], [ 36.5648499, -0.8190258 ], [ 36.5771875, -0.8839039 ] ] } },
{ "type": "Feature", "properties": { "@osmId": "way/251022235", "@snapshotTimestamp": "2019-01-01T00:00:00Z" }, "geometry": { "type": "LineString", "coordinates": [ [ 36.4497912, -0.7702453 ], [ 36.4496108, -0.7700782 ] ] } },
{ "type": "Feature", "properties": { "@osmId": "way/140300699", "@snapshotTimestamp": "2019-01-01T00:00:00Z" }, "geometry": { "type": "LineString", "coordinates": [ [ 36.4496108, -0.7700782 ], [ 36.4414904, -0.7483285 ] ] } },
{ "type": "Feature", "properties": { "@osmId": "way/644299373", "@snapshotTimestamp": "2019-01-01T00:00:00Z" }, "geometry": { "type": "LineString", "coordinates": [ [ 36.4414904, -0.7483285 ], [ 36.4338231, -0.7236652 ] ] } },
{ "type": "Feature", "properties": { "@osmId": "way/97542579", "@snapshotTimestamp": "2019-01-01T00:00:00Z" }, "geometry": { "type": "LineString", "coordinates": [ [ 36.474348, -0.7201469 ], [ 36.5252027, -0.7503353 ], [ 36.5408454, -0.7283645 ], [ 36.6187005, -0.7384249 ] ] } },
{ "type": "Feature", "properties": { "@osmId": "way/232008025", "@snapshotTimestamp": "2019-01-01T00:00:00Z" }, "geometry": { "type": "LineString", "coordinates": [ [ 36.6474207, -0.7283881 ], [ 36.6187005, -0.7384249 ] ] } },
{ "type": "Feature", "properties": { "@osmId": "way/97542580", "@snapshotTimestamp": "2019-01-01T00:00:00Z" }, "geometry": { "type": "LineString", "coordinates": [ [ 36.474348, -0.7201469 ], [ 36.456803, -0.737514 ] ] } },
{ "type": "Feature", "properties": { "@osmId": "way/232008024", "@snapshotTimestamp": "2019-01-01T00:00:00Z" }, "geometry": { "type": "LineString", "coordinates": [ [ 36.6477436, -0.7281327 ], [ 36.6474207, -0.7283881 ] ] } },
{ "type": "Feature", "properties": { "@osmId": "way/244925975", "@snapshotTimestamp": "2019-01-01T00:00:00Z" }, "geometry": { "type": "LineString", "coordinates": [ [ 36.6568741, -0.7276177 ], [ 36.6567958, -0.7277078 ] ] } },
{ "type": "Feature", "properties": { "@osmId": "way/35428458", "@snapshotTimestamp": "2019-01-01T00:00:00Z" }, "geometry": { "type": "LineString", "coordinates": [ [ 36.4330174, -0.7193501 ], [ 36.4554513, -0.7351219 ] ] } },
{ "type": "Feature", "properties": { "@osmId": "way/244925978", "@snapshotTimestamp": "2019-01-01T00:00:00Z" }, "geometry": { "type": "LineString", "coordinates": [ [ 36.6567958, -0.7277078 ], [ 36.6531423, -0.7261622 ] ] } },
{ "type": "Feature", "properties": { "@osmId": "way/232008023", "@snapshotTimestamp": "2019-01-01T00:00:00Z" }, "geometry": { "type": "LineString", "coordinates": [ [ 36.6504607, -0.7203043 ], [ 36.6477436, -0.7281327 ] ] } },
{ "type": "Feature", "properties": { "@osmId": "way/188885447", "@snapshotTimestamp": "2019-01-01T00:00:00Z" }, "geometry": { "type": "LineString", "coordinates": [ [ 36.4338231, -0.7236652 ], [ 36.4339118, -0.7232138 ] ] } },
{ "type": "Feature", "properties": { "@osmId": "way/33402610", "@snapshotTimestamp": "2019-01-01T00:00:00Z" }, "geometry": { "type": "LineString", "coordinates": [ [ 36.6503983, -0.7201171 ], [ 36.6504607, -0.7203043 ] ] } },
{ "type": "Feature", "properties": { "@osmId": "way/188885446", "@snapshotTimestamp": "2019-01-01T00:00:00Z" }, "geometry": { "type": "LineString", "coordinates": [ [ 36.4339118, -0.7232138 ], [ 36.4312033, -0.7157277 ] ] } },
{ "type": "Feature", "properties": { "@osmId": "way/643848737", "@snapshotTimestamp": "2019-01-01T00:00:00Z" }, "geometry": { "type": "LineString", "coordinates": [ [ 36.4283332, -0.7096275 ], [ 36.4312033, -0.7157277 ] ] } },
{ "type": "Feature", "properties": { "@osmId": "way/188885451", "@snapshotTimestamp": "2019-01-01T00:00:00Z" }, "geometry": { "type": "LineString", "coordinates": [ [ 36.4312033, -0.7157277 ], [ 36.4269094, -0.7073067 ] ] } },
{ "type": "Feature", "properties": { "@osmId": "way/194292581", "@snapshotTimestamp": "2019-01-01T00:00:00Z" }, "geometry": { "type": "LineString", "coordinates": [ [ 36.4281863, -0.7097419 ], [ 36.4283332, -0.7096275 ] ] } },
{ "type": "Feature", "properties": { "@osmId": "way/188885445", "@snapshotTimestamp": "2019-01-01T00:00:00Z" }, "geometry": { "type": "LineString", "coordinates": [ [ 36.427255, -0.7071943 ], [ 36.4283332, -0.7096275 ] ] } },
{ "type": "Feature", "properties": { "@osmId": "way/188885452", "@snapshotTimestamp": "2019-01-01T00:00:00Z" }, "geometry": { "type": "LineString", "coordinates": [ [ 36.4268087, -0.7069753 ], [ 36.4271035, -0.7068518 ], [ 36.427255, -0.7071943 ], [ 36.4269094, -0.7073067 ], [ 36.4268087, -0.7069753 ] ] } },
{ "type": "Feature", "properties": { "@osmId": "way/188885450", "@snapshotTimestamp": "2019-01-01T00:00:00Z" }, "geometry": { "type": "LineString", "coordinates": [ [ 36.4280328, -0.702933 ], [ 36.4271035, -0.7068518 ] ] } },
{ "type": "Feature", "properties": { "@osmId": "way/188885453", "@snapshotTimestamp": "2019-01-01T00:00:00Z" }, "geometry": { "type": "LineString", "coordinates": [ [ 36.426861, -0.7069066 ], [ 36.4288682, -0.7016559 ] ] } },
{ "type": "Feature", "properties": { "@osmId": "way/410110302", "@snapshotTimestamp": "2019-01-01T00:00:00Z" }, "geometry": { "type": "LineString", "coordinates": [ [ 36.4288682, -0.7016559 ], [ 36.4280328, -0.702933 ] ] } },
{ "type": "Feature", "properties": { "@osmId": "way/188885448", "@snapshotTimestamp": "2019-01-01T00:00:00Z" }, "geometry": { "type": "LineString", "coordinates": [ [ 36.4288682, -0.7016559 ], [ 36.4304469, -0.6994491 ] ] } },
{ "type": "Feature", "properties": { "@osmId": "way/32946232", "@snapshotTimestamp": "2019-01-01T00:00:00Z" }, "geometry": { "type": "LineString", "coordinates": [ [ 36.4304469, -0.6994491 ], [ 36.4307117, -0.6991046 ] ] } },
{ "type": "Feature", "properties": { "@osmId": "way/32946233", "@snapshotTimestamp": "2019-01-01T00:00:00Z" }, "geometry": { "type": "LineString", "coordinates": [ [ 36.4307117, -0.6991046 ], [ 36.4301472, -0.6970612 ] ] } },
{ "type": "Feature", "properties": { "@osmId": "way/158928661", "@snapshotTimestamp": "2019-01-01T00:00:00Z" }, "geometry": { "type": "LineString", "coordinates": [ [ 36.4301472, -0.6970612 ], [ 36.4301806, -0.6988885 ] ] } },
{ "type": "Feature", "properties": { "@osmId": "way/158928660", "@snapshotTimestamp": "2019-01-01T00:00:00Z" }, "geometry": { "type": "LineString", "coordinates": [ [ 36.4278047, -0.6973156 ], [ 36.4301472, -0.6970612 ] ] } },
{ "type": "Feature", "properties": { "@osmId": "way/34359188", "@snapshotTimestamp": "2019-01-01T00:00:00Z" }, "geometry": { "type": "LineString", "coordinates": [ [ 35.9053459, -0.6885344 ], [ 35.8923072, -0.8566147 ] ] } },
{ "type": "Feature", "properties": { "@osmId": "way/536816559", "@snapshotTimestamp": "2019-01-01T00:00:00Z" }, "geometry": { "type": "LineString", "coordinates": [ [ 35.9308881, -0.6703371 ], [ 35.9053459, -0.6885344 ] ] } },
{ "type": "Feature", "properties": { "@osmId": "way/536816560", "@snapshotTimestamp": "2019-01-01T00:00:00Z" }, "geometry": { "type": "LineString", "coordinates": [ [ 35.9310047, -0.6704417 ], [ 35.9308881, -0.6703371 ] ] } },
{ "type": "Feature", "properties": { "@osmId": "way/34358971", "@snapshotTimestamp": "2019-01-01T00:00:00Z" }, "geometry": { "type": "LineString", "coordinates": [ [ 36.0133493, -0.6038604 ], [ 35.9802217, -0.6524702 ], [ 35.9310047, -0.6704417 ] ] } },
{ "type": "Feature", "properties": { "@osmId": "way/239571508", "@snapshotTimestamp": "2019-01-01T00:00:00Z" }, "geometry": { "type": "LineString", "coordinates": [ [ 35.969546, -0.5345991 ], [ 36.0133493, -0.6038604 ] ] } },
{ "type": "Feature", "properties": { "@osmId": "way/193170004", "@snapshotTimestamp": "2019-01-01T00:00:00Z" }, "geometry": { "type": "LineString", "coordinates": [ [ 36.3422965, -0.5451375 ], [ 36.3658356, -0.5773872 ] ] } },
{ "type": "Feature", "properties": { "@osmId": "way/193170003", "@snapshotTimestamp": "2019-01-01T00:00:00Z" }, "geometry": { "type": "LineString", "coordinates": [ [ 36.3375137, -0.5405832 ], [ 36.3422965, -0.5451375 ] ] } },
{ "type": "Feature", "properties": { "@osmId": "way/201778240", "@snapshotTimestamp": "2019-01-01T00:00:00Z" }, "geometry": { "type": "LineString", "coordinates": [ [ 35.9694929, -0.5343658 ], [ 35.969546, -0.5345991 ] ] } },
{ "type": "Feature", "properties": { "@osmId": "way/138999314", "@snapshotTimestamp": "2019-01-01T00:00:00Z" }, "geometry": { "type": "LineString", "coordinates": [ [ 36.3256759, -0.5003601 ], [ 36.331277, -0.5271296 ] ] } },
{ "type": "Feature", "properties": { "@osmId": "way/138999312", "@snapshotTimestamp": "2019-01-01T00:00:00Z" }, "geometry": { "type": "LineString", "coordinates": [ [ 36.3256759, -0.5003601 ], [ 36.3152731, -0.5004494 ] ] } },
{ "type": "Feature", "properties": { "@osmId": "way/551936750", "@snapshotTimestamp": "2019-01-01T00:00:00Z" }, "geometry": { "type": "LineString", "coordinates": [ [ 35.1529581, -0.7118945 ], [ 35.1703565, -0.7412769 ], [ 35.214615, -0.7508195 ] ] } },
{ "type": "Feature", "properties": { "@osmId": "way/551936753", "@snapshotTimestamp": "2019-01-01T00:00:00Z" }, "geometry": { "type": "LineString", "coordinates": [ [ 35.1527865, -0.7116095 ], [ 35.1529581, -0.7118945 ] ] } },
{ "type": "Feature", "properties": { "@osmId": "way/551936755", "@snapshotTimestamp": "2019-01-01T00:00:00Z" }, "geometry": { "type": "LineString", "coordinates": [ [ 35.2943517, -0.6518495 ], [ 35.3342008, -0.6870456 ], [ 35.3470408, -0.7416694 ] ] } },
{ "type": "Feature", "properties": { "@osmId": "way/34357892", "@snapshotTimestamp": "2019-01-01T00:00:00Z" }, "geometry": { "type": "LineString", "coordinates": [ [ 35.1388686, -0.6760266 ], [ 35.1527865, -0.7116095 ] ] } },
{ "type": "Feature", "properties": { "@osmId": "way/34358891", "@snapshotTimestamp": "2019-01-01T00:00:00Z" }, "geometry": { "type": "LineString", "coordinates": [ [ 35.0917918, -0.6868157 ], [ 35.0981878, -0.6844084 ] ] } },
{ "type": "Feature", "properties": { "@osmId": "way/312920459", "@snapshotTimestamp": "2019-01-01T00:00:00Z" }, "geometry": { "type": "LineString", "coordinates": [ [ 35.0981878, -0.6844084 ], [ 35.0987295, -0.6841982 ] ] } },
{ "type": "Feature", "properties": { "@osmId": "way/312920460", "@snapshotTimestamp": "2019-01-01T00:00:00Z" }, "geometry": { "type": "LineString", "coordinates": [ [ 35.0987295, -0.6841982 ], [ 35.1388686, -0.6760266 ] ] } },
{ "type": "Feature", "properties": { "@osmId": "way/34358435", "@snapshotTimestamp": "2019-01-01T00:00:00Z" }, "geometry": { "type": "LineString", "coordinates": [ [ 35.1965529, -0.6385839 ], [ 35.1388686, -0.6760266 ] ] } },
{ "type": "Feature", "properties": { "@osmId": "way/551936754", "@snapshotTimestamp": "2019-01-01T00:00:00Z" }, "geometry": { "type": "LineString", "coordinates": [ [ 35.2942685, -0.6517247 ], [ 35.2943517, -0.6518495 ] ] } },
{ "type": "Feature", "properties": { "@osmId": "way/34358405", "@snapshotTimestamp": "2019-01-01T00:00:00Z" }, "geometry": { "type": "LineString", "coordinates": [ [ 35.255019, -0.612529 ], [ 35.2968035, -0.6212855 ], [ 35.2942685, -0.6517247 ] ] } },
{ "type": "Feature", "properties": { "@osmId": "way/34358480", "@snapshotTimestamp": "2019-01-01T00:00:00Z" }, "geometry": { "type": "LineString", "coordinates": [ [ 35.0726382, -0.69268 ], [ 35.0441399, -0.7121235 ] ] } },
{ "type": "Feature", "properties": { "@osmId": "way/597913502", "@snapshotTimestamp": "2019-01-01T00:00:00Z" }, "geometry": { "type": "LineString", "coordinates": [ [ 34.7713029, -0.6761541 ], [ 34.8217946, -0.7111534 ] ] } },
{ "type": "Feature", "properties": { "@osmId": "way/34357735", "@snapshotTimestamp": "2019-01-01T00:00:00Z" }, "geometry": { "type": "LineString", "coordinates": [ [ 35.0726382, -0.69268 ], [ 35.0917918, -0.6868157 ] ] } },
{ "type": "Feature", "properties": { "@osmId": "way/36116614", "@snapshotTimestamp": "2019-01-01T00:00:00Z" }, "geometry": { "type": "LineString", "coordinates": [ [ 34.82014, -0.6809655 ], [ 34.7995664, -0.6658819 ], [ 34.777168, -0.6808085 ] ] } },
{ "type": "Feature", "properties": { "@osmId": "way/173359528", "@snapshotTimestamp": "2019-01-01T00:00:00Z" }, "geometry": { "type": "LineString", "coordinates": [ [ 35.0581017, -0.6151582 ], [ 35.0726382, -0.69268 ] ] } },
{ "type": "Feature", "properties": { "@osmId": "way/33402437", "@snapshotTimestamp": "2019-01-01T00:00:00Z" }, "geometry": { "type": "LineString", "coordinates": [ [ 34.868418, -0.6178072 ], [ 34.82014, -0.6809655 ] ] } },
{ "type": "Feature", "properties": { "@osmId": "way/34358800", "@snapshotTimestamp": "2019-01-01T00:00:00Z" }, "geometry": { "type": "LineString", "coordinates": [ [ 34.868418, -0.6178072 ], [ 34.9284755, -0.5915978 ], [ 34.9632632, -0.6011463 ] ] } },
{ "type": "Feature", "properties": { "@osmId": "way/313307584", "@snapshotTimestamp": "2019-01-01T00:00:00Z" }, "geometry": { "type": "LineString", "coordinates": [ [ 35.0333083, -0.5479669 ], [ 35.0581017, -0.6151582 ] ] } },
{ "type": "Feature", "properties": { "@osmId": "way/34358609", "@snapshotTimestamp": "2019-01-01T00:00:00Z" }, "geometry": { "type": "LineString", "coordinates": [ [ 35.0436084, -0.5290841 ], [ 34.9854623, -0.5315355 ], [ 34.9632632, -0.6011463 ] ] } },
{ "type": "Feature", "properties": { "@osmId": "way/313307583", "@snapshotTimestamp": "2019-01-01T00:00:00Z" }, "geometry": { "type": "LineString", "coordinates": [ [ 35.0333083, -0.5479669 ], [ 35.0266498, -0.5326732 ] ] } },
{ "type": "Feature", "properties": { "@osmId": "way/483550430", "@snapshotTimestamp": "2019-01-01T00:00:00Z" }, "geometry": { "type": "LineString", "coordinates": [ [ 35.7289979, -0.9843324 ], [ 35.7350824, -0.8439044 ] ] } },
{ "type": "Feature", "properties": { "@osmId": "way/158940616", "@snapshotTimestamp": "2019-01-01T00:00:00Z" }, "geometry": { "type": "LineString", "coordinates": [ [ 35.7335775, -0.251534 ], [ 35.6872089, -0.3010262 ], [ 35.691997, -0.4272175 ] ] } },
{ "type": "Feature", "properties": { "@osmId": "way/492595908", "@snapshotTimestamp": "2019-01-01T00:00:00Z" }, "geometry": { "type": "LineString", "coordinates": [ [ 35.72943, -0.2470562 ], [ 35.729255, -0.2471757 ] ] } },
{ "type": "Feature", "properties": { "@osmId": "way/492595909", "@snapshotTimestamp": "2019-01-01T00:00:00Z" }, "geometry": { "type": "LineString", "coordinates": [ [ 35.7208244, -0.2386722 ], [ 35.72943, -0.2470562 ] ] } },
{ "type": "Feature", "properties": { "@osmId": "way/334335220", "@snapshotTimestamp": "2019-01-01T00:00:00Z" }, "geometry": { "type": "LineString", "coordinates": [ [ 35.7207945, -0.2386519 ], [ 35.7208244, -0.2386722 ] ] } },
{ "type": "Feature", "properties": { "@osmId": "way/206519934", "@snapshotTimestamp": "2019-01-01T00:00:00Z" }, "geometry": { "type": "LineString", "coordinates": [ [ 35.7140476, -0.2373754 ], [ 35.7207945, -0.2386519 ] ] } },
{ "type": "Feature", "properties": { "@osmId": "way/206651341", "@snapshotTimestamp": "2019-01-01T00:00:00Z" }, "geometry": { "type": "LineString", "coordinates": [ [ 35.7300912, -0.2460217 ], [ 35.7357331, -0.2193211 ] ] } },
{ "type": "Feature", "properties": { "@osmId": "way/547923489", "@snapshotTimestamp": "2019-01-01T00:00:00Z" }, "geometry": { "type": "LineString", "coordinates": [ [ 35.8302775, -0.1993431 ], [ 35.734868, -0.218652 ] ] } },
{ "type": "Feature", "properties": { "@osmId": "way/35992907", "@snapshotTimestamp": "2019-01-01T00:00:00Z" }, "geometry": { "type": "LineString", "coordinates": [ [ 35.6689103, -0.1659297 ], [ 35.7140476, -0.2373754 ] ] } },
{ "type": "Feature", "properties": { "@osmId": "way/33402572", "@snapshotTimestamp": "2019-01-01T00:00:00Z" }, "geometry": { "type": "LineString", "coordinates": [ [ 35.6953623, -0.1607242 ], [ 35.734868, -0.218652 ] ] } },
{ "type": "Feature", "properties": { "@osmId": "way/34359038", "@snapshotTimestamp": "2019-01-01T00:00:00Z" }, "geometry": { "type": "LineString", "coordinates": [ [ 35.1960852, -0.5889966 ], [ 35.1965529, -0.6385839 ] ] } },
{ "type": "Feature", "properties": { "@osmId": "way/34358975", "@snapshotTimestamp": "2019-01-01T00:00:00Z" }, "geometry": { "type": "LineString", "coordinates": [ [ 35.1960852, -0.5889966 ], [ 35.255019, -0.612529 ] ] } },
{ "type": "Feature", "properties": { "@osmId": "way/36126056", "@snapshotTimestamp": "2019-01-01T00:00:00Z" }, "geometry": { "type": "LineString", "coordinates": [ [ 35.1656878, -0.4899067 ], [ 35.1960852, -0.5889966 ] ] } },
{ "type": "Feature", "properties": { "@osmId": "way/36124945", "@snapshotTimestamp": "2019-01-01T00:00:00Z" }, "geometry": { "type": "LineString", "coordinates": [ [ 35.1656878, -0.4899067 ], [ 35.0800499, -0.5143207 ] ] } },
{ "type": "Feature", "properties": { "@osmId": "way/204459119", "@snapshotTimestamp": "2019-01-01T00:00:00Z" }, "geometry": { "type": "LineString", "coordinates": [ [ 35.173938, -0.47575 ], [ 35.1656878, -0.4899067 ] ] } },
{ "type": "Feature", "properties": { "@osmId": "way/204459114", "@snapshotTimestamp": "2019-01-01T00:00:00Z" }, "geometry": { "type": "LineString", "coordinates": [ [ 35.1741321, -0.4755042 ], [ 35.173938, -0.47575 ] ] } },
{ "type": "Feature", "properties": { "@osmId": "way/204459118", "@snapshotTimestamp": "2019-01-01T00:00:00Z" }, "geometry": { "type": "LineString", "coordinates": [ [ 35.1789536, -0.4652167 ], [ 35.1741321, -0.4755042 ] ] } },
{ "type": "Feature", "properties": { "@osmId": "way/204459117", "@snapshotTimestamp": "2019-01-01T00:00:00Z" }, "geometry": { "type": "LineString", "coordinates": [ [ 35.1790941, -0.4650662 ], [ 35.1789536, -0.4652167 ] ] } },
{ "type": "Feature", "properties": { "@osmId": "way/34357960", "@snapshotTimestamp": "2019-01-01T00:00:00Z" }, "geometry": { "type": "LineString", "coordinates": [ [ 35.2675322, -0.3763982 ], [ 35.1790941, -0.4650662 ] ] } },
{ "type": "Feature", "properties": { "@osmId": "way/331047334", "@snapshotTimestamp": "2019-01-01T00:00:00Z" }, "geometry": { "type": "LineString", "coordinates": [ [ 35.2791142, -0.373646 ], [ 35.2675322, -0.3763982 ] ] } },
{ "type": "Feature", "properties": { "@osmId": "way/590840198", "@snapshotTimestamp": "2019-01-01T00:00:00Z" }, "geometry": { "type": "LineString", "coordinates": [ [ 35.0802127, -0.5147845 ], [ 35.0436084, -0.5290841 ] ] } },
{ "type": "Feature", "properties": { "@osmId": "way/590840195", "@snapshotTimestamp": "2019-01-01T00:00:00Z" }, "geometry": { "type": "LineString", "coordinates": [ [ 35.0800499, -0.5143207 ], [ 35.0802127, -0.5147845 ] ] } },
{ "type": "Feature", "properties": { "@osmId": "way/173349376", "@snapshotTimestamp": "2019-01-01T00:00:00Z" }, "geometry": { "type": "LineString", "coordinates": [ [ 35.0266498, -0.5326732 ], [ 35.0223451, -0.4830238 ] ] } },
{ "type": "Feature", "properties": { "@osmId": "way/34359305", "@snapshotTimestamp": "2019-01-01T00:00:00Z" }, "geometry": { "type": "LineString", "coordinates": [ [ 34.8900612, -0.4474094 ], [ 34.7362692, -0.5071255 ] ] } },
{ "type": "Feature", "properties": { "@osmId": "way/313310361", "@snapshotTimestamp": "2019-01-01T00:00:00Z" }, "geometry": { "type": "LineString", "coordinates": [ [ 35.0223451, -0.4830238 ], [ 35.0056387, -0.4205972 ] ] } },
{ "type": "Feature", "properties": { "@osmId": "way/34358321", "@snapshotTimestamp": "2019-01-01T00:00:00Z" }, "geometry": { "type": "LineString", "coordinates": [ [ 34.8900612, -0.4474094 ], [ 34.9699138, -0.4310162 ] ] } },
{ "type": "Feature", "properties": { "@osmId": "way/48082280", "@snapshotTimestamp": "2019-01-01T00:00:00Z" }, "geometry": { "type": "LineString", "coordinates": [ [ 34.9699138, -0.4310162 ], [ 35.0056387, -0.4205972 ] ] } },
{ "type": "Feature", "properties": { "@osmId": "way/173353191", "@snapshotTimestamp": "2019-01-01T00:00:00Z" }, "geometry": { "type": "LineString", "coordinates": [ [ 35.0177109, -0.3976832 ], [ 35.0056387, -0.4205972 ] ] } },
{ "type": "Feature", "properties": { "@osmId": "way/34358311", "@snapshotTimestamp": "2019-01-01T00:00:00Z" }, "geometry": { "type": "LineString", "coordinates": [ [ 35.0177527, -0.3970159 ], [ 35.0177109, -0.3976832 ] ] } },
{ "type": "Feature", "properties": { "@osmId": "way/34358390", "@snapshotTimestamp": "2019-01-01T00:00:00Z" }, "geometry": { "type": "LineString", "coordinates": [ [ 35.0026561, -0.3718573 ], [ 35.0177527, -0.3970159 ] ] } },
{ "type": "Feature", "properties": { "@osmId": "way/464917940", "@snapshotTimestamp": "2019-01-01T00:00:00Z" }, "geometry": { "type": "LineString", "coordinates": [ [ 35.0094297, -0.3821711 ], [ 34.9879261, -0.367956 ], [ 34.9402412, -0.3913534 ], [ 34.9333154, -0.3714409 ] ] } },
{ "type": "Feature", "properties": { "@osmId": "way/173353479", "@snapshotTimestamp": "2019-01-01T00:00:00Z" }, "geometry": { "type": "LineString", "coordinates": [ [ 34.791538, -0.3478457 ], [ 34.7910651, -0.3478403 ] ] } },
{ "type": "Feature", "properties": { "@osmId": "way/254388254", "@snapshotTimestamp": "2019-01-01T00:00:00Z" }, "geometry": { "type": "LineString", "coordinates": [ [ 34.8117009, -0.3414553 ], [ 34.791538, -0.3478457 ] ] } },
{ "type": "Feature", "properties": { "@osmId": "way/34358198", "@snapshotTimestamp": "2019-01-01T00:00:00Z" }, "geometry": { "type": "LineString", "coordinates": [ [ 35.0004132, -0.3060199 ], [ 35.0026561, -0.3718573 ] ] } },
{ "type": "Feature", "properties": { "@osmId": "way/35994745", "@snapshotTimestamp": "2019-01-01T00:00:00Z" }, "geometry": { "type": "LineString", "coordinates": [ [ 34.8325237, -0.3329075 ], [ 34.8117009, -0.3414553 ] ] } },
{ "type": "Feature", "properties": { "@osmId": "way/35994746", "@snapshotTimestamp": "2019-01-01T00:00:00Z" }, "geometry": { "type": "LineString", "coordinates": [ [ 34.9719884, -0.270104 ], [ 34.9332087, -0.3109852 ], [ 34.8325237, -0.3329075 ] ] } },
{ "type": "Feature", "properties": { "@osmId": "way/34358553", "@snapshotTimestamp": "2019-01-01T00:00:00Z" }, "geometry": { "type": "LineString", "coordinates": [ [ 34.9719884, -0.270104 ], [ 35.0004132, -0.3060199 ] ] } },
{ "type": "Feature", "properties": { "@osmId": "way/596753380", "@snapshotTimestamp": "2019-01-01T00:00:00Z" }, "geometry": { "type": "LineString", "coordinates": [ [ 34.967038, -0.2614284 ], [ 34.9719884, -0.270104 ] ] } },
{ "type": "Feature", "properties": { "@osmId": "way/596753384", "@snapshotTimestamp": "2019-01-01T00:00:00Z" }, "geometry": { "type": "LineString", "coordinates": [ [ 34.9669966, -0.2613556 ], [ 34.967038, -0.2614284 ] ] } },
{ "type": "Feature", "properties": { "@osmId": "way/204459107", "@snapshotTimestamp": "2019-01-01T00:00:00Z" }, "geometry": { "type": "LineString", "coordinates": [ [ 34.9572812, -0.2340001 ], [ 34.9669966, -0.2613556 ] ] } },
{ "type": "Feature", "properties": { "@osmId": "way/33409815", "@snapshotTimestamp": "2019-01-01T00:00:00Z" }, "geometry": { "type": "LineString", "coordinates": [ [ 35.2172742, -0.3185548 ], [ 35.1516513, -0.3847907 ], [ 35.0627839, -0.4107127 ], [ 35.0154347, -0.3920239 ] ] } },
{ "type": "Feature", "properties": { "@osmId": "way/331047335", "@snapshotTimestamp": "2019-01-01T00:00:00Z" }, "geometry": { "type": "LineString", "coordinates": [ [ 35.3045028, -0.3525454 ], [ 35.2791142, -0.373646 ] ] } },
{ "type": "Feature", "properties": { "@osmId": "way/34357563", "@snapshotTimestamp": "2019-01-01T00:00:00Z" }, "geometry": { "type": "LineString", "coordinates": [ [ 35.2675322, -0.3763982 ], [ 35.2322399, -0.3243721 ], [ 35.1584557, -0.3077652 ], [ 35.1503785, -0.2539893 ] ] } },
{ "type": "Feature", "properties": { "@osmId": "way/33402614", "@snapshotTimestamp": "2019-01-01T00:00:00Z" }, "geometry": { "type": "LineString", "coordinates": [ [ 35.6182287, -0.1764123 ], [ 35.5138971, -0.2531636 ], [ 35.4437266, -0.266787 ], [ 35.3045028, -0.3525454 ] ] } },
{ "type": "Feature", "properties": { "@osmId": "way/594172220", "@snapshotTimestamp": "2019-01-01T00:00:00Z" }, "geometry": { "type": "LineString", "coordinates": [ [ 35.1503785, -0.2539893 ], [ 35.1505435, -0.2539452 ] ] } },
{ "type": "Feature", "properties": { "@osmId": "way/612987472", "@snapshotTimestamp": "2019-01-01T00:00:00Z" }, "geometry": { "type": "LineString", "coordinates": [ [ 35.3190714, -0.2140567 ], [ 35.3192948, -0.2140782 ] ] } },
{ "type": "Feature", "properties": { "@osmId": "way/612987468", "@snapshotTimestamp": "2019-01-01T00:00:00Z" }, "geometry": { "type": "LineString", "coordinates": [ [ 35.3192948, -0.2140782 ], [ 35.3473951, -0.2043446 ] ] } },
{ "type": "Feature", "properties": { "@osmId": "way/612987408", "@snapshotTimestamp": "2019-01-01T00:00:00Z" }, "geometry": { "type": "LineString", "coordinates": [ [ 35.3473951, -0.2043446 ], [ 35.3475163, -0.2042311 ] ] } },
{ "type": "Feature", "properties": { "@osmId": "way/101352634", "@snapshotTimestamp": "2019-01-01T00:00:00Z" }, "geometry": { "type": "LineString", "coordinates": [ [ 35.2493101, -0.184524 ], [ 35.3190714, -0.2140567 ] ] } },
{ "type": "Feature", "properties": { "@osmId": "way/101350965", "@snapshotTimestamp": "2019-01-01T00:00:00Z" }, "geometry": { "type": "LineString", "coordinates": [ [ 35.1528381, -0.2127191 ], [ 35.1836081, -0.1661831 ] ] } },
{ "type": "Feature", "properties": { "@osmId": "way/204459104", "@snapshotTimestamp": "2019-01-01T00:00:00Z" }, "geometry": { "type": "LineString", "coordinates": [ [ 34.9572766, -0.2337681 ], [ 34.9572812, -0.2340001 ] ] } },
{ "type": "Feature", "properties": { "@osmId": "way/596646136", "@snapshotTimestamp": "2019-01-01T00:00:00Z" }, "geometry": { "type": "LineString", "coordinates": [ [ 34.957411, -0.2028316 ], [ 34.9572766, -0.2337681 ] ] } },
{ "type": "Feature", "properties": { "@osmId": "way/596646139", "@snapshotTimestamp": "2019-01-01T00:00:00Z" }, "geometry": { "type": "LineString", "coordinates": [ [ 34.9573326, -0.202152 ], [ 34.957411, -0.2028316 ] ] } },
{ "type": "Feature", "properties": { "@osmId": "way/594172221", "@snapshotTimestamp": "2019-01-01T00:00:00Z" }, "geometry": { "type": "LineString", "coordinates": [ [ 35.1505435, -0.2539452 ], [ 35.1494923, -0.2012136 ], [ 35.0576013, -0.1535325 ], [ 34.9357999, -0.1745496 ] ] } },
{ "type": "Feature", "properties": { "@osmId": "way/596646143", "@snapshotTimestamp": "2019-01-01T00:00:00Z" }, "geometry": { "type": "LineString", "coordinates": [ [ 34.9538316, -0.1922966 ], [ 34.9573326, -0.202152 ] ] } },
{ "type": "Feature", "properties": { "@osmId": "way/596646146", "@snapshotTimestamp": "2019-01-01T00:00:00Z" }, "geometry": { "type": "LineString", "coordinates": [ [ 34.9537354, -0.1922046 ], [ 34.9538316, -0.1922966 ] ] } },
{ "type": "Feature", "properties": { "@osmId": "way/35994743", "@snapshotTimestamp": "2019-01-01T00:00:00Z" }, "geometry": { "type": "LineString", "coordinates": [ [ 34.9357999, -0.1745496 ], [ 34.9537354, -0.1922046 ] ] } },
{ "type": "Feature", "properties": { "@osmId": "way/35994744", "@snapshotTimestamp": "2019-01-01T00:00:00Z" }, "geometry": { "type": "LineString", "coordinates": [ [ 34.9357999, -0.1745496 ], [ 34.9212849, -0.172206 ] ] } },
{ "type": "Feature", "properties": { "@osmId": "way/204459109", "@snapshotTimestamp": "2019-01-01T00:00:00Z" }, "geometry": { "type": "LineString", "coordinates": [ [ 34.9212849, -0.172206 ], [ 34.9205326, -0.172233 ] ] } },
{ "type": "Feature", "properties": { "@osmId": "way/204459111", "@snapshotTimestamp": "2019-01-01T00:00:00Z" }, "geometry": { "type": "LineString", "coordinates": [ [ 34.9205326, -0.172233 ], [ 34.831648, -0.1538295 ] ] } },
{ "type": "Feature", "properties": { "@osmId": "way/612987418", "@snapshotTimestamp": "2019-01-01T00:00:00Z" }, "geometry": { "type": "LineString", "coordinates": [ [ 35.3475163, -0.2042311 ], [ 35.3519007, -0.2262924 ], [ 35.3811548, -0.2272454 ], [ 35.513489, -0.143877 ], [ 35.5840676, -0.1626839 ] ] } },
{ "type": "Feature", "properties": { "@osmId": "way/386759047", "@snapshotTimestamp": "2019-01-01T00:00:00Z" }, "geometry": { "type": "LineString", "coordinates": [ [ 35.5869869, -0.1685335 ], [ 35.6182287, -0.1764123 ] ] } },
{ "type": "Feature", "properties": { "@osmId": "way/243450094", "@snapshotTimestamp": "2019-01-01T00:00:00Z" }, "geometry": { "type": "LineString", "coordinates": [ [ 35.6702498, -0.1644268 ], [ 35.6182287, -0.1764123 ] ] } },
{ "type": "Feature", "properties": { "@osmId": "way/615211246", "@snapshotTimestamp": "2019-01-01T00:00:00Z" }, "geometry": { "type": "LineString", "coordinates": [ [ 35.5869869, -0.1685335 ], [ 35.5869159, -0.1684307 ] ] } },
{ "type": "Feature", "properties": { "@osmId": "way/615211245", "@snapshotTimestamp": "2019-01-01T00:00:00Z" }, "geometry": { "type": "LineString", "coordinates": [ [ 35.5869159, -0.1684307 ], [ 35.5867739, -0.168201 ] ] } },
{ "type": "Feature", "properties": { "@osmId": "way/615211244", "@snapshotTimestamp": "2019-01-01T00:00:00Z" }, "geometry": { "type": "LineString", "coordinates": [ [ 35.5867739, -0.168201 ], [ 35.5866774, -0.1680106 ] ] } },
{ "type": "Feature", "properties": { "@osmId": "way/615211243", "@snapshotTimestamp": "2019-01-01T00:00:00Z" }, "geometry": { "type": "LineString", "coordinates": [ [ 35.5866774, -0.1680106 ], [ 35.5856904, -0.1660842 ] ] } },
{ "type": "Feature", "properties": { "@osmId": "way/208431249", "@snapshotTimestamp": "2019-01-01T00:00:00Z" }, "geometry": { "type": "LineString", "coordinates": [ [ 35.5841411, -0.1628343 ], [ 35.5856904, -0.1660842 ] ] } },
{ "type": "Feature", "properties": { "@osmId": "way/243450093", "@snapshotTimestamp": "2019-01-01T00:00:00Z" }, "geometry": { "type": "LineString", "coordinates": [ [ 35.6705636, -0.1640523 ], [ 35.6702498, -0.1644268 ] ] } },
{ "type": "Feature", "properties": { "@osmId": "way/208431248", "@snapshotTimestamp": "2019-01-01T00:00:00Z" }, "geometry": { "type": "LineString", "coordinates": [ [ 35.5840676, -0.1626839 ], [ 35.5841411, -0.1628343 ] ] } },
{ "type": "Feature", "properties": { "@osmId": "way/606806386", "@snapshotTimestamp": "2019-01-01T00:00:00Z" }, "geometry": { "type": "LineString", "coordinates": [ [ 35.2493101, -0.184524 ], [ 35.2490324, -0.1845405 ] ] } },
{ "type": "Feature", "properties": { "@osmId": "way/606806387", "@snapshotTimestamp": "2019-01-01T00:00:00Z" }, "geometry": { "type": "LineString", "coordinates": [ [ 35.2490324, -0.1845405 ], [ 35.1873468, -0.156497 ] ] } },
{ "type": "Feature", "properties": { "@osmId": "way/204459128", "@snapshotTimestamp": "2019-01-01T00:00:00Z" }, "geometry": { "type": "LineString", "coordinates": [ [ 35.1836081, -0.1661831 ], [ 35.1836097, -0.1654211 ] ] } },
{ "type": "Feature", "properties": { "@osmId": "way/204459124", "@snapshotTimestamp": "2019-01-01T00:00:00Z" }, "geometry": { "type": "LineString", "coordinates": [ [ 35.1836097, -0.1654211 ], [ 35.1933003, -0.148533 ] ] } },
{ "type": "Feature", "properties": { "@osmId": "way/170778535", "@snapshotTimestamp": "2019-01-01T00:00:00Z" }, "geometry": { "type": "LineString", "coordinates": [ [ 35.1933003, -0.148533 ], [ 35.1933735, -0.1482626 ] ] } },
{ "type": "Feature", "properties": { "@osmId": "way/101350187", "@snapshotTimestamp": "2019-01-01T00:00:00Z" }, "geometry": { "type": "LineString", "coordinates": [ [ 35.1933735, -0.1482626 ], [ 35.1280491, -0.0883624 ] ] } },
{ "type": "Feature", "properties": { "@osmId": "way/170765893", "@snapshotTimestamp": "2019-01-01T00:00:00Z" }, "geometry": { "type": "LineString", "coordinates": [ [ 35.1153314, -0.105558 ], [ 35.1137283, -0.1086627 ] ] } },
{ "type": "Feature", "properties": { "@osmId": "way/170764708", "@snapshotTimestamp": "2019-01-01T00:00:00Z" }, "geometry": { "type": "LineString", "coordinates": [ [ 35.125619, -0.0898913 ], [ 35.1153314, -0.105558 ] ] } },
{ "type": "Feature", "properties": { "@osmId": "way/170765895", "@snapshotTimestamp": "2019-01-01T00:00:00Z" }, "geometry": { "type": "LineString", "coordinates": [ [ 35.1266007, -0.0885151 ], [ 35.1254482, -0.0881716 ] ] } },
{ "type": "Feature", "properties": { "@osmId": "way/170765905", "@snapshotTimestamp": "2019-01-01T00:00:00Z" }, "geometry": { "type": "LineString", "coordinates": [ [ 35.1272009, -0.0874275 ], [ 35.1268892, -0.0883383 ] ] } },
{ "type": "Feature", "properties": { "@osmId": "way/34357804", "@snapshotTimestamp": "2019-01-01T00:00:00Z" }, "geometry": { "type": "LineString", "coordinates": [ [ 34.7739631, -0.6792894 ], [ 34.783682, -0.7418994 ], [ 34.7267111, -0.7976171 ] ] } },
{ "type": "Feature", "properties": { "@osmId": "way/34358563", "@snapshotTimestamp": "2019-01-01T00:00:00Z" }, "geometry": { "type": "LineString", "coordinates": [ [ 34.7543075, -0.66298 ], [ 34.7044774, -0.6786708 ] ] } },
{ "type": "Feature", "properties": { "@osmId": "way/34359065", "@snapshotTimestamp": "2019-01-01T00:00:00Z" }, "geometry": { "type": "LineString", "coordinates": [ [ 34.7543075, -0.66298 ], [ 34.7713029, -0.6761541 ] ] } },
{ "type": "Feature", "properties": { "@osmId": "way/34358144", "@snapshotTimestamp": "2019-01-01T00:00:00Z" }, "geometry": { "type": "LineString", "coordinates": [ [ 34.7557525, -0.615982 ], [ 34.7543075, -0.66298 ] ] } },
{ "type": "Feature", "properties": { "@osmId": "way/34359180", "@snapshotTimestamp": "2019-01-01T00:00:00Z" }, "geometry": { "type": "LineString", "coordinates": [ [ 34.726431, -0.5281131 ], [ 34.7557525, -0.615982 ] ] } },
{ "type": "Feature", "properties": { "@osmId": "way/447893879", "@snapshotTimestamp": "2019-01-01T00:00:00Z" }, "geometry": { "type": "LineString", "coordinates": [ [ 34.726431, -0.5281131 ], [ 34.6739633, -0.565666 ] ] } },
{ "type": "Feature", "properties": { "@osmId": "way/34358545", "@snapshotTimestamp": "2019-01-01T00:00:00Z" }, "geometry": { "type": "LineString", "coordinates": [ [ 34.7325677, -0.5159009 ], [ 34.726431, -0.5281131 ] ] } },
{ "type": "Feature", "properties": { "@osmId": "way/34357623", "@snapshotTimestamp": "2019-01-01T00:00:00Z" }, "geometry": { "type": "LineString", "coordinates": [ [ 34.7362692, -0.5071255 ], [ 34.7325677, -0.5159009 ] ] } },
{ "type": "Feature", "properties": { "@osmId": "way/34358124", "@snapshotTimestamp": "2019-01-01T00:00:00Z" }, "geometry": { "type": "LineString", "coordinates": [ [ 34.7433634, -0.3602655 ], [ 34.6523865, -0.3682341 ] ] } },
{ "type": "Feature", "properties": { "@osmId": "way/173353480", "@snapshotTimestamp": "2019-01-01T00:00:00Z" }, "geometry": { "type": "LineString", "coordinates": [ [ 34.7910651, -0.3478403 ], [ 34.7433634, -0.3602655 ] ] } },
{ "type": "Feature", "properties": { "@osmId": "way/34359239", "@snapshotTimestamp": "2019-01-01T00:00:00Z" }, "geometry": { "type": "LineString", "coordinates": [ [ 34.3456058, -0.563809 ], [ 34.4152856, -0.6033335 ], [ 34.4525173, -0.5523309 ] ] } },
{ "type": "Feature", "properties": { "@osmId": "way/447893877", "@snapshotTimestamp": "2019-01-01T00:00:00Z" }, "geometry": { "type": "LineString", "coordinates": [ [ 34.6739633, -0.565666 ], [ 34.6738773, -0.5656979 ] ] } },
{ "type": "Feature", "properties": { "@osmId": "way/34357922", "@snapshotTimestamp": "2019-01-01T00:00:00Z" }, "geometry": { "type": "LineString", "coordinates": [ [ 34.4525173, -0.5523309 ], [ 34.4717236, -0.5786123 ] ] } },
{ "type": "Feature", "properties": { "@osmId": "way/294378365", "@snapshotTimestamp": "2019-01-01T00:00:00Z" }, "geometry": { "type": "LineString", "coordinates": [ [ 34.5329188, -0.5970644 ], [ 34.5334768, -0.4902941 ] ] } },
{ "type": "Feature", "properties": { "@osmId": "way/36102351", "@snapshotTimestamp": "2019-01-01T00:00:00Z" }, "geometry": { "type": "LineString", "coordinates": [ [ 34.4557148, -0.5255851 ], [ 34.4525173, -0.5523309 ] ] } },
{ "type": "Feature", "properties": { "@osmId": "way/204104936", "@snapshotTimestamp": "2019-01-01T00:00:00Z" }, "geometry": { "type": "LineString", "coordinates": [ [ 34.4827053, -0.5196716 ], [ 34.4557148, -0.5255851 ] ] } },
{ "type": "Feature", "properties": { "@osmId": "way/204104934", "@snapshotTimestamp": "2019-01-01T00:00:00Z" }, "geometry": { "type": "LineString", "coordinates": [ [ 34.4829537, -0.5195137 ], [ 34.4827053, -0.5196716 ] ] } },
{ "type": "Feature", "properties": { "@osmId": "way/204104937", "@snapshotTimestamp": "2019-01-01T00:00:00Z" }, "geometry": { "type": "LineString", "coordinates": [ [ 34.5494828, -0.468525 ], [ 34.4829537, -0.5195137 ] ] } },
{ "type": "Feature", "properties": { "@osmId": "way/204104933", "@snapshotTimestamp": "2019-01-01T00:00:00Z" }, "geometry": { "type": "LineString", "coordinates": [ [ 34.5496415, -0.4683566 ], [ 34.5494828, -0.468525 ] ] } },
{ "type": "Feature", "properties": { "@osmId": "way/34357920", "@snapshotTimestamp": "2019-01-01T00:00:00Z" }, "geometry": { "type": "LineString", "coordinates": [ [ 34.6502569, -0.3695106 ], [ 34.7362692, -0.5071255 ] ] } },
{ "type": "Feature", "properties": { "@osmId": "way/36262378", "@snapshotTimestamp": "2019-01-01T00:00:00Z" }, "geometry": { "type": "LineString", "coordinates": [ [ 34.2093619, -0.4326221 ], [ 34.1672555, -0.4877653 ], [ 34.1658926, -0.5384723 ], [ 34.3456058, -0.563809 ] ] } },
{ "type": "Feature", "properties": { "@osmId": "way/34358396", "@snapshotTimestamp": "2019-01-01T00:00:00Z" }, "geometry": { "type": "LineString", "coordinates": [ [ 34.2008916, -0.4147298 ], [ 34.2775248, -0.4622543 ], [ 34.3456058, -0.563809 ] ] } },
{ "type": "Feature", "properties": { "@osmId": "way/223377994", "@snapshotTimestamp": "2019-01-01T00:00:00Z" }, "geometry": { "type": "LineString", "coordinates": [ [ 34.1671659, -0.3902745 ], [ 34.1920578, -0.388888 ], [ 34.2008916, -0.4147298 ], [ 34.1626168, -0.4364894 ], [ 34.1413109, -0.4177913 ], [ 34.1671659, -0.3902745 ] ] } },
{ "type": "Feature", "properties": { "@osmId": "way/461949556", "@snapshotTimestamp": "2019-01-01T00:00:00Z" }, "geometry": { "type": "LineString", "coordinates": [ [ 34.1649265, -0.3935637 ], [ 34.1973333, -0.4106434 ] ] } },
{ "type": "Feature", "properties": { "@osmId": "way/461949583", "@snapshotTimestamp": "2019-01-01T00:00:00Z" }, "geometry": { "type": "LineString", "coordinates": [ [ 34.1925555, -0.3893857 ], [ 34.1957835, -0.3888732 ] ] } },
{ "type": "Feature", "properties": { "@osmId": "way/484129818", "@snapshotTimestamp": "2019-01-01T00:00:00Z" }, "geometry": { "type": "LineString", "coordinates": [ [ 34.2955989, -0.3847169 ], [ 34.2833533, -0.3836558 ] ] } },
{ "type": "Feature", "properties": { "@osmId": "way/461949575", "@snapshotTimestamp": "2019-01-01T00:00:00Z" }, "geometry": { "type": "LineString", "coordinates": [ [ 34.1970594, -0.4100707 ], [ 34.2243437, -0.3543539 ] ] } },
{ "type": "Feature", "properties": { "@osmId": "way/484129665", "@snapshotTimestamp": "2019-01-01T00:00:00Z" }, "geometry": { "type": "LineString", "coordinates": [ [ 34.314018, -0.3406331 ], [ 34.2955989, -0.3847169 ] ] } },
{ "type": "Feature", "properties": { "@osmId": "way/483777441", "@snapshotTimestamp": "2019-01-01T00:00:00Z" }, "geometry": { "type": "LineString", "coordinates": [ [ 34.3265053, -0.3409326 ], [ 34.3300352, -0.3570617 ] ] } },
{ "type": "Feature", "properties": { "@osmId": "way/483777439", "@snapshotTimestamp": "2019-01-01T00:00:00Z" }, "geometry": { "type": "LineString", "coordinates": [ [ 34.3253628, -0.3352909 ], [ 34.3265053, -0.3409326 ] ] } },
{ "type": "Feature", "properties": { "@osmId": "way/484130332", "@snapshotTimestamp": "2019-01-01T00:00:00Z" }, "geometry": { "type": "LineString", "coordinates": [ [ 34.320371, -0.3333321 ], [ 34.314018, -0.3406331 ] ] } },
{ "type": "Feature", "properties": { "@osmId": "way/478091867", "@snapshotTimestamp": "2019-01-01T00:00:00Z" }, "geometry": { "type": "LineString", "coordinates": [ [ 34.3262449, -0.3327256 ], [ 34.3253628, -0.3352909 ] ] } },
{ "type": "Feature", "properties": { "@osmId": "way/484129664", "@snapshotTimestamp": "2019-01-01T00:00:00Z" }, "geometry": { "type": "LineString", "coordinates": [ [ 34.3204663, -0.3332766 ], [ 34.320371, -0.3333321 ] ] } },
{ "type": "Feature", "properties": { "@osmId": "way/483775890", "@snapshotTimestamp": "2019-01-01T00:00:00Z" }, "geometry": { "type": "LineString", "coordinates": [ [ 34.3230211, -0.3315929 ], [ 34.3204663, -0.3332766 ] ] } },
{ "type": "Feature", "properties": { "@osmId": "way/485384005", "@snapshotTimestamp": "2019-01-01T00:00:00Z" }, "geometry": { "type": "LineString", "coordinates": [ [ 34.3230211, -0.3315929 ], [ 34.3302911, -0.3243195 ] ] } },
{ "type": "Feature", "properties": { "@osmId": "way/35426945", "@snapshotTimestamp": "2019-01-01T00:00:00Z" }, "geometry": { "type": "LineString", "coordinates": [ [ 34.3230211, -0.3315929 ], [ 34.3178136, -0.3021712 ] ] } },
{ "type": "Feature", "properties": { "@osmId": "way/485384004", "@snapshotTimestamp": "2019-01-01T00:00:00Z" }, "geometry": { "type": "LineString", "coordinates": [ [ 34.3302911, -0.3243195 ], [ 34.3639607, -0.2684759 ] ] } },
{ "type": "Feature", "properties": { "@osmId": "way/437968626", "@snapshotTimestamp": "2019-01-01T00:00:00Z" }, "geometry": { "type": "LineString", "coordinates": [ [ 34.3235945, -0.2845853 ], [ 34.3491438, -0.2967358 ] ] } },
{ "type": "Feature", "properties": { "@osmId": "way/437968625", "@snapshotTimestamp": "2019-01-01T00:00:00Z" }, "geometry": { "type": "LineString", "coordinates": [ [ 34.2935914, -0.2920474 ], [ 34.3223221, -0.2824679 ] ] } },
{ "type": "Feature", "properties": { "@osmId": "way/488759040", "@snapshotTimestamp": "2019-01-01T00:00:00Z" }, "geometry": { "type": "LineString", "coordinates": [ [ 34.3223221, -0.2824679 ], [ 34.3235945, -0.2845853 ] ] } },
{ "type": "Feature", "properties": { "@osmId": "way/204104935", "@snapshotTimestamp": "2019-01-01T00:00:00Z" }, "geometry": { "type": "LineString", "coordinates": [ [ 34.6128814, -0.4066409 ], [ 34.5496415, -0.4683566 ] ] } },
{ "type": "Feature", "properties": { "@osmId": "way/204104932", "@snapshotTimestamp": "2019-01-01T00:00:00Z" }, "geometry": { "type": "LineString", "coordinates": [ [ 34.6130445, -0.4064484 ], [ 34.6128814, -0.4066409 ] ] } },
{ "type": "Feature", "properties": { "@osmId": "way/34357465", "@snapshotTimestamp": "2019-01-01T00:00:00Z" }, "geometry": { "type": "LineString", "coordinates": [ [ 34.6502569, -0.3695106 ], [ 34.6130445, -0.4064484 ] ] } },
{ "type": "Feature", "properties": { "@osmId": "way/101550438", "@snapshotTimestamp": "2019-01-01T00:00:00Z" }, "geometry": { "type": "LineString", "coordinates": [ [ 34.6523865, -0.3682341 ], [ 34.6502569, -0.3695106 ] ] } },
{ "type": "Feature", "properties": { "@osmId": "way/96747124", "@snapshotTimestamp": "2019-01-01T00:00:00Z" }, "geometry": { "type": "LineString", "coordinates": [ [ 34.6562039, -0.3491463 ], [ 34.6513788, -0.3687872 ] ] } },
{ "type": "Feature", "properties": { "@osmId": "way/478093928", "@snapshotTimestamp": "2019-01-01T00:00:00Z" }, "geometry": { "type": "LineString", "coordinates": [ [ 34.3464133, -0.3025258 ], [ 34.3652364, -0.3192276 ] ] } },
{ "type": "Feature", "properties": { "@osmId": "way/225907620", "@snapshotTimestamp": "2019-01-01T00:00:00Z" }, "geometry": { "type": "LineString", "coordinates": [ [ 34.3799606, -0.2823665 ], [ 34.3985634, -0.2862575 ] ] } },
{ "type": "Feature", "properties": { "@osmId": "way/485391585", "@snapshotTimestamp": "2019-01-01T00:00:00Z" }, "geometry": { "type": "LineString", "coordinates": [ [ 34.365295, -0.2713126 ], [ 34.3799606, -0.2823665 ] ] } },
{ "type": "Feature", "properties": { "@osmId": "way/372064878", "@snapshotTimestamp": "2019-01-01T00:00:00Z" }, "geometry": { "type": "LineString", "coordinates": [ [ 34.3944321, -0.1780302 ], [ 34.4202349, -0.1562271 ] ] } },
{ "type": "Feature", "properties": { "@osmId": "way/256956663", "@snapshotTimestamp": "2019-01-01T00:00:00Z" }, "geometry": { "type": "LineString", "coordinates": [ [ 34.3610676, -0.1395436 ], [ 34.3736615, -0.1851683 ] ] } },
{ "type": "Feature", "properties": { "@osmId": "way/484950803", "@snapshotTimestamp": "2019-01-01T00:00:00Z" }, "geometry": { "type": "LineString", "coordinates": [ [ 34.3223221, -0.2824679 ], [ 34.3232555, -0.2775252 ] ] } },
{ "type": "Feature", "properties": { "@osmId": "way/488759044", "@snapshotTimestamp": "2019-01-01T00:00:00Z" }, "geometry": { "type": "LineString", "coordinates": [ [ 34.3012084, -0.2062391 ], [ 34.2759089, -0.2294893 ], [ 34.2921831, -0.3059138 ] ] } },
{ "type": "Feature", "properties": { "@osmId": "way/35426948", "@snapshotTimestamp": "2019-01-01T00:00:00Z" }, "geometry": { "type": "LineString", "coordinates": [ [ 34.32886, -0.2364718 ], [ 34.3639607, -0.2684759 ] ] } },
{ "type": "Feature", "properties": { "@osmId": "way/478089282", "@snapshotTimestamp": "2019-01-01T00:00:00Z" }, "geometry": { "type": "LineString", "coordinates": [ [ 34.3261644, -0.2256485 ], [ 34.299026, -0.2034275 ] ] } },
{ "type": "Feature", "properties": { "@osmId": "way/486177097", "@snapshotTimestamp": "2019-01-01T00:00:00Z" }, "geometry": { "type": "LineString", "coordinates": [ [ 34.3848076, -0.1507464 ], [ 34.32886, -0.2364718 ] ] } },
{ "type": "Feature", "properties": { "@osmId": "way/33402445", "@snapshotTimestamp": "2019-01-01T00:00:00Z" }, "geometry": { "type": "LineString", "coordinates": [ [ 34.2632217, -0.1682227 ], [ 34.299026, -0.2034275 ] ] } },
{ "type": "Feature", "properties": { "@osmId": "way/310549441", "@snapshotTimestamp": "2019-01-01T00:00:00Z" }, "geometry": { "type": "LineString", "coordinates": [ [ 34.2920425, -0.19406 ], [ 34.2981885, -0.1685837 ] ] } },
{ "type": "Feature", "properties": { "@osmId": "way/454066974", "@snapshotTimestamp": "2019-01-01T00:00:00Z" }, "geometry": { "type": "LineString", "coordinates": [ [ 34.2979707, -0.1779514 ], [ 34.3000486, -0.1773906 ] ] } },
{ "type": "Feature", "properties": { "@osmId": "way/368383991", "@snapshotTimestamp": "2019-01-01T00:00:00Z" }, "geometry": { "type": "LineString", "coordinates": [ [ 34.3504189, -0.1791197 ], [ 34.3384939, -0.1543584 ] ] } },
{ "type": "Feature", "properties": { "@osmId": "way/453510163", "@snapshotTimestamp": "2019-01-01T00:00:00Z" }, "geometry": { "type": "LineString", "coordinates": [ [ 34.3019812, -0.158512 ], [ 34.3013037, -0.1589295 ] ] } },
{ "type": "Feature", "properties": { "@osmId": "way/101557489", "@snapshotTimestamp": "2019-01-01T00:00:00Z" }, "geometry": { "type": "LineString", "coordinates": [ [ 34.7366221, -0.1447519 ], [ 34.7463525, -0.1184525 ] ] } },
{ "type": "Feature", "properties": { "@osmId": "way/658559827", "@snapshotTimestamp": "2019-01-01T00:00:00Z" }, "geometry": { "type": "LineString", "coordinates": [ [ 34.7883906, -0.1178825 ], [ 34.7882972, -0.1177541 ] ] } },
{ "type": "Feature", "properties": { "@osmId": "way/61727957", "@snapshotTimestamp": "2019-01-01T00:00:00Z" }, "geometry": { "type": "LineString", "coordinates": [ [ 34.7463525, -0.1184525 ], [ 34.7503751, -0.1155879 ] ] } },
{ "type": "Feature", "properties": { "@osmId": "way/658559828", "@snapshotTimestamp": "2019-01-01T00:00:00Z" }, "geometry": { "type": "LineString", "coordinates": [ [ 34.7882972, -0.1177541 ], [ 34.775419, -0.1101136 ] ] } },
{ "type": "Feature", "properties": { "@osmId": "way/514240174", "@snapshotTimestamp": "2019-01-01T00:00:00Z" }, "geometry": { "type": "LineString", "coordinates": [ [ 34.7703258, -0.1085311 ], [ 34.788426, -0.1176305 ] ] } },
{ "type": "Feature", "properties": { "@osmId": "way/170225073", "@snapshotTimestamp": "2019-01-01T00:00:00Z" }, "geometry": { "type": "LineString", "coordinates": [ [ 34.7503751, -0.1155879 ], [ 34.7484309, -0.1101653 ] ] } },
{ "type": "Feature", "properties": { "@osmId": "way/461735071", "@snapshotTimestamp": "2019-01-01T00:00:00Z" }, "geometry": { "type": "LineString", "coordinates": [ [ 34.778836, -0.1111472 ], [ 34.7762741, -0.1108437 ] ] } },
{ "type": "Feature", "properties": { "@osmId": "way/658295478", "@snapshotTimestamp": "2019-01-01T00:00:00Z" }, "geometry": { "type": "LineString", "coordinates": [ [ 34.7761876, -0.1107472 ], [ 34.7760076, -0.1102848 ] ] } },
{ "type": "Feature", "properties": { "@osmId": "way/658295477", "@snapshotTimestamp": "2019-01-01T00:00:00Z" }, "geometry": { "type": "LineString", "coordinates": [ [ 34.7762741, -0.1108437 ], [ 34.7750727, -0.1100649 ] ] } },
{ "type": "Feature", "properties": { "@osmId": "way/462167039", "@snapshotTimestamp": "2019-01-01T00:00:00Z" }, "geometry": { "type": "LineString", "coordinates": [ [ 34.775133, -0.1100802 ], [ 34.7761876, -0.1107472 ] ] } },
{ "type": "Feature", "properties": { "@osmId": "way/368712658", "@snapshotTimestamp": "2019-01-01T00:00:00Z" }, "geometry": { "type": "LineString", "coordinates": [ [ 34.3383544, -0.152513 ], [ 34.3524693, -0.1434083 ] ] } },
{ "type": "Feature", "properties": { "@osmId": "way/256960019", "@snapshotTimestamp": "2019-01-01T00:00:00Z" }, "geometry": { "type": "LineString", "coordinates": [ [ 34.3408497, -0.1197856 ], [ 34.3384939, -0.1543584 ], [ 34.3201134, -0.1331301 ] ] } },
{ "type": "Feature", "properties": { "@osmId": "way/33401740", "@snapshotTimestamp": "2019-01-01T00:00:00Z" }, "geometry": { "type": "LineString", "coordinates": [ [ 34.2724293, -0.1022594 ], [ 34.2632217, -0.1682227 ] ] } },
{ "type": "Feature", "properties": { "@osmId": "way/256939313", "@snapshotTimestamp": "2019-01-01T00:00:00Z" }, "geometry": { "type": "LineString", "coordinates": [ [ 34.3263936, -0.0938066 ], [ 34.3201134, -0.1331301 ] ] } },
{ "type": "Feature", "properties": { "@osmId": "way/310549443", "@snapshotTimestamp": "2019-01-01T00:00:00Z" }, "geometry": { "type": "LineString", "coordinates": [ [ 34.3117189, -0.0938027 ], [ 34.3385296, -0.1149093 ] ] } },
{ "type": "Feature", "properties": { "@osmId": "way/487468414", "@snapshotTimestamp": "2019-01-01T00:00:00Z" }, "geometry": { "type": "LineString", "coordinates": [ [ 34.1785104, -0.0913286 ], [ 34.1665812, -0.0971088 ] ] } },
{ "type": "Feature", "properties": { "@osmId": "way/487468415", "@snapshotTimestamp": "2019-01-01T00:00:00Z" }, "geometry": { "type": "LineString", "coordinates": [ [ 34.1815514, -0.092223 ], [ 34.1817078, -0.0921915 ] ] } },
{ "type": "Feature", "properties": { "@osmId": "way/640556704", "@snapshotTimestamp": "2019-01-01T00:00:00Z" }, "geometry": { "type": "LineString", "coordinates": [ [ 34.1785104, -0.0913286 ], [ 34.1815514, -0.092223 ] ] } },
{ "type": "Feature", "properties": { "@osmId": "way/334462997", "@snapshotTimestamp": "2019-01-01T00:00:00Z" }, "geometry": { "type": "LineString", "coordinates": [ [ 34.1930267, -0.091462 ], [ 34.1817078, -0.0921915 ] ] } },
{ "type": "Feature", "properties": { "@osmId": "way/33409040", "@snapshotTimestamp": "2019-01-01T00:00:00Z" }, "geometry": { "type": "LineString", "coordinates": [ [ 34.2724293, -0.1022594 ], [ 34.3790808, -0.0706514 ] ] } },
{ "type": "Feature", "properties": { "@osmId": "way/256934751", "@snapshotTimestamp": "2019-01-01T00:00:00Z" }, "geometry": { "type": "LineString", "coordinates": [ [ 34.4202349, -0.1562271 ], [ 34.4302664, -0.1532767 ] ] } },
{ "type": "Feature", "properties": { "@osmId": "way/256675802", "@snapshotTimestamp": "2019-01-01T00:00:00Z" }, "geometry": { "type": "LineString", "coordinates": [ [ 34.4113102, -0.1382721 ], [ 34.407108, -0.1649876 ] ] } },
{ "type": "Feature", "properties": { "@osmId": "way/486177088", "@snapshotTimestamp": "2019-01-01T00:00:00Z" }, "geometry": { "type": "LineString", "coordinates": [ [ 34.3883122, -0.1409967 ], [ 34.3848076, -0.1507464 ] ] } },
{ "type": "Feature", "properties": { "@osmId": "way/256954383", "@snapshotTimestamp": "2019-01-01T00:00:00Z" }, "geometry": { "type": "LineString", "coordinates": [ [ 34.3610676, -0.1395436 ], [ 34.3522572, -0.1339351 ] ] } },
{ "type": "Feature", "properties": { "@osmId": "way/256672207", "@snapshotTimestamp": "2019-01-01T00:00:00Z" }, "geometry": { "type": "LineString", "coordinates": [ [ 34.4113102, -0.1382721 ], [ 34.4057022, -0.1182002 ] ] } },
{ "type": "Feature", "properties": { "@osmId": "way/486177094", "@snapshotTimestamp": "2019-01-01T00:00:00Z" }, "geometry": { "type": "LineString", "coordinates": [ [ 34.3817389, -0.1104849 ], [ 34.3883122, -0.1409967 ] ] } },
{ "type": "Feature", "properties": { "@osmId": "way/310549442", "@snapshotTimestamp": "2019-01-01T00:00:00Z" }, "geometry": { "type": "LineString", "coordinates": [ [ 34.3875144, -0.10075 ], [ 34.4057022, -0.1182002 ] ] } },
{ "type": "Feature", "properties": { "@osmId": "way/35427774", "@snapshotTimestamp": "2019-01-01T00:00:00Z" }, "geometry": { "type": "LineString", "coordinates": [ [ 34.6631386, -0.0725544 ], [ 34.6284005, -0.1045302 ], [ 34.5179456, -0.1102139 ] ] } },
{ "type": "Feature", "properties": { "@osmId": "way/35426949", "@snapshotTimestamp": "2019-01-01T00:00:00Z" }, "geometry": { "type": "LineString", "coordinates": [ [ 34.3812041, -0.0688675 ], [ 34.3817389, -0.1104849 ] ] } },
{ "type": "Feature", "properties": { "@osmId": "way/35427773", "@snapshotTimestamp": "2019-01-01T00:00:00Z" }, "geometry": { "type": "LineString", "coordinates": [ [ 34.5179456, -0.1102139 ], [ 34.4355235, -0.0615271 ] ] } },
{ "type": "Feature", "properties": { "@osmId": "way/461736757", "@snapshotTimestamp": "2019-01-01T00:00:00Z" }, "geometry": { "type": "LineString", "coordinates": [ [ 34.7751546, -0.1097809 ], [ 34.775133, -0.1100802 ] ] } },
{ "type": "Feature", "properties": { "@osmId": "way/462167040", "@snapshotTimestamp": "2019-01-01T00:00:00Z" }, "geometry": { "type": "LineString", "coordinates": [ [ 34.7750727, -0.1100649 ], [ 34.7750939, -0.1097571 ] ] } },
{ "type": "Feature", "properties": { "@osmId": "way/461735068", "@snapshotTimestamp": "2019-01-01T00:00:00Z" }, "geometry": { "type": "LineString", "coordinates": [ [ 34.775419, -0.1101136 ], [ 34.7702969, -0.1086677 ] ] } },
{ "type": "Feature", "properties": { "@osmId": "way/658295480", "@snapshotTimestamp": "2019-01-01T00:00:00Z" }, "geometry": { "type": "LineString", "coordinates": [ [ 34.7752361, -0.1083569 ], [ 34.7751546, -0.1097809 ] ] } },
{ "type": "Feature", "properties": { "@osmId": "way/461735072", "@snapshotTimestamp": "2019-01-01T00:00:00Z" }, "geometry": { "type": "LineString", "coordinates": [ [ 34.7750939, -0.1097571 ], [ 34.7751773, -0.1083599 ] ] } },
{ "type": "Feature", "properties": { "@osmId": "way/461736987", "@snapshotTimestamp": "2019-01-01T00:00:00Z" }, "geometry": { "type": "LineString", "coordinates": [ [ 34.7740473, -0.1096016 ], [ 34.7751906, -0.1079916 ] ] } },
{ "type": "Feature", "properties": { "@osmId": "way/658559831", "@snapshotTimestamp": "2019-01-01T00:00:00Z" }, "geometry": { "type": "LineString", "coordinates": [ [ 34.7702401, -0.1084687 ], [ 34.7703352, -0.1086028 ], [ 34.7702263, -0.1086942 ], [ 34.7701111, -0.1085707 ], [ 34.7702401, -0.1084687 ] ] } },
{ "type": "Feature", "properties": { "@osmId": "way/34870515", "@snapshotTimestamp": "2019-01-01T00:00:00Z" }, "geometry": { "type": "LineString", "coordinates": [ [ 34.7532964, -0.1054898 ], [ 34.7484309, -0.1101653 ] ] } },
{ "type": "Feature", "properties": { "@osmId": "way/658559832", "@snapshotTimestamp": "2019-01-01T00:00:00Z" }, "geometry": { "type": "LineString", "coordinates": [ [ 34.7701138, -0.1086072 ], [ 34.7578168, -0.101398 ] ] } },
{ "type": "Feature", "properties": { "@osmId": "way/658559833", "@snapshotTimestamp": "2019-01-01T00:00:00Z" }, "geometry": { "type": "LineString", "coordinates": [ [ 34.7579527, -0.1013126 ], [ 34.7702035, -0.1084694 ] ] } },
{ "type": "Feature", "properties": { "@osmId": "way/34870546", "@snapshotTimestamp": "2019-01-01T00:00:00Z" }, "geometry": { "type": "LineString", "coordinates": [ [ 34.7536592, -0.1051698 ], [ 34.7567735, -0.1022722 ] ] } },
{ "type": "Feature", "properties": { "@osmId": "way/102270265", "@snapshotTimestamp": "2019-01-01T00:00:00Z" }, "geometry": { "type": "LineString", "coordinates": [ [ 34.7533045, -0.1051179 ], [ 34.7517034, -0.1016135 ] ] } },
{ "type": "Feature", "properties": { "@osmId": "way/102270268", "@snapshotTimestamp": "2019-01-01T00:00:00Z" }, "geometry": { "type": "LineString", "coordinates": [ [ 34.7518109, -0.101528 ], [ 34.7533705, -0.1050716 ] ] } },
{ "type": "Feature", "properties": { "@osmId": "way/658295479", "@snapshotTimestamp": "2019-01-01T00:00:00Z" }, "geometry": { "type": "LineString", "coordinates": [ [ 34.7751773, -0.1083599 ], [ 34.7756915, -0.0978191 ] ] } },
{ "type": "Feature", "properties": { "@osmId": "way/462166371", "@snapshotTimestamp": "2019-01-01T00:00:00Z" }, "geometry": { "type": "LineString", "coordinates": [ [ 34.7757486, -0.0977403 ], [ 34.7752361, -0.1083569 ] ] } },
{ "type": "Feature", "properties": { "@osmId": "way/34870545", "@snapshotTimestamp": "2019-01-01T00:00:00Z" }, "geometry": { "type": "LineString", "coordinates": [ [ 34.7567081, -0.1021363 ], [ 34.7569379, -0.101978 ], [ 34.7570462, -0.1021489 ], [ 34.7568276, -0.1022926 ], [ 34.7567081, -0.1021363 ] ] } },
{ "type": "Feature", "properties": { "@osmId": "way/102270267", "@snapshotTimestamp": "2019-01-01T00:00:00Z" }, "geometry": { "type": "LineString", "coordinates": [ [ 34.7689814, -0.1080679 ], [ 34.7635231, -0.0960992 ] ] } },
{ "type": "Feature", "properties": { "@osmId": "way/34870523", "@snapshotTimestamp": "2019-01-01T00:00:00Z" }, "geometry": { "type": "LineString", "coordinates": [ [ 34.7570066, -0.1020205 ], [ 34.7577118, -0.101356 ] ] } },
{ "type": "Feature", "properties": { "@osmId": "way/34870543", "@snapshotTimestamp": "2019-01-01T00:00:00Z" }, "geometry": { "type": "LineString", "coordinates": [ [ 34.7515943, -0.1015756 ], [ 34.7515952, -0.1013902 ], [ 34.75178, -0.1013902 ], [ 34.7517693, -0.101586 ], [ 34.7515943, -0.1015756 ] ] } },
{ "type": "Feature", "properties": { "@osmId": "way/34870535", "@snapshotTimestamp": "2019-01-01T00:00:00Z" }, "geometry": { "type": "LineString", "coordinates": [ [ 34.7576826, -0.1013142 ], [ 34.7577302, -0.101131 ], [ 34.7579425, -0.1011714 ], [ 34.7578878, -0.1013821 ], [ 34.7576826, -0.1013142 ] ] } },
{ "type": "Feature", "properties": { "@osmId": "way/34870551", "@snapshotTimestamp": "2019-01-01T00:00:00Z" }, "geometry": { "type": "LineString", "coordinates": [ [ 34.7515952, -0.1013902 ], [ 34.751257, -0.1005375 ] ] } },
{ "type": "Feature", "properties": { "@osmId": "way/34870552", "@snapshotTimestamp": "2019-01-01T00:00:00Z" }, "geometry": { "type": "LineString", "coordinates": [ [ 34.751257, -0.1005375 ], [ 34.7511795, -0.1005224 ], [ 34.7512023, -0.1004277 ], [ 34.7512796, -0.1004517 ], [ 34.751257, -0.1005375 ] ] } },
{ "type": "Feature", "properties": { "@osmId": "way/34870524", "@snapshotTimestamp": "2019-01-01T00:00:00Z" }, "geometry": { "type": "LineString", "coordinates": [ [ 34.7512023, -0.1004277 ], [ 34.7509016, -0.0997325 ] ] } },
{ "type": "Feature", "properties": { "@osmId": "way/461940998", "@snapshotTimestamp": "2019-01-01T00:00:00Z" }, "geometry": { "type": "LineString", "coordinates": [ [ 34.75927, -0.1000704 ], [ 34.7591784, -0.0999634 ] ] } },
{ "type": "Feature", "properties": { "@osmId": "way/34870527", "@snapshotTimestamp": "2019-01-01T00:00:00Z" }, "geometry": { "type": "LineString", "coordinates": [ [ 34.755228, -0.0983019 ], [ 34.7577302, -0.101131 ] ] } },
{ "type": "Feature", "properties": { "@osmId": "way/34870519", "@snapshotTimestamp": "2019-01-01T00:00:00Z" }, "geometry": { "type": "LineString", "coordinates": [ [ 34.7509016, -0.0997325 ], [ 34.750799, -0.0997079 ], [ 34.7508315, -0.0995917 ], [ 34.750931, -0.0996223 ], [ 34.7509016, -0.0997325 ] ] } },
{ "type": "Feature", "properties": { "@osmId": "way/34870538", "@snapshotTimestamp": "2019-01-01T00:00:00Z" }, "geometry": { "type": "LineString", "coordinates": [ [ 34.7508315, -0.0995917 ], [ 34.7500149, -0.0978413 ] ] } },
{ "type": "Feature", "properties": { "@osmId": "way/34870550", "@snapshotTimestamp": "2019-01-01T00:00:00Z" }, "geometry": { "type": "LineString", "coordinates": [ [ 34.7552416, -0.0981275 ], [ 34.755228, -0.0983019 ], [ 34.7550679, -0.0982809 ], [ 34.7550789, -0.0981247 ], [ 34.7552416, -0.0981275 ] ] } },
{ "type": "Feature", "properties": { "@osmId": "way/461941000", "@snapshotTimestamp": "2019-01-01T00:00:00Z" }, "geometry": { "type": "LineString", "coordinates": [ [ 34.7669655, -0.0928174 ], [ 34.7579617, -0.1012164 ] ] } },
{ "type": "Feature", "properties": { "@osmId": "way/461940999", "@snapshotTimestamp": "2019-01-01T00:00:00Z" }, "geometry": { "type": "LineString", "coordinates": [ [ 34.7625222, -0.0970353 ], [ 34.7624027, -0.0969196 ] ] } },
{ "type": "Feature", "properties": { "@osmId": "way/461735090", "@snapshotTimestamp": "2019-01-01T00:00:00Z" }, "geometry": { "type": "LineString", "coordinates": [ [ 34.7578677, -0.1011103 ], [ 34.7669328, -0.0926821 ] ] } },
{ "type": "Feature", "properties": { "@osmId": "way/34870542", "@snapshotTimestamp": "2019-01-01T00:00:00Z" }, "geometry": { "type": "LineString", "coordinates": [ [ 34.7550549, -0.0981571 ], [ 34.7526354, -0.0954982 ] ] } },
{ "type": "Feature", "properties": { "@osmId": "way/34870548", "@snapshotTimestamp": "2019-01-01T00:00:00Z" }, "geometry": { "type": "LineString", "coordinates": [ [ 34.7500149, -0.0978413 ], [ 34.7526354, -0.0954982 ] ] } },
{ "type": "Feature", "properties": { "@osmId": "way/461735103", "@snapshotTimestamp": "2019-01-01T00:00:00Z" }, "geometry": { "type": "LineString", "coordinates": [ [ 34.7634129, -0.0959749 ], [ 34.7635231, -0.0960992 ] ] } },
{ "type": "Feature", "properties": { "@osmId": "way/462166373", "@snapshotTimestamp": "2019-01-01T00:00:00Z" }, "geometry": { "type": "LineString", "coordinates": [ [ 34.7756915, -0.0978191 ], [ 34.7753962, -0.0878421 ] ] } },
{ "type": "Feature", "properties": { "@osmId": "way/658309412", "@snapshotTimestamp": "2019-01-01T00:00:00Z" }, "geometry": { "type": "LineString", "coordinates": [ [ 34.775467, -0.0878232 ], [ 34.7757486, -0.0977403 ] ] } },
{ "type": "Feature", "properties": { "@osmId": "way/461941003", "@snapshotTimestamp": "2019-01-01T00:00:00Z" }, "geometry": { "type": "LineString", "coordinates": [ [ 34.7669328, -0.0926821 ], [ 34.7669655, -0.0928174 ] ] } },
{ "type": "Feature", "properties": { "@osmId": "way/96747355", "@snapshotTimestamp": "2019-01-01T00:00:00Z" }, "geometry": { "type": "LineString", "coordinates": [ [ 34.7526354, -0.0954982 ], [ 34.7573003, -0.0884305 ] ] } },
{ "type": "Feature", "properties": { "@osmId": "way/461941006", "@snapshotTimestamp": "2019-01-01T00:00:00Z" }, "geometry": { "type": "LineString", "coordinates": [ [ 34.7691607, -0.090086 ], [ 34.7669655, -0.0928174 ] ] } },
{ "type": "Feature", "properties": { "@osmId": "way/461941002", "@snapshotTimestamp": "2019-01-01T00:00:00Z" }, "geometry": { "type": "LineString", "coordinates": [ [ 34.7669328, -0.0926821 ], [ 34.7691194, -0.0900686 ] ] } },
{ "type": "Feature", "properties": { "@osmId": "way/461941004", "@snapshotTimestamp": "2019-01-01T00:00:00Z" }, "geometry": { "type": "LineString", "coordinates": [ [ 34.7691194, -0.0900686 ], [ 34.7691607, -0.090086 ] ] } },
{ "type": "Feature", "properties": { "@osmId": "way/461941008", "@snapshotTimestamp": "2019-01-01T00:00:00Z" }, "geometry": { "type": "LineString", "coordinates": [ [ 34.7695371, -0.0894707 ], [ 34.7691607, -0.090086 ] ] } },
{ "type": "Feature", "properties": { "@osmId": "way/461941005", "@snapshotTimestamp": "2019-01-01T00:00:00Z" }, "geometry": { "type": "LineString", "coordinates": [ [ 34.7691194, -0.0900686 ], [ 34.7694896, -0.0894546 ] ] } },
{ "type": "Feature", "properties": { "@osmId": "way/461941012", "@snapshotTimestamp": "2019-01-01T00:00:00Z" }, "geometry": { "type": "LineString", "coordinates": [ [ 34.7694896, -0.0894546 ], [ 34.7695371, -0.0894707 ] ] } },
{ "type": "Feature", "properties": { "@osmId": "way/461941013", "@snapshotTimestamp": "2019-01-01T00:00:00Z" }, "geometry": { "type": "LineString", "coordinates": [ [ 34.7694896, -0.0894546 ], [ 34.7702409, -0.0884843 ] ] } },
{ "type": "Feature", "properties": { "@osmId": "way/48083507", "@snapshotTimestamp": "2019-01-01T00:00:00Z" }, "geometry": { "type": "LineString", "coordinates": [ [ 34.7478481, -0.0828734 ], [ 34.7302171, -0.0935192 ] ] } },
{ "type": "Feature", "properties": { "@osmId": "way/461941026", "@snapshotTimestamp": "2019-01-01T00:00:00Z" }, "geometry": { "type": "LineString", "coordinates": [ [ 34.7561957, -0.0875554 ], [ 34.7573003, -0.0884305 ] ] } },
{ "type": "Feature", "properties": { "@osmId": "way/461735099", "@snapshotTimestamp": "2019-01-01T00:00:00Z" }, "geometry": { "type": "LineString", "coordinates": [ [ 34.7734709, -0.0846169 ], [ 34.7695371, -0.0894707 ] ] } },
{ "type": "Feature", "properties": { "@osmId": "way/658309413", "@snapshotTimestamp": "2019-01-01T00:00:00Z" }, "geometry": { "type": "LineString", "coordinates": [ [ 34.7753962, -0.0878421 ], [ 34.7747482, -0.0855939 ] ] } },
{ "type": "Feature", "properties": { "@osmId": "way/461736751", "@snapshotTimestamp": "2019-01-01T00:00:00Z" }, "geometry": { "type": "LineString", "coordinates": [ [ 34.7748131, -0.0855816 ], [ 34.775467, -0.0878232 ] ] } },
{ "type": "Feature", "properties": { "@osmId": "way/461735097", "@snapshotTimestamp": "2019-01-01T00:00:00Z" }, "geometry": { "type": "LineString", "coordinates": [ [ 34.7702409, -0.0884843 ], [ 34.7733545, -0.084521 ] ] } },
{ "type": "Feature", "properties": { "@osmId": "way/461735123", "@snapshotTimestamp": "2019-01-01T00:00:00Z" }, "geometry": { "type": "LineString", "coordinates": [ [ 34.7573003, -0.0884305 ], [ 34.7479229, -0.0828774 ] ] } },
{ "type": "Feature", "properties": { "@osmId": "way/35427775", "@snapshotTimestamp": "2019-01-01T00:00:00Z" }, "geometry": { "type": "LineString", "coordinates": [ [ 34.748006, -0.0827175 ], [ 34.7561957, -0.0875554 ] ] } },
{ "type": "Feature", "properties": { "@osmId": "way/461736750", "@snapshotTimestamp": "2019-01-01T00:00:00Z" }, "geometry": { "type": "LineString", "coordinates": [ [ 34.7747482, -0.0855939 ], [ 34.7740617, -0.0844537 ] ] } },
{ "type": "Feature", "properties": { "@osmId": "way/658309411", "@snapshotTimestamp": "2019-01-01T00:00:00Z" }, "geometry": { "type": "LineString", "coordinates": [ [ 34.774114, -0.0844101 ], [ 34.7748131, -0.0855816 ] ] } },
{ "type": "Feature", "properties": { "@osmId": "way/461735092", "@snapshotTimestamp": "2019-01-01T00:00:00Z" }, "geometry": { "type": "LineString", "coordinates": [ [ 34.7734741, -0.0845569 ], [ 34.7733902, -0.0840366 ], [ 34.7739819, -0.0838349 ], [ 34.7740883, -0.0842807 ], [ 34.7734741, -0.0845569 ] ] } },
{ "type": "Feature", "properties": { "@osmId": "way/658309407", "@snapshotTimestamp": "2019-01-01T00:00:00Z" }, "geometry": { "type": "LineString", "coordinates": [ [ 34.7740617, -0.0844537 ], [ 34.7734145, -0.0838654 ] ] } },
{ "type": "Feature", "properties": { "@osmId": "way/658309409", "@snapshotTimestamp": "2019-01-01T00:00:00Z" }, "geometry": { "type": "LineString", "coordinates": [ [ 34.773486, -0.0838306 ], [ 34.774114, -0.0844101 ] ] } },
{ "type": "Feature", "properties": { "@osmId": "way/461735091", "@snapshotTimestamp": "2019-01-01T00:00:00Z" }, "geometry": { "type": "LineString", "coordinates": [ [ 34.7743509, -0.0834317 ], [ 34.7740264, -0.0838786 ] ] } },
{ "type": "Feature", "properties": { "@osmId": "way/658309408", "@snapshotTimestamp": "2019-01-01T00:00:00Z" }, "geometry": { "type": "LineString", "coordinates": [ [ 34.7734145, -0.0838654 ], [ 34.7713635, -0.0831162 ] ] } },
{ "type": "Feature", "properties": { "@osmId": "way/658309410", "@snapshotTimestamp": "2019-01-01T00:00:00Z" }, "geometry": { "type": "LineString", "coordinates": [ [ 34.7714039, -0.0830499 ], [ 34.773486, -0.0838306 ] ] } },
{ "type": "Feature", "properties": { "@osmId": "way/658309401", "@snapshotTimestamp": "2019-01-01T00:00:00Z" }, "geometry": { "type": "LineString", "coordinates": [ [ 34.7505838, -0.0829744 ], [ 34.7500606, -0.0834477 ] ] } },
{ "type": "Feature", "properties": { "@osmId": "way/461735122", "@snapshotTimestamp": "2019-01-01T00:00:00Z" }, "geometry": { "type": "LineString", "coordinates": [ [ 34.7500606, -0.0834477 ], [ 34.7481166, -0.0829016 ] ] } },
{ "type": "Feature", "properties": { "@osmId": "way/658309400", "@snapshotTimestamp": "2019-01-01T00:00:00Z" }, "geometry": { "type": "LineString", "coordinates": [ [ 34.7503182, -0.0831015 ], [ 34.750483, -0.0829256 ] ] } },
{ "type": "Feature", "properties": { "@osmId": "way/461735125", "@snapshotTimestamp": "2019-01-01T00:00:00Z" }, "geometry": { "type": "LineString", "coordinates": [ [ 34.7483439, -0.0828675 ], [ 34.7503182, -0.0831015 ] ] } },
{ "type": "Feature", "properties": { "@osmId": "way/658309398", "@snapshotTimestamp": "2019-01-01T00:00:00Z" }, "geometry": { "type": "LineString", "coordinates": [ [ 34.748006, -0.0827175 ], [ 34.7479229, -0.0828774 ], [ 34.7477743, -0.0827917 ], [ 34.7478711, -0.0826397 ], [ 34.748006, -0.0827175 ] ] } },
{ "type": "Feature", "properties": { "@osmId": "way/461736748", "@snapshotTimestamp": "2019-01-01T00:00:00Z" }, "geometry": { "type": "LineString", "coordinates": [ [ 34.7713635, -0.0831162 ], [ 34.7649575, -0.0819388 ] ] } },
{ "type": "Feature", "properties": { "@osmId": "way/461736749", "@snapshotTimestamp": "2019-01-01T00:00:00Z" }, "geometry": { "type": "LineString", "coordinates": [ [ 34.765089, -0.081891 ], [ 34.7714039, -0.0830499 ] ] } },
{ "type": "Feature", "properties": { "@osmId": "way/461735121", "@snapshotTimestamp": "2019-01-01T00:00:00Z" }, "geometry": { "type": "LineString", "coordinates": [ [ 34.7507836, -0.0814183 ], [ 34.7505838, -0.0829744 ] ] } },
{ "type": "Feature", "properties": { "@osmId": "way/658309402", "@snapshotTimestamp": "2019-01-01T00:00:00Z" }, "geometry": { "type": "LineString", "coordinates": [ [ 34.750483, -0.0829256 ], [ 34.7507305, -0.0813897 ] ] } },
{ "type": "Feature", "properties": { "@osmId": "way/461941017", "@snapshotTimestamp": "2019-01-01T00:00:00Z" }, "geometry": { "type": "LineString", "coordinates": [ [ 34.7649575, -0.0819388 ], [ 34.765089, -0.081891 ] ] } },
{ "type": "Feature", "properties": { "@osmId": "way/461941016", "@snapshotTimestamp": "2019-01-01T00:00:00Z" }, "geometry": { "type": "LineString", "coordinates": [ [ 34.7649575, -0.0819388 ], [ 34.7625024, -0.0814083 ] ] } },
{ "type": "Feature", "properties": { "@osmId": "way/658309404", "@snapshotTimestamp": "2019-01-01T00:00:00Z" }, "geometry": { "type": "LineString", "coordinates": [ [ 34.7625041, -0.0813574 ], [ 34.765089, -0.081891 ] ] } },
{ "type": "Feature", "properties": { "@osmId": "way/658309403", "@snapshotTimestamp": "2019-01-01T00:00:00Z" }, "geometry": { "type": "LineString", "coordinates": [ [ 34.7625024, -0.0814083 ], [ 34.7600783, -0.0806537 ] ] } },
{ "type": "Feature", "properties": { "@osmId": "way/461735129", "@snapshotTimestamp": "2019-01-01T00:00:00Z" }, "geometry": { "type": "LineString", "coordinates": [ [ 34.7601138, -0.0806025 ], [ 34.7625041, -0.0813574 ] ] } },
{ "type": "Feature", "properties": { "@osmId": "way/658309405", "@snapshotTimestamp": "2019-01-01T00:00:00Z" }, "geometry": { "type": "LineString", "coordinates": [ [ 34.7578951, -0.080064 ], [ 34.7507836, -0.0814183 ] ] } },
{ "type": "Feature", "properties": { "@osmId": "way/461735126", "@snapshotTimestamp": "2019-01-01T00:00:00Z" }, "geometry": { "type": "LineString", "coordinates": [ [ 34.7507305, -0.0813897 ], [ 34.7578947, -0.0800021 ] ] } },
{ "type": "Feature", "properties": { "@osmId": "way/461735130", "@snapshotTimestamp": "2019-01-01T00:00:00Z" }, "geometry": { "type": "LineString", "coordinates": [ [ 34.7600783, -0.0806537 ], [ 34.7599369, -0.0805844 ] ] } },
{ "type": "Feature", "properties": { "@osmId": "way/461735128", "@snapshotTimestamp": "2019-01-01T00:00:00Z" }, "geometry": { "type": "LineString", "coordinates": [ [ 34.7599687, -0.0805255 ], [ 34.7601138, -0.0806025 ] ] } },
{ "type": "Feature", "properties": { "@osmId": "way/461735127", "@snapshotTimestamp": "2019-01-01T00:00:00Z" }, "geometry": { "type": "LineString", "coordinates": [ [ 34.7599369, -0.0805844 ], [ 34.7578951, -0.080064 ] ] } },
{ "type": "Feature", "properties": { "@osmId": "way/488511580", "@snapshotTimestamp": "2019-01-01T00:00:00Z" }, "geometry": { "type": "LineString", "coordinates": [ [ 34.1534211, -0.0578212 ], [ 34.2724293, -0.1022594 ] ] } },
{ "type": "Feature", "properties": { "@osmId": "way/225239677", "@snapshotTimestamp": "2019-01-01T00:00:00Z" }, "geometry": { "type": "LineString", "coordinates": [ [ 34.2644141, -0.0467892 ], [ 34.2764424, -0.09171 ] ] } },
{ "type": "Feature", "properties": { "@osmId": "way/500414320", "@snapshotTimestamp": "2019-01-01T00:00:00Z" }, "geometry": { "type": "LineString", "coordinates": [ [ 34.1674676, -0.0666533 ], [ 34.1730427, -0.0697328 ] ] } },
{ "type": "Feature", "properties": { "@osmId": "way/503564429", "@snapshotTimestamp": "2019-01-01T00:00:00Z" }, "geometry": { "type": "LineString", "coordinates": [ [ 34.1674676, -0.0666533 ], [ 34.1664137, -0.0659143 ] ] } },
{ "type": "Feature", "properties": { "@osmId": "way/540778187", "@snapshotTimestamp": "2019-01-01T00:00:00Z" }, "geometry": { "type": "LineString", "coordinates": [ [ 34.2739534, -0.0653282 ], [ 34.272193, -0.061092 ] ] } },
{ "type": "Feature", "properties": { "@osmId": "way/540778188", "@snapshotTimestamp": "2019-01-01T00:00:00Z" }, "geometry": { "type": "LineString", "coordinates": [ [ 34.2706463, -0.0617206 ], [ 34.2746886, -0.0600999 ] ] } },
{ "type": "Feature", "properties": { "@osmId": "way/540778192", "@snapshotTimestamp": "2019-01-01T00:00:00Z" }, "geometry": { "type": "LineString", "coordinates": [ [ 34.2688146, -0.0620779 ], [ 34.267372, -0.0553065 ] ] } },
{ "type": "Feature", "properties": { "@osmId": "way/33402269", "@snapshotTimestamp": "2019-01-01T00:00:00Z" }, "geometry": { "type": "LineString", "coordinates": [ [ 34.0447639, -0.0626955 ], [ 34.1472574, -0.0515272 ] ] } },
{ "type": "Feature", "properties": { "@osmId": "way/540778189", "@snapshotTimestamp": "2019-01-01T00:00:00Z" }, "geometry": { "type": "LineString", "coordinates": [ [ 34.2727942, -0.0608531 ], [ 34.2711854, -0.0544283 ] ] } },
{ "type": "Feature", "properties": { "@osmId": "way/540778191", "@snapshotTimestamp": "2019-01-01T00:00:00Z" }, "geometry": { "type": "LineString", "coordinates": [ [ 34.267372, -0.0553065 ], [ 34.2711854, -0.0544283 ] ] } },
{ "type": "Feature", "properties": { "@osmId": "way/658309406", "@snapshotTimestamp": "2019-01-01T00:00:00Z" }, "geometry": { "type": "LineString", "coordinates": [ [ 34.7578947, -0.0800021 ], [ 34.7599687, -0.0805255 ] ] } },
{ "type": "Feature", "properties": { "@osmId": "way/658309399", "@snapshotTimestamp": "2019-01-01T00:00:00Z" }, "geometry": { "type": "LineString", "coordinates": [ [ 34.7477805, -0.0828055 ], [ 34.7286388, -0.0775997 ] ] } },
{ "type": "Feature", "properties": { "@osmId": "way/658309397", "@snapshotTimestamp": "2019-01-01T00:00:00Z" }, "geometry": { "type": "LineString", "coordinates": [ [ 34.7286716, -0.0773552 ], [ 34.7478315, -0.0826539 ] ] } },
{ "type": "Feature", "properties": { "@osmId": "way/461735110", "@snapshotTimestamp": "2019-01-01T00:00:00Z" }, "geometry": { "type": "LineString", "coordinates": [ [ 34.7743509, -0.0834317 ], [ 34.775293, -0.0753927 ] ] } },
{ "type": "Feature", "properties": { "@osmId": "way/516547585", "@snapshotTimestamp": "2019-01-01T00:00:00Z" }, "geometry": { "type": "LineString", "coordinates": [ [ 34.7286716, -0.0773552 ], [ 34.7285817, -0.0776405 ], [ 34.7283287, -0.0775785 ], [ 34.728391, -0.0772778 ], [ 34.7286716, -0.0773552 ] ] } },
{ "type": "Feature", "properties": { "@osmId": "way/516547584", "@snapshotTimestamp": "2019-01-01T00:00:00Z" }, "geometry": { "type": "LineString", "coordinates": [ [ 34.7264547, -0.0772012 ], [ 34.7283295, -0.0773362 ] ] } },
{ "type": "Feature", "properties": { "@osmId": "way/658309395", "@snapshotTimestamp": "2019-01-01T00:00:00Z" }, "geometry": { "type": "LineString", "coordinates": [ [ 34.7264547, -0.0772012 ], [ 34.6631386, -0.0725544 ] ] } },
{ "type": "Feature", "properties": { "@osmId": "way/195632933", "@snapshotTimestamp": "2019-01-01T00:00:00Z" }, "geometry": { "type": "LineString", "coordinates": [ [ 34.7755529, -0.0704636 ], [ 34.775293, -0.0753927 ] ] } },
{ "type": "Feature", "properties": { "@osmId": "way/195632936", "@snapshotTimestamp": "2019-01-01T00:00:00Z" }, "geometry": { "type": "LineString", "coordinates": [ [ 34.7755626, -0.0702959 ], [ 34.7755529, -0.0704636 ] ] } },
{ "type": "Feature", "properties": { "@osmId": "way/658295459", "@snapshotTimestamp": "2019-01-01T00:00:00Z" }, "geometry": { "type": "LineString", "coordinates": [ [ 34.7751723, -0.0568831 ], [ 34.7755626, -0.0702959 ] ] } },
{ "type": "Feature", "properties": { "@osmId": "way/658295475", "@snapshotTimestamp": "2019-01-01T00:00:00Z" }, "geometry": { "type": "LineString", "coordinates": [ [ 34.7752041, -0.0568072 ], [ 34.7749966, -0.056957 ], [ 34.774857, -0.056753 ], [ 34.7750837, -0.0566172 ], [ 34.7752041, -0.0568072 ] ] } },
{ "type": "Feature", "properties": { "@osmId": "way/658295474", "@snapshotTimestamp": "2019-01-01T00:00:00Z" }, "geometry": { "type": "LineString", "coordinates": [ [ 34.774868, -0.0567215 ], [ 34.7658171, -0.0476152 ] ] } },
{ "type": "Feature", "properties": { "@osmId": "way/658295473", "@snapshotTimestamp": "2019-01-01T00:00:00Z" }, "geometry": { "type": "LineString", "coordinates": [ [ 34.76597, -0.0474636 ], [ 34.7749641, -0.0566215 ] ] } },
{ "type": "Feature", "properties": { "@osmId": "way/658295471", "@snapshotTimestamp": "2019-01-01T00:00:00Z" }, "geometry": { "type": "LineString", "coordinates": [ [ 34.76597, -0.0474636 ], [ 34.7657625, -0.0476133 ], [ 34.7656229, -0.0474094 ], [ 34.7658496, -0.0472735 ], [ 34.76597, -0.0474636 ] ] } },
{ "type": "Feature", "properties": { "@osmId": "way/658295472", "@snapshotTimestamp": "2019-01-01T00:00:00Z" }, "geometry": { "type": "LineString", "coordinates": [ [ 34.7656409, -0.0473578 ], [ 34.7612631, -0.0403015 ] ] } },
{ "type": "Feature", "properties": { "@osmId": "way/658295470", "@snapshotTimestamp": "2019-01-01T00:00:00Z" }, "geometry": { "type": "LineString", "coordinates": [ [ 34.7612555, -0.0401267 ], [ 34.7657894, -0.0472652 ] ] } },
{ "type": "Feature", "properties": { "@osmId": "way/658295469", "@snapshotTimestamp": "2019-01-01T00:00:00Z" }, "geometry": { "type": "LineString", "coordinates": [ [ 34.7612813, -0.0402436 ], [ 34.7610738, -0.0403933 ], [ 34.7609342, -0.0401893 ], [ 34.7611608, -0.0400535 ], [ 34.7612813, -0.0402436 ] ] } },
{ "type": "Feature", "properties": { "@osmId": "way/658295468", "@snapshotTimestamp": "2019-01-01T00:00:00Z" }, "geometry": { "type": "LineString", "coordinates": [ [ 34.7609329, -0.0402439 ], [ 34.7517211, -0.0344735 ] ] } },
{ "type": "Feature", "properties": { "@osmId": "way/658295467", "@snapshotTimestamp": "2019-01-01T00:00:00Z" }, "geometry": { "type": "LineString", "coordinates": [ [ 34.7518068, -0.0343467 ], [ 34.76102, -0.0400711 ] ] } },
{ "type": "Feature", "properties": { "@osmId": "way/96746622", "@snapshotTimestamp": "2019-01-01T00:00:00Z" }, "geometry": { "type": "LineString", "coordinates": [ [ 34.6509549, -0.0480878 ], [ 34.7468418, -0.0241247 ] ] } },
{ "type": "Feature", "properties": { "@osmId": "way/316678312", "@snapshotTimestamp": "2019-01-01T00:00:00Z" }, "geometry": { "type": "LineString", "coordinates": [ [ 36.422503, -0.6949408 ], [ 36.422726, -0.695026 ] ] } },
{ "type": "Feature", "properties": { "@osmId": "way/175048469", "@snapshotTimestamp": "2019-01-01T00:00:00Z" }, "geometry": { "type": "LineString", "coordinates": [ [ 36.419272, -0.6934733 ], [ 36.422503, -0.6949408 ] ] } },
{ "type": "Feature", "properties": { "@osmId": "way/232008028", "@snapshotTimestamp": "2019-01-01T00:00:00Z" }, "geometry": { "type": "LineString", "coordinates": [ [ 36.6061218, -0.6491269 ], [ 36.6503983, -0.7201171 ] ] } },
{ "type": "Feature", "properties": { "@osmId": "way/316678310", "@snapshotTimestamp": "2019-01-01T00:00:00Z" }, "geometry": { "type": "LineString", "coordinates": [ [ 36.3879853, -0.6680976 ], [ 36.419272, -0.6934733 ] ] } },
{ "type": "Feature", "properties": { "@osmId": "way/316678311", "@snapshotTimestamp": "2019-01-01T00:00:00Z" }, "geometry": { "type": "LineString", "coordinates": [ [ 36.3878661, -0.6677698 ], [ 36.3879853, -0.6680976 ] ] } },
{ "type": "Feature", "properties": { "@osmId": "way/232008027", "@snapshotTimestamp": "2019-01-01T00:00:00Z" }, "geometry": { "type": "LineString", "coordinates": [ [ 36.60572, -0.646616 ], [ 36.6061218, -0.6491269 ] ] } },
{ "type": "Feature", "properties": { "@osmId": "way/232008026", "@snapshotTimestamp": "2019-01-01T00:00:00Z" }, "geometry": { "type": "LineString", "coordinates": [ [ 36.6056417, -0.646476 ], [ 36.60572, -0.646616 ] ] } },
{ "type": "Feature", "properties": { "@osmId": "way/97625423", "@snapshotTimestamp": "2019-01-01T00:00:00Z" }, "geometry": { "type": "LineString", "coordinates": [ [ 36.5758322, -0.6046589 ], [ 36.6056417, -0.646476 ] ] } },
{ "type": "Feature", "properties": { "@osmId": "way/199469214", "@snapshotTimestamp": "2019-01-01T00:00:00Z" }, "geometry": { "type": "LineString", "coordinates": [ [ 36.3667183, -0.5785378 ], [ 36.3878661, -0.6677698 ] ] } },
{ "type": "Feature", "properties": { "@osmId": "way/200667103", "@snapshotTimestamp": "2019-01-01T00:00:00Z" }, "geometry": { "type": "LineString", "coordinates": [ [ 36.5824098, -0.5962219 ], [ 36.5758322, -0.6046589 ] ] } },
{ "type": "Feature", "properties": { "@osmId": "way/199469215", "@snapshotTimestamp": "2019-01-01T00:00:00Z" }, "geometry": { "type": "LineString", "coordinates": [ [ 36.3658356, -0.5773872 ], [ 36.3667183, -0.5785378 ] ] } },
{ "type": "Feature", "properties": { "@osmId": "way/199469213", "@snapshotTimestamp": "2019-01-01T00:00:00Z" }, "geometry": { "type": "LineString", "coordinates": [ [ 36.3667183, -0.5785378 ], [ 36.3658356, -0.5773872 ] ] } },
{ "type": "Feature", "properties": { "@osmId": "way/515087561", "@snapshotTimestamp": "2019-01-01T00:00:00Z" }, "geometry": { "type": "LineString", "coordinates": [ [ 36.5605556, -0.5534799 ], [ 36.5824098, -0.5962219 ] ] } },
{ "type": "Feature", "properties": { "@osmId": "way/515087562", "@snapshotTimestamp": "2019-01-01T00:00:00Z" }, "geometry": { "type": "LineString", "coordinates": [ [ 36.5603281, -0.5533299 ], [ 36.5605556, -0.5534799 ] ] } },
{ "type": "Feature", "properties": { "@osmId": "way/34359173", "@snapshotTimestamp": "2019-01-01T00:00:00Z" }, "geometry": { "type": "LineString", "coordinates": [ [ 36.5576978, -0.5469468 ], [ 36.5603281, -0.5533299 ] ] } },
{ "type": "Feature", "properties": { "@osmId": "way/34357934", "@snapshotTimestamp": "2019-01-01T00:00:00Z" }, "geometry": { "type": "LineString", "coordinates": [ [ 36.5417498, -0.5457401 ], [ 36.5576978, -0.5469468 ] ] } },
{ "type": "Feature", "properties": { "@osmId": "way/204415978", "@snapshotTimestamp": "2019-01-01T00:00:00Z" }, "geometry": { "type": "LineString", "coordinates": [ [ 36.533035, -0.5231134 ], [ 36.5417498, -0.5457401 ] ] } },
{ "type": "Feature", "properties": { "@osmId": "way/204415979", "@snapshotTimestamp": "2019-01-01T00:00:00Z" }, "geometry": { "type": "LineString", "coordinates": [ [ 36.533023, -0.5227509 ], [ 36.533035, -0.5231134 ] ] } },
{ "type": "Feature", "properties": { "@osmId": "way/34359264", "@snapshotTimestamp": "2019-01-01T00:00:00Z" }, "geometry": { "type": "LineString", "coordinates": [ [ 36.4839927, -0.4193368 ], [ 36.533023, -0.5227509 ] ] } },
{ "type": "Feature", "properties": { "@osmId": "way/132379516", "@snapshotTimestamp": "2019-01-01T00:00:00Z" }, "geometry": { "type": "LineString", "coordinates": [ [ 36.4839927, -0.4193368 ], [ 36.4921183, -0.309845 ] ] } },
{ "type": "Feature", "properties": { "@osmId": "way/138999313", "@snapshotTimestamp": "2019-01-01T00:00:00Z" }, "geometry": { "type": "LineString", "coordinates": [ [ 36.3200289, -0.4975753 ], [ 36.2810696, -0.4490383 ] ] } },
{ "type": "Feature", "properties": { "@osmId": "way/376386629", "@snapshotTimestamp": "2019-01-01T00:00:00Z" }, "geometry": { "type": "LineString", "coordinates": [ [ 36.2810696, -0.4490383 ], [ 36.2751877, -0.4499462 ] ] } },
{ "type": "Feature", "properties": { "@osmId": "way/376386630", "@snapshotTimestamp": "2019-01-01T00:00:00Z" }, "geometry": { "type": "LineString", "coordinates": [ [ 36.2751877, -0.4499462 ], [ 36.2748498, -0.4500374 ] ] } },
{ "type": "Feature", "properties": { "@osmId": "way/83698803", "@snapshotTimestamp": "2019-01-01T00:00:00Z" }, "geometry": { "type": "LineString", "coordinates": [ [ 35.9442542, -0.3381238 ], [ 35.9794304, -0.456165 ], [ 35.9694929, -0.5343658 ] ] } },
{ "type": "Feature", "properties": { "@osmId": "way/30160440", "@snapshotTimestamp": "2019-01-01T00:00:00Z" }, "geometry": { "type": "LineString", "coordinates": [ [ 36.1443984, -0.3183773 ], [ 36.2439659, -0.3914717 ], [ 36.3375137, -0.5405832 ] ] } },
{ "type": "Feature", "properties": { "@osmId": "way/83698801", "@snapshotTimestamp": "2019-01-01T00:00:00Z" }, "geometry": { "type": "LineString", "coordinates": [ [ 35.9443958, -0.337685 ], [ 35.9442542, -0.3381238 ] ] } },
{ "type": "Feature", "properties": { "@osmId": "way/95018945", "@snapshotTimestamp": "2019-01-01T00:00:00Z" }, "geometry": { "type": "LineString", "coordinates": [ [ 35.9436916, -0.333271 ], [ 35.9443958, -0.337685 ] ] } },
{ "type": "Feature", "properties": { "@osmId": "way/95018921", "@snapshotTimestamp": "2019-01-01T00:00:00Z" }, "geometry": { "type": "LineString", "coordinates": [ [ 35.9447409, -0.3334766 ], [ 35.9440217, -0.3323803 ] ] } },
{ "type": "Feature", "properties": { "@osmId": "way/95018956", "@snapshotTimestamp": "2019-01-01T00:00:00Z" }, "geometry": { "type": "LineString", "coordinates": [ [ 35.9440217, -0.3323803 ], [ 35.9447409, -0.3334766 ] ] } },
{ "type": "Feature", "properties": { "@osmId": "way/36239283", "@snapshotTimestamp": "2019-01-01T00:00:00Z" }, "geometry": { "type": "LineString", "coordinates": [ [ 35.9440217, -0.3323803 ], [ 35.9392989, -0.3272154 ] ] } },
{ "type": "Feature", "properties": { "@osmId": "way/577656611", "@snapshotTimestamp": "2019-01-01T00:00:00Z" }, "geometry": { "type": "LineString", "coordinates": [ [ 36.0272203, -0.2824022 ], [ 35.9663389, -0.3392996 ], [ 35.9447409, -0.3334766 ] ] } },
{ "type": "Feature", "properties": { "@osmId": "way/94753098", "@snapshotTimestamp": "2019-01-01T00:00:00Z" }, "geometry": { "type": "LineString", "coordinates": [ [ 36.1443984, -0.3183773 ], [ 36.1399611, -0.303967 ] ] } },
{ "type": "Feature", "properties": { "@osmId": "way/87621646", "@snapshotTimestamp": "2019-01-01T00:00:00Z" }, "geometry": { "type": "LineString", "coordinates": [ [ 36.1402169, -0.3027329 ], [ 36.1443984, -0.3183773 ] ] } },
{ "type": "Feature", "properties": { "@osmId": "way/87621652", "@snapshotTimestamp": "2019-01-01T00:00:00Z" }, "geometry": { "type": "LineString", "coordinates": [ [ 36.1399611, -0.303967 ], [ 36.1398767, -0.3026998 ] ] } },
{ "type": "Feature", "properties": { "@osmId": "way/87621645", "@snapshotTimestamp": "2019-01-01T00:00:00Z" }, "geometry": { "type": "LineString", "coordinates": [ [ 36.1398767, -0.3026998 ], [ 36.1394227, -0.3011536 ] ] } },
{ "type": "Feature", "properties": { "@osmId": "way/82507097", "@snapshotTimestamp": "2019-01-01T00:00:00Z" }, "geometry": { "type": "LineString", "coordinates": [ [ 36.1397979, -0.3009931 ], [ 36.1402169, -0.3027329 ] ] } },
{ "type": "Feature", "properties": { "@osmId": "way/33402789", "@snapshotTimestamp": "2019-01-01T00:00:00Z" }, "geometry": { "type": "LineString", "coordinates": [ [ 36.1372479, -0.2989743 ], [ 36.1570257, -0.288097 ] ] } },
{ "type": "Feature", "properties": { "@osmId": "way/87621642", "@snapshotTimestamp": "2019-01-01T00:00:00Z" }, "geometry": { "type": "LineString", "coordinates": [ [ 36.1394227, -0.3011536 ], [ 36.0980979, -0.282952 ] ] } },
{ "type": "Feature", "properties": { "@osmId": "way/82507095", "@snapshotTimestamp": "2019-01-01T00:00:00Z" }, "geometry": { "type": "LineString", "coordinates": [ [ 36.080147, -0.2845102 ], [ 36.1397979, -0.3009931 ] ] } },
{ "type": "Feature", "properties": { "@osmId": "way/488570496", "@snapshotTimestamp": "2019-01-01T00:00:00Z" }, "geometry": { "type": "LineString", "coordinates": [ [ 36.1175081, -0.2909242 ], [ 36.1175966, -0.2907427 ] ] } },
{ "type": "Feature", "properties": { "@osmId": "way/87269998", "@snapshotTimestamp": "2019-01-01T00:00:00Z" }, "geometry": { "type": "LineString", "coordinates": [ [ 36.0551765, -0.2894388 ], [ 36.0543401, -0.2897099 ] ] } },
{ "type": "Feature", "properties": { "@osmId": "way/87270015", "@snapshotTimestamp": "2019-01-01T00:00:00Z" }, "geometry": { "type": "LineString", "coordinates": [ [ 36.0555633, -0.2893725 ], [ 36.0551765, -0.2894388 ], [ 36.0550985, -0.2890747 ], [ 36.0554853, -0.2889808 ], [ 36.0555633, -0.2893725 ] ] } },
{ "type": "Feature", "properties": { "@osmId": "way/92127868", "@snapshotTimestamp": "2019-01-01T00:00:00Z" }, "geometry": { "type": "LineString", "coordinates": [ [ 36.0543401, -0.2897099 ], [ 36.0432857, -0.2863566 ] ] } },
{ "type": "Feature", "properties": { "@osmId": "way/87269989", "@snapshotTimestamp": "2019-01-01T00:00:00Z" }, "geometry": { "type": "LineString", "coordinates": [ [ 36.0629594, -0.2865587 ], [ 36.0555633, -0.2893725 ] ] } },
{ "type": "Feature", "properties": { "@osmId": "way/188822685", "@snapshotTimestamp": "2019-01-01T00:00:00Z" }, "geometry": { "type": "LineString", "coordinates": [ [ 36.0434092, -0.2860514 ], [ 36.055061, -0.2892022 ] ] } },
{ "type": "Feature", "properties": { "@osmId": "way/87269999", "@snapshotTimestamp": "2019-01-01T00:00:00Z" }, "geometry": { "type": "LineString", "coordinates": [ [ 36.0555471, -0.2890345 ], [ 36.0627479, -0.2863432 ] ] } },
{ "type": "Feature", "properties": { "@osmId": "way/334335221", "@snapshotTimestamp": "2019-01-01T00:00:00Z" }, "geometry": { "type": "LineString", "coordinates": [ [ 35.729255, -0.2471757 ], [ 35.7715834, -0.2984027 ], [ 35.8777934, -0.2795108 ], [ 35.9392989, -0.3272154 ] ] } },
{ "type": "Feature", "properties": { "@osmId": "way/34870321", "@snapshotTimestamp": "2019-01-01T00:00:00Z" }, "geometry": { "type": "LineString", "coordinates": [ [ 36.0627479, -0.2863432 ], [ 36.0632999, -0.2859502 ], [ 36.0635707, -0.2861789 ], [ 36.0630493, -0.2865749 ], [ 36.0627479, -0.2863432 ] ] } },
{ "type": "Feature", "properties": { "@osmId": "way/95075651", "@snapshotTimestamp": "2019-01-01T00:00:00Z" }, "geometry": { "type": "LineString", "coordinates": [ [ 36.042905, -0.2861765 ], [ 36.0431546, -0.2858319 ], [ 36.0434092, -0.2860514 ], [ 36.0431998, -0.2863833 ], [ 36.042905, -0.2861765 ] ] } },
{ "type": "Feature", "properties": { "@osmId": "way/41792391", "@snapshotTimestamp": "2019-01-01T00:00:00Z" }, "geometry": { "type": "LineString", "coordinates": [ [ 36.3643176, -0.0717305 ], [ 36.3826424, -0.1883917 ], [ 36.34978, -0.4301876 ], [ 36.363005, -0.4956124 ], [ 36.3256759, -0.5003601 ] ] } },
{ "type": "Feature", "properties": { "@osmId": "way/34870309", "@snapshotTimestamp": "2019-01-01T00:00:00Z" }, "geometry": { "type": "LineString", "coordinates": [ [ 36.0744695, -0.2825342 ], [ 36.0635489, -0.2861207 ] ] } },
{ "type": "Feature", "properties": { "@osmId": "way/34870301", "@snapshotTimestamp": "2019-01-01T00:00:00Z" }, "geometry": { "type": "LineString", "coordinates": [ [ 36.0632999, -0.2859502 ], [ 36.0744068, -0.2823617 ] ] } },
{ "type": "Feature", "properties": { "@osmId": "way/656716365", "@snapshotTimestamp": "2019-01-01T00:00:00Z" }, "geometry": { "type": "LineString", "coordinates": [ [ 36.0620627, -0.2812555 ], [ 36.0629197, -0.2857636 ] ] } },
{ "type": "Feature", "properties": { "@osmId": "way/488913128", "@snapshotTimestamp": "2019-01-01T00:00:00Z" }, "geometry": { "type": "LineString", "coordinates": [ [ 36.0917479, -0.2830508 ], [ 36.074809, -0.2823782 ] ] } },
{ "type": "Feature", "properties": { "@osmId": "way/82507099", "@snapshotTimestamp": "2019-01-01T00:00:00Z" }, "geometry": { "type": "LineString", "coordinates": [ [ 36.0747802, -0.2822903 ], [ 36.080147, -0.2845102 ] ] } },
{ "type": "Feature", "properties": { "@osmId": "way/488589411", "@snapshotTimestamp": "2019-01-01T00:00:00Z" }, "geometry": { "type": "LineString", "coordinates": [ [ 36.0945871, -0.2827119 ], [ 36.0917479, -0.2830508 ] ] } },
{ "type": "Feature", "properties": { "@osmId": "way/87607045", "@snapshotTimestamp": "2019-01-01T00:00:00Z" }, "geometry": { "type": "LineString", "coordinates": [ [ 36.0980979, -0.282952 ], [ 36.0945871, -0.2827119 ] ] } },
{ "type": "Feature", "properties": { "@osmId": "way/625280306", "@snapshotTimestamp": "2019-01-01T00:00:00Z" }, "geometry": { "type": "LineString", "coordinates": [ [ 36.0952457, -0.2822843 ], [ 36.0981067, -0.2828265 ] ] } },
{ "type": "Feature", "properties": { "@osmId": "way/34870315", "@snapshotTimestamp": "2019-01-01T00:00:00Z" }, "geometry": { "type": "LineString", "coordinates": [ [ 36.0744068, -0.2823617 ], [ 36.0746314, -0.2821889 ], [ 36.074809, -0.2823782 ], [ 36.0745693, -0.282584 ], [ 36.0744068, -0.2823617 ] ] } },
{ "type": "Feature", "properties": { "@osmId": "way/488570490", "@snapshotTimestamp": "2019-01-01T00:00:00Z" }, "geometry": { "type": "LineString", "coordinates": [ [ 36.07736, -0.2821153 ], [ 36.0774513, -0.2824594 ] ] } },
{ "type": "Feature", "properties": { "@osmId": "way/188822681", "@snapshotTimestamp": "2019-01-01T00:00:00Z" }, "geometry": { "type": "LineString", "coordinates": [ [ 36.042905, -0.2861765 ], [ 36.0259454, -0.2782452 ] ] } },
{ "type": "Feature", "properties": { "@osmId": "way/87270010", "@snapshotTimestamp": "2019-01-01T00:00:00Z" }, "geometry": { "type": "LineString", "coordinates": [ [ 36.0259454, -0.2782452 ], [ 36.0430723, -0.2858731 ] ] } },
{ "type": "Feature", "properties": { "@osmId": "way/87312412", "@snapshotTimestamp": "2019-01-01T00:00:00Z" }, "geometry": { "type": "LineString", "coordinates": [ [ 36.0620467, -0.2811864 ], [ 36.0624446, -0.2810804 ] ] } },
{ "type": "Feature", "properties": { "@osmId": "way/317165817", "@snapshotTimestamp": "2019-01-01T00:00:00Z" }, "geometry": { "type": "LineString", "coordinates": [ [ 36.0764856, -0.27999 ], [ 36.0772308, -0.2822234 ] ] } },
{ "type": "Feature", "properties": { "@osmId": "way/488589847", "@snapshotTimestamp": "2019-01-01T00:00:00Z" }, "geometry": { "type": "LineString", "coordinates": [ [ 36.0624446, -0.2810804 ], [ 36.073715, -0.278199 ] ] } },
{ "type": "Feature", "properties": { "@osmId": "way/488589845", "@snapshotTimestamp": "2019-01-01T00:00:00Z" }, "geometry": { "type": "LineString", "coordinates": [ [ 36.073715, -0.278199 ], [ 36.0764856, -0.27999 ] ] } },
{ "type": "Feature", "properties": { "@osmId": "way/127446353", "@snapshotTimestamp": "2019-01-01T00:00:00Z" }, "geometry": { "type": "LineString", "coordinates": [ [ 36.0075168, -0.2715029 ], [ 36.0259454, -0.2782452 ] ] } },
{ "type": "Feature", "properties": { "@osmId": "way/127446355", "@snapshotTimestamp": "2019-01-01T00:00:00Z" }, "geometry": { "type": "LineString", "coordinates": [ [ 36.0073288, -0.2713404 ], [ 36.0075168, -0.2715029 ] ] } },
{ "type": "Feature", "properties": { "@osmId": "way/437944545", "@snapshotTimestamp": "2019-01-01T00:00:00Z" }, "geometry": { "type": "LineString", "coordinates": [ [ 36.1570257, -0.288097 ], [ 36.2122065, -0.2516651 ], [ 36.2952431, -0.2581206 ] ] } },
{ "type": "Feature", "properties": { "@osmId": "way/133902338", "@snapshotTimestamp": "2019-01-01T00:00:00Z" }, "geometry": { "type": "LineString", "coordinates": [ [ 35.9573295, -0.2475417 ], [ 36.0073288, -0.2713404 ] ] } },
{ "type": "Feature", "properties": { "@osmId": "way/193438640", "@snapshotTimestamp": "2019-01-01T00:00:00Z" }, "geometry": { "type": "LineString", "coordinates": [ [ 36.3775934, -0.2751245 ], [ 36.3130562, -0.2412173 ] ] } },
{ "type": "Feature", "properties": { "@osmId": "way/230047938", "@snapshotTimestamp": "2019-01-01T00:00:00Z" }, "geometry": { "type": "LineString", "coordinates": [ [ 36.2952741, -0.2580227 ], [ 36.2952431, -0.2581206 ] ] } },
{ "type": "Feature", "properties": { "@osmId": "way/230047940", "@snapshotTimestamp": "2019-01-01T00:00:00Z" }, "geometry": { "type": "LineString", "coordinates": [ [ 36.3128869, -0.2412095 ], [ 36.2952741, -0.2580227 ] ] } },
{ "type": "Feature", "properties": { "@osmId": "way/230047939", "@snapshotTimestamp": "2019-01-01T00:00:00Z" }, "geometry": { "type": "LineString", "coordinates": [ [ 36.3130562, -0.2412173 ], [ 36.3128869, -0.2412095 ] ] } },
{ "type": "Feature", "properties": { "@osmId": "way/35997771", "@snapshotTimestamp": "2019-01-01T00:00:00Z" }, "geometry": { "type": "LineString", "coordinates": [ [ 36.1240129, -0.1705444 ], [ 36.0949984, -0.2825235 ] ] } },
{ "type": "Feature", "properties": { "@osmId": "way/133101566", "@snapshotTimestamp": "2019-01-01T00:00:00Z" }, "geometry": { "type": "LineString", "coordinates": [ [ 36.2301019, -0.1933594 ], [ 36.233996, -0.2543055 ] ] } },
{ "type": "Feature", "properties": { "@osmId": "way/133902184", "@snapshotTimestamp": "2019-01-01T00:00:00Z" }, "geometry": { "type": "LineString", "coordinates": [ [ 35.9573295, -0.2475417 ], [ 35.8304128, -0.1993521 ] ] } },
{ "type": "Feature", "properties": { "@osmId": "way/547923490", "@snapshotTimestamp": "2019-01-01T00:00:00Z" }, "geometry": { "type": "LineString", "coordinates": [ [ 35.8304128, -0.1993521 ], [ 35.8302775, -0.1993431 ] ] } },
{ "type": "Feature", "properties": { "@osmId": "way/128130345", "@snapshotTimestamp": "2019-01-01T00:00:00Z" }, "geometry": { "type": "LineString", "coordinates": [ [ 35.9650055, -0.0242929 ], [ 35.9369445, -0.0898628 ], [ 35.9461615, -0.1371966 ], [ 36.0184599, -0.261533 ], [ 36.0620627, -0.2812555 ] ] } },
{ "type": "Feature", "properties": { "@osmId": "way/34129537", "@snapshotTimestamp": "2019-01-01T00:00:00Z" }, "geometry": { "type": "LineString", "coordinates": [ [ 36.3643176, -0.0717305 ], [ 36.2969594, -0.1602077 ], [ 36.2301019, -0.1933594 ] ] } },
{ "type": "Feature", "properties": { "@osmId": "way/97542153", "@snapshotTimestamp": "2019-01-01T00:00:00Z" }, "geometry": { "type": "LineString", "coordinates": [ [ 36.4921183, -0.309845 ], [ 36.4723758, -0.2629174 ], [ 36.4410645, -0.2531453 ] ] } },
{ "type": "Feature", "properties": { "@osmId": "way/316678243", "@snapshotTimestamp": "2019-01-01T00:00:00Z" }, "geometry": { "type": "LineString", "coordinates": [ [ 36.4408824, -0.2531121 ], [ 36.3776334, -0.2688351 ] ] } },
{ "type": "Feature", "properties": { "@osmId": "way/316678240", "@snapshotTimestamp": "2019-01-01T00:00:00Z" }, "geometry": { "type": "LineString", "coordinates": [ [ 36.4410645, -0.2531453 ], [ 36.4408824, -0.2531121 ] ] } },
{ "type": "Feature", "properties": { "@osmId": "way/316785577", "@snapshotTimestamp": "2019-01-01T00:00:00Z" }, "geometry": { "type": "LineString", "coordinates": [ [ 36.8360076, -0.1994305 ], [ 36.7224525, -0.1536328 ], [ 36.6465331, -0.0797745 ], [ 36.5370547, -0.0724914 ], [ 36.4918259, 0.0144942 ], [ 36.3725875, 0.0424759 ] ] } },
{ "type": "Feature", "properties": { "@osmId": "way/35999564", "@snapshotTimestamp": "2019-01-01T00:00:00Z" }, "geometry": { "type": "LineString", "coordinates": [ [ 36.3639768, 0.0381088 ], [ 36.3640425, 0.0382172 ], [ 36.3641719, 0.0381499 ], [ 36.3640804, 0.0380231 ], [ 36.3639768, 0.0381088 ] ] } },
{ "type": "Feature", "properties": { "@osmId": "way/103426530", "@snapshotTimestamp": "2019-01-01T00:00:00Z" }, "geometry": { "type": "LineString", "coordinates": [ [ 36.3649879, 0.0425022 ], [ 36.3640706, 0.0382227 ] ] } },
{ "type": "Feature", "properties": { "@osmId": "way/426645348", "@snapshotTimestamp": "2019-01-01T00:00:00Z" }, "geometry": { "type": "LineString", "coordinates": [ [ 36.3725875, 0.0424759 ], [ 36.3724641, 0.0424862 ] ] } },
{ "type": "Feature", "properties": { "@osmId": "way/426645346", "@snapshotTimestamp": "2019-01-01T00:00:00Z" }, "geometry": { "type": "LineString", "coordinates": [ [ 36.3724641, 0.0424862 ], [ 36.3649879, 0.0425022 ] ] } },
{ "type": "Feature", "properties": { "@osmId": "way/254911153", "@snapshotTimestamp": "2019-01-01T00:00:00Z" }, "geometry": { "type": "LineString", "coordinates": [ [ 36.4891919, 0.0153161 ], [ 36.5777099, 0.078555 ], [ 36.6422068, 0.0623925 ], [ 36.6572155, 0.0883059 ] ] } },
{ "type": "Feature", "properties": { "@osmId": "way/607400097", "@snapshotTimestamp": "2019-01-01T00:00:00Z" }, "geometry": { "type": "LineString", "coordinates": [ [ 36.664676, 0.0801947 ], [ 36.6647541, 0.0801605 ] ] } },
{ "type": "Feature", "properties": { "@osmId": "way/98240674", "@snapshotTimestamp": "2019-01-01T00:00:00Z" }, "geometry": { "type": "LineString", "coordinates": [ [ 36.783362, -1.0643985 ], [ 36.6780739, -1.0640269 ] ] } },
{ "type": "Feature", "properties": { "@osmId": "way/194020782", "@snapshotTimestamp": "2019-01-01T00:00:00Z" }, "geometry": { "type": "LineString", "coordinates": [ [ 36.951491, -0.9903113 ], [ 36.7860152, -0.8768725 ], [ 36.6449195, -0.8442965 ], [ 36.5735247, -0.8768481 ] ] } },
{ "type": "Feature", "properties": { "@osmId": "way/128065500", "@snapshotTimestamp": "2019-01-01T00:00:00Z" }, "geometry": { "type": "LineString", "coordinates": [ [ 36.8234012, -0.8577706 ], [ 36.7384469, -0.8093165 ], [ 36.6829671, -0.7234603 ], [ 36.6568741, -0.7276177 ] ] } },
{ "type": "Feature", "properties": { "@osmId": "way/607400096", "@snapshotTimestamp": "2019-01-01T00:00:00Z" }, "geometry": { "type": "LineString", "coordinates": [ [ 36.6647541, 0.0801605 ], [ 36.6763265, 0.0641401 ], [ 36.805874, 0.1017678 ] ] } },
{ "type": "Feature", "properties": { "@osmId": "way/33403119", "@snapshotTimestamp": "2019-01-01T00:00:00Z" }, "geometry": { "type": "LineString", "coordinates": [ [ 36.7574818, 0.9661417 ], [ 36.7641674, 0.9499771 ] ] } },
{ "type": "Feature", "properties": { "@osmId": "way/33402877", "@snapshotTimestamp": "2019-01-01T00:00:00Z" }, "geometry": { "type": "LineString", "coordinates": [ [ 36.6945962, 1.0927089 ], [ 36.7574818, 0.9661417 ] ] } },
{ "type": "Feature", "properties": { "@osmId": "way/331976742", "@snapshotTimestamp": "2019-01-01T00:00:00Z" }, "geometry": { "type": "LineString", "coordinates": [ [ 36.6918686, 1.0904412 ], [ 36.69196, 1.090541 ], [ 36.6920598, 1.0904495 ], [ 36.6919684, 1.0903498 ], [ 36.6918686, 1.0904412 ] ] } },
{ "type": "Feature", "properties": { "@osmId": "way/139165933", "@snapshotTimestamp": "2019-01-01T00:00:00Z" }, "geometry": { "type": "LineString", "coordinates": [ [ 36.6944955, 1.0927231 ], [ 36.6920289, 1.0905159 ] ] } },
{ "type": "Feature", "properties": { "@osmId": "way/403103853", "@snapshotTimestamp": "2019-01-01T00:00:00Z" }, "geometry": { "type": "LineString", "coordinates": [ [ 36.6945435, 1.0926994 ], [ 36.6946408, 1.0927806 ], [ 36.6945764, 1.0928667 ], [ 36.6944715, 1.0927993 ], [ 36.6945435, 1.0926994 ] ] } },
{ "type": "Feature", "properties": { "@osmId": "way/528531494", "@snapshotTimestamp": "2019-01-01T00:00:00Z" }, "geometry": { "type": "LineString", "coordinates": [ [ 36.6993746, 1.0962525 ], [ 36.6952579, 1.1073383 ] ] } },
{ "type": "Feature", "properties": { "@osmId": "way/627987391", "@snapshotTimestamp": "2019-01-01T00:00:00Z" }, "geometry": { "type": "LineString", "coordinates": [ [ 34.663114, -0.0730078 ], [ 34.6627329, -0.0726221 ] ] } },
{ "type": "Feature", "properties": { "@osmId": "way/627987390", "@snapshotTimestamp": "2019-01-01T00:00:00Z" }, "geometry": { "type": "LineString", "coordinates": [ [ 34.6635893, -0.0724045 ], [ 34.6631124, -0.0730074 ] ] } },
{ "type": "Feature", "properties": { "@osmId": "way/627990707", "@snapshotTimestamp": "2019-01-01T00:00:00Z" }, "geometry": { "type": "LineString", "coordinates": [ [ 34.66305, -0.0727066 ], [ 34.6631345, -0.0725545 ] ] } },
{ "type": "Feature", "properties": { "@osmId": "way/204095334", "@snapshotTimestamp": "2019-01-01T00:00:00Z" }, "geometry": { "type": "LineString", "coordinates": [ [ 34.3794831, -0.0702961 ], [ 34.3790808, -0.0706514 ] ] } },
{ "type": "Feature", "properties": { "@osmId": "way/35426952", "@snapshotTimestamp": "2019-01-01T00:00:00Z" }, "geometry": { "type": "LineString", "coordinates": [ [ 34.4355235, -0.0615271 ], [ 34.3794831, -0.0702961 ] ] } },
{ "type": "Feature", "properties": { "@osmId": "way/204095335", "@snapshotTimestamp": "2019-01-01T00:00:00Z" }, "geometry": { "type": "LineString", "coordinates": [ [ 34.3426862, -0.031546 ], [ 34.3794831, -0.0702961 ] ] } },
{ "type": "Feature", "properties": { "@osmId": "way/33402113", "@snapshotTimestamp": "2019-01-01T00:00:00Z" }, "geometry": { "type": "LineString", "coordinates": [ [ 34.5980361, -0.0042449 ], [ 34.6631386, -0.0725544 ] ] } },
{ "type": "Feature", "properties": { "@osmId": "way/33403197", "@snapshotTimestamp": "2019-01-01T00:00:00Z" }, "geometry": { "type": "LineString", "coordinates": [ [ 34.5856087, 0.0261134 ], [ 34.5980361, -0.0042449 ] ] } },
{ "type": "Feature", "properties": { "@osmId": "way/96752329", "@snapshotTimestamp": "2019-01-01T00:00:00Z" }, "geometry": { "type": "LineString", "coordinates": [ [ 34.6236354, 0.0253314 ], [ 34.5989082, 0.0162758 ] ] } },
{ "type": "Feature", "properties": { "@osmId": "way/30483201", "@snapshotTimestamp": "2019-01-01T00:00:00Z" }, "geometry": { "type": "LineString", "coordinates": [ [ 34.5618215, 0.0446985 ], [ 34.5856087, 0.0261134 ] ] } },
{ "type": "Feature", "properties": { "@osmId": "way/658295466", "@snapshotTimestamp": "2019-01-01T00:00:00Z" }, "geometry": { "type": "LineString", "coordinates": [ [ 34.7518068, -0.0343467 ], [ 34.7515993, -0.0344964 ], [ 34.7514597, -0.0342925 ], [ 34.7516864, -0.0341566 ], [ 34.7518068, -0.0343467 ] ] } },
{ "type": "Feature", "properties": { "@osmId": "way/658295464", "@snapshotTimestamp": "2019-01-01T00:00:00Z" }, "geometry": { "type": "LineString", "coordinates": [ [ 34.7514597, -0.0342925 ], [ 34.747404, -0.0241231 ] ] } },
{ "type": "Feature", "properties": { "@osmId": "way/658295465", "@snapshotTimestamp": "2019-01-01T00:00:00Z" }, "geometry": { "type": "LineString", "coordinates": [ [ 34.7475569, -0.0239715 ], [ 34.7515395, -0.034178 ] ] } },
{ "type": "Feature", "properties": { "@osmId": "way/658295463", "@snapshotTimestamp": "2019-01-01T00:00:00Z" }, "geometry": { "type": "LineString", "coordinates": [ [ 34.7472981, -0.0241027 ], [ 34.7468418, -0.0241247 ] ] } },
{ "type": "Feature", "properties": { "@osmId": "way/658295462", "@snapshotTimestamp": "2019-01-01T00:00:00Z" }, "geometry": { "type": "LineString", "coordinates": [ [ 34.7468418, -0.0241247 ], [ 34.7472085, -0.0239718 ] ] } },
{ "type": "Feature", "properties": { "@osmId": "way/658295458", "@snapshotTimestamp": "2019-01-01T00:00:00Z" }, "geometry": { "type": "LineString", "coordinates": [ [ 34.7475569, -0.0239715 ], [ 34.7473495, -0.0241212 ], [ 34.7472098, -0.0239172 ], [ 34.7474365, -0.0237814 ], [ 34.7475569, -0.0239715 ] ] } },
{ "type": "Feature", "properties": { "@osmId": "way/658295460", "@snapshotTimestamp": "2019-01-01T00:00:00Z" }, "geometry": { "type": "LineString", "coordinates": [ [ 34.7472278, -0.0238657 ], [ 34.7471816, -0.0233926 ] ] } },
{ "type": "Feature", "properties": { "@osmId": "way/658295461", "@snapshotTimestamp": "2019-01-01T00:00:00Z" }, "geometry": { "type": "LineString", "coordinates": [ [ 34.7471816, -0.0233926 ], [ 34.7474365, -0.0237814 ] ] } },
{ "type": "Feature", "properties": { "@osmId": "way/34357999", "@snapshotTimestamp": "2019-01-01T00:00:00Z" }, "geometry": { "type": "LineString", "coordinates": [ [ 34.7395591, -0.0015012 ], [ 34.7471816, -0.0233926 ] ] } },
{ "type": "Feature", "properties": { "@osmId": "way/34359341", "@snapshotTimestamp": "2019-01-01T00:00:00Z" }, "geometry": { "type": "LineString", "coordinates": [ [ 34.7233178, 0.0489667 ], [ 34.7395591, -0.0015012 ] ] } },
{ "type": "Feature", "properties": { "@osmId": "way/33410765", "@snapshotTimestamp": "2019-01-01T00:00:00Z" }, "geometry": { "type": "LineString", "coordinates": [ [ 34.1472574, -0.0515272 ], [ 34.1534211, -0.0578212 ] ] } },
{ "type": "Feature", "properties": { "@osmId": "way/540778195", "@snapshotTimestamp": "2019-01-01T00:00:00Z" }, "geometry": { "type": "LineString", "coordinates": [ [ 34.267372, -0.0553065 ], [ 34.2654697, -0.0521502 ] ] } },
{ "type": "Feature", "properties": { "@osmId": "way/540778193", "@snapshotTimestamp": "2019-01-01T00:00:00Z" }, "geometry": { "type": "LineString", "coordinates": [ [ 34.2658175, -0.0506216 ], [ 34.2700389, -0.0499482 ] ] } },
{ "type": "Feature", "properties": { "@osmId": "way/176049163", "@snapshotTimestamp": "2019-01-01T00:00:00Z" }, "geometry": { "type": "LineString", "coordinates": [ [ 34.0146815, -0.0278766 ], [ 34.0447639, -0.0626955 ] ] } },
{ "type": "Feature", "properties": { "@osmId": "way/204095333", "@snapshotTimestamp": "2019-01-01T00:00:00Z" }, "geometry": { "type": "LineString", "coordinates": [ [ 34.3426328, -0.031178 ], [ 34.3426862, -0.031546 ] ] } },
{ "type": "Feature", "properties": { "@osmId": "way/33409122", "@snapshotTimestamp": "2019-01-01T00:00:00Z" }, "geometry": { "type": "LineString", "coordinates": [ [ 34.3682168, 0.0447133 ], [ 34.3426328, -0.031178 ] ] } },
{ "type": "Feature", "properties": { "@osmId": "way/30481912", "@snapshotTimestamp": "2019-01-01T00:00:00Z" }, "geometry": { "type": "LineString", "coordinates": [ [ 34.288521, 0.0560734 ], [ 34.3682168, 0.0447133 ] ] } },
{ "type": "Feature", "properties": { "@osmId": "way/359113442", "@snapshotTimestamp": "2019-01-01T00:00:00Z" }, "geometry": { "type": "LineString", "coordinates": [ [ 34.2787214, 0.0569524 ], [ 34.288521, 0.0560734 ] ] } },
{ "type": "Feature", "properties": { "@osmId": "way/176049090", "@snapshotTimestamp": "2019-01-01T00:00:00Z" }, "geometry": { "type": "LineString", "coordinates": [ [ 34.2761907, 0.062884 ], [ 34.2787214, 0.0569524 ] ] } },
{ "type": "Feature", "properties": { "@osmId": "way/359113423", "@snapshotTimestamp": "2019-01-01T00:00:00Z" }, "geometry": { "type": "LineString", "coordinates": [ [ 34.2761907, 0.062884 ], [ 34.2350597, 0.0862916 ] ] } },
{ "type": "Feature", "properties": { "@osmId": "way/96752322", "@snapshotTimestamp": "2019-01-01T00:00:00Z" }, "geometry": { "type": "LineString", "coordinates": [ [ 34.6236354, 0.0253314 ], [ 34.7233178, 0.0489667 ] ] } },
{ "type": "Feature", "properties": { "@osmId": "way/30481911", "@snapshotTimestamp": "2019-01-01T00:00:00Z" }, "geometry": { "type": "LineString", "coordinates": [ [ 34.3682168, 0.0447133 ], [ 34.4332438, 0.0545574 ] ] } },
{ "type": "Feature", "properties": { "@osmId": "way/102270489", "@snapshotTimestamp": "2019-01-01T00:00:00Z" }, "geometry": { "type": "LineString", "coordinates": [ [ 34.5618215, 0.0446985 ], [ 34.5079482, 0.0581926 ] ] } },
{ "type": "Feature", "properties": { "@osmId": "way/204422469", "@snapshotTimestamp": "2019-01-01T00:00:00Z" }, "geometry": { "type": "LineString", "coordinates": [ [ 34.4332438, 0.0545574 ], [ 34.5073756, 0.0583905 ] ] } },
{ "type": "Feature", "properties": { "@osmId": "way/33401678", "@snapshotTimestamp": "2019-01-01T00:00:00Z" }, "geometry": { "type": "LineString", "coordinates": [ [ 34.5679821, 0.0846737 ], [ 34.5856087, 0.0261134 ] ] } },
{ "type": "Feature", "properties": { "@osmId": "way/204422468", "@snapshotTimestamp": "2019-01-01T00:00:00Z" }, "geometry": { "type": "LineString", "coordinates": [ [ 34.5079482, 0.0581926 ], [ 34.5073756, 0.0583905 ] ] } },
{ "type": "Feature", "properties": { "@osmId": "way/225239558", "@snapshotTimestamp": "2019-01-01T00:00:00Z" }, "geometry": { "type": "LineString", "coordinates": [ [ 34.543064, 0.0859199 ], [ 34.5679821, 0.0846737 ] ] } },
{ "type": "Feature", "properties": { "@osmId": "way/225239559", "@snapshotTimestamp": "2019-01-01T00:00:00Z" }, "geometry": { "type": "LineString", "coordinates": [ [ 34.5426946, 0.0860259 ], [ 34.543064, 0.0859199 ] ] } },
{ "type": "Feature", "properties": { "@osmId": "way/33402724", "@snapshotTimestamp": "2019-01-01T00:00:00Z" }, "geometry": { "type": "LineString", "coordinates": [ [ 34.5456365, 0.086027 ], [ 34.5466214, 0.0879944 ] ] } },
{ "type": "Feature", "properties": { "@osmId": "way/204415965", "@snapshotTimestamp": "2019-01-01T00:00:00Z" }, "geometry": { "type": "LineString", "coordinates": [ [ 34.5466214, 0.0879944 ], [ 34.5467822, 0.0884696 ] ] } },
{ "type": "Feature", "properties": { "@osmId": "way/257728594", "@snapshotTimestamp": "2019-01-01T00:00:00Z" }, "geometry": { "type": "LineString", "coordinates": [ [ 33.989261, 0.0705685 ], [ 34.0028742, 0.0828464 ] ] } },
{ "type": "Feature", "properties": { "@osmId": "way/33403201", "@snapshotTimestamp": "2019-01-01T00:00:00Z" }, "geometry": { "type": "LineString", "coordinates": [ [ 34.2828053, 0.1083595 ], [ 34.2925211, 0.0569511 ] ] } },
{ "type": "Feature", "properties": { "@osmId": "way/306836383", "@snapshotTimestamp": "2019-01-01T00:00:00Z" }, "geometry": { "type": "LineString", "coordinates": [ [ 34.0225965, 0.0865345 ], [ 34.0446728, 0.0826879 ] ] } },
{ "type": "Feature", "properties": { "@osmId": "way/257728595", "@snapshotTimestamp": "2019-01-01T00:00:00Z" }, "geometry": { "type": "LineString", "coordinates": [ [ 34.0028742, 0.0828464 ], [ 34.0225965, 0.0865345 ] ] } },
{ "type": "Feature", "properties": { "@osmId": "way/306836382", "@snapshotTimestamp": "2019-01-01T00:00:00Z" }, "geometry": { "type": "LineString", "coordinates": [ [ 34.0482747, 0.0918025 ], [ 34.0446728, 0.0826879 ] ] } },
{ "type": "Feature", "properties": { "@osmId": "way/257622272", "@snapshotTimestamp": "2019-01-01T00:00:00Z" }, "geometry": { "type": "LineString", "coordinates": [ [ 34.0482747, 0.0918025 ], [ 34.0514049, 0.1031885 ] ] } },
{ "type": "Feature", "properties": { "@osmId": "way/359109746", "@snapshotTimestamp": "2019-01-01T00:00:00Z" }, "geometry": { "type": "LineString", "coordinates": [ [ 34.0930866, 0.1152409 ], [ 34.2350597, 0.0862916 ] ] } },
{ "type": "Feature", "properties": { "@osmId": "way/306835787", "@snapshotTimestamp": "2019-01-01T00:00:00Z" }, "geometry": { "type": "LineString", "coordinates": [ [ 34.0896726, 0.120918 ], [ 34.0514049, 0.1031885 ] ] } },
{ "type": "Feature", "properties": { "@osmId": "way/174143368", "@snapshotTimestamp": "2019-01-01T00:00:00Z" }, "geometry": { "type": "LineString", "coordinates": [ [ 34.0936182, 0.1180797 ], [ 34.0930866, 0.1152409 ] ] } },
{ "type": "Feature", "properties": { "@osmId": "way/174143367", "@snapshotTimestamp": "2019-01-01T00:00:00Z" }, "geometry": { "type": "LineString", "coordinates": [ [ 34.0896726, 0.120918 ], [ 34.0930866, 0.1152409 ] ] } },
{ "type": "Feature", "properties": { "@osmId": "way/204415966", "@snapshotTimestamp": "2019-01-01T00:00:00Z" }, "geometry": { "type": "LineString", "coordinates": [ [ 34.5467822, 0.0884696 ], [ 34.5469002, 0.0889233 ] ] } },
{ "type": "Feature", "properties": { "@osmId": "way/30482552", "@snapshotTimestamp": "2019-01-01T00:00:00Z" }, "geometry": { "type": "LineString", "coordinates": [ [ 34.5679821, 0.0846737 ], [ 34.5702135, 0.0956399 ] ] } },
{ "type": "Feature", "properties": { "@osmId": "way/441248607", "@snapshotTimestamp": "2019-01-01T00:00:00Z" }, "geometry": { "type": "LineString", "coordinates": [ [ 34.5702135, 0.0956399 ], [ 34.5702858, 0.095845 ] ] } },
{ "type": "Feature", "properties": { "@osmId": "way/175922054", "@snapshotTimestamp": "2019-01-01T00:00:00Z" }, "geometry": { "type": "LineString", "coordinates": [ [ 34.4770889, 0.1102135 ], [ 34.5426946, 0.0860259 ] ] } },
{ "type": "Feature", "properties": { "@osmId": "way/204415967", "@snapshotTimestamp": "2019-01-01T00:00:00Z" }, "geometry": { "type": "LineString", "coordinates": [ [ 34.5469002, 0.0889233 ], [ 34.6031044, 0.1191778 ], [ 34.6599126, 0.1166438 ] ] } },
{ "type": "Feature", "properties": { "@osmId": "way/34357427", "@snapshotTimestamp": "2019-01-01T00:00:00Z" }, "geometry": { "type": "LineString", "coordinates": [ [ 34.4573773, 0.1075828 ], [ 34.4770889, 0.1102135 ] ] } },
{ "type": "Feature", "properties": { "@osmId": "way/441248605", "@snapshotTimestamp": "2019-01-01T00:00:00Z" }, "geometry": { "type": "LineString", "coordinates": [ [ 34.5702858, 0.095845 ], [ 34.5697609, 0.1270411 ] ] } },
{ "type": "Feature", "properties": { "@osmId": "way/34358252", "@snapshotTimestamp": "2019-01-01T00:00:00Z" }, "geometry": { "type": "LineString", "coordinates": [ [ 34.6599126, 0.1166438 ], [ 34.7265078, 0.1112679 ] ] } },
{ "type": "Feature", "properties": { "@osmId": "way/204095336", "@snapshotTimestamp": "2019-01-01T00:00:00Z" }, "geometry": { "type": "LineString", "coordinates": [ [ 34.5697609, 0.1270411 ], [ 34.5697548, 0.1276007 ] ] } },
{ "type": "Feature", "properties": { "@osmId": "way/34358461", "@snapshotTimestamp": "2019-01-01T00:00:00Z" }, "geometry": { "type": "LineString", "coordinates": [ [ 34.3861004, 0.1533078 ], [ 34.4573773, 0.1075828 ] ] } },
{ "type": "Feature", "properties": { "@osmId": "way/441248595", "@snapshotTimestamp": "2019-01-01T00:00:00Z" }, "geometry": { "type": "LineString", "coordinates": [ [ 34.721202, 0.1025597 ], [ 34.7233178, 0.0489667 ] ] } },
{ "type": "Feature", "properties": { "@osmId": "way/441248596", "@snapshotTimestamp": "2019-01-01T00:00:00Z" }, "geometry": { "type": "LineString", "coordinates": [ [ 34.7213094, 0.1027312 ], [ 34.721202, 0.1025597 ] ] } },
{ "type": "Feature", "properties": { "@osmId": "way/34357622", "@snapshotTimestamp": "2019-01-01T00:00:00Z" }, "geometry": { "type": "LineString", "coordinates": [ [ 34.7265078, 0.1112679 ], [ 34.7213094, 0.1027312 ] ] } },
{ "type": "Feature", "properties": { "@osmId": "way/96753319", "@snapshotTimestamp": "2019-01-01T00:00:00Z" }, "geometry": { "type": "LineString", "coordinates": [ [ 34.737728, 0.1243963 ], [ 34.7806532, 0.1197999 ] ] } },
{ "type": "Feature", "properties": { "@osmId": "way/33402704", "@snapshotTimestamp": "2019-01-01T00:00:00Z" }, "geometry": { "type": "LineString", "coordinates": [ [ 34.7438268, 0.1378526 ], [ 34.7265078, 0.1112679 ] ] } },
{ "type": "Feature", "properties": { "@osmId": "way/225779682", "@snapshotTimestamp": "2019-01-01T00:00:00Z" }, "geometry": { "type": "LineString", "coordinates": [ [ 34.743729, 0.1591273 ], [ 34.7438268, 0.1378526 ] ] } },
{ "type": "Feature", "properties": { "@osmId": "way/225779683", "@snapshotTimestamp": "2019-01-01T00:00:00Z" }, "geometry": { "type": "LineString", "coordinates": [ [ 34.7435261, 0.1593853 ], [ 34.743729, 0.1591273 ] ] } },
{ "type": "Feature", "properties": { "@osmId": "way/34359366", "@snapshotTimestamp": "2019-01-01T00:00:00Z" }, "geometry": { "type": "LineString", "coordinates": [ [ 34.7623386, 0.1923466 ], [ 34.7435261, 0.1593853 ] ] } },
{ "type": "Feature", "properties": { "@osmId": "way/34357485", "@snapshotTimestamp": "2019-01-01T00:00:00Z" }, "geometry": { "type": "LineString", "coordinates": [ [ 34.7725831, 0.2065492 ], [ 34.7623386, 0.1923466 ] ] } },
{ "type": "Feature", "properties": { "@osmId": "way/34359284", "@snapshotTimestamp": "2019-01-01T00:00:00Z" }, "geometry": { "type": "LineString", "coordinates": [ [ 34.753071, 0.2354867 ], [ 34.7725831, 0.2065492 ] ] } },
{ "type": "Feature", "properties": { "@osmId": "way/174143363", "@snapshotTimestamp": "2019-01-01T00:00:00Z" }, "geometry": { "type": "LineString", "coordinates": [ [ 34.0939658, 0.1187694 ], [ 34.0936182, 0.1180797 ] ] } },
{ "type": "Feature", "properties": { "@osmId": "way/34357846", "@snapshotTimestamp": "2019-01-01T00:00:00Z" }, "geometry": { "type": "LineString", "coordinates": [ [ 34.0930916, 0.1239737 ], [ 34.0939658, 0.1187694 ] ] } },
{ "type": "Feature", "properties": { "@osmId": "way/34359406", "@snapshotTimestamp": "2019-01-01T00:00:00Z" }, "geometry": { "type": "LineString", "coordinates": [ [ 34.0939475, 0.1277505 ], [ 34.0930916, 0.1239737 ] ] } },
{ "type": "Feature", "properties": { "@osmId": "way/33402413", "@snapshotTimestamp": "2019-01-01T00:00:00Z" }, "geometry": { "type": "LineString", "coordinates": [ [ 34.3253279, 0.1529595 ], [ 34.2844704, 0.1038604 ] ] } },
{ "type": "Feature", "properties": { "@osmId": "way/175929227", "@snapshotTimestamp": "2019-01-01T00:00:00Z" }, "geometry": { "type": "LineString", "coordinates": [ [ 34.0752845, 0.1483906 ], [ 34.0939475, 0.1277505 ] ] } },
{ "type": "Feature", "properties": { "@osmId": "way/174758184", "@snapshotTimestamp": "2019-01-01T00:00:00Z" }, "geometry": { "type": "LineString", "coordinates": [ [ 34.3345282, 0.1534057 ], [ 34.3253279, 0.1529595 ] ] } },
{ "type": "Feature", "properties": { "@osmId": "way/33401999", "@snapshotTimestamp": "2019-01-01T00:00:00Z" }, "geometry": { "type": "LineString", "coordinates": [ [ 34.3257925, 0.1556165 ], [ 34.3695009, 0.1566214 ] ] } },
{ "type": "Feature", "properties": { "@osmId": "way/33401627", "@snapshotTimestamp": "2019-01-01T00:00:00Z" }, "geometry": { "type": "LineString", "coordinates": [ [ 34.1894435, 0.1941308 ], [ 34.0939475, 0.1277505 ] ] } },
{ "type": "Feature", "properties": { "@osmId": "way/303613305", "@snapshotTimestamp": "2019-01-01T00:00:00Z" }, "geometry": { "type": "LineString", "coordinates": [ [ 34.0633331, 0.159334 ], [ 34.0794694, 0.1697845 ] ] } },
{ "type": "Feature", "properties": { "@osmId": "way/33402883", "@snapshotTimestamp": "2019-01-01T00:00:00Z" }, "geometry": { "type": "LineString", "coordinates": [ [ 34.296418, 0.1812114 ], [ 34.3257925, 0.1556165 ] ] } },
{ "type": "Feature", "properties": { "@osmId": "way/174142409", "@snapshotTimestamp": "2019-01-01T00:00:00Z" }, "geometry": { "type": "LineString", "coordinates": [ [ 34.2265268, 0.1740015 ], [ 34.2541019, 0.1726344 ] ] } },
{ "type": "Feature", "properties": { "@osmId": "way/174142408", "@snapshotTimestamp": "2019-01-01T00:00:00Z" }, "geometry": { "type": "LineString", "coordinates": [ [ 34.226011, 0.1739661 ], [ 34.2265268, 0.1740015 ] ] } },
{ "type": "Feature", "properties": { "@osmId": "way/33402006", "@snapshotTimestamp": "2019-01-01T00:00:00Z" }, "geometry": { "type": "LineString", "coordinates": [ [ 34.212941, 0.1772684 ], [ 34.226011, 0.1739661 ] ] } },
{ "type": "Feature", "properties": { "@osmId": "way/30483196", "@snapshotTimestamp": "2019-01-01T00:00:00Z" }, "geometry": { "type": "LineString", "coordinates": [ [ 34.2541019, 0.1726344 ], [ 34.2964511, 0.1811587 ] ] } },
{ "type": "Feature", "properties": { "@osmId": "way/33402091", "@snapshotTimestamp": "2019-01-01T00:00:00Z" }, "geometry": { "type": "LineString", "coordinates": [ [ 34.2945026, 0.1832002 ], [ 34.296418, 0.1812114 ] ] } },
{ "type": "Feature", "properties": { "@osmId": "way/33401670", "@snapshotTimestamp": "2019-01-01T00:00:00Z" }, "geometry": { "type": "LineString", "coordinates": [ [ 34.1894435, 0.1941308 ], [ 34.212941, 0.1772684 ] ] } },
{ "type": "Feature", "properties": { "@osmId": "way/30481916", "@snapshotTimestamp": "2019-01-01T00:00:00Z" }, "geometry": { "type": "LineString", "coordinates": [ [ 34.2945026, 0.1832002 ], [ 34.2754475, 0.1967036 ] ] } },
{ "type": "Feature", "properties": { "@osmId": "way/174141091", "@snapshotTimestamp": "2019-01-01T00:00:00Z" }, "geometry": { "type": "LineString", "coordinates": [ [ 34.2754475, 0.1967036 ], [ 34.2751705, 0.1971965 ] ] } },
{ "type": "Feature", "properties": { "@osmId": "way/174141089", "@snapshotTimestamp": "2019-01-01T00:00:00Z" }, "geometry": { "type": "LineString", "coordinates": [ [ 34.2751705, 0.1971965 ], [ 34.2730777, 0.2007216 ] ] } },
{ "type": "Feature", "properties": { "@osmId": "way/34358797", "@snapshotTimestamp": "2019-01-01T00:00:00Z" }, "geometry": { "type": "LineString", "coordinates": [ [ 34.0989475, 0.2775774 ], [ 34.0752845, 0.1483906 ] ] } },
{ "type": "Feature", "properties": { "@osmId": "way/33401685", "@snapshotTimestamp": "2019-01-01T00:00:00Z" }, "geometry": { "type": "LineString", "coordinates": [ [ 34.3763675, 0.1558893 ], [ 34.3861004, 0.1533078 ] ] } },
{ "type": "Feature", "properties": { "@osmId": "way/30483198", "@snapshotTimestamp": "2019-01-01T00:00:00Z" }, "geometry": { "type": "LineString", "coordinates": [ [ 34.3695009, 0.1566214 ], [ 34.3763675, 0.1558893 ] ] } },
{ "type": "Feature", "properties": { "@osmId": "way/33403133", "@snapshotTimestamp": "2019-01-01T00:00:00Z" }, "geometry": { "type": "LineString", "coordinates": [ [ 34.5304713, 0.2108281 ], [ 34.5697548, 0.1276007 ] ] } },
{ "type": "Feature", "properties": { "@osmId": "way/204415960", "@snapshotTimestamp": "2019-01-01T00:00:00Z" }, "geometry": { "type": "LineString", "coordinates": [ [ 34.5302443, 0.2110108 ], [ 34.5304713, 0.2108281 ] ] } },
{ "type": "Feature", "properties": { "@osmId": "way/34358782", "@snapshotTimestamp": "2019-01-01T00:00:00Z" }, "geometry": { "type": "LineString", "coordinates": [ [ 34.5238721, 0.2300397 ], [ 34.5302443, 0.2110108 ] ] } },
{ "type": "Feature", "properties": { "@osmId": "way/30483206", "@snapshotTimestamp": "2019-01-01T00:00:00Z" }, "geometry": { "type": "LineString", "coordinates": [ [ 34.5238721, 0.2300397 ], [ 34.5024733, 0.2846837 ] ] } },
{ "type": "Feature", "properties": { "@osmId": "way/545742619", "@snapshotTimestamp": "2019-01-01T00:00:00Z" }, "geometry": { "type": "LineString", "coordinates": [ [ 34.5024733, 0.2846837 ], [ 34.5024638, 0.284901 ] ] } },
{ "type": "Feature", "properties": { "@osmId": "way/33402290", "@snapshotTimestamp": "2019-01-01T00:00:00Z" }, "geometry": { "type": "LineString", "coordinates": [ [ 34.5042239, 0.3250532 ], [ 34.6704129, 0.279763 ], [ 34.7519014, 0.2827956 ] ] } },
{ "type": "Feature", "properties": { "@osmId": "way/545742618", "@snapshotTimestamp": "2019-01-01T00:00:00Z" }, "geometry": { "type": "LineString", "coordinates": [ [ 34.5024638, 0.284901 ], [ 34.5042239, 0.3250532 ] ] } },
{ "type": "Feature", "properties": { "@osmId": "way/251231208", "@snapshotTimestamp": "2019-01-01T00:00:00Z" }, "geometry": { "type": "LineString", "coordinates": [ [ 34.498925, 0.3298294 ], [ 34.5042239, 0.3250532 ] ] } },
{ "type": "Feature", "properties": { "@osmId": "way/532650197", "@snapshotTimestamp": "2019-01-01T00:00:00Z" }, "geometry": { "type": "LineString", "coordinates": [ [ 36.8017861, -1.2589583 ], [ 36.801879, -1.2590789 ], [ 36.8017708, -1.2591574 ], [ 36.8016841, -1.259035 ], [ 36.8017861, -1.2589583 ] ] } },
{ "type": "Feature", "properties": { "@osmId": "way/532650205", "@snapshotTimestamp": "2019-01-01T00:00:00Z" }, "geometry": { "type": "LineString", "coordinates": [ [ 36.798318, -1.255906 ], [ 36.8017176, -1.2589811 ] ] } },
{ "type": "Feature", "properties": { "@osmId": "way/367770982", "@snapshotTimestamp": "2019-01-01T00:00:00Z" }, "geometry": { "type": "LineString", "coordinates": [ [ 36.7978265, -1.2556304 ], [ 36.7976757, -1.2556067 ], [ 36.797702, -1.255458 ], [ 36.7978565, -1.2554954 ], [ 36.7978265, -1.2556304 ] ] } },
{ "type": "Feature", "properties": { "@osmId": "way/532650203", "@snapshotTimestamp": "2019-01-01T00:00:00Z" }, "geometry": { "type": "LineString", "coordinates": [ [ 36.797668, -1.2555939 ], [ 36.7973084, -1.255298 ] ] } },
{ "type": "Feature", "properties": { "@osmId": "way/532650198", "@snapshotTimestamp": "2019-01-01T00:00:00Z" }, "geometry": { "type": "LineString", "coordinates": [ [ 36.7973084, -1.255298 ], [ 36.7977411, -1.2554426 ] ] } },
{ "type": "Feature", "properties": { "@osmId": "way/419291434", "@snapshotTimestamp": "2019-01-01T00:00:00Z" }, "geometry": { "type": "LineString", "coordinates": [ [ 36.8176958, -1.2515788 ], [ 36.817777, -1.252018 ] ] } },
{ "type": "Feature", "properties": { "@osmId": "way/197833190", "@snapshotTimestamp": "2019-01-01T00:00:00Z" }, "geometry": { "type": "LineString", "coordinates": [ [ 36.817777, -1.252018 ], [ 36.8175304, -1.2515355 ] ] } },
{ "type": "Feature", "properties": { "@osmId": "way/419291433", "@snapshotTimestamp": "2019-01-01T00:00:00Z" }, "geometry": { "type": "LineString", "coordinates": [ [ 36.8176924, -1.2514954 ], [ 36.8176555, -1.251619 ], [ 36.8175352, -1.2515719 ], [ 36.8175662, -1.2514687 ], [ 36.8176924, -1.2514954 ] ] } },
{ "type": "Feature", "properties": { "@osmId": "way/24009833", "@snapshotTimestamp": "2019-01-01T00:00:00Z" }, "geometry": { "type": "LineString", "coordinates": [ [ 36.8178313, -1.2514047 ], [ 36.817704, -1.2515511 ] ] } },
{ "type": "Feature", "properties": { "@osmId": "way/419291435", "@snapshotTimestamp": "2019-01-01T00:00:00Z" }, "geometry": { "type": "LineString", "coordinates": [ [ 36.8176208, -1.2514526 ], [ 36.8178313, -1.2514047 ] ] } },
{ "type": "Feature", "properties": { "@osmId": "way/658223895", "@snapshotTimestamp": "2019-01-01T00:00:00Z" }, "geometry": { "type": "LineString", "coordinates": [ [ 36.8783525, -1.2498288 ], [ 36.8787513, -1.2510944 ] ] } },
{ "type": "Feature", "properties": { "@osmId": "way/658223891", "@snapshotTimestamp": "2019-01-01T00:00:00Z" }, "geometry": { "type": "LineString", "coordinates": [ [ 36.8782146, -1.2498886 ], [ 36.8778501, -1.2492697 ] ] } },
{ "type": "Feature", "properties": { "@osmId": "way/658223899", "@snapshotTimestamp": "2019-01-01T00:00:00Z" }, "geometry": { "type": "LineString", "coordinates": [ [ 36.8779749, -1.2491779 ], [ 36.8783525, -1.2498288 ] ] } },
{ "type": "Feature", "properties": { "@osmId": "way/658223887", "@snapshotTimestamp": "2019-01-01T00:00:00Z" }, "geometry": { "type": "LineString", "coordinates": [ [ 36.8778501, -1.2492697 ], [ 36.8771309, -1.2484988 ] ] } },
{ "type": "Feature", "properties": { "@osmId": "way/24966570", "@snapshotTimestamp": "2019-01-01T00:00:00Z" }, "geometry": { "type": "LineString", "coordinates": [ [ 36.8667178, -1.2451896 ], [ 36.8595903, -1.2525438 ] ] } },
{ "type": "Feature", "properties": { "@osmId": "way/658409702", "@snapshotTimestamp": "2019-01-01T00:00:00Z" }, "geometry": { "type": "LineString", "coordinates": [ [ 36.8768408, -1.2480865 ], [ 36.8779749, -1.2491779 ] ] } },
{ "type": "Feature", "properties": { "@osmId": "way/231502880", "@snapshotTimestamp": "2019-01-01T00:00:00Z" }, "geometry": { "type": "LineString", "coordinates": [ [ 36.8595348, -1.2524199 ], [ 36.8671373, -1.2445337 ] ] } },
{ "type": "Feature", "properties": { "@osmId": "way/658409703", "@snapshotTimestamp": "2019-01-01T00:00:00Z" }, "geometry": { "type": "LineString", "coordinates": [ [ 36.8771309, -1.2484988 ], [ 36.8676293, -1.2456277 ] ] } },
{ "type": "Feature", "properties": { "@osmId": "way/231502125", "@snapshotTimestamp": "2019-01-01T00:00:00Z" }, "geometry": { "type": "LineString", "coordinates": [ [ 36.8679365, -1.2454092 ], [ 36.8768408, -1.2480865 ] ] } },
{ "type": "Feature", "properties": { "@osmId": "way/581225458", "@snapshotTimestamp": "2019-01-01T00:00:00Z" }, "geometry": { "type": "LineString", "coordinates": [ [ 36.8678568, -1.2455685 ], [ 36.8673865, -1.2454926 ], [ 36.8673334, -1.2451323 ], [ 36.8678379, -1.2451968 ], [ 36.8678568, -1.2455685 ] ] } },
{ "type": "Feature", "properties": { "@osmId": "way/231510702", "@snapshotTimestamp": "2019-01-01T00:00:00Z" }, "geometry": { "type": "LineString", "coordinates": [ [ 36.839199, -1.2615157 ], [ 36.8399619, -1.2618235 ] ] } },
{ "type": "Feature", "properties": { "@osmId": "way/231932783", "@snapshotTimestamp": "2019-01-01T00:00:00Z" }, "geometry": { "type": "LineString", "coordinates": [ [ 36.8218851, -1.2676289 ], [ 36.817777, -1.252018 ] ] } },
{ "type": "Feature", "properties": { "@osmId": "way/231510709", "@snapshotTimestamp": "2019-01-01T00:00:00Z" }, "geometry": { "type": "LineString", "coordinates": [ [ 36.839199, -1.2615157 ], [ 36.8219264, -1.2504043 ] ] } },
{ "type": "Feature", "properties": { "@osmId": "way/40057118", "@snapshotTimestamp": "2019-01-01T00:00:00Z" }, "geometry": { "type": "LineString", "coordinates": [ [ 36.8219264, -1.2504043 ], [ 36.8214254, -1.2502068 ] ] } },
{ "type": "Feature", "properties": { "@osmId": "way/24009828", "@snapshotTimestamp": "2019-01-01T00:00:00Z" }, "geometry": { "type": "LineString", "coordinates": [ [ 36.821487, -1.250085 ], [ 36.8219264, -1.2504043 ] ] } },
{ "type": "Feature", "properties": { "@osmId": "way/24009795", "@snapshotTimestamp": "2019-01-01T00:00:00Z" }, "geometry": { "type": "LineString", "coordinates": [ [ 36.8212344, -1.2501599 ], [ 36.8212875, -1.2499745 ], [ 36.8214768, -1.2500411 ], [ 36.8214254, -1.2502068 ], [ 36.8212344, -1.2501599 ] ] } },
{ "type": "Feature", "properties": { "@osmId": "way/24009876", "@snapshotTimestamp": "2019-01-01T00:00:00Z" }, "geometry": { "type": "LineString", "coordinates": [ [ 36.8212424, -1.2497316 ], [ 36.8214173, -1.2499748 ] ] } },
{ "type": "Feature", "properties": { "@osmId": "way/658249649", "@snapshotTimestamp": "2019-01-01T00:00:00Z" }, "geometry": { "type": "LineString", "coordinates": [ [ 36.8212521, -1.2500022 ], [ 36.8211473, -1.2496547 ] ] } },
{ "type": "Feature", "properties": { "@osmId": "way/658249648", "@snapshotTimestamp": "2019-01-01T00:00:00Z" }, "geometry": { "type": "LineString", "coordinates": [ [ 36.8211473, -1.2496547 ], [ 36.8212424, -1.2497316 ] ] } },
{ "type": "Feature", "properties": { "@osmId": "way/643633768", "@snapshotTimestamp": "2019-01-01T00:00:00Z" }, "geometry": { "type": "LineString", "coordinates": [ [ 36.8384956, -1.2245696 ], [ 36.8396656, -1.2270037 ] ] } },
{ "type": "Feature", "properties": { "@osmId": "way/197833188", "@snapshotTimestamp": "2019-01-01T00:00:00Z" }, "geometry": { "type": "LineString", "coordinates": [ [ 36.8178313, -1.2514047 ], [ 36.8195827, -1.2505312 ] ] } },
{ "type": "Feature", "properties": { "@osmId": "way/24009793", "@snapshotTimestamp": "2019-01-01T00:00:00Z" }, "geometry": { "type": "LineString", "coordinates": [ [ 36.8212597, -1.250192 ], [ 36.8195827, -1.2505312 ] ] } },
{ "type": "Feature", "properties": { "@osmId": "way/39886466", "@snapshotTimestamp": "2019-01-01T00:00:00Z" }, "geometry": { "type": "LineString", "coordinates": [ [ 36.8195827, -1.2505312 ], [ 36.8212174, -1.250081 ] ] } },
{ "type": "Feature", "properties": { "@osmId": "way/40315869", "@snapshotTimestamp": "2019-01-01T00:00:00Z" }, "geometry": { "type": "LineString", "coordinates": [ [ 36.8211473, -1.2496547 ], [ 36.8131503, -1.240581 ] ] } },
{ "type": "Feature", "properties": { "@osmId": "way/24008123", "@snapshotTimestamp": "2019-01-01T00:00:00Z" }, "geometry": { "type": "LineString", "coordinates": [ [ 36.8092871, -1.2376989 ], [ 36.8131503, -1.240581 ] ] } },
{ "type": "Feature", "properties": { "@osmId": "way/46038697", "@snapshotTimestamp": "2019-01-01T00:00:00Z" }, "geometry": { "type": "LineString", "coordinates": [ [ 36.8131503, -1.240581 ], [ 36.8092871, -1.2376989 ] ] } },
{ "type": "Feature", "properties": { "@osmId": "way/46038695", "@snapshotTimestamp": "2019-01-01T00:00:00Z" }, "geometry": { "type": "LineString", "coordinates": [ [ 36.8092871, -1.2376989 ], [ 36.804324, -1.2351431 ] ] } },
{ "type": "Feature", "properties": { "@osmId": "way/644237785", "@snapshotTimestamp": "2019-01-01T00:00:00Z" }, "geometry": { "type": "LineString", "coordinates": [ [ 36.804324, -1.2351431 ], [ 36.8036363, -1.2345561 ] ] } },
{ "type": "Feature", "properties": { "@osmId": "way/643721759", "@snapshotTimestamp": "2019-01-01T00:00:00Z" }, "geometry": { "type": "LineString", "coordinates": [ [ 36.8036174, -1.2344632 ], [ 36.8035996, -1.2345492 ] ] } },
{ "type": "Feature", "properties": { "@osmId": "way/643721758", "@snapshotTimestamp": "2019-01-01T00:00:00Z" }, "geometry": { "type": "LineString", "coordinates": [ [ 36.8035678, -1.2342811 ], [ 36.8036174, -1.2344632 ] ] } },
{ "type": "Feature", "properties": { "@osmId": "way/581225463", "@snapshotTimestamp": "2019-01-01T00:00:00Z" }, "geometry": { "type": "LineString", "coordinates": [ [ 36.8672727, -1.2452727 ], [ 36.8671629, -1.2450484 ] ] } },
{ "type": "Feature", "properties": { "@osmId": "way/581225464", "@snapshotTimestamp": "2019-01-01T00:00:00Z" }, "geometry": { "type": "LineString", "coordinates": [ [ 36.8672182, -1.2449831 ], [ 36.8674699, -1.2450489 ] ] } },
{ "type": "Feature", "properties": { "@osmId": "way/231502131", "@snapshotTimestamp": "2019-01-01T00:00:00Z" }, "geometry": { "type": "LineString", "coordinates": [ [ 36.8671629, -1.2450484 ], [ 36.8670681, -1.2449607 ] ] } },
{ "type": "Feature", "properties": { "@osmId": "way/231502140", "@snapshotTimestamp": "2019-01-01T00:00:00Z" }, "geometry": { "type": "LineString", "coordinates": [ [ 36.8671305, -1.2448915 ], [ 36.8672182, -1.2449831 ] ] } },
{ "type": "Feature", "properties": { "@osmId": "way/231502134", "@snapshotTimestamp": "2019-01-01T00:00:00Z" }, "geometry": { "type": "LineString", "coordinates": [ [ 36.8670681, -1.2449607 ], [ 36.8667929, -1.2446942 ] ] } },
{ "type": "Feature", "properties": { "@osmId": "way/231502117", "@snapshotTimestamp": "2019-01-01T00:00:00Z" }, "geometry": { "type": "LineString", "coordinates": [ [ 36.8668558, -1.2446272 ], [ 36.8671305, -1.2448915 ] ] } },
{ "type": "Feature", "properties": { "@osmId": "way/231502113", "@snapshotTimestamp": "2019-01-01T00:00:00Z" }, "geometry": { "type": "LineString", "coordinates": [ [ 36.8667929, -1.2446942 ], [ 36.8667099, -1.2446112 ] ] } },
{ "type": "Feature", "properties": { "@osmId": "way/247463062", "@snapshotTimestamp": "2019-01-01T00:00:00Z" }, "geometry": { "type": "LineString", "coordinates": [ [ 36.8667711, -1.2445481 ], [ 36.8668558, -1.2446272 ] ] } },
{ "type": "Feature", "properties": { "@osmId": "way/643633767", "@snapshotTimestamp": "2019-01-01T00:00:00Z" }, "geometry": { "type": "LineString", "coordinates": [ [ 36.8396656, -1.2270037 ], [ 36.8429905, -1.2572553 ] ] } },
{ "type": "Feature", "properties": { "@osmId": "way/231491310", "@snapshotTimestamp": "2019-01-01T00:00:00Z" }, "geometry": { "type": "LineString", "coordinates": [ [ 36.8905118, -1.2205903 ], [ 36.8667178, -1.2451896 ] ] } },
{ "type": "Feature", "properties": { "@osmId": "way/643721760", "@snapshotTimestamp": "2019-01-01T00:00:00Z" }, "geometry": { "type": "LineString", "coordinates": [ [ 36.8033459, -1.2337567 ], [ 36.8035678, -1.2342811 ] ] } },
{ "type": "Feature", "properties": { "@osmId": "way/643721761", "@snapshotTimestamp": "2019-01-01T00:00:00Z" }, "geometry": { "type": "LineString", "coordinates": [ [ 36.80329, -1.2320902 ], [ 36.8032074, -1.2320773 ] ] } },
{ "type": "Feature", "properties": { "@osmId": "way/643721755", "@snapshotTimestamp": "2019-01-01T00:00:00Z" }, "geometry": { "type": "LineString", "coordinates": [ [ 36.8049674, -1.2274065 ], [ 36.804324, -1.2351431 ] ] } },
{ "type": "Feature", "properties": { "@osmId": "way/643721757", "@snapshotTimestamp": "2019-01-01T00:00:00Z" }, "geometry": { "type": "LineString", "coordinates": [ [ 36.8035332, -1.2343266 ], [ 36.8049674, -1.2274065 ] ] } },
{ "type": "Feature", "properties": { "@osmId": "way/643721762", "@snapshotTimestamp": "2019-01-01T00:00:00Z" }, "geometry": { "type": "LineString", "coordinates": [ [ 36.8039789, -1.229901 ], [ 36.8040956, -1.2295822 ] ] } },
{ "type": "Feature", "properties": { "@osmId": "way/643721763", "@snapshotTimestamp": "2019-01-01T00:00:00Z" }, "geometry": { "type": "LineString", "coordinates": [ [ 36.8041387, -1.2294497 ], [ 36.8042541, -1.2294843 ] ] } },
{ "type": "Feature", "properties": { "@osmId": "way/643721753", "@snapshotTimestamp": "2019-01-01T00:00:00Z" }, "geometry": { "type": "LineString", "coordinates": [ [ 36.8049674, -1.2274065 ], [ 36.8017899, -1.2197121 ] ] } },
{ "type": "Feature", "properties": { "@osmId": "way/658697091", "@snapshotTimestamp": "2019-01-01T00:00:00Z" }, "geometry": { "type": "LineString", "coordinates": [ [ 36.8017899, -1.2197121 ], [ 36.8012536, -1.2178017 ] ] } },
{ "type": "Feature", "properties": { "@osmId": "way/658697090", "@snapshotTimestamp": "2019-01-01T00:00:00Z" }, "geometry": { "type": "LineString", "coordinates": [ [ 36.8012816, -1.2177787 ], [ 36.8017899, -1.2197121 ] ] } },
{ "type": "Feature", "properties": { "@osmId": "way/658697085", "@snapshotTimestamp": "2019-01-01T00:00:00Z" }, "geometry": { "type": "LineString", "coordinates": [ [ 36.8012536, -1.2178017 ], [ 36.8008631, -1.2174612 ] ] } },
{ "type": "Feature", "properties": { "@osmId": "way/658697092", "@snapshotTimestamp": "2019-01-01T00:00:00Z" }, "geometry": { "type": "LineString", "coordinates": [ [ 36.8008887, -1.2174321 ], [ 36.8012816, -1.2177787 ] ] } },
{ "type": "Feature", "properties": { "@osmId": "way/658513181", "@snapshotTimestamp": "2019-01-01T00:00:00Z" }, "geometry": { "type": "LineString", "coordinates": [ [ 36.8008631, -1.2174612 ], [ 36.7985926, -1.215996 ] ] } },
{ "type": "Feature", "properties": { "@osmId": "way/658513183", "@snapshotTimestamp": "2019-01-01T00:00:00Z" }, "geometry": { "type": "LineString", "coordinates": [ [ 36.7985926, -1.215996 ], [ 36.8008887, -1.2174321 ] ] } },
{ "type": "Feature", "properties": { "@osmId": "way/231503849", "@snapshotTimestamp": "2019-01-01T00:00:00Z" }, "geometry": { "type": "LineString", "coordinates": [ [ 36.8149313, -1.215546 ], [ 36.8152444, -1.2156053 ] ] } },
{ "type": "Feature", "properties": { "@osmId": "way/658513182", "@snapshotTimestamp": "2019-01-01T00:00:00Z" }, "geometry": { "type": "LineString", "coordinates": [ [ 36.7985926, -1.215996 ], [ 36.7948429, -1.2144803 ] ] } },
{ "type": "Feature", "properties": { "@osmId": "way/658208324", "@snapshotTimestamp": "2019-01-01T00:00:00Z" }, "geometry": { "type": "LineString", "coordinates": [ [ 36.7948429, -1.2144803 ], [ 36.794273, -1.2141827 ] ] } },
{ "type": "Feature", "properties": { "@osmId": "way/231503036", "@snapshotTimestamp": "2019-01-01T00:00:00Z" }, "geometry": { "type": "LineString", "coordinates": [ [ 36.8050283, -1.2121903 ], [ 36.8149313, -1.215546 ] ] } },
{ "type": "Feature", "properties": { "@osmId": "way/231503037", "@snapshotTimestamp": "2019-01-01T00:00:00Z" }, "geometry": { "type": "LineString", "coordinates": [ [ 36.8046814, -1.2120305 ], [ 36.8050283, -1.2121903 ] ] } },
{ "type": "Feature", "properties": { "@osmId": "way/583039635", "@snapshotTimestamp": "2019-01-01T00:00:00Z" }, "geometry": { "type": "LineString", "coordinates": [ [ 36.7975872, -1.2082656 ], [ 36.8046814, -1.2120305 ] ] } },
{ "type": "Feature", "properties": { "@osmId": "way/583039636", "@snapshotTimestamp": "2019-01-01T00:00:00Z" }, "geometry": { "type": "LineString", "coordinates": [ [ 36.7975872, -1.2082656 ], [ 36.7964568, -1.2078555 ] ] } },
{ "type": "Feature", "properties": { "@osmId": "way/24709502", "@snapshotTimestamp": "2019-01-01T00:00:00Z" }, "geometry": { "type": "LineString", "coordinates": [ [ 36.8671373, -1.2445337 ], [ 36.8904321, -1.2205229 ] ] } },
{ "type": "Feature", "properties": { "@osmId": "way/419291440", "@snapshotTimestamp": "2019-01-01T00:00:00Z" }, "geometry": { "type": "LineString", "coordinates": [ [ 36.83835, -1.2156795 ], [ 36.8496847, -1.2157616 ] ] } },
{ "type": "Feature", "properties": { "@osmId": "way/432316786", "@snapshotTimestamp": "2019-01-01T00:00:00Z" }, "geometry": { "type": "LineString", "coordinates": [ [ 36.850567, -1.2157418 ], [ 36.8493702, -1.2158622 ] ] } },
{ "type": "Feature", "properties": { "@osmId": "way/432316785", "@snapshotTimestamp": "2019-01-01T00:00:00Z" }, "geometry": { "type": "LineString", "coordinates": [ [ 36.8496847, -1.2157616 ], [ 36.8504488, -1.215468 ] ] } },
{ "type": "Feature", "properties": { "@osmId": "way/432316783", "@snapshotTimestamp": "2019-01-01T00:00:00Z" }, "geometry": { "type": "LineString", "coordinates": [ [ 36.8511956, -1.2154813 ], [ 36.8508774, -1.2156075 ] ] } },
{ "type": "Feature", "properties": { "@osmId": "way/226151407", "@snapshotTimestamp": "2019-01-01T00:00:00Z" }, "geometry": { "type": "LineString", "coordinates": [ [ 36.8508725, -1.2154547 ], [ 36.8507324, -1.2157524 ], [ 36.8504454, -1.2155965 ], [ 36.8505787, -1.215329 ], [ 36.8508725, -1.2154547 ] ] } },
{ "type": "Feature", "properties": { "@osmId": "way/432316784", "@snapshotTimestamp": "2019-01-01T00:00:00Z" }, "geometry": { "type": "LineString", "coordinates": [ [ 36.8508135, -1.2153702 ], [ 36.85225, -1.2153596 ] ] } },
{ "type": "Feature", "properties": { "@osmId": "way/226151337", "@snapshotTimestamp": "2019-01-01T00:00:00Z" }, "geometry": { "type": "LineString", "coordinates": [ [ 36.8511956, -1.2154813 ], [ 36.9068425, -1.1859535 ] ] } },
{ "type": "Feature", "properties": { "@osmId": "way/568922803", "@snapshotTimestamp": "2019-01-01T00:00:00Z" }, "geometry": { "type": "LineString", "coordinates": [ [ 36.8417828, -1.1722497 ], [ 36.8419326, -1.1720114 ] ] } },
{ "type": "Feature", "properties": { "@osmId": "way/553576073", "@snapshotTimestamp": "2019-01-01T00:00:00Z" }, "geometry": { "type": "LineString", "coordinates": [ [ 36.8423877, -1.1718931 ], [ 36.8417828, -1.1722497 ] ] } },
{ "type": "Feature", "properties": { "@osmId": "way/554225131", "@snapshotTimestamp": "2019-01-01T00:00:00Z" }, "geometry": { "type": "LineString", "coordinates": [ [ 36.8396656, -1.2270037 ], [ 36.8384956, -1.2245696 ] ] } },
{ "type": "Feature", "properties": { "@osmId": "way/643635633", "@snapshotTimestamp": "2019-01-01T00:00:00Z" }, "geometry": { "type": "LineString", "coordinates": [ [ 36.8370376, -1.2227475 ], [ 36.8384956, -1.2245696 ] ] } },
{ "type": "Feature", "properties": { "@osmId": "way/643635634", "@snapshotTimestamp": "2019-01-01T00:00:00Z" }, "geometry": { "type": "LineString", "coordinates": [ [ 36.8370376, -1.2227475 ], [ 36.8354367, -1.2205673 ] ] } },
{ "type": "Feature", "properties": { "@osmId": "way/554686822", "@snapshotTimestamp": "2019-01-01T00:00:00Z" }, "geometry": { "type": "LineString", "coordinates": [ [ 36.8354367, -1.2205673 ], [ 36.8370376, -1.2227475 ] ] } },
{ "type": "Feature", "properties": { "@osmId": "way/231503843", "@snapshotTimestamp": "2019-01-01T00:00:00Z" }, "geometry": { "type": "LineString", "coordinates": [ [ 36.8152444, -1.2156053 ], [ 36.8314237, -1.2159059 ] ] } },
{ "type": "Feature", "properties": { "@osmId": "way/419291439", "@snapshotTimestamp": "2019-01-01T00:00:00Z" }, "geometry": { "type": "LineString", "coordinates": [ [ 36.8314237, -1.2159059 ], [ 36.8349007, -1.2155261 ] ] } },
{ "type": "Feature", "properties": { "@osmId": "way/161487291", "@snapshotTimestamp": "2019-01-01T00:00:00Z" }, "geometry": { "type": "LineString", "coordinates": [ [ 36.8354006, -1.215517 ], [ 36.83835, -1.2156795 ] ] } },
{ "type": "Feature", "properties": { "@osmId": "way/161487292", "@snapshotTimestamp": "2019-01-01T00:00:00Z" }, "geometry": { "type": "LineString", "coordinates": [ [ 36.8349007, -1.2155261 ], [ 36.8354006, -1.215517 ] ] } },
{ "type": "Feature", "properties": { "@osmId": "way/39885585", "@snapshotTimestamp": "2019-01-01T00:00:00Z" }, "geometry": { "type": "LineString", "coordinates": [ [ 36.8320969, -1.2071403 ], [ 36.8354367, -1.2205673 ] ] } },
{ "type": "Feature", "properties": { "@osmId": "way/568942541", "@snapshotTimestamp": "2019-01-01T00:00:00Z" }, "geometry": { "type": "LineString", "coordinates": [ [ 36.8374037, -1.1788141 ], [ 36.8320969, -1.2071403 ] ] } },
{ "type": "Feature", "properties": { "@osmId": "way/568922804", "@snapshotTimestamp": "2019-01-01T00:00:00Z" }, "geometry": { "type": "LineString", "coordinates": [ [ 36.8417828, -1.1722497 ], [ 36.8416932, -1.1718658 ] ] } },
{ "type": "Feature", "properties": { "@osmId": "way/568922801", "@snapshotTimestamp": "2019-01-01T00:00:00Z" }, "geometry": { "type": "LineString", "coordinates": [ [ 36.8419326, -1.1720114 ], [ 36.8419276, -1.1717855 ] ] } },
{ "type": "Feature", "properties": { "@osmId": "way/568922811", "@snapshotTimestamp": "2019-01-01T00:00:00Z" }, "geometry": { "type": "LineString", "coordinates": [ [ 36.8419276, -1.1717855 ], [ 36.8419326, -1.1720114 ] ] } },
{ "type": "Feature", "properties": { "@osmId": "way/568922814", "@snapshotTimestamp": "2019-01-01T00:00:00Z" }, "geometry": { "type": "LineString", "coordinates": [ [ 36.8420573, -1.1718542 ], [ 36.8423877, -1.1718931 ] ] } },
{ "type": "Feature", "properties": { "@osmId": "way/568922808", "@snapshotTimestamp": "2019-01-01T00:00:00Z" }, "geometry": { "type": "LineString", "coordinates": [ [ 36.8416932, -1.1718658 ], [ 36.84184, -1.1718655 ] ] } },
{ "type": "Feature", "properties": { "@osmId": "way/568922810", "@snapshotTimestamp": "2019-01-01T00:00:00Z" }, "geometry": { "type": "LineString", "coordinates": [ [ 36.8418842, -1.1718019 ], [ 36.8418611, -1.1716449 ] ] } },
{ "type": "Feature", "properties": { "@osmId": "way/568922809", "@snapshotTimestamp": "2019-01-01T00:00:00Z" }, "geometry": { "type": "LineString", "coordinates": [ [ 36.8418611, -1.1716449 ], [ 36.8419914, -1.1717871 ] ] } },
{ "type": "Feature", "properties": { "@osmId": "way/568963406", "@snapshotTimestamp": "2019-01-01T00:00:00Z" }, "geometry": { "type": "LineString", "coordinates": [ [ 36.8816437, -1.1592996 ], [ 36.8423877, -1.1718931 ] ] } },
{ "type": "Feature", "properties": { "@osmId": "way/97085097", "@snapshotTimestamp": "2019-01-01T00:00:00Z" }, "geometry": { "type": "LineString", "coordinates": [ [ 36.8661262, -1.0939903 ], [ 36.8459755, -1.1023668 ], [ 36.8391665, -1.1565563 ] ] } },
{ "type": "Feature", "properties": { "@osmId": "way/84629930", "@snapshotTimestamp": "2019-01-01T00:00:00Z" }, "geometry": { "type": "LineString", "coordinates": [ [ 36.783362, -1.0643985 ], [ 36.858517, -1.0818689 ], [ 36.9603948, -1.1478863 ] ] } },
{ "type": "Feature", "properties": { "@osmId": "way/97677241", "@snapshotTimestamp": "2019-01-01T00:00:00Z" }, "geometry": { "type": "LineString", "coordinates": [ [ 36.9578115, -1.1486443 ], [ 36.9155892, -1.1520846 ] ] } },
{ "type": "Feature", "properties": { "@osmId": "way/97677245", "@snapshotTimestamp": "2019-01-01T00:00:00Z" }, "geometry": { "type": "LineString", "coordinates": [ [ 36.9604051, -1.1484226 ], [ 36.9578115, -1.1486443 ] ] } },
{ "type": "Feature", "properties": { "@osmId": "way/97676904", "@snapshotTimestamp": "2019-01-01T00:00:00Z" }, "geometry": { "type": "LineString", "coordinates": [ [ 36.9578115, -1.1486443 ], [ 36.9603582, -1.1481246 ] ] } },
{ "type": "Feature", "properties": { "@osmId": "way/97677242", "@snapshotTimestamp": "2019-01-01T00:00:00Z" }, "geometry": { "type": "LineString", "coordinates": [ [ 36.9604315, -1.1480951 ], [ 36.9606237, -1.1482435 ], [ 36.9604631, -1.1484304 ], [ 36.9602877, -1.1482526 ], [ 36.9604315, -1.1480951 ] ] } },
{ "type": "Feature", "properties": { "@osmId": "way/97677246", "@snapshotTimestamp": "2019-01-01T00:00:00Z" }, "geometry": { "type": "LineString", "coordinates": [ [ 36.9603582, -1.1481246 ], [ 36.9604901, -1.1480968 ] ] } },
{ "type": "Feature", "properties": { "@osmId": "way/97677247", "@snapshotTimestamp": "2019-01-01T00:00:00Z" }, "geometry": { "type": "LineString", "coordinates": [ [ 36.9604901, -1.1480968 ], [ 36.9605698, -1.1483864 ] ] } },
{ "type": "Feature", "properties": { "@osmId": "way/97684955", "@snapshotTimestamp": "2019-01-01T00:00:00Z" }, "geometry": { "type": "LineString", "coordinates": [ [ 36.9627298, -1.1469928 ], [ 36.9618353, -1.1474518 ] ] } },
{ "type": "Feature", "properties": { "@osmId": "way/97990057", "@snapshotTimestamp": "2019-01-01T00:00:00Z" }, "geometry": { "type": "LineString", "coordinates": [ [ 36.9533249, -1.0592998 ], [ 36.9537808, -1.0601419 ], [ 36.9543176, -1.0606785 ], [ 36.9536736, -1.0603028 ], [ 36.9533249, -1.0592998 ] ] } },
{ "type": "Feature", "properties": { "@osmId": "way/97990055", "@snapshotTimestamp": "2019-01-01T00:00:00Z" }, "geometry": { "type": "LineString", "coordinates": [ [ 36.9533249, -1.0592998 ], [ 36.951619, -1.0556204 ] ] } },
{ "type": "Feature", "properties": { "@osmId": "way/97990052", "@snapshotTimestamp": "2019-01-01T00:00:00Z" }, "geometry": { "type": "LineString", "coordinates": [ [ 36.9505139, -1.0548964 ], [ 36.9510986, -1.0549125 ], [ 36.951619, -1.0556204 ], [ 36.9501384, -1.055009 ], [ 36.9505139, -1.0548964 ] ] } },
{ "type": "Feature", "properties": { "@osmId": "way/313794090", "@snapshotTimestamp": "2019-01-01T00:00:00Z" }, "geometry": { "type": "LineString", "coordinates": [ [ 37.0170198, -1.1052804 ], [ 37.0221757, -1.1004657 ] ] } },
{ "type": "Feature", "properties": { "@osmId": "way/361905289", "@snapshotTimestamp": "2019-01-01T00:00:00Z" }, "geometry": { "type": "LineString", "coordinates": [ [ 37.0253965, -1.0981166 ], [ 37.015489, -1.1073309 ] ] } },
{ "type": "Feature", "properties": { "@osmId": "way/313794086", "@snapshotTimestamp": "2019-01-01T00:00:00Z" }, "geometry": { "type": "LineString", "coordinates": [ [ 37.0148511, -1.1025772 ], [ 37.0142831, -1.1018308 ] ] } },
{ "type": "Feature", "properties": { "@osmId": "way/362399247", "@snapshotTimestamp": "2019-01-01T00:00:00Z" }, "geometry": { "type": "LineString", "coordinates": [ [ 37.0221757, -1.1004657 ], [ 37.0242642, -1.0985477 ] ] } },
{ "type": "Feature", "properties": { "@osmId": "way/362401615", "@snapshotTimestamp": "2019-01-01T00:00:00Z" }, "geometry": { "type": "LineString", "coordinates": [ [ 37.0242642, -1.0985477 ], [ 37.0278966, -1.0955291 ] ] } },
{ "type": "Feature", "properties": { "@osmId": "way/361905290", "@snapshotTimestamp": "2019-01-01T00:00:00Z" }, "geometry": { "type": "LineString", "coordinates": [ [ 37.0320924, -1.0926528 ], [ 37.0253965, -1.0981166 ] ] } },
{ "type": "Feature", "properties": { "@osmId": "way/363388372", "@snapshotTimestamp": "2019-01-01T00:00:00Z" }, "geometry": { "type": "LineString", "coordinates": [ [ 37.0278966, -1.0955291 ], [ 37.0319932, -1.0925596 ] ] } },
{ "type": "Feature", "properties": { "@osmId": "way/97989432", "@snapshotTimestamp": "2019-01-01T00:00:00Z" }, "geometry": { "type": "LineString", "coordinates": [ [ 36.9543176, -1.0606785 ], [ 37.0028966, -1.1245241 ] ] } },
{ "type": "Feature", "properties": { "@osmId": "way/288107280", "@snapshotTimestamp": "2019-01-01T00:00:00Z" }, "geometry": { "type": "LineString", "coordinates": [ [ 37.0348028, -1.0901387 ], [ 37.0346807, -1.0902848 ] ] } },
{ "type": "Feature", "properties": { "@osmId": "way/472115249", "@snapshotTimestamp": "2019-01-01T00:00:00Z" }, "geometry": { "type": "LineString", "coordinates": [ [ 37.0346003, -1.0901307 ], [ 37.0347076, -1.0900073 ] ] } },
{ "type": "Feature", "properties": { "@osmId": "way/288107279", "@snapshotTimestamp": "2019-01-01T00:00:00Z" }, "geometry": { "type": "LineString", "coordinates": [ [ 37.0347076, -1.0900073 ], [ 37.0440824, -1.0789843 ] ] } },
{ "type": "Feature", "properties": { "@osmId": "way/363390233", "@snapshotTimestamp": "2019-01-01T00:00:00Z" }, "geometry": { "type": "LineString", "coordinates": [ [ 37.0500762, -1.0694695 ], [ 37.0348028, -1.0901387 ] ] } },
{ "type": "Feature", "properties": { "@osmId": "way/363390239", "@snapshotTimestamp": "2019-01-01T00:00:00Z" }, "geometry": { "type": "LineString", "coordinates": [ [ 37.0396018, -1.0849648 ], [ 37.0502738, -1.069436 ] ] } },
{ "type": "Feature", "properties": { "@osmId": "way/363389722", "@snapshotTimestamp": "2019-01-01T00:00:00Z" }, "geometry": { "type": "LineString", "coordinates": [ [ 37.0389676, -1.085464 ], [ 37.0516835, -1.0665304 ] ] } },
{ "type": "Feature", "properties": { "@osmId": "way/233060278", "@snapshotTimestamp": "2019-01-01T00:00:00Z" }, "geometry": { "type": "LineString", "coordinates": [ [ 37.0440824, -1.0789843 ], [ 37.0499871, -1.0694148 ] ] } },
{ "type": "Feature", "properties": { "@osmId": "way/363390234", "@snapshotTimestamp": "2019-01-01T00:00:00Z" }, "geometry": { "type": "LineString", "coordinates": [ [ 37.0502135, -1.0692546 ], [ 37.0500762, -1.0694695 ] ] } },
{ "type": "Feature", "properties": { "@osmId": "way/363390238", "@snapshotTimestamp": "2019-01-01T00:00:00Z" }, "geometry": { "type": "LineString", "coordinates": [ [ 37.0499115, -1.069217 ], [ 37.0502738, -1.069436 ] ] } },
{ "type": "Feature", "properties": { "@osmId": "way/363390235", "@snapshotTimestamp": "2019-01-01T00:00:00Z" }, "geometry": { "type": "LineString", "coordinates": [ [ 37.0499871, -1.0694148 ], [ 37.0501188, -1.069203 ] ] } },
{ "type": "Feature", "properties": { "@osmId": "way/363390240", "@snapshotTimestamp": "2019-01-01T00:00:00Z" }, "geometry": { "type": "LineString", "coordinates": [ [ 37.0502738, -1.069436 ], [ 37.0518127, -1.0665981 ] ] } },
{ "type": "Feature", "properties": { "@osmId": "way/658559813", "@snapshotTimestamp": "2019-01-01T00:00:00Z" }, "geometry": { "type": "LineString", "coordinates": [ [ 37.0536384, -1.0628426 ], [ 37.0502135, -1.0692546 ] ] } },
{ "type": "Feature", "properties": { "@osmId": "way/382861687", "@snapshotTimestamp": "2019-01-01T00:00:00Z" }, "geometry": { "type": "LineString", "coordinates": [ [ 37.4617223, -1.2314934 ], [ 37.4609688, -1.2321818 ] ] } },
{ "type": "Feature", "properties": { "@osmId": "way/425982120", "@snapshotTimestamp": "2019-01-01T00:00:00Z" }, "geometry": { "type": "LineString", "coordinates": [ [ 37.4473383, -1.2411032 ], [ 37.3856312, -1.1873872 ] ] } },
{ "type": "Feature", "properties": { "@osmId": "way/100553976", "@snapshotTimestamp": "2019-01-01T00:00:00Z" }, "geometry": { "type": "LineString", "coordinates": [ [ 37.4425832, -1.179863 ], [ 37.4647308, -1.1960938 ], [ 37.4617223, -1.2314934 ] ] } },
{ "type": "Feature", "properties": { "@osmId": "way/643844412", "@snapshotTimestamp": "2019-01-01T00:00:00Z" }, "geometry": { "type": "LineString", "coordinates": [ [ 37.4502459, -1.1673901 ], [ 37.4501831, -1.1674702 ] ] } },
{ "type": "Feature", "properties": { "@osmId": "way/643844408", "@snapshotTimestamp": "2019-01-01T00:00:00Z" }, "geometry": { "type": "LineString", "coordinates": [ [ 37.4501831, -1.1674702 ], [ 37.4379823, -1.1793955 ], [ 37.290808, -1.0620884 ], [ 37.0624945, -1.0410476 ] ] } },
{ "type": "Feature", "properties": { "@osmId": "way/646872350", "@snapshotTimestamp": "2019-01-01T00:00:00Z" }, "geometry": { "type": "LineString", "coordinates": [ [ 37.4045609, -0.9428934 ], [ 37.4193897, -0.9421643 ] ] } },
{ "type": "Feature", "properties": { "@osmId": "way/380266856", "@snapshotTimestamp": "2019-01-01T00:00:00Z" }, "geometry": { "type": "LineString", "coordinates": [ [ 37.2631833, -0.8004399 ], [ 37.2306568, -0.828935 ], [ 37.2275217, -0.8934304 ], [ 37.1605739, -0.9300849 ] ] } },
{ "type": "Feature", "properties": { "@osmId": "way/646865528", "@snapshotTimestamp": "2019-01-01T00:00:00Z" }, "geometry": { "type": "LineString", "coordinates": [ [ 37.582431, -0.8554415 ], [ 37.5836303, -0.8568448 ] ] } },
{ "type": "Feature", "properties": { "@osmId": "way/646865527", "@snapshotTimestamp": "2019-01-01T00:00:00Z" }, "geometry": { "type": "LineString", "coordinates": [ [ 37.5824428, -0.855401 ], [ 37.5862094, -0.8568038 ] ] } },
{ "type": "Feature", "properties": { "@osmId": "way/646865519", "@snapshotTimestamp": "2019-01-01T00:00:00Z" }, "geometry": { "type": "LineString", "coordinates": [ [ 37.582431, -0.8554415 ], [ 37.5762174, -0.8538851 ] ] } },
{ "type": "Feature", "properties": { "@osmId": "way/128059420", "@snapshotTimestamp": "2019-01-01T00:00:00Z" }, "geometry": { "type": "LineString", "coordinates": [ [ 36.899156, -1.0474232 ], [ 36.8940204, -1.0434927 ] ] } },
{ "type": "Feature", "properties": { "@osmId": "way/97989428", "@snapshotTimestamp": "2019-01-01T00:00:00Z" }, "geometry": { "type": "LineString", "coordinates": [ [ 36.9501384, -1.055009 ], [ 36.8973897, -1.0208979 ] ] } },
{ "type": "Feature", "properties": { "@osmId": "way/98240942", "@snapshotTimestamp": "2019-01-01T00:00:00Z" }, "geometry": { "type": "LineString", "coordinates": [ [ 36.8973897, -1.0208979 ], [ 36.8919024, -1.0152146 ] ] } },
{ "type": "Feature", "properties": { "@osmId": "way/97993271", "@snapshotTimestamp": "2019-01-01T00:00:00Z" }, "geometry": { "type": "LineString", "coordinates": [ [ 36.8919024, -1.0152146 ], [ 36.9251836, -1.0132113 ], [ 36.918734, -0.999314 ] ] } },
{ "type": "Feature", "properties": { "@osmId": "way/462611515", "@snapshotTimestamp": "2019-01-01T00:00:00Z" }, "geometry": { "type": "LineString", "coordinates": [ [ 36.9176272, -0.9942289 ], [ 36.918734, -0.999314 ] ] } },
{ "type": "Feature", "properties": { "@osmId": "way/643330680", "@snapshotTimestamp": "2019-01-01T00:00:00Z" }, "geometry": { "type": "LineString", "coordinates": [ [ 36.951491, -0.9903113 ], [ 36.9176774, -0.9941491 ] ] } },
{ "type": "Feature", "properties": { "@osmId": "way/462611516", "@snapshotTimestamp": "2019-01-01T00:00:00Z" }, "geometry": { "type": "LineString", "coordinates": [ [ 36.9176774, -0.9941491 ], [ 36.9176272, -0.9942289 ] ] } },
{ "type": "Feature", "properties": { "@osmId": "way/128060308", "@snapshotTimestamp": "2019-01-01T00:00:00Z" }, "geometry": { "type": "LineString", "coordinates": [ [ 36.9598566, -0.9846168 ], [ 36.951491, -0.9903113 ] ] } },
{ "type": "Feature", "properties": { "@osmId": "way/461711542", "@snapshotTimestamp": "2019-01-01T00:00:00Z" }, "geometry": { "type": "LineString", "coordinates": [ [ 36.9598566, -0.9846168 ], [ 36.9572095, -0.9826036 ] ] } },
{ "type": "Feature", "properties": { "@osmId": "way/461711541", "@snapshotTimestamp": "2019-01-01T00:00:00Z" }, "geometry": { "type": "LineString", "coordinates": [ [ 36.9572095, -0.9826036 ], [ 36.9570935, -0.9825486 ] ] } },
{ "type": "Feature", "properties": { "@osmId": "way/363390237", "@snapshotTimestamp": "2019-01-01T00:00:00Z" }, "geometry": { "type": "LineString", "coordinates": [ [ 37.0501188, -1.069203 ], [ 37.0535102, -1.0627306 ] ] } },
{ "type": "Feature", "properties": { "@osmId": "way/658559814", "@snapshotTimestamp": "2019-01-01T00:00:00Z" }, "geometry": { "type": "LineString", "coordinates": [ [ 37.0537702, -1.0624919 ], [ 37.0536384, -1.0628426 ] ] } },
{ "type": "Feature", "properties": { "@osmId": "way/658559812", "@snapshotTimestamp": "2019-01-01T00:00:00Z" }, "geometry": { "type": "LineString", "coordinates": [ [ 37.0535102, -1.0627306 ], [ 37.0536271, -1.0624028 ] ] } },
{ "type": "Feature", "properties": { "@osmId": "way/658559811", "@snapshotTimestamp": "2019-01-01T00:00:00Z" }, "geometry": { "type": "LineString", "coordinates": [ [ 37.0536271, -1.0624028 ], [ 37.0610242, -1.0434444 ] ] } },
{ "type": "Feature", "properties": { "@osmId": "way/97988621", "@snapshotTimestamp": "2019-01-01T00:00:00Z" }, "geometry": { "type": "LineString", "coordinates": [ [ 37.0619591, -1.0418666 ], [ 37.0537702, -1.0624919 ] ] } },
{ "type": "Feature", "properties": { "@osmId": "way/431809412", "@snapshotTimestamp": "2019-01-01T00:00:00Z" }, "geometry": { "type": "LineString", "coordinates": [ [ 37.0561697, -1.054527 ], [ 37.0620307, -1.0412408 ] ] } },
{ "type": "Feature", "properties": { "@osmId": "way/385905973", "@snapshotTimestamp": "2019-01-01T00:00:00Z" }, "geometry": { "type": "LineString", "coordinates": [ [ 37.060681, -1.0437978 ], [ 37.0609986, -1.0431955 ] ] } },
{ "type": "Feature", "properties": { "@osmId": "way/540408551", "@snapshotTimestamp": "2019-01-01T00:00:00Z" }, "geometry": { "type": "LineString", "coordinates": [ [ 37.0480339, -1.0168949 ], [ 37.0338695, -1.0294881 ] ] } },
{ "type": "Feature", "properties": { "@osmId": "way/385905971", "@snapshotTimestamp": "2019-01-01T00:00:00Z" }, "geometry": { "type": "LineString", "coordinates": [ [ 37.0604361, -1.0433705 ], [ 36.9598566, -0.9846168 ] ] } },
{ "type": "Feature", "properties": { "@osmId": "way/331282323", "@snapshotTimestamp": "2019-01-01T00:00:00Z" }, "geometry": { "type": "LineString", "coordinates": [ [ 37.0610242, -1.0434444 ], [ 37.1320554, -0.9370073 ] ] } },
{ "type": "Feature", "properties": { "@osmId": "way/233303773", "@snapshotTimestamp": "2019-01-01T00:00:00Z" }, "geometry": { "type": "LineString", "coordinates": [ [ 37.1320554, -0.9370073 ], [ 37.0619591, -1.0418666 ] ] } },
{ "type": "Feature", "properties": { "@osmId": "way/291308198", "@snapshotTimestamp": "2019-01-01T00:00:00Z" }, "geometry": { "type": "LineString", "coordinates": [ [ 37.0674313, -1.0232602 ], [ 36.9745021, -0.9425886 ] ] } },
{ "type": "Feature", "properties": { "@osmId": "way/248688776", "@snapshotTimestamp": "2019-01-01T00:00:00Z" }, "geometry": { "type": "LineString", "coordinates": [ [ 37.0739722, -0.9975799 ], [ 37.1177756, -0.9476176 ] ] } },
{ "type": "Feature", "properties": { "@osmId": "way/658559822", "@snapshotTimestamp": "2019-01-01T00:00:00Z" }, "geometry": { "type": "LineString", "coordinates": [ [ 37.1009336, -0.9632378 ], [ 37.1015204, -0.9638278 ] ] } },
{ "type": "Feature", "properties": { "@osmId": "way/288106262", "@snapshotTimestamp": "2019-01-01T00:00:00Z" }, "geometry": { "type": "LineString", "coordinates": [ [ 37.1239011, -0.9411873 ], [ 37.121761, -0.9442071 ] ] } },
{ "type": "Feature", "properties": { "@osmId": "way/288103398", "@snapshotTimestamp": "2019-01-01T00:00:00Z" }, "geometry": { "type": "LineString", "coordinates": [ [ 37.1602408, -0.930051 ], [ 37.1320554, -0.9370073 ] ] } },
{ "type": "Feature", "properties": { "@osmId": "way/128064497", "@snapshotTimestamp": "2019-01-01T00:00:00Z" }, "geometry": { "type": "LineString", "coordinates": [ [ 37.0751403, -1.0109042 ], [ 36.9572276, -0.8550818 ] ] } },
{ "type": "Feature", "properties": { "@osmId": "way/288103399", "@snapshotTimestamp": "2019-01-01T00:00:00Z" }, "geometry": { "type": "LineString", "coordinates": [ [ 37.1605739, -0.9300849 ], [ 37.1602408, -0.930051 ] ] } },
{ "type": "Feature", "properties": { "@osmId": "way/287705712", "@snapshotTimestamp": "2019-01-01T00:00:00Z" }, "geometry": { "type": "LineString", "coordinates": [ [ 37.1572054, -0.7495246 ], [ 37.1344809, -0.7920757 ], [ 37.1236774, -0.9404273 ] ] } },
{ "type": "Feature", "properties": { "@osmId": "way/248804253", "@snapshotTimestamp": "2019-01-01T00:00:00Z" }, "geometry": { "type": "LineString", "coordinates": [ [ 36.9756776, -0.834448 ], [ 36.9572276, -0.8550818 ] ] } },
{ "type": "Feature", "properties": { "@osmId": "way/646865524", "@snapshotTimestamp": "2019-01-01T00:00:00Z" }, "geometry": { "type": "LineString", "coordinates": [ [ 37.5735067, -0.8537883 ], [ 37.5733895, -0.854312 ] ] } },
{ "type": "Feature", "properties": { "@osmId": "way/646865523", "@snapshotTimestamp": "2019-01-01T00:00:00Z" }, "geometry": { "type": "LineString", "coordinates": [ [ 37.5735067, -0.8537883 ], [ 37.5762174, -0.8538851 ] ] } },
{ "type": "Feature", "properties": { "@osmId": "way/646865522", "@snapshotTimestamp": "2019-01-01T00:00:00Z" }, "geometry": { "type": "LineString", "coordinates": [ [ 37.5733972, -0.8537142 ], [ 37.5735067, -0.8537883 ] ] } },
{ "type": "Feature", "properties": { "@osmId": "way/646865525", "@snapshotTimestamp": "2019-01-01T00:00:00Z" }, "geometry": { "type": "LineString", "coordinates": [ [ 37.5733972, -0.8537142 ], [ 37.5732745, -0.8535046 ] ] } },
{ "type": "Feature", "properties": { "@osmId": "way/646865526", "@snapshotTimestamp": "2019-01-01T00:00:00Z" }, "geometry": { "type": "LineString", "coordinates": [ [ 37.5751585, -0.8540693 ], [ 37.5761, -0.8487217 ] ] } },
{ "type": "Feature", "properties": { "@osmId": "way/646865530", "@snapshotTimestamp": "2019-01-01T00:00:00Z" }, "geometry": { "type": "LineString", "coordinates": [ [ 37.5768239, -0.8406267 ], [ 37.5770475, -0.8440096 ] ] } },
{ "type": "Feature", "properties": { "@osmId": "way/646865529", "@snapshotTimestamp": "2019-01-01T00:00:00Z" }, "geometry": { "type": "LineString", "coordinates": [ [ 37.5747035, -0.8397771 ], [ 37.5768239, -0.8406267 ] ] } },
{ "type": "Feature", "properties": { "@osmId": "way/646865531", "@snapshotTimestamp": "2019-01-01T00:00:00Z" }, "geometry": { "type": "LineString", "coordinates": [ [ 37.5768239, -0.8406267 ], [ 37.5831378, -0.8386336 ] ] } },
{ "type": "Feature", "properties": { "@osmId": "way/646866931", "@snapshotTimestamp": "2019-01-01T00:00:00Z" }, "geometry": { "type": "LineString", "coordinates": [ [ 37.5520036, -0.8364824 ], [ 37.5514933, -0.8367376 ] ] } },
{ "type": "Feature", "properties": { "@osmId": "way/646865532", "@snapshotTimestamp": "2019-01-01T00:00:00Z" }, "geometry": { "type": "MultiLineString", "coordinates": [ [ [ 37.5766265, -0.8374268 ], [ 37.577228, -0.835064 ] ], [ [ 37.577228, -0.835064 ], [ 37.5772333, -0.8349689 ], [ 37.5772308, -0.8349756 ], [ 37.577228, -0.835064 ] ] ] } },
{ "type": "Feature", "properties": { "@osmId": "way/646866930", "@snapshotTimestamp": "2019-01-01T00:00:00Z" }, "geometry": { "type": "LineString", "coordinates": [ [ 37.5540833, -0.8350408 ], [ 37.5520036, -0.8364824 ] ] } },
{ "type": "Feature", "properties": { "@osmId": "way/630024975", "@snapshotTimestamp": "2019-01-01T00:00:00Z" }, "geometry": { "type": "LineString", "coordinates": [ [ 37.2632164, -0.8001413 ], [ 37.2631833, -0.8004399 ] ] } },
{ "type": "Feature", "properties": { "@osmId": "way/630024976", "@snapshotTimestamp": "2019-01-01T00:00:00Z" }, "geometry": { "type": "LineString", "coordinates": [ [ 37.2684038, -0.7883585 ], [ 37.2632164, -0.8001413 ] ] } },
{ "type": "Feature", "properties": { "@osmId": "way/380266858", "@snapshotTimestamp": "2019-01-01T00:00:00Z" }, "geometry": { "type": "LineString", "coordinates": [ [ 37.2688481, -0.7873264 ], [ 37.2684038, -0.7883585 ] ] } },
{ "type": "Feature", "properties": { "@osmId": "way/631097745", "@snapshotTimestamp": "2019-01-01T00:00:00Z" }, "geometry": { "type": "LineString", "coordinates": [ [ 37.2766677, -0.7507395 ], [ 37.2688481, -0.7873264 ] ] } },
{ "type": "Feature", "properties": { "@osmId": "way/646881433", "@snapshotTimestamp": "2019-01-01T00:00:00Z" }, "geometry": { "type": "LineString", "coordinates": [ [ 37.3700406, -0.7681889 ], [ 37.3701867, -0.7683046 ] ] } },
{ "type": "Feature", "properties": { "@osmId": "way/646891500", "@snapshotTimestamp": "2019-01-01T00:00:00Z" }, "geometry": { "type": "LineString", "coordinates": [ [ 37.3770069, -0.7637332 ], [ 37.3774071, -0.7643609 ] ] } },
{ "type": "Feature", "properties": { "@osmId": "way/646886219", "@snapshotTimestamp": "2019-01-01T00:00:00Z" }, "geometry": { "type": "LineString", "coordinates": [ [ 37.3780389, -0.763173 ], [ 37.3767989, -0.7622434 ] ] } },
{ "type": "Feature", "properties": { "@osmId": "way/646900026", "@snapshotTimestamp": "2019-01-01T00:00:00Z" }, "geometry": { "type": "LineString", "coordinates": [ [ 37.3815531, -0.7597465 ], [ 37.381341, -0.7599036 ] ] } },
{ "type": "Feature", "properties": { "@osmId": "way/646900024", "@snapshotTimestamp": "2019-01-01T00:00:00Z" }, "geometry": { "type": "LineString", "coordinates": [ [ 37.381765, -0.7600051 ], [ 37.3813951, -0.759554 ] ] } },
{ "type": "Feature", "properties": { "@osmId": "way/248805043", "@snapshotTimestamp": "2019-01-01T00:00:00Z" }, "geometry": { "type": "LineString", "coordinates": [ [ 36.9774669, -0.7983066 ], [ 36.9756776, -0.834448 ] ] } },
{ "type": "Feature", "properties": { "@osmId": "way/658838953", "@snapshotTimestamp": "2019-01-01T00:00:00Z" }, "geometry": { "type": "LineString", "coordinates": [ [ 36.9762867, -0.7984987 ], [ 36.9774669, -0.7983066 ] ] } },
{ "type": "Feature", "properties": { "@osmId": "way/248805297", "@snapshotTimestamp": "2019-01-01T00:00:00Z" }, "geometry": { "type": "LineString", "coordinates": [ [ 36.9877178, -0.7085815 ], [ 36.9622603, -0.7326682 ], [ 36.9905593, -0.7652759 ], [ 36.9762867, -0.7984987 ] ] } },
{ "type": "Feature", "properties": { "@osmId": "way/287705715", "@snapshotTimestamp": "2019-01-01T00:00:00Z" }, "geometry": { "type": "LineString", "coordinates": [ [ 37.1577005, -0.7494844 ], [ 37.1572054, -0.7495246 ] ] } },
{ "type": "Feature", "properties": { "@osmId": "way/76345560", "@snapshotTimestamp": "2019-01-01T00:00:00Z" }, "geometry": { "type": "LineString", "coordinates": [ [ 37.1521296, -0.7279577 ], [ 37.1577005, -0.7494844 ] ] } },
{ "type": "Feature", "properties": { "@osmId": "way/248862376", "@snapshotTimestamp": "2019-01-01T00:00:00Z" }, "geometry": { "type": "LineString", "coordinates": [ [ 36.9877178, -0.7085815 ], [ 37.1521296, -0.7279577 ] ] } },
{ "type": "Feature", "properties": { "@osmId": "way/240883002", "@snapshotTimestamp": "2019-01-01T00:00:00Z" }, "geometry": { "type": "LineString", "coordinates": [ [ 37.2038074, -0.6710895 ], [ 37.1521296, -0.7279577 ] ] } },
{ "type": "Feature", "properties": { "@osmId": "way/304629492", "@snapshotTimestamp": "2019-01-01T00:00:00Z" }, "geometry": { "type": "LineString", "coordinates": [ [ 36.9707933, -0.6864903 ], [ 36.9877178, -0.7085815 ] ] } },
{ "type": "Feature", "properties": { "@osmId": "way/304629493", "@snapshotTimestamp": "2019-01-01T00:00:00Z" }, "geometry": { "type": "LineString", "coordinates": [ [ 36.9708282, -0.6863731 ], [ 36.9707442, -0.6863404 ], [ 36.9706835, -0.6863684 ], [ 36.9707722, -0.6864945 ], [ 36.9708282, -0.6863731 ] ] } },
{ "type": "Feature", "properties": { "@osmId": "way/240883001", "@snapshotTimestamp": "2019-01-01T00:00:00Z" }, "geometry": { "type": "LineString", "coordinates": [ [ 37.2042298, -0.6709438 ], [ 37.2038074, -0.6710895 ] ] } },
{ "type": "Feature", "properties": { "@osmId": "way/546605607", "@snapshotTimestamp": "2019-01-01T00:00:00Z" }, "geometry": { "type": "LineString", "coordinates": [ [ 37.8699892, -1.3665779 ], [ 37.9499659, -1.3552994 ] ] } },
{ "type": "Feature", "properties": { "@osmId": "way/34359021", "@snapshotTimestamp": "2019-01-01T00:00:00Z" }, "geometry": { "type": "LineString", "coordinates": [ [ 37.9885452, -1.3376915 ], [ 38.0114613, -1.3639779 ] ] } },
{ "type": "Feature", "properties": { "@osmId": "way/50535593", "@snapshotTimestamp": "2019-01-01T00:00:00Z" }, "geometry": { "type": "LineString", "coordinates": [ [ 37.9863215, -1.3359116 ], [ 37.9499659, -1.3552994 ] ] } },
{ "type": "Feature", "properties": { "@osmId": "way/39724947", "@snapshotTimestamp": "2019-01-01T00:00:00Z" }, "geometry": { "type": "LineString", "coordinates": [ [ 37.9699546, -1.3157245 ], [ 37.9885452, -1.3376915 ] ] } },
{ "type": "Feature", "properties": { "@osmId": "way/34357905", "@snapshotTimestamp": "2019-01-01T00:00:00Z" }, "geometry": { "type": "LineString", "coordinates": [ [ 37.9321229, -1.28472 ], [ 37.9699546, -1.3157245 ] ] } },
{ "type": "Feature", "properties": { "@osmId": "way/34358462", "@snapshotTimestamp": "2019-01-01T00:00:00Z" }, "geometry": { "type": "LineString", "coordinates": [ [ 37.8943558, -1.2116578 ], [ 37.9321229, -1.28472 ] ] } },
{ "type": "Feature", "properties": { "@osmId": "way/34358399", "@snapshotTimestamp": "2019-01-01T00:00:00Z" }, "geometry": { "type": "LineString", "coordinates": [ [ 37.7071908, -1.1116604 ], [ 37.7560768, -1.15827 ], [ 37.8943558, -1.2116578 ] ] } },
{ "type": "Feature", "properties": { "@osmId": "way/381276640", "@snapshotTimestamp": "2019-01-01T00:00:00Z" }, "geometry": { "type": "LineString", "coordinates": [ [ 37.8885648, -1.0298539 ], [ 37.7612565, -1.1089639 ], [ 37.6625246, -1.0976819 ], [ 37.5543628, -1.1435872 ], [ 37.4619239, -1.1436598 ], [ 37.4502459, -1.1673901 ] ] } },
{ "type": "Feature", "properties": { "@osmId": "way/39724948", "@snapshotTimestamp": "2019-01-01T00:00:00Z" }, "geometry": { "type": "LineString", "coordinates": [ [ 37.8943558, -1.2116578 ], [ 37.9781888, -1.1869835 ], [ 38.0156822, -1.1436877 ], [ 38.0319824, -1.0729705 ], [ 37.9912245, -0.9798516 ] ] } },
{ "type": "Feature", "properties": { "@osmId": "way/276327187", "@snapshotTimestamp": "2019-01-01T00:00:00Z" }, "geometry": { "type": "LineString", "coordinates": [ [ 37.8888142, -1.0298117 ], [ 37.8885648, -1.0298539 ] ] } },
{ "type": "Feature", "properties": { "@osmId": "way/266433281", "@snapshotTimestamp": "2019-01-01T00:00:00Z" }, "geometry": { "type": "LineString", "coordinates": [ [ 38.3088792, -1.4515474 ], [ 38.2478581, -1.4505728 ] ] } },
{ "type": "Feature", "properties": { "@osmId": "way/276327207", "@snapshotTimestamp": "2019-01-01T00:00:00Z" }, "geometry": { "type": "LineString", "coordinates": [ [ 38.2601325, -0.8282389 ], [ 38.1313706, -0.9107763 ] ] } },
{ "type": "Feature", "properties": { "@osmId": "way/312063717", "@snapshotTimestamp": "2019-01-01T00:00:00Z" }, "geometry": { "type": "LineString", "coordinates": [ [ 38.2593235, -0.8292011 ], [ 38.2611635, -0.8268249 ] ] } },
{ "type": "Feature", "properties": { "@osmId": "way/276327186", "@snapshotTimestamp": "2019-01-01T00:00:00Z" }, "geometry": { "type": "LineString", "coordinates": [ [ 38.2606512, -0.8275142 ], [ 38.2601325, -0.8282389 ] ] } },
{ "type": "Feature", "properties": { "@osmId": "way/312063718", "@snapshotTimestamp": "2019-01-01T00:00:00Z" }, "geometry": { "type": "LineString", "coordinates": [ [ 38.2608372, -0.8268627 ], [ 38.2521459, -0.8183339 ] ] } },
{ "type": "Feature", "properties": { "@osmId": "way/545726852", "@snapshotTimestamp": "2019-01-01T00:00:00Z" }, "geometry": { "type": "LineString", "coordinates": [ [ 38.2820602, -0.8151518 ], [ 38.2606512, -0.8275142 ] ] } },
{ "type": "Feature", "properties": { "@osmId": "way/545726851", "@snapshotTimestamp": "2019-01-01T00:00:00Z" }, "geometry": { "type": "LineString", "coordinates": [ [ 38.2822979, -0.8151046 ], [ 38.2820602, -0.8151518 ] ] } },
{ "type": "Feature", "properties": { "@osmId": "way/50535809", "@snapshotTimestamp": "2019-01-01T00:00:00Z" }, "geometry": { "type": "LineString", "coordinates": [ [ 38.3294013, -0.7791022 ], [ 38.2822979, -0.8151046 ] ] } },
{ "type": "Feature", "properties": { "@osmId": "way/209598076", "@snapshotTimestamp": "2019-01-01T00:00:00Z" }, "geometry": { "type": "LineString", "coordinates": [ [ 39.6992432, -0.839207 ], [ 39.6082178, -0.6881984 ], [ 39.6047719, -0.6430377 ] ] } },
{ "type": "Feature", "properties": { "@osmId": "way/311791461", "@snapshotTimestamp": "2019-01-01T00:00:00Z" }, "geometry": { "type": "LineString", "coordinates": [ [ 38.3116731, -0.8039049 ], [ 38.2385052, -0.6662267 ], [ 38.2088658, -0.6866462 ] ] } },
{ "type": "Feature", "properties": { "@osmId": "way/33203449", "@snapshotTimestamp": "2019-01-01T00:00:00Z" }, "geometry": { "type": "LineString", "coordinates": [ [ 37.6691991, -1.0982315 ], [ 37.7018577, -1.0266269 ], [ 37.6758146, -0.9416825 ] ] } },
{ "type": "Feature", "properties": { "@osmId": "way/282359392", "@snapshotTimestamp": "2019-01-01T00:00:00Z" }, "geometry": { "type": "LineString", "coordinates": [ [ 37.9247712, -1.006864 ], [ 37.8888142, -1.0298117 ] ] } },
{ "type": "Feature", "properties": { "@osmId": "way/276327100", "@snapshotTimestamp": "2019-01-01T00:00:00Z" }, "geometry": { "type": "LineString", "coordinates": [ [ 37.9251313, -1.0066031 ], [ 37.9247712, -1.006864 ] ] } },
{ "type": "Feature", "properties": { "@osmId": "way/645757443", "@snapshotTimestamp": "2019-01-01T00:00:00Z" }, "geometry": { "type": "LineString", "coordinates": [ [ 37.9495545, -1.0022409 ], [ 37.9251313, -1.0066031 ] ] } },
{ "type": "Feature", "properties": { "@osmId": "way/645757444", "@snapshotTimestamp": "2019-01-01T00:00:00Z" }, "geometry": { "type": "LineString", "coordinates": [ [ 37.9496845, -1.0020689 ], [ 37.9495545, -1.0022409 ] ] } },
{ "type": "Feature", "properties": { "@osmId": "way/282359396", "@snapshotTimestamp": "2019-01-01T00:00:00Z" }, "geometry": { "type": "LineString", "coordinates": [ [ 38.043278, -0.9397594 ], [ 37.9496845, -1.0020689 ] ] } },
{ "type": "Feature", "properties": { "@osmId": "way/276327101", "@snapshotTimestamp": "2019-01-01T00:00:00Z" }, "geometry": { "type": "LineString", "coordinates": [ [ 38.0435814, -0.9389736 ], [ 38.043278, -0.9397594 ] ] } },
{ "type": "Feature", "properties": { "@osmId": "way/282359394", "@snapshotTimestamp": "2019-01-01T00:00:00Z" }, "geometry": { "type": "LineString", "coordinates": [ [ 38.0968531, -0.9274063 ], [ 38.0435814, -0.9389736 ] ] } },
{ "type": "Feature", "properties": { "@osmId": "way/276327102", "@snapshotTimestamp": "2019-01-01T00:00:00Z" }, "geometry": { "type": "LineString", "coordinates": [ [ 38.0972706, -0.9272981 ], [ 38.0968531, -0.9274063 ] ] } },
{ "type": "Feature", "properties": { "@osmId": "way/310245136", "@snapshotTimestamp": "2019-01-01T00:00:00Z" }, "geometry": { "type": "LineString", "coordinates": [ [ 38.1310021, -0.9111237 ], [ 38.0972706, -0.9272981 ] ] } },
{ "type": "Feature", "properties": { "@osmId": "way/546606942", "@snapshotTimestamp": "2019-01-01T00:00:00Z" }, "geometry": { "type": "LineString", "coordinates": [ [ 40.0744523, -1.9027034 ], [ 40.0743347, -1.9022603 ] ] } },
{ "type": "Feature", "properties": { "@osmId": "way/546606941", "@snapshotTimestamp": "2019-01-01T00:00:00Z" }, "geometry": { "type": "LineString", "coordinates": [ [ 40.0743347, -1.9022603 ], [ 40.0742958, -1.902095 ] ] } },
{ "type": "Feature", "properties": { "@osmId": "way/546606940", "@snapshotTimestamp": "2019-01-01T00:00:00Z" }, "geometry": { "type": "LineString", "coordinates": [ [ 40.0742958, -1.902095 ], [ 40.02508, -1.7537969 ] ] } },
{ "type": "Feature", "properties": { "@osmId": "way/31098988", "@snapshotTimestamp": "2019-01-01T00:00:00Z" }, "geometry": { "type": "LineString", "coordinates": [ [ 40.02508, -1.7537969 ], [ 39.9748159, -1.5791827 ], [ 40.0035214, -1.5080458 ], [ 39.917443, -1.3596535 ], [ 39.8969834, -1.2707563 ], [ 39.8295456, -1.2224395 ], [ 39.7991133, -1.1434891 ] ] } },
{ "type": "Feature", "properties": { "@osmId": "way/209405045", "@snapshotTimestamp": "2019-01-01T00:00:00Z" }, "geometry": { "type": "LineString", "coordinates": [ [ 39.7991133, -1.1434891 ], [ 39.7990577, -1.1432628 ] ] } },
{ "type": "Feature", "properties": { "@osmId": "way/26836750", "@snapshotTimestamp": "2019-01-01T00:00:00Z" }, "geometry": { "type": "LineString", "coordinates": [ [ 39.7990577, -1.1432628 ], [ 39.7984675, -1.1360013 ] ] } },
{ "type": "Feature", "properties": { "@osmId": "way/209598071", "@snapshotTimestamp": "2019-01-01T00:00:00Z" }, "geometry": { "type": "LineString", "coordinates": [ [ 39.7984675, -1.1360013 ], [ 39.7987072, -1.1351569 ] ] } },
{ "type": "Feature", "properties": { "@osmId": "way/209598078", "@snapshotTimestamp": "2019-01-01T00:00:00Z" }, "geometry": { "type": "LineString", "coordinates": [ [ 39.7987072, -1.1351569 ], [ 39.7911541, -1.014384 ], [ 39.6993136, -0.8393431 ] ] } },
{ "type": "Feature", "properties": { "@osmId": "way/209598073", "@snapshotTimestamp": "2019-01-01T00:00:00Z" }, "geometry": { "type": "LineString", "coordinates": [ [ 39.6993136, -0.8393431 ], [ 39.6992432, -0.839207 ] ] } },
{ "type": "Feature", "properties": { "@osmId": "way/33409319", "@snapshotTimestamp": "2019-01-01T00:00:00Z" }, "geometry": { "type": "LineString", "coordinates": [ [ 40.313691, 0.0366932 ], [ 40.3188771, 0.0151197 ], [ 40.26071, -0.0156055 ], [ 40.072852, -0.0198133 ], [ 40.0268684, -0.0405536 ], [ 39.6578278, -0.4400726 ] ] } },
{ "type": "Feature", "properties": { "@osmId": "way/310245137", "@snapshotTimestamp": "2019-01-01T00:00:00Z" }, "geometry": { "type": "LineString", "coordinates": [ [ 38.1313706, -0.9107763 ], [ 38.1310021, -0.9111237 ] ] } },
{ "type": "Feature", "properties": { "@osmId": "way/33410122", "@snapshotTimestamp": "2019-01-01T00:00:00Z" }, "geometry": { "type": "LineString", "coordinates": [ [ 37.6964864, -0.8307502 ], [ 37.7053998, -0.8294879 ] ] } },
{ "type": "Feature", "properties": { "@osmId": "way/33409376", "@snapshotTimestamp": "2019-01-01T00:00:00Z" }, "geometry": { "type": "LineString", "coordinates": [ [ 37.7183131, -0.8100533 ], [ 37.7053998, -0.8294879 ] ] } },
{ "type": "Feature", "properties": { "@osmId": "way/33401959", "@snapshotTimestamp": "2019-01-01T00:00:00Z" }, "geometry": { "type": "LineString", "coordinates": [ [ 38.0777069, -0.7050066 ], [ 38.0960736, -0.7575136 ], [ 38.0607899, -0.9345256 ] ] } },
{ "type": "Feature", "properties": { "@osmId": "way/33410719", "@snapshotTimestamp": "2019-01-01T00:00:00Z" }, "geometry": { "type": "LineString", "coordinates": [ [ 37.7183131, -0.8100533 ], [ 37.7494579, -0.7984872 ] ] } },
{ "type": "Feature", "properties": { "@osmId": "way/652457830", "@snapshotTimestamp": "2019-01-01T00:00:00Z" }, "geometry": { "type": "LineString", "coordinates": [ [ 37.7494579, -0.7984872 ], [ 37.7496118, -0.7984027 ] ] } },
{ "type": "Feature", "properties": { "@osmId": "way/33409724", "@snapshotTimestamp": "2019-01-01T00:00:00Z" }, "geometry": { "type": "LineString", "coordinates": [ [ 37.7496118, -0.7984027 ], [ 37.7674165, -0.7969793 ] ] } },
{ "type": "Feature", "properties": { "@osmId": "way/33410389", "@snapshotTimestamp": "2019-01-01T00:00:00Z" }, "geometry": { "type": "LineString", "coordinates": [ [ 37.7943999, -0.7765348 ], [ 37.7674165, -0.7969793 ] ] } },
{ "type": "Feature", "properties": { "@osmId": "way/639756146", "@snapshotTimestamp": "2019-01-01T00:00:00Z" }, "geometry": { "type": "LineString", "coordinates": [ [ 37.6707502, -0.7766252 ], [ 37.6758215, -0.7848615 ] ] } },
{ "type": "Feature", "properties": { "@osmId": "way/639756145", "@snapshotTimestamp": "2019-01-01T00:00:00Z" }, "geometry": { "type": "LineString", "coordinates": [ [ 37.6803183, -0.7773308 ], [ 37.6744234, -0.7772843 ] ] } },
{ "type": "Feature", "properties": { "@osmId": "way/461787220", "@snapshotTimestamp": "2019-01-01T00:00:00Z" }, "geometry": { "type": "LineString", "coordinates": [ [ 37.7945889, -0.7763382 ], [ 37.7943999, -0.7765348 ] ] } },
{ "type": "Feature", "properties": { "@osmId": "way/461787221", "@snapshotTimestamp": "2019-01-01T00:00:00Z" }, "geometry": { "type": "LineString", "coordinates": [ [ 37.8049791, -0.760374 ], [ 37.7945889, -0.7763382 ] ] } },
{ "type": "Feature", "properties": { "@osmId": "way/33409223", "@snapshotTimestamp": "2019-01-01T00:00:00Z" }, "geometry": { "type": "LineString", "coordinates": [ [ 37.816398, -0.7489026 ], [ 37.8049791, -0.760374 ] ] } },
{ "type": "Feature", "properties": { "@osmId": "way/33410248", "@snapshotTimestamp": "2019-01-01T00:00:00Z" }, "geometry": { "type": "LineString", "coordinates": [ [ 37.8174377, -0.7483007 ], [ 37.816398, -0.7489026 ] ] } },
{ "type": "Feature", "properties": { "@osmId": "way/33409052", "@snapshotTimestamp": "2019-01-01T00:00:00Z" }, "geometry": { "type": "LineString", "coordinates": [ [ 37.8174377, -0.7483007 ], [ 37.8281786, -0.7453395 ] ] } },
{ "type": "Feature", "properties": { "@osmId": "way/33409800", "@snapshotTimestamp": "2019-01-01T00:00:00Z" }, "geometry": { "type": "LineString", "coordinates": [ [ 37.8880757, -0.5986968 ], [ 37.8281786, -0.7453395 ] ] } },
{ "type": "Feature", "properties": { "@osmId": "way/33402449", "@snapshotTimestamp": "2019-01-01T00:00:00Z" }, "geometry": { "type": "LineString", "coordinates": [ [ 38.0798708, -0.5081363 ], [ 38.1213251, -0.59436 ], [ 38.0777069, -0.7050066 ] ] } },
{ "type": "Feature", "properties": { "@osmId": "way/652533287", "@snapshotTimestamp": "2019-01-01T00:00:00Z" }, "geometry": { "type": "LineString", "coordinates": [ [ 37.612402, -0.6037414 ], [ 37.6134208, -0.5993918 ] ] } },
{ "type": "Feature", "properties": { "@osmId": "way/652436322", "@snapshotTimestamp": "2019-01-01T00:00:00Z" }, "geometry": { "type": "LineString", "coordinates": [ [ 37.7715906, -0.5985765 ], [ 37.7850136, -0.5890343 ] ] } },
{ "type": "Feature", "properties": { "@osmId": "way/652977936", "@snapshotTimestamp": "2019-01-01T00:00:00Z" }, "geometry": { "type": "LineString", "coordinates": [ [ 37.8570696, -0.5915347 ], [ 37.8578559, -0.5925875 ] ] } },
{ "type": "Feature", "properties": { "@osmId": "way/311791464", "@snapshotTimestamp": "2019-01-01T00:00:00Z" }, "geometry": { "type": "LineString", "coordinates": [ [ 38.2320759, -0.6557521 ], [ 38.2288014, -0.6643764 ] ] } },
{ "type": "Feature", "properties": { "@osmId": "way/209598074", "@snapshotTimestamp": "2019-01-01T00:00:00Z" }, "geometry": { "type": "LineString", "coordinates": [ [ 39.6047719, -0.6430377 ], [ 39.6046997, -0.6426871 ] ] } },
{ "type": "Feature", "properties": { "@osmId": "way/516275299", "@snapshotTimestamp": "2019-01-01T00:00:00Z" }, "geometry": { "type": "LineString", "coordinates": [ [ 39.5561283, -0.4777889 ], [ 39.2694924, -0.6458184 ], [ 39.1060298, -0.6735119 ], [ 38.9751882, -0.7356402 ], [ 38.5365765, -0.8045201 ], [ 38.4202771, -0.7687309 ], [ 38.3294013, -0.7791022 ] ] } },
{ "type": "Feature", "properties": { "@osmId": "way/311908933", "@snapshotTimestamp": "2019-01-01T00:00:00Z" }, "geometry": { "type": "LineString", "coordinates": [ [ 38.2322516, -0.6549788 ], [ 38.1926408, -0.6075173 ] ] } },
{ "type": "Feature", "properties": { "@osmId": "way/209598075", "@snapshotTimestamp": "2019-01-01T00:00:00Z" }, "geometry": { "type": "LineString", "coordinates": [ [ 39.6046997, -0.6426871 ], [ 39.5292546, -0.4911585 ] ] } },
{ "type": "Feature", "properties": { "@osmId": "way/516275302", "@snapshotTimestamp": "2019-01-01T00:00:00Z" }, "geometry": { "type": "LineString", "coordinates": [ [ 39.5569385, -0.4777842 ], [ 39.5561283, -0.4777889 ] ] } },
{ "type": "Feature", "properties": { "@osmId": "way/26836281", "@snapshotTimestamp": "2019-01-01T00:00:00Z" }, "geometry": { "type": "LineString", "coordinates": [ [ 39.6356331, -0.463902 ], [ 39.5569385, -0.4777842 ] ] } },
{ "type": "Feature", "properties": { "@osmId": "way/34700943", "@snapshotTimestamp": "2019-01-01T00:00:00Z" }, "geometry": { "type": "LineString", "coordinates": [ [ 39.6356331, -0.463902 ], [ 39.6369589, -0.4637749 ] ] } },
{ "type": "Feature", "properties": { "@osmId": "way/282902570", "@snapshotTimestamp": "2019-01-01T00:00:00Z" }, "geometry": { "type": "LineString", "coordinates": [ [ 39.6369589, -0.4637749 ], [ 39.6410825, -0.4603622 ] ] } },
{ "type": "Feature", "properties": { "@osmId": "way/282936242", "@snapshotTimestamp": "2019-01-01T00:00:00Z" }, "geometry": { "type": "LineString", "coordinates": [ [ 39.6410825, -0.4603622 ], [ 39.6578278, -0.4400726 ] ] } },
{ "type": "Feature", "properties": { "@osmId": "way/652977179", "@snapshotTimestamp": "2019-01-01T00:00:00Z" }, "geometry": { "type": "LineString", "coordinates": [ [ 37.8555622, -0.5853452 ], [ 37.8566158, -0.5861469 ] ] } },
{ "type": "Feature", "properties": { "@osmId": "way/652438744", "@snapshotTimestamp": "2019-01-01T00:00:00Z" }, "geometry": { "type": "LineString", "coordinates": [ [ 37.7758366, -0.5830108 ], [ 37.7834547, -0.5860565 ] ] } },
{ "type": "Feature", "properties": { "@osmId": "way/652977178", "@snapshotTimestamp": "2019-01-01T00:00:00Z" }, "geometry": { "type": "LineString", "coordinates": [ [ 37.8500919, -0.5808859 ], [ 37.8504049, -0.5800609 ] ] } },
{ "type": "Feature", "properties": { "@osmId": "way/652438747", "@snapshotTimestamp": "2019-01-01T00:00:00Z" }, "geometry": { "type": "LineString", "coordinates": [ [ 37.7736386, -0.5448867 ], [ 37.7804427, -0.544577 ] ] } },
{ "type": "Feature", "properties": { "@osmId": "way/652438750", "@snapshotTimestamp": "2019-01-01T00:00:00Z" }, "geometry": { "type": "LineString", "coordinates": [ [ 37.7483358, -0.5000579 ], [ 37.749965, -0.5028114 ] ] } },
{ "type": "Feature", "properties": { "@osmId": "way/650365491", "@snapshotTimestamp": "2019-01-01T00:00:00Z" }, "geometry": { "type": "LineString", "coordinates": [ [ 37.8694295, -0.495902 ], [ 37.8699674, -0.4961337 ] ] } },
{ "type": "Feature", "properties": { "@osmId": "way/650368530", "@snapshotTimestamp": "2019-01-01T00:00:00Z" }, "geometry": { "type": "LineString", "coordinates": [ [ 37.869122, -0.4948601 ], [ 37.8680688, -0.4965099 ] ] } },
{ "type": "Feature", "properties": { "@osmId": "way/650365201", "@snapshotTimestamp": "2019-01-01T00:00:00Z" }, "geometry": { "type": "LineString", "coordinates": [ [ 37.8693211, -0.4949747 ], [ 37.8697963, -0.4963706 ] ] } },
{ "type": "Feature", "properties": { "@osmId": "way/650362995", "@snapshotTimestamp": "2019-01-01T00:00:00Z" }, "geometry": { "type": "LineString", "coordinates": [ [ 37.8669641, -0.4946888 ], [ 37.867628, -0.4947032 ] ] } },
{ "type": "Feature", "properties": { "@osmId": "way/650363629", "@snapshotTimestamp": "2019-01-01T00:00:00Z" }, "geometry": { "type": "MultiLineString", "coordinates": [ [ [ 37.8682674, -0.4946594 ], [ 37.8676493, -0.493831 ] ], [ [ 37.8676493, -0.493831 ], [ 37.867295, -0.4937495 ], [ 37.867444, -0.4932519 ], [ 37.8678264, -0.4934543 ], [ 37.8676493, -0.493831 ] ] ] } },
{ "type": "Feature", "properties": { "@osmId": "way/650358765", "@snapshotTimestamp": "2019-01-01T00:00:00Z" }, "geometry": { "type": "LineString", "coordinates": [ [ 37.8648694, -0.494152 ], [ 37.8688244, -0.490762 ] ] } },
{ "type": "Feature", "properties": { "@osmId": "way/650358888", "@snapshotTimestamp": "2019-01-01T00:00:00Z" }, "geometry": { "type": "LineString", "coordinates": [ [ 37.8660341, -0.4927158 ], [ 37.8675989, -0.4917746 ] ] } },
{ "type": "Feature", "properties": { "@osmId": "way/647811342", "@snapshotTimestamp": "2019-01-01T00:00:00Z" }, "geometry": { "type": "LineString", "coordinates": [ [ 37.8408384, -0.4632353 ], [ 37.8526854, -0.4736298 ] ] } },
{ "type": "Feature", "properties": { "@osmId": "way/651747358", "@snapshotTimestamp": "2019-01-01T00:00:00Z" }, "geometry": { "type": "LineString", "coordinates": [ [ 37.989073, -0.399402 ], [ 38.0410035, -0.4007477 ], [ 38.0487189, -0.4741671 ], [ 38.0798708, -0.5081363 ] ] } },
{ "type": "Feature", "properties": { "@osmId": "way/370591809", "@snapshotTimestamp": "2019-01-01T00:00:00Z" }, "geometry": { "type": "LineString", "coordinates": [ [ 37.8275213, -0.4394366 ], [ 37.9454254, -0.4894159 ], [ 37.9889505, -0.3999672 ] ] } },
{ "type": "Feature", "properties": { "@osmId": "way/650370768", "@snapshotTimestamp": "2019-01-01T00:00:00Z" }, "geometry": { "type": "LineString", "coordinates": [ [ 37.8149394, -0.4212112 ], [ 37.8006808, -0.4314342 ] ] } },
{ "type": "Feature", "properties": { "@osmId": "way/650370762", "@snapshotTimestamp": "2019-01-01T00:00:00Z" }, "geometry": { "type": "LineString", "coordinates": [ [ 37.7930385, -0.4268401 ], [ 37.797564, -0.4266434 ] ] } },
{ "type": "Feature", "properties": { "@osmId": "way/650370788", "@snapshotTimestamp": "2019-01-01T00:00:00Z" }, "geometry": { "type": "LineString", "coordinates": [ [ 37.8149702, -0.4232979 ], [ 37.8089849, -0.4246765 ] ] } },
{ "type": "Feature", "properties": { "@osmId": "way/651747359", "@snapshotTimestamp": "2019-01-01T00:00:00Z" }, "geometry": { "type": "LineString", "coordinates": [ [ 37.9889505, -0.3999672 ], [ 37.989073, -0.399402 ] ] } },
{ "type": "Feature", "properties": { "@osmId": "way/295989679", "@snapshotTimestamp": "2019-01-01T00:00:00Z" }, "geometry": { "type": "LineString", "coordinates": [ [ 37.6114756, -0.3554553 ], [ 37.6083805, -0.3874421 ] ] } },
{ "type": "Feature", "properties": { "@osmId": "way/295989678", "@snapshotTimestamp": "2019-01-01T00:00:00Z" }, "geometry": { "type": "LineString", "coordinates": [ [ 37.6116679, -0.3551595 ], [ 37.6114756, -0.3554553 ] ] } },
{ "type": "Feature", "properties": { "@osmId": "way/650358813", "@snapshotTimestamp": "2019-01-01T00:00:00Z" }, "geometry": { "type": "LineString", "coordinates": [ [ 37.8396843, -0.3448745 ], [ 37.839196, -0.344084 ] ] } },
{ "type": "Feature", "properties": { "@osmId": "way/295850545", "@snapshotTimestamp": "2019-01-01T00:00:00Z" }, "geometry": { "type": "LineString", "coordinates": [ [ 37.6642785, -0.2874532 ], [ 37.6592417, -0.3246372 ], [ 37.6116679, -0.3551595 ] ] } },
{ "type": "Feature", "properties": { "@osmId": "way/285452352", "@snapshotTimestamp": "2019-01-01T00:00:00Z" }, "geometry": { "type": "LineString", "coordinates": [ [ 37.6450129, -0.4715628 ], [ 37.791358, -0.4598383 ], [ 37.8563252, -0.4164844 ], [ 37.8901068, -0.2739221 ], [ 37.8555927, -0.1853466 ], [ 37.7841911, -0.1105045 ] ] } },
{ "type": "Feature", "properties": { "@osmId": "way/295850543", "@snapshotTimestamp": "2019-01-01T00:00:00Z" }, "geometry": { "type": "LineString", "coordinates": [ [ 37.6642232, -0.286955 ], [ 37.6642785, -0.2874532 ] ] } },
{ "type": "Feature", "properties": { "@osmId": "way/295966971", "@snapshotTimestamp": "2019-01-01T00:00:00Z" }, "geometry": { "type": "LineString", "coordinates": [ [ 37.6496453, -0.2644682 ], [ 37.6642232, -0.286955 ] ] } },
{ "type": "Feature", "properties": { "@osmId": "way/295966970", "@snapshotTimestamp": "2019-01-01T00:00:00Z" }, "geometry": { "type": "LineString", "coordinates": [ [ 37.649354, -0.2642218 ], [ 37.6496453, -0.2644682 ] ] } },
{ "type": "Feature", "properties": { "@osmId": "way/33174742", "@snapshotTimestamp": "2019-01-01T00:00:00Z" }, "geometry": { "type": "LineString", "coordinates": [ [ 37.6380678, -0.2497494 ], [ 37.649354, -0.2642218 ] ] } },
{ "type": "Feature", "properties": { "@osmId": "way/295966972", "@snapshotTimestamp": "2019-01-01T00:00:00Z" }, "geometry": { "type": "LineString", "coordinates": [ [ 37.6621117, -0.2031284 ], [ 37.6380678, -0.2497494 ] ] } },
{ "type": "Feature", "properties": { "@osmId": "way/295966968", "@snapshotTimestamp": "2019-01-01T00:00:00Z" }, "geometry": { "type": "LineString", "coordinates": [ [ 37.6621157, -0.2027528 ], [ 37.6621117, -0.2031284 ] ] } },
{ "type": "Feature", "properties": { "@osmId": "way/646900027", "@snapshotTimestamp": "2019-01-01T00:00:00Z" }, "geometry": { "type": "LineString", "coordinates": [ [ 37.3815531, -0.7597465 ], [ 37.3818056, -0.7595721 ] ] } },
{ "type": "Feature", "properties": { "@osmId": "way/646893284", "@snapshotTimestamp": "2019-01-01T00:00:00Z" }, "geometry": { "type": "LineString", "coordinates": [ [ 37.3821772, -0.7597187 ], [ 37.3813429, -0.7593432 ] ] } },
{ "type": "Feature", "properties": { "@osmId": "way/646898303", "@snapshotTimestamp": "2019-01-01T00:00:00Z" }, "geometry": { "type": "LineString", "coordinates": [ [ 37.387652, -0.7553916 ], [ 37.3878155, -0.7556181 ] ] } },
{ "type": "Feature", "properties": { "@osmId": "way/631097746", "@snapshotTimestamp": "2019-01-01T00:00:00Z" }, "geometry": { "type": "LineString", "coordinates": [ [ 37.2766088, -0.7496755 ], [ 37.2766677, -0.7507395 ] ] } },
{ "type": "Feature", "properties": { "@osmId": "way/33201465", "@snapshotTimestamp": "2019-01-01T00:00:00Z" }, "geometry": { "type": "LineString", "coordinates": [ [ 37.4521408, -0.5369848 ], [ 37.5667133, -0.6552578 ], [ 37.6471367, -0.6778297 ], [ 37.6587238, -0.7888426 ], [ 37.6961136, -0.8236386 ], [ 37.6758146, -0.9416825 ] ] } },
{ "type": "Feature", "properties": { "@osmId": "way/295478018", "@snapshotTimestamp": "2019-01-01T00:00:00Z" }, "geometry": { "type": "LineString", "coordinates": [ [ 37.3502564, -0.6892732 ], [ 37.3199323, -0.7494594 ], [ 37.2766655, -0.7560706 ] ] } },
{ "type": "Feature", "properties": { "@osmId": "way/630345109", "@snapshotTimestamp": "2019-01-01T00:00:00Z" }, "geometry": { "type": "LineString", "coordinates": [ [ 37.2417236, -0.6671323 ], [ 37.2766088, -0.7496755 ] ] } },
{ "type": "Feature", "properties": { "@osmId": "way/295478017", "@snapshotTimestamp": "2019-01-01T00:00:00Z" }, "geometry": { "type": "LineString", "coordinates": [ [ 37.3505261, -0.6891516 ], [ 37.3502564, -0.6892732 ] ] } },
{ "type": "Feature", "properties": { "@osmId": "way/630345110", "@snapshotTimestamp": "2019-01-01T00:00:00Z" }, "geometry": { "type": "LineString", "coordinates": [ [ 37.2412866, -0.6669994 ], [ 37.2417236, -0.6671323 ] ] } },
{ "type": "Feature", "properties": { "@osmId": "way/633937212", "@snapshotTimestamp": "2019-01-01T00:00:00Z" }, "geometry": { "type": "LineString", "coordinates": [ [ 37.3299223, -0.6640168 ], [ 37.3297166, -0.6633841 ] ] } },
{ "type": "Feature", "properties": { "@osmId": "way/97676907", "@snapshotTimestamp": "2019-01-01T00:00:00Z" }, "geometry": { "type": "LineString", "coordinates": [ [ 36.9570935, -0.9825486 ], [ 36.8561939, -0.9065853 ] ] } },
{ "type": "Feature", "properties": { "@osmId": "way/219156487", "@snapshotTimestamp": "2019-01-01T00:00:00Z" }, "geometry": { "type": "LineString", "coordinates": [ [ 36.9745021, -0.9425886 ], [ 36.9180321, -0.9155862 ] ] } },
{ "type": "Feature", "properties": { "@osmId": "way/461870058", "@snapshotTimestamp": "2019-01-01T00:00:00Z" }, "geometry": { "type": "LineString", "coordinates": [ [ 36.9180321, -0.9155862 ], [ 36.8625966, -0.8641195 ] ] } },
{ "type": "Feature", "properties": { "@osmId": "way/34128842", "@snapshotTimestamp": "2019-01-01T00:00:00Z" }, "geometry": { "type": "LineString", "coordinates": [ [ 36.954855, -0.6285706 ], [ 36.9543204, -0.6833974 ], [ 36.9706912, -0.686353 ] ] } },
{ "type": "Feature", "properties": { "@osmId": "way/209328592", "@snapshotTimestamp": "2019-01-01T00:00:00Z" }, "geometry": { "type": "LineString", "coordinates": [ [ 36.9546294, -0.628262 ], [ 36.954855, -0.6285706 ] ] } },
{ "type": "Feature", "properties": { "@osmId": "way/209328595", "@snapshotTimestamp": "2019-01-01T00:00:00Z" }, "geometry": { "type": "LineString", "coordinates": [ [ 36.9529874, -0.6025263 ], [ 36.9546294, -0.628262 ] ] } },
{ "type": "Feature", "properties": { "@osmId": "way/97540774", "@snapshotTimestamp": "2019-01-01T00:00:00Z" }, "geometry": { "type": "LineString", "coordinates": [ [ 36.9413315, -0.5711022 ], [ 36.9529874, -0.6025263 ] ] } },
{ "type": "Feature", "properties": { "@osmId": "way/209328589", "@snapshotTimestamp": "2019-01-01T00:00:00Z" }, "geometry": { "type": "LineString", "coordinates": [ [ 36.9411921, -0.5709606 ], [ 36.9413315, -0.5711022 ] ] } },
{ "type": "Feature", "properties": { "@osmId": "way/169411572", "@snapshotTimestamp": "2019-01-01T00:00:00Z" }, "geometry": { "type": "LineString", "coordinates": [ [ 36.9403984, -0.4640215 ], [ 36.9411921, -0.5709606 ] ] } },
{ "type": "Feature", "properties": { "@osmId": "way/169410308", "@snapshotTimestamp": "2019-01-01T00:00:00Z" }, "geometry": { "type": "LineString", "coordinates": [ [ 36.957605, -0.4363337 ], [ 36.9403984, -0.4640215 ] ] } },
{ "type": "Feature", "properties": { "@osmId": "way/633937199", "@snapshotTimestamp": "2019-01-01T00:00:00Z" }, "geometry": { "type": "LineString", "coordinates": [ [ 37.3295134, -0.6624713 ], [ 37.329719, -0.6633662 ] ] } },
{ "type": "Feature", "properties": { "@osmId": "way/633937200", "@snapshotTimestamp": "2019-01-01T00:00:00Z" }, "geometry": { "type": "LineString", "coordinates": [ [ 37.3295134, -0.6624713 ], [ 37.329719, -0.6633662 ] ] } },
{ "type": "Feature", "properties": { "@osmId": "way/630345108", "@snapshotTimestamp": "2019-01-01T00:00:00Z" }, "geometry": { "type": "LineString", "coordinates": [ [ 37.2116245, -0.6660827 ], [ 37.2459111, -0.6355432 ] ] } },
{ "type": "Feature", "properties": { "@osmId": "way/630345107", "@snapshotTimestamp": "2019-01-01T00:00:00Z" }, "geometry": { "type": "LineString", "coordinates": [ [ 37.2459111, -0.6355432 ], [ 37.2461651, -0.635331 ] ] } },
{ "type": "Feature", "properties": { "@osmId": "way/295465802", "@snapshotTimestamp": "2019-01-01T00:00:00Z" }, "geometry": { "type": "LineString", "coordinates": [ [ 37.3887017, -0.5476488 ], [ 37.3531351, -0.5785592 ], [ 37.3505261, -0.6891516 ] ] } },
{ "type": "Feature", "properties": { "@osmId": "way/652531223", "@snapshotTimestamp": "2019-01-01T00:00:00Z" }, "geometry": { "type": "LineString", "coordinates": [ [ 37.6046491, -0.6038261 ], [ 37.6051778, -0.6033663 ] ] } },
{ "type": "Feature", "properties": { "@osmId": "way/34128963", "@snapshotTimestamp": "2019-01-01T00:00:00Z" }, "geometry": { "type": "LineString", "coordinates": [ [ 37.2461651, -0.635331 ], [ 37.2776825, -0.5908229 ], [ 37.3637535, -0.5571006 ] ] } },
{ "type": "Feature", "properties": { "@osmId": "way/295465801", "@snapshotTimestamp": "2019-01-01T00:00:00Z" }, "geometry": { "type": "LineString", "coordinates": [ [ 37.3889439, -0.5474434 ], [ 37.3887017, -0.5476488 ] ] } },
{ "type": "Feature", "properties": { "@osmId": "way/285469084", "@snapshotTimestamp": "2019-01-01T00:00:00Z" }, "geometry": { "type": "LineString", "coordinates": [ [ 37.4486609, -0.5452418 ], [ 37.3889439, -0.5474434 ] ] } },
{ "type": "Feature", "properties": { "@osmId": "way/285469085", "@snapshotTimestamp": "2019-01-01T00:00:00Z" }, "geometry": { "type": "LineString", "coordinates": [ [ 37.4487653, -0.5452675 ], [ 37.4486609, -0.5452418 ] ] } },
{ "type": "Feature", "properties": { "@osmId": "way/33202166", "@snapshotTimestamp": "2019-01-01T00:00:00Z" }, "geometry": { "type": "LineString", "coordinates": [ [ 37.4521408, -0.5369848 ], [ 37.4487653, -0.5452675 ] ] } },
{ "type": "Feature", "properties": { "@osmId": "way/33202170", "@snapshotTimestamp": "2019-01-01T00:00:00Z" }, "geometry": { "type": "LineString", "coordinates": [ [ 37.4518061, -0.5367187 ], [ 37.4516694, -0.5372133 ] ] } },
{ "type": "Feature", "properties": { "@osmId": "way/33402885", "@snapshotTimestamp": "2019-01-01T00:00:00Z" }, "geometry": { "type": "LineString", "coordinates": [ [ 37.139538, -0.4870749 ], [ 37.2445036, -0.4714091 ], [ 37.3213009, -0.5679803 ] ] } },
{ "type": "Feature", "properties": { "@osmId": "way/654703319", "@snapshotTimestamp": "2019-01-01T00:00:00Z" }, "geometry": { "type": "LineString", "coordinates": [ [ 37.5432834, -0.5044232 ], [ 37.5445971, -0.496522 ] ] } },
{ "type": "Feature", "properties": { "@osmId": "way/654703320", "@snapshotTimestamp": "2019-01-01T00:00:00Z" }, "geometry": { "type": "LineString", "coordinates": [ [ 37.5437773, -0.4985923 ], [ 37.5499639, -0.4981193 ] ] } },
{ "type": "Feature", "properties": { "@osmId": "way/654703318", "@snapshotTimestamp": "2019-01-01T00:00:00Z" }, "geometry": { "type": "LineString", "coordinates": [ [ 37.5397471, -0.4959454 ], [ 37.5386861, -0.4946608 ] ] } },
{ "type": "Feature", "properties": { "@osmId": "way/34091312", "@snapshotTimestamp": "2019-01-01T00:00:00Z" }, "geometry": { "type": "LineString", "coordinates": [ [ 37.5580523, -0.4706196 ], [ 37.6450129, -0.4715628 ] ] } },
{ "type": "Feature", "properties": { "@osmId": "way/296229090", "@snapshotTimestamp": "2019-01-01T00:00:00Z" }, "geometry": { "type": "LineString", "coordinates": [ [ 37.607775, -0.3878069 ], [ 37.5715742, -0.411024 ], [ 37.5543137, -0.4744939 ], [ 37.4652043, -0.4756526 ], [ 37.4521408, -0.5369848 ] ] } },
{ "type": "Feature", "properties": { "@osmId": "way/649334733", "@snapshotTimestamp": "2019-01-01T00:00:00Z" }, "geometry": { "type": "LineString", "coordinates": [ [ 37.5511166, -0.3815012 ], [ 37.5703898, -0.4147575 ] ] } },
{ "type": "Feature", "properties": { "@osmId": "way/296229091", "@snapshotTimestamp": "2019-01-01T00:00:00Z" }, "geometry": { "type": "LineString", "coordinates": [ [ 37.6083805, -0.3874421 ], [ 37.607775, -0.3878069 ] ] } },
{ "type": "Feature", "properties": { "@osmId": "way/240883000", "@snapshotTimestamp": "2019-01-01T00:00:00Z" }, "geometry": { "type": "LineString", "coordinates": [ [ 37.2104142, -0.6655682 ], [ 37.2042298, -0.6709438 ] ] } },
{ "type": "Feature", "properties": { "@osmId": "way/295617217", "@snapshotTimestamp": "2019-01-01T00:00:00Z" }, "geometry": { "type": "LineString", "coordinates": [ [ 37.0434231, -0.4457259 ], [ 37.1618749, -0.5043916 ], [ 37.1856857, -0.5336583 ], [ 37.2018106, -0.6594126 ], [ 37.2412866, -0.6669994 ] ] } },
{ "type": "Feature", "properties": { "@osmId": "way/539043336", "@snapshotTimestamp": "2019-01-01T00:00:00Z" }, "geometry": { "type": "LineString", "coordinates": [ [ 37.0454915, -0.4522549 ], [ 37.045819, -0.4521605 ] ] } },
{ "type": "Feature", "properties": { "@osmId": "way/539043338", "@snapshotTimestamp": "2019-01-01T00:00:00Z" }, "geometry": { "type": "LineString", "coordinates": [ [ 37.045819, -0.4521605 ], [ 37.0464667, -0.4519477 ] ] } },
{ "type": "Feature", "properties": { "@osmId": "way/295617216", "@snapshotTimestamp": "2019-01-01T00:00:00Z" }, "geometry": { "type": "LineString", "coordinates": [ [ 37.0433504, -0.4455057 ], [ 37.0434231, -0.4457259 ] ] } },
{ "type": "Feature", "properties": { "@osmId": "way/34128998", "@snapshotTimestamp": "2019-01-01T00:00:00Z" }, "geometry": { "type": "LineString", "coordinates": [ [ 36.9483268, -0.4215057 ], [ 37.0050318, -0.4623422 ], [ 37.0454915, -0.4522549 ] ] } },
{ "type": "Feature", "properties": { "@osmId": "way/512995213", "@snapshotTimestamp": "2019-01-01T00:00:00Z" }, "geometry": { "type": "LineString", "coordinates": [ [ 36.9921205, -0.3995557 ], [ 36.9499779, -0.4121373 ] ] } },
{ "type": "Feature", "properties": { "@osmId": "way/512995214", "@snapshotTimestamp": "2019-01-01T00:00:00Z" }, "geometry": { "type": "LineString", "coordinates": [ [ 36.9922878, -0.3994882 ], [ 36.9921205, -0.3995557 ] ] } },
{ "type": "Feature", "properties": { "@osmId": "way/41445892", "@snapshotTimestamp": "2019-01-01T00:00:00Z" }, "geometry": { "type": "LineString", "coordinates": [ [ 37.0027305, -0.3905067 ], [ 36.9922878, -0.3994882 ] ] } },
{ "type": "Feature", "properties": { "@osmId": "way/139601064", "@snapshotTimestamp": "2019-01-01T00:00:00Z" }, "geometry": { "type": "LineString", "coordinates": [ [ 37.010409, -0.2689552 ], [ 37.0007682, -0.3866323 ], [ 37.0433504, -0.4455057 ] ] } },
{ "type": "Feature", "properties": { "@osmId": "way/169410306", "@snapshotTimestamp": "2019-01-01T00:00:00Z" }, "geometry": { "type": "LineString", "coordinates": [ [ 36.9594876, -0.4312304 ], [ 36.957605, -0.4363337 ] ] } },
{ "type": "Feature", "properties": { "@osmId": "way/35286803", "@snapshotTimestamp": "2019-01-01T00:00:00Z" }, "geometry": { "type": "LineString", "coordinates": [ [ 36.9484014, -0.4212141 ], [ 36.9483268, -0.4215057 ] ] } },
{ "type": "Feature", "properties": { "@osmId": "way/35286809", "@snapshotTimestamp": "2019-01-01T00:00:00Z" }, "geometry": { "type": "LineString", "coordinates": [ [ 36.948472, -0.4211088 ], [ 36.9484014, -0.4212141 ], [ 36.9484729, -0.4209623 ], [ 36.9484944, -0.421023 ], [ 36.948472, -0.4211088 ] ] } },
{ "type": "Feature", "properties": { "@osmId": "way/41445884", "@snapshotTimestamp": "2019-01-01T00:00:00Z" }, "geometry": { "type": "LineString", "coordinates": [ [ 36.9489875, -0.4189064 ], [ 36.9484729, -0.4209623 ] ] } },
{ "type": "Feature", "properties": { "@osmId": "way/169413926", "@snapshotTimestamp": "2019-01-01T00:00:00Z" }, "geometry": { "type": "LineString", "coordinates": [ [ 36.9451912, -0.4184127 ], [ 36.9489875, -0.4189064 ] ] } },
{ "type": "Feature", "properties": { "@osmId": "way/169413937", "@snapshotTimestamp": "2019-01-01T00:00:00Z" }, "geometry": { "type": "LineString", "coordinates": [ [ 36.9451912, -0.4184127 ], [ 36.9448079, -0.4180138 ], [ 36.9445403, -0.4174059 ], [ 36.9450153, -0.4178095 ], [ 36.9451912, -0.4184127 ] ] } },
{ "type": "Feature", "properties": { "@osmId": "way/33401939", "@snapshotTimestamp": "2019-01-01T00:00:00Z" }, "geometry": { "type": "LineString", "coordinates": [ [ 36.9445403, -0.4174059 ], [ 36.9438361, -0.4151073 ] ] } },
{ "type": "Feature", "properties": { "@osmId": "way/539043551", "@snapshotTimestamp": "2019-01-01T00:00:00Z" }, "geometry": { "type": "LineString", "coordinates": [ [ 36.9438361, -0.4151073 ], [ 36.9439097, -0.4149527 ] ] } },
{ "type": "Feature", "properties": { "@osmId": "way/539043552", "@snapshotTimestamp": "2019-01-01T00:00:00Z" }, "geometry": { "type": "LineString", "coordinates": [ [ 36.9439097, -0.4149527 ], [ 36.9564576, -0.3890855 ], [ 36.9049118, -0.3292971 ] ] } },
{ "type": "Feature", "properties": { "@osmId": "way/35313852", "@snapshotTimestamp": "2019-01-01T00:00:00Z" }, "geometry": { "type": "LineString", "coordinates": [ [ 36.9049118, -0.3292971 ], [ 36.9015021, -0.3165426 ] ] } },
{ "type": "Feature", "properties": { "@osmId": "way/295787248", "@snapshotTimestamp": "2019-01-01T00:00:00Z" }, "geometry": { "type": "LineString", "coordinates": [ [ 37.0150152, -0.2337872 ], [ 37.010409, -0.2689552 ] ] } },
{ "type": "Feature", "properties": { "@osmId": "way/295787247", "@snapshotTimestamp": "2019-01-01T00:00:00Z" }, "geometry": { "type": "LineString", "coordinates": [ [ 37.0150358, -0.2336319 ], [ 37.0150152, -0.2337872 ] ] } },
{ "type": "Feature", "properties": { "@osmId": "way/316785574", "@snapshotTimestamp": "2019-01-01T00:00:00Z" }, "geometry": { "type": "LineString", "coordinates": [ [ 37.0525187, -0.0458022 ], [ 37.0150358, -0.2336319 ] ] } },
{ "type": "Feature", "properties": { "@osmId": "way/316785570", "@snapshotTimestamp": "2019-01-01T00:00:00Z" }, "geometry": { "type": "LineString", "coordinates": [ [ 37.0525824, -0.0456666 ], [ 37.0525187, -0.0458022 ] ] } },
{ "type": "Feature", "properties": { "@osmId": "way/316785571", "@snapshotTimestamp": "2019-01-01T00:00:00Z" }, "geometry": { "type": "LineString", "coordinates": [ [ 37.0798242, 0.0161649 ], [ 37.0525824, -0.0456666 ] ] } },
{ "type": "Feature", "properties": { "@osmId": "way/316785569", "@snapshotTimestamp": "2019-01-01T00:00:00Z" }, "geometry": { "type": "LineString", "coordinates": [ [ 37.0799453, 0.0162649 ], [ 37.0798242, 0.0161649 ] ] } },
{ "type": "Feature", "properties": { "@osmId": "way/472682233", "@snapshotTimestamp": "2019-01-01T00:00:00Z" }, "geometry": { "type": "LineString", "coordinates": [ [ 37.0716515, 0.0209111 ], [ 37.0789504, 0.0153051 ] ] } },
{ "type": "Feature", "properties": { "@osmId": "way/481592336", "@snapshotTimestamp": "2019-01-01T00:00:00Z" }, "geometry": { "type": "LineString", "coordinates": [ [ 37.0880246, 0.0205297 ], [ 37.0799453, 0.0162649 ] ] } },
{ "type": "Feature", "properties": { "@osmId": "way/316785566", "@snapshotTimestamp": "2019-01-01T00:00:00Z" }, "geometry": { "type": "LineString", "coordinates": [ [ 37.08819, 0.0205672 ], [ 37.0880246, 0.0205297 ] ] } },
{ "type": "Feature", "properties": { "@osmId": "way/316785567", "@snapshotTimestamp": "2019-01-01T00:00:00Z" }, "geometry": { "type": "LineString", "coordinates": [ [ 37.08819, 0.0205672 ], [ 37.0880246, 0.0205297 ] ] } },
{ "type": "Feature", "properties": { "@osmId": "way/644522365", "@snapshotTimestamp": "2019-01-01T00:00:00Z" }, "geometry": { "type": "LineString", "coordinates": [ [ 37.5432712, -0.3733769 ], [ 37.5515592, -0.3688924 ] ] } },
{ "type": "Feature", "properties": { "@osmId": "way/644514561", "@snapshotTimestamp": "2019-01-01T00:00:00Z" }, "geometry": { "type": "LineString", "coordinates": [ [ 37.4908179, -0.3570641 ], [ 37.5511166, -0.3815012 ] ] } },
{ "type": "Feature", "properties": { "@osmId": "way/644522367", "@snapshotTimestamp": "2019-01-01T00:00:00Z" }, "geometry": { "type": "LineString", "coordinates": [ [ 37.5293156, -0.3643327 ], [ 37.5512803, -0.3660064 ] ] } },
{ "type": "Feature", "properties": { "@osmId": "way/318375172", "@snapshotTimestamp": "2019-01-01T00:00:00Z" }, "geometry": { "type": "LineString", "coordinates": [ [ 37.2158296, 0.063439 ], [ 37.2066922, 0.0553956 ] ] } },
{ "type": "Feature", "properties": { "@osmId": "way/139604046", "@snapshotTimestamp": "2019-01-01T00:00:00Z" }, "geometry": { "type": "LineString", "coordinates": [ [ 37.243786, 0.0874306 ], [ 37.2158296, 0.063439 ] ] } },
{ "type": "Feature", "properties": { "@osmId": "way/412359314", "@snapshotTimestamp": "2019-01-01T00:00:00Z" }, "geometry": { "type": "LineString", "coordinates": [ [ 37.3154995, 0.0804737 ], [ 37.2438543, 0.0875548 ] ] } },
{ "type": "Feature", "properties": { "@osmId": "way/412359313", "@snapshotTimestamp": "2019-01-01T00:00:00Z" }, "geometry": { "type": "LineString", "coordinates": [ [ 37.2438543, 0.0875548 ], [ 37.243786, 0.0874306 ] ] } },
{ "type": "Feature", "properties": { "@osmId": "way/139605233", "@snapshotTimestamp": "2019-01-01T00:00:00Z" }, "geometry": { "type": "LineString", "coordinates": [ [ 37.473156, 0.1401989 ], [ 37.4319794, 0.1085435 ], [ 37.3154995, 0.0804737 ] ] } },
{ "type": "Feature", "properties": { "@osmId": "way/34090729", "@snapshotTimestamp": "2019-01-01T00:00:00Z" }, "geometry": { "type": "LineString", "coordinates": [ [ 37.473156, 0.1401989 ], [ 37.6076883, 0.1068825 ] ] } },
{ "type": "Feature", "properties": { "@osmId": "way/204244778", "@snapshotTimestamp": "2019-01-01T00:00:00Z" }, "geometry": { "type": "LineString", "coordinates": [ [ 37.4721397, 0.1396279 ], [ 37.4727365, 0.1412304 ] ] } },
{ "type": "Feature", "properties": { "@osmId": "way/316785573", "@snapshotTimestamp": "2019-01-01T00:00:00Z" }, "geometry": { "type": "LineString", "coordinates": [ [ 37.1392062, 0.0383293 ], [ 37.08819, 0.0205672 ] ] } },
{ "type": "Feature", "properties": { "@osmId": "way/316785568", "@snapshotTimestamp": "2019-01-01T00:00:00Z" }, "geometry": { "type": "LineString", "coordinates": [ [ 37.1393988, 0.038382 ], [ 37.1392062, 0.0383293 ] ] } },
{ "type": "Feature", "properties": { "@osmId": "way/139601133", "@snapshotTimestamp": "2019-01-01T00:00:00Z" }, "geometry": { "type": "LineString", "coordinates": [ [ 37.1458488, 0.0401114 ], [ 37.1393988, 0.038382 ] ] } },
{ "type": "Feature", "properties": { "@osmId": "way/316785572", "@snapshotTimestamp": "2019-01-01T00:00:00Z" }, "geometry": { "type": "LineString", "coordinates": [ [ 37.2060905, 0.0548603 ], [ 37.1458488, 0.0401114 ] ] } },
{ "type": "Feature", "properties": { "@osmId": "way/316785575", "@snapshotTimestamp": "2019-01-01T00:00:00Z" }, "geometry": { "type": "LineString", "coordinates": [ [ 37.2066922, 0.0553956 ], [ 37.2060905, 0.0548603 ] ] } },
{ "type": "Feature", "properties": { "@osmId": "way/316785578", "@snapshotTimestamp": "2019-01-01T00:00:00Z" }, "geometry": { "type": "LineString", "coordinates": [ [ 36.9008587, 0.0905595 ], [ 37.0383436, 0.0765577 ], [ 37.0716515, 0.0209111 ] ] } },
{ "type": "Feature", "properties": { "@osmId": "way/33402656", "@snapshotTimestamp": "2019-01-01T00:00:00Z" }, "geometry": { "type": "LineString", "coordinates": [ [ 37.0087954, 0.1818518 ], [ 37.0341368, 0.0780678 ] ] } },
{ "type": "Feature", "properties": { "@osmId": "way/33199142", "@snapshotTimestamp": "2019-01-01T00:00:00Z" }, "geometry": { "type": "LineString", "coordinates": [ [ 36.9391721, 0.7637986 ], [ 36.9820895, 0.7840597 ], [ 37.0052262, 0.8701344 ], [ 37.105527, 0.9016785 ] ] } },
{ "type": "Feature", "properties": { "@osmId": "way/209405073", "@snapshotTimestamp": "2019-01-01T00:00:00Z" }, "geometry": { "type": "LineString", "coordinates": [ [ 37.105527, 0.9016785 ], [ 37.1058611, 0.9017886 ] ] } },
{ "type": "Feature", "properties": { "@osmId": "way/209405074", "@snapshotTimestamp": "2019-01-01T00:00:00Z" }, "geometry": { "type": "LineString", "coordinates": [ [ 37.1058611, 0.9017886 ], [ 37.1487749, 0.9225379 ] ] } },
{ "type": "Feature", "properties": { "@osmId": "way/437339219", "@snapshotTimestamp": "2019-01-01T00:00:00Z" }, "geometry": { "type": "LineString", "coordinates": [ [ 37.5505691, 0.2697766 ], [ 37.473156, 0.1401989 ] ] } },
{ "type": "Feature", "properties": { "@osmId": "way/217347063", "@snapshotTimestamp": "2019-01-01T00:00:00Z" }, "geometry": { "type": "LineString", "coordinates": [ [ 37.5507823, 0.2698935 ], [ 37.5505691, 0.2697766 ] ] } },
{ "type": "Feature", "properties": { "@osmId": "way/41446527", "@snapshotTimestamp": "2019-01-01T00:00:00Z" }, "geometry": { "type": "LineString", "coordinates": [ [ 37.5831439, 0.3518591 ], [ 37.5507823, 0.2698935 ] ] } },
{ "type": "Feature", "properties": { "@osmId": "way/204125653", "@snapshotTimestamp": "2019-01-01T00:00:00Z" }, "geometry": { "type": "LineString", "coordinates": [ [ 37.6104227, 0.7096817 ], [ 37.6109928, 0.7090464 ] ] } },
{ "type": "Feature", "properties": { "@osmId": "way/514252318", "@snapshotTimestamp": "2019-01-01T00:00:00Z" }, "geometry": { "type": "LineString", "coordinates": [ [ 37.5575873, 0.7704085 ], [ 37.6104227, 0.7096817 ] ] } },
{ "type": "Feature", "properties": { "@osmId": "way/204125649", "@snapshotTimestamp": "2019-01-01T00:00:00Z" }, "geometry": { "type": "LineString", "coordinates": [ [ 37.5574092, 0.7707686 ], [ 37.5575873, 0.7704085 ] ] } },
{ "type": "Feature", "properties": { "@osmId": "way/213912494", "@snapshotTimestamp": "2019-01-01T00:00:00Z" }, "geometry": { "type": "LineString", "coordinates": [ [ 37.5568838, 0.7720514 ], [ 37.5015094, 0.7890768 ], [ 37.4396148, 0.8582798 ], [ 37.3164953, 0.8728242 ] ] } },
{ "type": "Feature", "properties": { "@osmId": "way/230047946", "@snapshotTimestamp": "2019-01-01T00:00:00Z" }, "geometry": { "type": "LineString", "coordinates": [ [ 37.3164953, 0.8728242 ], [ 37.3159633, 0.8738528 ] ] } },
{ "type": "Feature", "properties": { "@osmId": "way/230047948", "@snapshotTimestamp": "2019-01-01T00:00:00Z" }, "geometry": { "type": "LineString", "coordinates": [ [ 37.3159633, 0.8738528 ], [ 37.291865, 0.9587954 ] ] } },
{ "type": "Feature", "properties": { "@osmId": "way/209405070", "@snapshotTimestamp": "2019-01-01T00:00:00Z" }, "geometry": { "type": "LineString", "coordinates": [ [ 37.210419, 0.9337223 ], [ 37.2109692, 0.9340258 ] ] } },
{ "type": "Feature", "properties": { "@osmId": "way/463133588", "@snapshotTimestamp": "2019-01-01T00:00:00Z" }, "geometry": { "type": "LineString", "coordinates": [ [ 36.8631531, -1.0888588 ], [ 36.8636799, -1.0827433 ] ] } },
{ "type": "Feature", "properties": { "@osmId": "way/463133587", "@snapshotTimestamp": "2019-01-01T00:00:00Z" }, "geometry": { "type": "LineString", "coordinates": [ [ 36.8636799, -1.0827433 ], [ 36.8636255, -1.0824939 ] ] } },
{ "type": "Feature", "properties": { "@osmId": "way/97735962", "@snapshotTimestamp": "2019-01-01T00:00:00Z" }, "geometry": { "type": "LineString", "coordinates": [ [ 36.8636255, -1.0824939 ], [ 36.8612553, -1.0470659 ] ] } },
{ "type": "Feature", "properties": { "@osmId": "way/98028210", "@snapshotTimestamp": "2019-01-01T00:00:00Z" }, "geometry": { "type": "LineString", "coordinates": [ [ 36.8612553, -1.0470659 ], [ 36.8940204, -1.0434927 ] ] } },
{ "type": "Feature", "properties": { "@osmId": "way/98240944", "@snapshotTimestamp": "2019-01-01T00:00:00Z" }, "geometry": { "type": "LineString", "coordinates": [ [ 36.8919024, -1.0152146 ], [ 36.8588631, -0.9977425 ] ] } },
{ "type": "Feature", "properties": { "@osmId": "way/335898311", "@snapshotTimestamp": "2019-01-01T00:00:00Z" }, "geometry": { "type": "LineString", "coordinates": [ [ 36.852456, -0.9963958 ], [ 36.8588631, -0.9977425 ] ] } },
{ "type": "Feature", "properties": { "@osmId": "way/370016372", "@snapshotTimestamp": "2019-01-01T00:00:00Z" }, "geometry": { "type": "LineString", "coordinates": [ [ 36.8442071, -0.8933701 ], [ 36.8561939, -0.9065853 ] ] } },
{ "type": "Feature", "properties": { "@osmId": "way/461953203", "@snapshotTimestamp": "2019-01-01T00:00:00Z" }, "geometry": { "type": "LineString", "coordinates": [ [ 36.8605953, -0.8686497 ], [ 36.8604862, -0.8688146 ] ] } },
{ "type": "Feature", "properties": { "@osmId": "way/461953204", "@snapshotTimestamp": "2019-01-01T00:00:00Z" }, "geometry": { "type": "LineString", "coordinates": [ [ 36.8625966, -0.8641195 ], [ 36.8605953, -0.8686497 ] ] } },
{ "type": "Feature", "properties": { "@osmId": "way/236587110", "@snapshotTimestamp": "2019-01-01T00:00:00Z" }, "geometry": { "type": "LineString", "coordinates": [ [ 36.8604862, -0.8688146 ], [ 36.8234012, -0.8577706 ] ] } },
{ "type": "Feature", "properties": { "@osmId": "way/568942543", "@snapshotTimestamp": "2019-01-01T00:00:00Z" }, "geometry": { "type": "LineString", "coordinates": [ [ 36.8322897, -1.1736187 ], [ 36.8374037, -1.1788141 ] ] } },
{ "type": "Feature", "properties": { "@osmId": "way/568942542", "@snapshotTimestamp": "2019-01-01T00:00:00Z" }, "geometry": { "type": "LineString", "coordinates": [ [ 36.8374037, -1.1788141 ], [ 36.8417828, -1.1722497 ] ] } },
{ "type": "Feature", "properties": { "@osmId": "way/56311433", "@snapshotTimestamp": "2019-01-01T00:00:00Z" }, "geometry": { "type": "LineString", "coordinates": [ [ 36.8322897, -1.1736187 ], [ 36.8416932, -1.1718658 ] ] } },
{ "type": "Feature", "properties": { "@osmId": "way/568913095", "@snapshotTimestamp": "2019-01-01T00:00:00Z" }, "geometry": { "type": "LineString", "coordinates": [ [ 36.8391665, -1.1565563 ], [ 36.8418611, -1.1716449 ] ] } },
{ "type": "Feature", "properties": { "@osmId": "way/316785576", "@snapshotTimestamp": "2019-01-01T00:00:00Z" }, "geometry": { "type": "LineString", "coordinates": [ [ 36.836223, -0.1994258 ], [ 36.8360076, -0.1994305 ] ] } },
{ "type": "Feature", "properties": { "@osmId": "way/286294942", "@snapshotTimestamp": "2019-01-01T00:00:00Z" }, "geometry": { "type": "LineString", "coordinates": [ [ 36.803315, 1.669485 ], [ 36.8711412, 1.331191 ] ] } },
{ "type": "Feature", "properties": { "@osmId": "way/204459130", "@snapshotTimestamp": "2019-01-01T00:00:00Z" }, "geometry": { "type": "LineString", "coordinates": [ [ 36.8261433, 2.4647633 ], [ 36.8260418, 2.4650384 ] ] } },
{ "type": "Feature", "properties": { "@osmId": "way/583039637", "@snapshotTimestamp": "2019-01-01T00:00:00Z" }, "geometry": { "type": "LineString", "coordinates": [ [ 36.7965495, -1.2076271 ], [ 36.7975872, -1.2082656 ] ] } },
{ "type": "Feature", "properties": { "@osmId": "way/493736709", "@snapshotTimestamp": "2019-01-01T00:00:00Z" }, "geometry": { "type": "LineString", "coordinates": [ [ 36.7964694, -1.2075176 ], [ 36.7965407, -1.2077625 ], [ 36.796273, -1.2078622 ], [ 36.7961771, -1.2076014 ], [ 36.7964694, -1.2075176 ] ] } },
{ "type": "Feature", "properties": { "@osmId": "way/583039634", "@snapshotTimestamp": "2019-01-01T00:00:00Z" }, "geometry": { "type": "LineString", "coordinates": [ [ 36.7961636, -1.2077217 ], [ 36.7953087, -1.2072954 ] ] } },
{ "type": "Feature", "properties": { "@osmId": "way/583039633", "@snapshotTimestamp": "2019-01-01T00:00:00Z" }, "geometry": { "type": "LineString", "coordinates": [ [ 36.7953087, -1.2072954 ], [ 36.7962541, -1.2075165 ] ] } },
{ "type": "Feature", "properties": { "@osmId": "way/204459132", "@snapshotTimestamp": "2019-01-01T00:00:00Z" }, "geometry": { "type": "LineString", "coordinates": [ [ 36.8260418, 2.4650384 ], [ 36.8089388, 2.514291 ] ] } },
{ "type": "Feature", "properties": { "@osmId": "way/204633644", "@snapshotTimestamp": "2019-01-01T00:00:00Z" }, "geometry": { "type": "LineString", "coordinates": [ [ 36.8089388, 2.514291 ], [ 36.8087017, 2.5143359 ] ] } },
{ "type": "Feature", "properties": { "@osmId": "way/657024960", "@snapshotTimestamp": "2019-01-01T00:00:00Z" }, "geometry": { "type": "LineString", "coordinates": [ [ 36.9341026, 3.1689518 ], [ 36.8580804, 3.0753064 ], [ 36.7957539, 3.0607501 ], [ 36.7767119, 3.0022126 ], [ 36.7129922, 2.931967 ], [ 36.7173621, 2.7577166 ] ] } },
{ "type": "Feature", "properties": { "@osmId": "way/35313851", "@snapshotTimestamp": "2019-01-01T00:00:00Z" }, "geometry": { "type": "LineString", "coordinates": [ [ 36.8748157, -0.2533049 ], [ 36.836223, -0.1994258 ] ] } },
{ "type": "Feature", "properties": { "@osmId": "way/41446528", "@snapshotTimestamp": "2019-01-01T00:00:00Z" }, "geometry": { "type": "LineString", "coordinates": [ [ 36.805874, 0.1017678 ], [ 36.9006065, 0.0907291 ] ] } },
{ "type": "Feature", "properties": { "@osmId": "way/33401923", "@snapshotTimestamp": "2019-01-01T00:00:00Z" }, "geometry": { "type": "LineString", "coordinates": [ [ 36.9391721, 0.7637986 ], [ 36.8068648, 0.8615651 ], [ 36.7613895, 0.9370249 ] ] } },
{ "type": "Feature", "properties": { "@osmId": "way/241755048", "@snapshotTimestamp": "2019-01-01T00:00:00Z" }, "geometry": { "type": "LineString", "coordinates": [ [ 36.8749514, 1.3304014 ], [ 36.8754548, 1.3301411 ] ] } },
{ "type": "Feature", "properties": { "@osmId": "way/241755053", "@snapshotTimestamp": "2019-01-01T00:00:00Z" }, "geometry": { "type": "LineString", "coordinates": [ [ 36.8711412, 1.331191 ], [ 36.8749514, 1.3304014 ] ] } },
{ "type": "Feature", "properties": { "@osmId": "way/230047941", "@snapshotTimestamp": "2019-01-01T00:00:00Z" }, "geometry": { "type": "LineString", "coordinates": [ [ 36.908136, 2.0133133 ], [ 36.7945528, 1.7741419 ] ] } },
{ "type": "Feature", "properties": { "@osmId": "way/43579225", "@snapshotTimestamp": "2019-01-01T00:00:00Z" }, "geometry": { "type": "LineString", "coordinates": [ [ 36.8261433, 2.4647633 ], [ 36.8596481, 2.4300246 ], [ 36.9183073, 2.073753 ] ] } },
{ "type": "Feature", "properties": { "@osmId": "way/295728261", "@snapshotTimestamp": "2019-01-01T00:00:00Z" }, "geometry": { "type": "LineString", "coordinates": [ [ 36.9015021, -0.3165426 ], [ 36.9013019, -0.3163908 ] ] } },
{ "type": "Feature", "properties": { "@osmId": "way/295728259", "@snapshotTimestamp": "2019-01-01T00:00:00Z" }, "geometry": { "type": "LineString", "coordinates": [ [ 36.9013019, -0.3163908 ], [ 36.8748157, -0.2533049 ] ] } },
{ "type": "Feature", "properties": { "@osmId": "way/316785580", "@snapshotTimestamp": "2019-01-01T00:00:00Z" }, "geometry": { "type": "LineString", "coordinates": [ [ 36.9006065, 0.0907291 ], [ 36.9008587, 0.0905595 ] ] } },
{ "type": "Feature", "properties": { "@osmId": "way/241755058", "@snapshotTimestamp": "2019-01-01T00:00:00Z" }, "geometry": { "type": "LineString", "coordinates": [ [ 36.8754548, 1.3301411 ], [ 36.9569264, 1.2257936 ] ] } },
{ "type": "Feature", "properties": { "@osmId": "way/331976734", "@snapshotTimestamp": "2019-01-01T00:00:00Z" }, "geometry": { "type": "LineString", "coordinates": [ [ 36.9083826, 2.0138632 ], [ 36.908136, 2.0133133 ] ] } },
{ "type": "Feature", "properties": { "@osmId": "way/331976735", "@snapshotTimestamp": "2019-01-01T00:00:00Z" }, "geometry": { "type": "LineString", "coordinates": [ [ 36.9186001, 2.072703 ], [ 36.9083826, 2.0138632 ] ] } },
{ "type": "Feature", "properties": { "@osmId": "way/331976733", "@snapshotTimestamp": "2019-01-01T00:00:00Z" }, "geometry": { "type": "LineString", "coordinates": [ [ 36.9183073, 2.073753 ], [ 36.9186001, 2.072703 ] ] } },
{ "type": "Feature", "properties": { "@osmId": "way/172065454", "@snapshotTimestamp": "2019-01-01T00:00:00Z" }, "geometry": { "type": "LineString", "coordinates": [ [ 37.1487749, 0.9225379 ], [ 37.1931589, 0.9295514 ] ] } },
{ "type": "Feature", "properties": { "@osmId": "way/209405072", "@snapshotTimestamp": "2019-01-01T00:00:00Z" }, "geometry": { "type": "LineString", "coordinates": [ [ 37.1931589, 0.9295514 ], [ 37.1935281, 0.929629 ] ] } },
{ "type": "Feature", "properties": { "@osmId": "way/209405068", "@snapshotTimestamp": "2019-01-01T00:00:00Z" }, "geometry": { "type": "LineString", "coordinates": [ [ 37.1935281, 0.929629 ], [ 37.210419, 0.9337223 ] ] } },
{ "type": "Feature", "properties": { "@osmId": "way/230047945", "@snapshotTimestamp": "2019-01-01T00:00:00Z" }, "geometry": { "type": "LineString", "coordinates": [ [ 37.2097028, 1.04702 ], [ 37.1505053, 1.0315302 ] ] } },
{ "type": "Feature", "properties": { "@osmId": "way/231682241", "@snapshotTimestamp": "2019-01-01T00:00:00Z" }, "geometry": { "type": "LineString", "coordinates": [ [ 37.0945301, 1.0565681 ], [ 37.090237, 1.0206993 ], [ 37.1505053, 1.0315302 ] ] } },
{ "type": "Feature", "properties": { "@osmId": "way/231682230", "@snapshotTimestamp": "2019-01-01T00:00:00Z" }, "geometry": { "type": "LineString", "coordinates": [ [ 37.1505053, 1.0315302 ], [ 37.1390404, 1.0473032 ] ] } },
{ "type": "Feature", "properties": { "@osmId": "way/230047947", "@snapshotTimestamp": "2019-01-01T00:00:00Z" }, "geometry": { "type": "LineString", "coordinates": [ [ 37.2099119, 1.0470491 ], [ 37.2097028, 1.04702 ] ] } },
{ "type": "Feature", "properties": { "@osmId": "way/231682237", "@snapshotTimestamp": "2019-01-01T00:00:00Z" }, "geometry": { "type": "LineString", "coordinates": [ [ 37.0945301, 1.0565681 ], [ 37.1390404, 1.0473032 ] ] } },
{ "type": "Feature", "properties": { "@osmId": "way/231682233", "@snapshotTimestamp": "2019-01-01T00:00:00Z" }, "geometry": { "type": "LineString", "coordinates": [ [ 37.1392009, 1.1225926 ], [ 37.1390404, 1.0473032 ] ] } },
{ "type": "Feature", "properties": { "@osmId": "way/241755056", "@snapshotTimestamp": "2019-01-01T00:00:00Z" }, "geometry": { "type": "LineString", "coordinates": [ [ 37.0945301, 1.0565681 ], [ 37.0640566, 1.1195206 ] ] } },
{ "type": "Feature", "properties": { "@osmId": "way/209405076", "@snapshotTimestamp": "2019-01-01T00:00:00Z" }, "geometry": { "type": "LineString", "coordinates": [ [ 37.2109692, 0.9340258 ], [ 37.2909917, 0.9546117 ] ] } },
{ "type": "Feature", "properties": { "@osmId": "way/204125672", "@snapshotTimestamp": "2019-01-01T00:00:00Z" }, "geometry": { "type": "LineString", "coordinates": [ [ 37.599152, 1.1297045 ], [ 37.5614308, 1.0495915 ], [ 37.5798381, 0.9747369 ], [ 37.5574092, 0.7707686 ] ] } },
{ "type": "Feature", "properties": { "@osmId": "way/33199012", "@snapshotTimestamp": "2019-01-01T00:00:00Z" }, "geometry": { "type": "LineString", "coordinates": [ [ 37.3061929, 0.9689243 ], [ 37.291865, 0.9587954 ] ] } },
{ "type": "Feature", "properties": { "@osmId": "way/33401761", "@snapshotTimestamp": "2019-01-01T00:00:00Z" }, "geometry": { "type": "LineString", "coordinates": [ [ 37.3305367, 0.9802952 ], [ 37.3061929, 0.9689243 ] ] } },
{ "type": "Feature", "properties": { "@osmId": "way/230047949", "@snapshotTimestamp": "2019-01-01T00:00:00Z" }, "geometry": { "type": "LineString", "coordinates": [ [ 37.291865, 0.9587954 ], [ 37.2406632, 1.0396514 ], [ 37.2099119, 1.0470491 ] ] } },
{ "type": "Feature", "properties": { "@osmId": "way/204125655", "@snapshotTimestamp": "2019-01-01T00:00:00Z" }, "geometry": { "type": "LineString", "coordinates": [ [ 37.5988755, 1.1312481 ], [ 37.599152, 1.1297045 ] ] } },
{ "type": "Feature", "properties": { "@osmId": "way/39087286", "@snapshotTimestamp": "2019-01-01T00:00:00Z" }, "geometry": { "type": "LineString", "coordinates": [ [ 37.5897761, 3.1645127 ], [ 37.5175195, 3.1753658 ], [ 37.4281863, 3.1315 ] ] } },
{ "type": "Feature", "properties": { "@osmId": "way/241755047", "@snapshotTimestamp": "2019-01-01T00:00:00Z" }, "geometry": { "type": "LineString", "coordinates": [ [ 37.0640566, 1.1195206 ], [ 37.0625908, 1.1193706 ] ] } },
{ "type": "Feature", "properties": { "@osmId": "way/241755057", "@snapshotTimestamp": "2019-01-01T00:00:00Z" }, "geometry": { "type": "LineString", "coordinates": [ [ 37.0625908, 1.1193706 ], [ 37.0097477, 1.152113 ] ] } },
{ "type": "Feature", "properties": { "@osmId": "way/241755049", "@snapshotTimestamp": "2019-01-01T00:00:00Z" }, "geometry": { "type": "LineString", "coordinates": [ [ 37.0097477, 1.152113 ], [ 37.0093656, 1.1518373 ] ] } },
{ "type": "Feature", "properties": { "@osmId": "way/241755051", "@snapshotTimestamp": "2019-01-01T00:00:00Z" }, "geometry": { "type": "LineString", "coordinates": [ [ 37.0093656, 1.1518373 ], [ 36.9598831, 1.1836265 ], [ 36.9569264, 1.2257936 ] ] } },
{ "type": "Feature", "properties": { "@osmId": "way/286294959", "@snapshotTimestamp": "2019-01-01T00:00:00Z" }, "geometry": { "type": "LineString", "coordinates": [ [ 37.1208988, 1.3262778 ], [ 37.113249, 1.2379494 ], [ 37.1392009, 1.1225926 ] ] } },
{ "type": "Feature", "properties": { "@osmId": "way/241755052", "@snapshotTimestamp": "2019-01-01T00:00:00Z" }, "geometry": { "type": "LineString", "coordinates": [ [ 36.9569264, 1.2257936 ], [ 37.0215427, 1.3483635 ] ] } },
{ "type": "Feature", "properties": { "@osmId": "way/527603607", "@snapshotTimestamp": "2019-01-01T00:00:00Z" }, "geometry": { "type": "LineString", "coordinates": [ [ 36.9341026, 3.1689518 ], [ 37.0677543, 3.3225815 ] ] } },
{ "type": "Feature", "properties": { "@osmId": "way/295966973", "@snapshotTimestamp": "2019-01-01T00:00:00Z" }, "geometry": { "type": "LineString", "coordinates": [ [ 37.6775414, -0.1524282 ], [ 37.6621157, -0.2027528 ] ] } },
{ "type": "Feature", "properties": { "@osmId": "way/295966969", "@snapshotTimestamp": "2019-01-01T00:00:00Z" }, "geometry": { "type": "LineString", "coordinates": [ [ 37.6776093, -0.1520962 ], [ 37.6775414, -0.1524282 ] ] } },
{ "type": "Feature", "properties": { "@osmId": "way/33409631", "@snapshotTimestamp": "2019-01-01T00:00:00Z" }, "geometry": { "type": "LineString", "coordinates": [ [ 37.6666152, -0.0705909 ], [ 37.6964161, -0.0993082 ], [ 37.7841911, -0.1105045 ] ] } },
{ "type": "Feature", "properties": { "@osmId": "way/204243310", "@snapshotTimestamp": "2019-01-01T00:00:00Z" }, "geometry": { "type": "LineString", "coordinates": [ [ 37.6534171, 0.0430235 ], [ 37.6776093, -0.1520962 ] ] } },
{ "type": "Feature", "properties": { "@osmId": "way/285452353", "@snapshotTimestamp": "2019-01-01T00:00:00Z" }, "geometry": { "type": "LineString", "coordinates": [ [ 37.7841911, -0.1105045 ], [ 37.8126578, -0.0344188 ], [ 37.7761333, -0.0128208 ], [ 37.7305842, -0.020682 ], [ 37.6529986, 0.0385253 ] ] } },
{ "type": "Feature", "properties": { "@osmId": "way/204243309", "@snapshotTimestamp": "2019-01-01T00:00:00Z" }, "geometry": { "type": "LineString", "coordinates": [ [ 37.6536213, 0.0434027 ], [ 37.6534171, 0.0430235 ] ] } },
{ "type": "Feature", "properties": { "@osmId": "way/33174385", "@snapshotTimestamp": "2019-01-01T00:00:00Z" }, "geometry": { "type": "LineString", "coordinates": [ [ 37.6526848, 0.0477048 ], [ 37.6536213, 0.0434027 ] ] } },
{ "type": "Feature", "properties": { "@osmId": "way/654703855", "@snapshotTimestamp": "2019-01-01T00:00:00Z" }, "geometry": { "type": "LineString", "coordinates": [ [ 37.6524848, 0.0477074 ], [ 37.65261, 0.0474658 ] ] } },
{ "type": "Feature", "properties": { "@osmId": "way/654702449", "@snapshotTimestamp": "2019-01-01T00:00:00Z" }, "geometry": { "type": "LineString", "coordinates": [ [ 37.6472421, 0.0500759 ], [ 37.6526848, 0.0477048 ] ] } },
{ "type": "Feature", "properties": { "@osmId": "way/33196969", "@snapshotTimestamp": "2019-01-01T00:00:00Z" }, "geometry": { "type": "LineString", "coordinates": [ [ 37.6424466, 0.0568843 ], [ 37.6472421, 0.0500759 ] ] } },
{ "type": "Feature", "properties": { "@osmId": "way/33402098", "@snapshotTimestamp": "2019-01-01T00:00:00Z" }, "geometry": { "type": "LineString", "coordinates": [ [ 37.6076883, 0.1068825 ], [ 37.6424466, 0.0568843 ] ] } },
{ "type": "Feature", "properties": { "@osmId": "way/33175051", "@snapshotTimestamp": "2019-01-01T00:00:00Z" }, "geometry": { "type": "LineString", "coordinates": [ [ 37.9317799, 0.2657465 ], [ 37.8859034, 0.2761319 ], [ 37.8351345, 0.2530437 ], [ 37.6424466, 0.0568843 ] ] } },
{ "type": "Feature", "properties": { "@osmId": "way/33175325", "@snapshotTimestamp": "2019-01-01T00:00:00Z" }, "geometry": { "type": "LineString", "coordinates": [ [ 37.9317799, 0.2657465 ], [ 37.9409076, 0.2320348 ] ] } },
{ "type": "Feature", "properties": { "@osmId": "way/33267845", "@snapshotTimestamp": "2019-01-01T00:00:00Z" }, "geometry": { "type": "LineString", "coordinates": [ [ 37.5876177, 0.3666373 ], [ 37.6518774, 0.3788439 ] ] } },
{ "type": "Feature", "properties": { "@osmId": "way/203940540", "@snapshotTimestamp": "2019-01-01T00:00:00Z" }, "geometry": { "type": "LineString", "coordinates": [ [ 37.6518774, 0.3788439 ], [ 37.6521452, 0.3787865 ] ] } },
{ "type": "Feature", "properties": { "@osmId": "way/203940537", "@snapshotTimestamp": "2019-01-01T00:00:00Z" }, "geometry": { "type": "LineString", "coordinates": [ [ 37.6521452, 0.3787865 ], [ 37.6695841, 0.3926469 ] ] } },
{ "type": "Feature", "properties": { "@osmId": "way/203940539", "@snapshotTimestamp": "2019-01-01T00:00:00Z" }, "geometry": { "type": "LineString", "coordinates": [ [ 37.6695841, 0.3926469 ], [ 37.6702089, 0.3928729 ] ] } },
{ "type": "Feature", "properties": { "@osmId": "way/204125665", "@snapshotTimestamp": "2019-01-01T00:00:00Z" }, "geometry": { "type": "LineString", "coordinates": [ [ 37.6482038, 0.5132743 ], [ 37.5831439, 0.3518591 ] ] } },
{ "type": "Feature", "properties": { "@osmId": "way/203940542", "@snapshotTimestamp": "2019-01-01T00:00:00Z" }, "geometry": { "type": "LineString", "coordinates": [ [ 37.6702089, 0.3928729 ], [ 37.890211, 0.4892638 ] ] } },
{ "type": "Feature", "properties": { "@osmId": "way/203940538", "@snapshotTimestamp": "2019-01-01T00:00:00Z" }, "geometry": { "type": "LineString", "coordinates": [ [ 37.890211, 0.4892638 ], [ 37.8904386, 0.4893114 ] ] } },
{ "type": "Feature", "properties": { "@osmId": "way/33401688", "@snapshotTimestamp": "2019-01-01T00:00:00Z" }, "geometry": { "type": "LineString", "coordinates": [ [ 40.3110685, 0.0619787 ], [ 40.313691, 0.0366932 ] ] } },
{ "type": "Feature", "properties": { "@osmId": "way/33409877", "@snapshotTimestamp": "2019-01-01T00:00:00Z" }, "geometry": { "type": "LineString", "coordinates": [ [ 40.3089286, 0.0861059 ], [ 40.3110685, 0.0619787 ] ] } },
{ "type": "Feature", "properties": { "@osmId": "way/33410396", "@snapshotTimestamp": "2019-01-01T00:00:00Z" }, "geometry": { "type": "LineString", "coordinates": [ [ 40.3981195, 0.1223095 ], [ 40.3110685, 0.0619787 ] ] } },
{ "type": "Feature", "properties": { "@osmId": "way/100967766", "@snapshotTimestamp": "2019-01-01T00:00:00Z" }, "geometry": { "type": "LineString", "coordinates": [ [ 40.3000059, 0.1297661 ], [ 40.3089286, 0.0861059 ] ] } },
{ "type": "Feature", "properties": { "@osmId": "way/100967765", "@snapshotTimestamp": "2019-01-01T00:00:00Z" }, "geometry": { "type": "LineString", "coordinates": [ [ 40.3000059, 0.1297661 ], [ 40.2915723, 0.1835078 ], [ 40.3316853, 0.2333367 ], [ 40.1876165, 0.3402992 ] ] } },
{ "type": "Feature", "properties": { "@osmId": "way/33402624", "@snapshotTimestamp": "2019-01-01T00:00:00Z" }, "geometry": { "type": "LineString", "coordinates": [ [ 40.3981195, 0.1223095 ], [ 40.4161186, 0.1543342 ], [ 40.5536201, 0.2161151 ], [ 40.6028086, 0.2046242 ], [ 40.6796433, 0.2336545 ], [ 40.7573185, 0.314811 ], [ 40.8237087, 0.3192833 ], [ 40.9279365, 0.3914435 ] ] } },
{ "type": "Feature", "properties": { "@osmId": "way/70194408", "@snapshotTimestamp": "2019-01-01T00:00:00Z" }, "geometry": { "type": "LineString", "coordinates": [ [ 40.9279365, 0.3914435 ], [ 40.988609, 0.409302450827596 ] ] } },
{ "type": "Feature", "properties": { "@osmId": "way/126778781", "@snapshotTimestamp": "2019-01-01T00:00:00Z" }, "geometry": { "type": "LineString", "coordinates": [ [ 40.1876165, 0.3402992 ], [ 40.2056531, 0.3885175 ], [ 40.179002, 0.5317424 ] ] } },
{ "type": "Feature", "properties": { "@osmId": "way/204422466", "@snapshotTimestamp": "2019-01-01T00:00:00Z" }, "geometry": { "type": "LineString", "coordinates": [ [ 40.179002, 0.5317424 ], [ 40.0418755, 0.5620951 ] ] } },
{ "type": "Feature", "properties": { "@osmId": "way/218335291", "@snapshotTimestamp": "2019-01-01T00:00:00Z" }, "geometry": { "type": "LineString", "coordinates": [ [ 40.8903612, 0.3628619 ], [ 40.8520893, 0.8916923 ], [ 40.956753, 0.9935905 ] ] } },
{ "type": "Feature", "properties": { "@osmId": "way/204125657", "@snapshotTimestamp": "2019-01-01T00:00:00Z" }, "geometry": { "type": "LineString", "coordinates": [ [ 37.6484818, 0.5137471 ], [ 37.6482038, 0.5132743 ] ] } },
{ "type": "Feature", "properties": { "@osmId": "way/203940536", "@snapshotTimestamp": "2019-01-01T00:00:00Z" }, "geometry": { "type": "LineString", "coordinates": [ [ 37.8904386, 0.4893114 ], [ 38.0286866, 0.5593013 ], [ 38.1922285, 0.5713006 ] ] } },
{ "type": "Feature", "properties": { "@osmId": "way/204125662", "@snapshotTimestamp": "2019-01-01T00:00:00Z" }, "geometry": { "type": "LineString", "coordinates": [ [ 37.6722271, 0.6349772 ], [ 37.6785312, 0.5650503 ], [ 37.6484818, 0.5137471 ] ] } },
{ "type": "Feature", "properties": { "@osmId": "way/204125650", "@snapshotTimestamp": "2019-01-01T00:00:00Z" }, "geometry": { "type": "LineString", "coordinates": [ [ 37.671455, 0.6358999 ], [ 37.6722271, 0.6349772 ] ] } },
{ "type": "Feature", "properties": { "@osmId": "way/204125648", "@snapshotTimestamp": "2019-01-01T00:00:00Z" }, "geometry": { "type": "LineString", "coordinates": [ [ 37.6456165, 0.6642515 ], [ 37.671455, 0.6358999 ] ] } },
{ "type": "Feature", "properties": { "@osmId": "way/204125654", "@snapshotTimestamp": "2019-01-01T00:00:00Z" }, "geometry": { "type": "LineString", "coordinates": [ [ 37.645492, 0.6644662 ], [ 37.6456165, 0.6642515 ] ] } },
{ "type": "Feature", "properties": { "@osmId": "way/204125663", "@snapshotTimestamp": "2019-01-01T00:00:00Z" }, "geometry": { "type": "LineString", "coordinates": [ [ 37.6387237, 0.6760408 ], [ 37.645492, 0.6644662 ] ] } },
{ "type": "Feature", "properties": { "@osmId": "way/204125652", "@snapshotTimestamp": "2019-01-01T00:00:00Z" }, "geometry": { "type": "LineString", "coordinates": [ [ 37.6384776, 0.6765167 ], [ 37.6387237, 0.6760408 ] ] } },
{ "type": "Feature", "properties": { "@osmId": "way/204125669", "@snapshotTimestamp": "2019-01-01T00:00:00Z" }, "geometry": { "type": "LineString", "coordinates": [ [ 37.6109928, 0.7090464 ], [ 37.6384776, 0.6765167 ] ] } },
{ "type": "Feature", "properties": { "@osmId": "way/234348220", "@snapshotTimestamp": "2019-01-01T00:00:00Z" }, "geometry": { "type": "LineString", "coordinates": [ [ 37.7230515, 1.4068623 ], [ 37.6642491, 1.2238715 ], [ 37.5838787, 1.1851472 ], [ 37.5988755, 1.1312481 ] ] } },
{ "type": "Feature", "properties": { "@osmId": "way/656066748", "@snapshotTimestamp": "2019-01-01T00:00:00Z" }, "geometry": { "type": "LineString", "coordinates": [ [ 39.642341, -0.4539553 ], [ 39.649679, -0.4456135 ] ] } },
{ "type": "Feature", "properties": { "@osmId": "way/34700950", "@snapshotTimestamp": "2019-01-01T00:00:00Z" }, "geometry": { "type": "LineString", "coordinates": [ [ 39.7124869, -0.3791773 ], [ 39.6696669, -0.2376731 ], [ 39.5477232, -0.1442658 ], [ 39.47973, -0.006477 ], [ 39.4236313, 0.0156265 ] ] } },
{ "type": "Feature", "properties": { "@osmId": "way/26834833", "@snapshotTimestamp": "2019-01-01T00:00:00Z" }, "geometry": { "type": "LineString", "coordinates": [ [ 39.4236313, 0.0156265 ], [ 39.4330338, 0.1974268 ], [ 39.3744973, 0.268494 ], [ 39.3298091, 0.4500091 ], [ 39.1720014, 0.7297298 ] ] } },
{ "type": "Feature", "properties": { "@osmId": "way/172176241", "@snapshotTimestamp": "2019-01-01T00:00:00Z" }, "geometry": { "type": "LineString", "coordinates": [ [ 38.1922285, 0.5713006 ], [ 38.786219, 0.572071 ], [ 39.1720014, 0.7297298 ] ] } },
{ "type": "Feature", "properties": { "@osmId": "way/597912184", "@snapshotTimestamp": "2019-01-01T00:00:00Z" }, "geometry": { "type": "LineString", "coordinates": [ [ 39.1720014, 0.7297298 ], [ 39.3106236, 0.9209241 ], [ 39.4619974, 0.9953901 ] ] } },
{ "type": "Feature", "properties": { "@osmId": "way/597912183", "@snapshotTimestamp": "2019-01-01T00:00:00Z" }, "geometry": { "type": "LineString", "coordinates": [ [ 39.4619974, 0.9953901 ], [ 39.4621745, 0.9955725 ] ] } },
{ "type": "Feature", "properties": { "@osmId": "way/173599640", "@snapshotTimestamp": "2019-01-01T00:00:00Z" }, "geometry": { "type": "LineString", "coordinates": [ [ 38.1346202, 0.8310737 ], [ 38.2173474, 0.8810607 ], [ 38.3814986, 0.8549712 ], [ 38.4199078, 0.9004561 ], [ 38.4876282, 0.8961651 ], [ 38.558696, 1.0193578 ], [ 38.6350424, 1.0285831 ], [ 38.7164895, 1.1676939 ], [ 38.7686987, 1.2026088 ] ] } },
{ "type": "Feature", "properties": { "@osmId": "way/469120962", "@snapshotTimestamp": "2019-01-01T00:00:00Z" }, "geometry": { "type": "LineString", "coordinates": [ [ 38.8978526, 2.0049319 ], [ 39.0057559, 2.066567 ] ] } },
{ "type": "Feature", "properties": { "@osmId": "way/26839018", "@snapshotTimestamp": "2019-01-01T00:00:00Z" }, "geometry": { "type": "LineString", "coordinates": [ [ 39.6632493, 2.3446642 ], [ 39.5684959, 2.4963314 ] ] } },
{ "type": "Feature", "properties": { "@osmId": "way/26839009", "@snapshotTimestamp": "2019-01-01T00:00:00Z" }, "geometry": { "type": "LineString", "coordinates": [ [ 39.5684959, 2.4963314 ], [ 39.5929764, 2.549443 ], [ 39.5798863, 2.6107446 ] ] } },
{ "type": "Feature", "properties": { "@osmId": "way/100987541", "@snapshotTimestamp": "2019-01-01T00:00:00Z" }, "geometry": { "type": "LineString", "coordinates": [ [ 40.0323285, 0.7329264 ], [ 39.9730253, 0.7833952 ], [ 39.9718451, 0.9035237 ], [ 39.9165487, 0.9611728 ] ] } },
{ "type": "Feature", "properties": { "@osmId": "way/606928105", "@snapshotTimestamp": "2019-01-01T00:00:00Z" }, "geometry": { "type": "LineString", "coordinates": [ [ 40.9541747, 0.9944501 ], [ 40.956753, 0.9935905 ] ] } },
{ "type": "Feature", "properties": { "@osmId": "way/367393757", "@snapshotTimestamp": "2019-01-01T00:00:00Z" }, "geometry": { "type": "LineString", "coordinates": [ [ 40.0546794, 1.7389807 ], [ 40.1223633, 1.6000803 ], [ 40.2398262, 1.5081764 ], [ 40.2726974, 1.3367455 ], [ 40.4064789, 1.2133225 ], [ 40.5416756, 1.1477071 ], [ 40.6592102, 1.1316587 ], [ 40.8741188, 1.0270916 ], [ 40.9048127, 1.0338523 ], [ 40.9541747, 0.9944501 ] ] } },
{ "type": "Feature", "properties": { "@osmId": "way/26834831", "@snapshotTimestamp": "2019-01-01T00:00:00Z" }, "geometry": { "type": "LineString", "coordinates": [ [ 39.4621745, 0.9955725 ], [ 39.8368866, 1.2825905 ], [ 39.9229284, 1.5077437 ], [ 40.027318, 1.6624665 ], [ 40.058537, 1.75103 ] ] } },
{ "type": "Feature", "properties": { "@osmId": "way/26839008", "@snapshotTimestamp": "2019-01-01T00:00:00Z" }, "geometry": { "type": "LineString", "coordinates": [ [ 40.0613809, 1.7472867 ], [ 40.0586356, 1.7489184 ] ] } },
{ "type": "Feature", "properties": { "@osmId": "way/315421169", "@snapshotTimestamp": "2019-01-01T00:00:00Z" }, "geometry": { "type": "LineString", "coordinates": [ [ 40.0573111, 1.7504868 ], [ 40.0583319, 1.748404 ] ] } },
{ "type": "Feature", "properties": { "@osmId": "way/237355887", "@snapshotTimestamp": "2019-01-01T00:00:00Z" }, "geometry": { "type": "LineString", "coordinates": [ [ 40.0572314, 1.7504824 ], [ 40.0570768, 1.7506432 ], [ 40.0573455, 1.7507761 ], [ 40.0574276, 1.7506086 ], [ 40.0572314, 1.7504824 ] ] } },
{ "type": "Feature", "properties": { "@osmId": "way/243438289", "@snapshotTimestamp": "2019-01-01T00:00:00Z" }, "geometry": { "type": "LineString", "coordinates": [ [ 40.0570768, 1.7506432 ], [ 39.9608141, 1.7665528 ], [ 39.8248794, 1.8904383 ] ] } },
{ "type": "Feature", "properties": { "@osmId": "way/365342259", "@snapshotTimestamp": "2019-01-01T00:00:00Z" }, "geometry": { "type": "LineString", "coordinates": [ [ 39.8038863, 1.9809533 ], [ 39.8026031, 1.9831697 ] ] } },
{ "type": "Feature", "properties": { "@osmId": "way/366307145", "@snapshotTimestamp": "2019-01-01T00:00:00Z" }, "geometry": { "type": "LineString", "coordinates": [ [ 39.8026031, 1.9831697 ], [ 39.7405783, 2.0036361 ] ] } },
{ "type": "Feature", "properties": { "@osmId": "way/234348221", "@snapshotTimestamp": "2019-01-01T00:00:00Z" }, "geometry": { "type": "LineString", "coordinates": [ [ 37.7230691, 1.4081759 ], [ 37.7230515, 1.4068623 ] ] } },
{ "type": "Feature", "properties": { "@osmId": "way/180648115", "@snapshotTimestamp": "2019-01-01T00:00:00Z" }, "geometry": { "type": "LineString", "coordinates": [ [ 37.7230789, 1.4088111 ], [ 37.7230691, 1.4081759 ] ] } },
{ "type": "Feature", "properties": { "@osmId": "way/210271864", "@snapshotTimestamp": "2019-01-01T00:00:00Z" }, "geometry": { "type": "LineString", "coordinates": [ [ 37.7278859, 1.4502954 ], [ 37.7230789, 1.4088111 ] ] } },
{ "type": "Feature", "properties": { "@osmId": "way/210271865", "@snapshotTimestamp": "2019-01-01T00:00:00Z" }, "geometry": { "type": "LineString", "coordinates": [ [ 37.7280298, 1.4505841 ], [ 37.7278859, 1.4502954 ] ] } },
{ "type": "Feature", "properties": { "@osmId": "way/210271872", "@snapshotTimestamp": "2019-01-01T00:00:00Z" }, "geometry": { "type": "LineString", "coordinates": [ [ 37.7901868, 1.5728515 ], [ 37.7280298, 1.4505841 ] ] } },
{ "type": "Feature", "properties": { "@osmId": "way/210271866", "@snapshotTimestamp": "2019-01-01T00:00:00Z" }, "geometry": { "type": "LineString", "coordinates": [ [ 37.7902775, 1.5733288 ], [ 37.7901868, 1.5728515 ] ] } },
{ "type": "Feature", "properties": { "@osmId": "way/210271873", "@snapshotTimestamp": "2019-01-01T00:00:00Z" }, "geometry": { "type": "LineString", "coordinates": [ [ 37.8609119, 1.835794 ], [ 37.8327322, 1.6664131 ], [ 37.7902775, 1.5733288 ] ] } },
{ "type": "Feature", "properties": { "@osmId": "way/210271869", "@snapshotTimestamp": "2019-01-01T00:00:00Z" }, "geometry": { "type": "LineString", "coordinates": [ [ 37.8609693, 1.8363984 ], [ 37.8609119, 1.835794 ] ] } },
{ "type": "Feature", "properties": { "@osmId": "way/210271877", "@snapshotTimestamp": "2019-01-01T00:00:00Z" }, "geometry": { "type": "LineString", "coordinates": [ [ 37.8854283, 2.1190856 ], [ 37.9161574, 1.9882999 ], [ 37.8609693, 1.8363984 ] ] } },
{ "type": "Feature", "properties": { "@osmId": "way/210271867", "@snapshotTimestamp": "2019-01-01T00:00:00Z" }, "geometry": { "type": "LineString", "coordinates": [ [ 37.8851598, 2.119993 ], [ 37.8854283, 2.1190856 ] ] } },
{ "type": "Feature", "properties": { "@osmId": "way/210432078", "@snapshotTimestamp": "2019-01-01T00:00:00Z" }, "geometry": { "type": "LineString", "coordinates": [ [ 37.9038825, 2.2709333 ], [ 37.8735246, 2.1801988 ], [ 37.8851598, 2.119993 ] ] } },
{ "type": "Feature", "properties": { "@osmId": "way/210432076", "@snapshotTimestamp": "2019-01-01T00:00:00Z" }, "geometry": { "type": "LineString", "coordinates": [ [ 37.9040797, 2.2712904 ], [ 37.9038825, 2.2709333 ] ] } },
{ "type": "Feature", "properties": { "@osmId": "way/210271874", "@snapshotTimestamp": "2019-01-01T00:00:00Z" }, "geometry": { "type": "LineString", "coordinates": [ [ 37.9139172, 2.2876692 ], [ 37.9040797, 2.2712904 ] ] } },
{ "type": "Feature", "properties": { "@osmId": "way/210271870", "@snapshotTimestamp": "2019-01-01T00:00:00Z" }, "geometry": { "type": "LineString", "coordinates": [ [ 37.9143555, 2.288117 ], [ 37.9139172, 2.2876692 ] ] } },
{ "type": "Feature", "properties": { "@osmId": "way/512983996", "@snapshotTimestamp": "2019-01-01T00:00:00Z" }, "geometry": { "type": "LineString", "coordinates": [ [ 38.060021, 2.5763373 ], [ 38.0562773, 2.4067672 ], [ 37.9886963, 2.3303056 ], [ 37.9501219, 2.3263698 ], [ 37.9143555, 2.288117 ] ] } },
{ "type": "Feature", "properties": { "@osmId": "way/39087426", "@snapshotTimestamp": "2019-01-01T00:00:00Z" }, "geometry": { "type": "LineString", "coordinates": [ [ 37.9951194, 2.3497989 ], [ 37.9415602, 2.5569248 ], [ 37.7952278, 2.6436963 ] ] } },
{ "type": "Feature", "properties": { "@osmId": "way/198637982", "@snapshotTimestamp": "2019-01-01T00:00:00Z" }, "geometry": { "type": "LineString", "coordinates": [ [ 37.7952278, 2.6436963 ], [ 37.7954319, 2.6467716 ] ] } },
{ "type": "Feature", "properties": { "@osmId": "way/225239566", "@snapshotTimestamp": "2019-01-01T00:00:00Z" }, "geometry": { "type": "LineString", "coordinates": [ [ 37.7954319, 2.6467716 ], [ 37.7952962, 2.6472686 ] ] } },
{ "type": "Feature", "properties": { "@osmId": "way/210271871", "@snapshotTimestamp": "2019-01-01T00:00:00Z" }, "geometry": { "type": "LineString", "coordinates": [ [ 38.0878861, 2.7494018 ], [ 38.060021, 2.5763373 ] ] } },
{ "type": "Feature", "properties": { "@osmId": "way/210271868", "@snapshotTimestamp": "2019-01-01T00:00:00Z" }, "geometry": { "type": "LineString", "coordinates": [ [ 38.0879851, 2.7495688 ], [ 38.0878861, 2.7494018 ] ] } },
{ "type": "Feature", "properties": { "@osmId": "way/26839016", "@snapshotTimestamp": "2019-01-01T00:00:00Z" }, "geometry": { "type": "LineString", "coordinates": [ [ 39.8248794, 1.8904383 ], [ 39.7940581, 2.0234451 ], [ 39.8085482, 2.1214723 ], [ 39.7828065, 2.2026718 ], [ 39.7558705, 2.2187261 ] ] } },
{ "type": "Feature", "properties": { "@osmId": "way/26839012", "@snapshotTimestamp": "2019-01-01T00:00:00Z" }, "geometry": { "type": "LineString", "coordinates": [ [ 39.7558705, 2.2187261 ], [ 39.7259962, 2.2879693 ], [ 39.6632493, 2.3446642 ] ] } },
{ "type": "Feature", "properties": { "@osmId": "way/33410544", "@snapshotTimestamp": "2019-01-01T00:00:00Z" }, "geometry": { "type": "LineString", "coordinates": [ [ 40.9436353, 2.8049513 ], [ 40.987171467859717, 2.797532967314977 ] ] } },
{ "type": "Feature", "properties": { "@osmId": "way/33410618", "@snapshotTimestamp": "2019-01-01T00:00:00Z" }, "geometry": { "type": "LineString", "coordinates": [ [ 40.9311057, 2.8097824 ], [ 40.9436353, 2.8049513 ] ] } },
{ "type": "Feature", "properties": { "@osmId": "way/242698025", "@snapshotTimestamp": "2019-01-01T00:00:00Z" }, "geometry": { "type": "LineString", "coordinates": [ [ 40.058537, 1.75103 ], [ 40.1215012, 1.9476386 ], [ 40.118555, 2.2091631 ], [ 40.2814896, 2.2720298 ], [ 40.3247483, 2.2660263 ], [ 40.3985627, 2.3260596 ], [ 40.4390748, 2.3149107 ], [ 40.5757269, 2.3783508 ], [ 40.876468, 2.617955 ], [ 40.9404318, 2.7804383 ], [ 40.9362061, 2.9140685 ], [ 40.8673699, 3.182681 ], [ 40.8745797, 3.3125913 ], [ 40.9097703, 3.3929627 ], [ 40.9646046, 3.4347436 ], [ 40.9738291, 3.5692657 ], [ 41.0189346, 3.6507001 ], [ 41.1050614, 3.724425 ], [ 41.220061308130312, 3.92 ] ] } },
{ "type": "Feature", "properties": { "@osmId": "way/650969635", "@snapshotTimestamp": "2019-01-01T00:00:00Z" }, "geometry": { "type": "LineString", "coordinates": [ [ 41.32668822533627, 3.92 ], [ 41.5574468, 3.8755149 ], [ 41.800288021998618, 3.92 ] ] } },
{ "type": "Feature", "properties": { "@osmId": "way/512984006", "@snapshotTimestamp": "2019-01-01T00:00:00Z" }, "geometry": { "type": "LineString", "coordinates": [ [ 38.0933131, 2.77184 ], [ 38.0879851, 2.7495688 ] ] } },
{ "type": "Feature", "properties": { "@osmId": "way/512984005", "@snapshotTimestamp": "2019-01-01T00:00:00Z" }, "geometry": { "type": "LineString", "coordinates": [ [ 38.0934109, 2.7737 ], [ 38.0933131, 2.77184 ] ] } },
{ "type": "Feature", "properties": { "@osmId": "way/225239565", "@snapshotTimestamp": "2019-01-01T00:00:00Z" }, "geometry": { "type": "LineString", "coordinates": [ [ 37.7952962, 2.6472686 ], [ 37.8042077, 2.6736849 ], [ 37.7761092, 2.7046732 ], [ 37.7490244, 2.8308716 ], [ 37.6953536, 2.8998131 ] ] } },
{ "type": "Feature", "properties": { "@osmId": "way/210271875", "@snapshotTimestamp": "2019-01-01T00:00:00Z" }, "geometry": { "type": "LineString", "coordinates": [ [ 38.1482789, 2.9188433 ], [ 38.0934109, 2.7737 ] ] } },
{ "type": "Feature", "properties": { "@osmId": "way/457824634", "@snapshotTimestamp": "2019-01-01T00:00:00Z" }, "geometry": { "type": "LineString", "coordinates": [ [ 37.6623961, 2.9603194 ], [ 37.6953536, 2.8998131 ] ] } },
{ "type": "Feature", "properties": { "@osmId": "way/210271876", "@snapshotTimestamp": "2019-01-01T00:00:00Z" }, "geometry": { "type": "LineString", "coordinates": [ [ 38.1812109, 2.9545677 ], [ 38.1482789, 2.9188433 ] ] } },
{ "type": "Feature", "properties": { "@osmId": "way/657024967", "@snapshotTimestamp": "2019-01-01T00:00:00Z" }, "geometry": { "type": "LineString", "coordinates": [ [ 37.5897761, 3.1645127 ], [ 37.6020374, 3.07658 ], [ 37.6623961, 2.9603194 ] ] } },
{ "type": "Feature", "properties": { "@osmId": "way/26839019", "@snapshotTimestamp": "2019-01-01T00:00:00Z" }, "geometry": { "type": "LineString", "coordinates": [ [ 39.5798863, 2.6107446 ], [ 39.5543943, 2.7087079 ] ] } },
{ "type": "Feature", "properties": { "@osmId": "way/26839017", "@snapshotTimestamp": "2019-01-01T00:00:00Z" }, "geometry": { "type": "LineString", "coordinates": [ [ 39.5543943, 2.7087079 ], [ 39.5317857, 2.7654532 ], [ 39.4850054, 2.8012889 ] ] } },
{ "type": "Feature", "properties": { "@osmId": "way/26839025", "@snapshotTimestamp": "2019-01-01T00:00:00Z" }, "geometry": { "type": "LineString", "coordinates": [ [ 39.4850054, 2.8012889 ], [ 39.4257563, 2.9017902 ] ] } },
{ "type": "Feature", "properties": { "@osmId": "way/26839022", "@snapshotTimestamp": "2019-01-01T00:00:00Z" }, "geometry": { "type": "LineString", "coordinates": [ [ 39.4257563, 2.9017902 ], [ 39.3411954, 2.9576617 ], [ 39.3006503, 3.0186594 ] ] } },
{ "type": "Feature", "properties": { "@osmId": "way/38402747", "@snapshotTimestamp": "2019-01-01T00:00:00Z" }, "geometry": { "type": "LineString", "coordinates": [ [ 38.2513353, 3.0920186 ], [ 38.1812109, 2.9545677 ] ] } },
{ "type": "Feature", "properties": { "@osmId": "way/26839021", "@snapshotTimestamp": "2019-01-01T00:00:00Z" }, "geometry": { "type": "LineString", "coordinates": [ [ 39.3006503, 3.0186594 ], [ 39.2510938, 3.1533482 ] ] } },
{ "type": "Feature", "properties": { "@osmId": "way/26839026", "@snapshotTimestamp": "2019-01-01T00:00:00Z" }, "geometry": { "type": "LineString", "coordinates": [ [ 39.2510938, 3.1533482 ], [ 39.2174697, 3.232239 ] ] } },
{ "type": "Feature", "properties": { "@osmId": "way/24026974", "@snapshotTimestamp": "2019-01-01T00:00:00Z" }, "geometry": { "type": "LineString", "coordinates": [ [ 38.4703495, 3.4029916 ], [ 38.4613684, 3.3340756 ], [ 38.3804774, 3.3090475 ], [ 38.2513353, 3.0920186 ] ] } },
{ "type": "Feature", "properties": { "@osmId": "way/26839029", "@snapshotTimestamp": "2019-01-01T00:00:00Z" }, "geometry": { "type": "LineString", "coordinates": [ [ 39.2174697, 3.232239 ], [ 39.2178145, 3.3286916 ] ] } },
{ "type": "Feature", "properties": { "@osmId": "way/26839027", "@snapshotTimestamp": "2019-01-01T00:00:00Z" }, "geometry": { "type": "LineString", "coordinates": [ [ 39.2178145, 3.3286916 ], [ 39.1583583, 3.4043344 ] ] } },
{ "type": "Feature", "properties": { "@osmId": "way/109022116", "@snapshotTimestamp": "2019-01-01T00:00:00Z" }, "geometry": { "type": "LineString", "coordinates": [ [ 39.0619731, 3.3374954 ], [ 39.0945398, 3.4698686 ] ] } },
{ "type": "Feature", "properties": { "@osmId": "way/33197617", "@snapshotTimestamp": "2019-01-01T00:00:00Z" }, "geometry": { "type": "LineString", "coordinates": [ [ 38.4703495, 3.4029916 ], [ 38.5119744, 3.4432311 ] ] } },
{ "type": "Feature", "properties": { "@osmId": "way/265437644", "@snapshotTimestamp": "2019-01-01T00:00:00Z" }, "geometry": { "type": "LineString", "coordinates": [ [ 38.5655858, 3.5170684 ], [ 38.7380481, 3.5078224 ], [ 38.9112544, 3.4661859 ], [ 38.9929652, 3.4266038 ], [ 39.0619731, 3.3374954 ] ] } },
{ "type": "Feature", "properties": { "@osmId": "way/26839030", "@snapshotTimestamp": "2019-01-01T00:00:00Z" }, "geometry": { "type": "LineString", "coordinates": [ [ 39.1583583, 3.4043344 ], [ 39.0945398, 3.4698686 ] ] } },
{ "type": "Feature", "properties": { "@osmId": "way/208928253", "@snapshotTimestamp": "2019-01-01T00:00:00Z" }, "geometry": { "type": "LineString", "coordinates": [ [ 38.5119744, 3.4432311 ], [ 38.5122515, 3.4437532 ] ] } },
{ "type": "Feature", "properties": { "@osmId": "way/208928254", "@snapshotTimestamp": "2019-01-01T00:00:00Z" }, "geometry": { "type": "LineString", "coordinates": [ [ 38.5122515, 3.4437532 ], [ 38.5318827, 3.4954418 ] ] } },
{ "type": "Feature", "properties": { "@osmId": "way/109022113", "@snapshotTimestamp": "2019-01-01T00:00:00Z" }, "geometry": { "type": "LineString", "coordinates": [ [ 39.0945398, 3.4698686 ], [ 39.0634325, 3.4840379 ], [ 39.0548205, 3.5209566 ] ] } },
{ "type": "Feature", "properties": { "@osmId": "way/265437646", "@snapshotTimestamp": "2019-01-01T00:00:00Z" }, "geometry": { "type": "LineString", "coordinates": [ [ 38.5318827, 3.4954418 ], [ 38.5319833, 3.4955514 ] ] } },
{ "type": "Feature", "properties": { "@osmId": "way/265437648", "@snapshotTimestamp": "2019-01-01T00:00:00Z" }, "geometry": { "type": "LineString", "coordinates": [ [ 38.5319833, 3.4955514 ], [ 38.5655246, 3.5170752 ] ] } },
{ "type": "Feature", "properties": { "@osmId": "way/265437647", "@snapshotTimestamp": "2019-01-01T00:00:00Z" }, "geometry": { "type": "LineString", "coordinates": [ [ 38.5655246, 3.5170752 ], [ 38.5655858, 3.5170684 ] ] } },
{ "type": "Feature", "properties": { "@osmId": "way/564499020", "@snapshotTimestamp": "2019-01-01T00:00:00Z" }, "geometry": { "type": "LineString", "coordinates": [ [ 39.0546702, 3.5212813 ], [ 39.0545813, 3.5210945 ], [ 39.0548205, 3.5209566 ], [ 39.0549309, 3.5211755 ], [ 39.0546702, 3.5212813 ] ] } },
{ "type": "Feature", "properties": { "@osmId": "way/564499021", "@snapshotTimestamp": "2019-01-01T00:00:00Z" }, "geometry": { "type": "LineString", "coordinates": [ [ 39.0546702, 3.5212813 ], [ 39.0531318, 3.52425 ] ] } },
{ "type": "Feature", "properties": { "@osmId": "way/564499019", "@snapshotTimestamp": "2019-01-01T00:00:00Z" }, "geometry": { "type": "LineString", "coordinates": [ [ 39.0549309, 3.5211755 ], [ 39.0624527, 3.5245352 ] ] } },
{ "type": "Feature", "properties": { "@osmId": "way/512965540", "@snapshotTimestamp": "2019-01-01T00:00:00Z" }, "geometry": { "type": "LineString", "coordinates": [ [ 39.0528797, 3.5262843 ], [ 39.0531318, 3.52425 ] ] } },
{ "type": "Feature", "properties": { "@osmId": "way/512965539", "@snapshotTimestamp": "2019-01-01T00:00:00Z" }, "geometry": { "type": "LineString", "coordinates": [ [ 39.0531318, 3.52425 ], [ 39.0528797, 3.5262843 ] ] } },
{ "type": "Feature", "properties": { "@osmId": "way/27280314", "@snapshotTimestamp": "2019-01-01T00:00:00Z" }, "geometry": { "type": "LineString", "coordinates": [ [ 39.0624527, 3.5245352 ], [ 39.0740662, 3.5303147 ] ] } },
{ "type": "Feature", "properties": { "@osmId": "way/405741739", "@snapshotTimestamp": "2019-01-01T00:00:00Z" }, "geometry": { "type": "LineString", "coordinates": [ [ 39.052492961770646, 3.529808972720954 ], [ 39.0528797, 3.5262843 ] ] } },
{ "type": "Feature", "properties": { "@osmId": "way/546683249", "@snapshotTimestamp": "2019-01-01T00:00:00Z" }, "geometry": { "type": "LineString", "coordinates": [ [ 34.8076668, -0.1484869 ], [ 34.831648, -0.1538295 ] ] } },
{ "type": "Feature", "properties": { "@osmId": "way/546683252", "@snapshotTimestamp": "2019-01-01T00:00:00Z" }, "geometry": { "type": "LineString", "coordinates": [ [ 34.8074907, -0.148363 ], [ 34.8076668, -0.1484869 ] ] } },
{ "type": "Feature", "properties": { "@osmId": "way/170765900", "@snapshotTimestamp": "2019-01-01T00:00:00Z" }, "geometry": { "type": "LineString", "coordinates": [ [ 35.1137283, -0.1086627 ], [ 35.0736861, -0.1606662 ] ] } },
{ "type": "Feature", "properties": { "@osmId": "way/658559824", "@snapshotTimestamp": "2019-01-01T00:00:00Z" }, "geometry": { "type": "LineString", "coordinates": [ [ 34.789734, -0.1196917 ], [ 34.8074907, -0.148363 ] ] } },
{ "type": "Feature", "properties": { "@osmId": "way/461735069", "@snapshotTimestamp": "2019-01-01T00:00:00Z" }, "geometry": { "type": "LineString", "coordinates": [ [ 34.789734, -0.1196917 ], [ 34.7883906, -0.1178825 ] ] } },
{ "type": "Feature", "properties": { "@osmId": "way/658559829", "@snapshotTimestamp": "2019-01-01T00:00:00Z" }, "geometry": { "type": "LineString", "coordinates": [ [ 34.7885381, -0.1177599 ], [ 34.789734, -0.1196917 ] ] } },
{ "type": "Feature", "properties": { "@osmId": "way/658559830", "@snapshotTimestamp": "2019-01-01T00:00:00Z" }, "geometry": { "type": "LineString", "coordinates": [ [ 34.788426, -0.1176305 ], [ 34.7885381, -0.1177599 ] ] } },
{ "type": "Feature", "properties": { "@osmId": "way/250108935", "@snapshotTimestamp": "2019-01-01T00:00:00Z" }, "geometry": { "type": "LineString", "coordinates": [ [ 35.0794676, -0.0644727 ], [ 35.0791515, -0.0642278 ] ] } },
{ "type": "Feature", "properties": { "@osmId": "way/250108930", "@snapshotTimestamp": "2019-01-01T00:00:00Z" }, "geometry": { "type": "LineString", "coordinates": [ [ 35.0791515, -0.0642278 ], [ 35.0714516, -0.0608489 ] ] } },
{ "type": "Feature", "properties": { "@osmId": "way/250108927", "@snapshotTimestamp": "2019-01-01T00:00:00Z" }, "geometry": { "type": "LineString", "coordinates": [ [ 35.0714516, -0.0608489 ], [ 35.0711107, -0.0607923 ] ] } },
{ "type": "Feature", "properties": { "@osmId": "way/170765894", "@snapshotTimestamp": "2019-01-01T00:00:00Z" }, "geometry": { "type": "LineString", "coordinates": [ [ 35.1259162, -0.0866907 ], [ 35.1272009, -0.0874275 ], [ 35.1266007, -0.0885151 ], [ 35.1252827, -0.0877714 ], [ 35.1259162, -0.0866907 ] ] } },
{ "type": "Feature", "properties": { "@osmId": "way/170765892", "@snapshotTimestamp": "2019-01-01T00:00:00Z" }, "geometry": { "type": "LineString", "coordinates": [ [ 35.1252827, -0.0877714 ], [ 35.1259162, -0.0866907 ] ] } },
{ "type": "Feature", "properties": { "@osmId": "way/170765902", "@snapshotTimestamp": "2019-01-01T00:00:00Z" }, "geometry": { "type": "LineString", "coordinates": [ [ 35.1262314, -0.0866342 ], [ 35.1270812, -0.087111 ] ] } },
{ "type": "Feature", "properties": { "@osmId": "way/358755767", "@snapshotTimestamp": "2019-01-01T00:00:00Z" }, "geometry": { "type": "LineString", "coordinates": [ [ 35.130436, -0.0819835 ], [ 35.1273732, -0.0856749 ] ] } },
{ "type": "Feature", "properties": { "@osmId": "way/358755776", "@snapshotTimestamp": "2019-01-01T00:00:00Z" }, "geometry": { "type": "LineString", "coordinates": [ [ 35.132382, -0.07989 ], [ 35.130436, -0.0819835 ] ] } },
{ "type": "Feature", "properties": { "@osmId": "way/358755768", "@snapshotTimestamp": "2019-01-01T00:00:00Z" }, "geometry": { "type": "LineString", "coordinates": [ [ 35.130436, -0.0819835 ], [ 35.1341696, -0.077759 ] ] } },
{ "type": "Feature", "properties": { "@osmId": "way/358755777", "@snapshotTimestamp": "2019-01-01T00:00:00Z" }, "geometry": { "type": "LineString", "coordinates": [ [ 35.1328612, -0.0793187 ], [ 35.132382, -0.07989 ] ] } },
{ "type": "Feature", "properties": { "@osmId": "way/358755766", "@snapshotTimestamp": "2019-01-01T00:00:00Z" }, "geometry": { "type": "LineString", "coordinates": [ [ 35.1341696, -0.077759 ], [ 35.1328612, -0.0793187 ] ] } },
{ "type": "Feature", "properties": { "@osmId": "way/170764706", "@snapshotTimestamp": "2019-01-01T00:00:00Z" }, "geometry": { "type": "LineString", "coordinates": [ [ 35.1243047, -0.0862918 ], [ 35.0794676, -0.0644727 ] ] } },
{ "type": "Feature", "properties": { "@osmId": "way/101350068", "@snapshotTimestamp": "2019-01-01T00:00:00Z" }, "geometry": { "type": "LineString", "coordinates": [ [ 35.1341696, -0.077759 ], [ 35.147718, -0.0609381 ] ] } },
{ "type": "Feature", "properties": { "@osmId": "way/658179287", "@snapshotTimestamp": "2019-01-01T00:00:00Z" }, "geometry": { "type": "LineString", "coordinates": [ [ 35.692652, -0.158546 ], [ 35.6705636, -0.1640523 ] ] } },
{ "type": "Feature", "properties": { "@osmId": "way/658179288", "@snapshotTimestamp": "2019-01-01T00:00:00Z" }, "geometry": { "type": "LineString", "coordinates": [ [ 35.693034, -0.1582132 ], [ 35.692652, -0.158546 ] ] } },
{ "type": "Feature", "properties": { "@osmId": "way/133758433", "@snapshotTimestamp": "2019-01-01T00:00:00Z" }, "geometry": { "type": "LineString", "coordinates": [ [ 35.6926335, -0.1565556 ], [ 35.693034, -0.1582132 ] ] } },
{ "type": "Feature", "properties": { "@osmId": "way/35992905", "@snapshotTimestamp": "2019-01-01T00:00:00Z" }, "geometry": { "type": "LineString", "coordinates": [ [ 35.6776184, -0.1376817 ], [ 35.6953623, -0.1607242 ] ] } },
{ "type": "Feature", "properties": { "@osmId": "way/615467190", "@snapshotTimestamp": "2019-01-01T00:00:00Z" }, "geometry": { "type": "LineString", "coordinates": [ [ 35.6776355, -0.137575 ], [ 35.6776184, -0.1376817 ] ] } },
{ "type": "Feature", "properties": { "@osmId": "way/615467195", "@snapshotTimestamp": "2019-01-01T00:00:00Z" }, "geometry": { "type": "LineString", "coordinates": [ [ 35.6300704, -0.0357681 ], [ 35.6726604, -0.0866732 ], [ 35.6776355, -0.137575 ] ] } },
{ "type": "Feature", "properties": { "@osmId": "way/615467227", "@snapshotTimestamp": "2019-01-01T00:00:00Z" }, "geometry": { "type": "LineString", "coordinates": [ [ 35.6297173, -0.0354959 ], [ 35.6300704, -0.0357681 ] ] } },
{ "type": "Feature", "properties": { "@osmId": "way/33401663", "@snapshotTimestamp": "2019-01-01T00:00:00Z" }, "geometry": { "type": "LineString", "coordinates": [ [ 35.5428517, 0.0686211 ], [ 35.5289488, 0.0061087 ], [ 35.6297173, -0.0354959 ] ] } },
{ "type": "Feature", "properties": { "@osmId": "way/574870923", "@snapshotTimestamp": "2019-01-01T00:00:00Z" }, "geometry": { "type": "LineString", "coordinates": [ [ 35.7303179, 0.03867 ], [ 35.7309642, 0.0394017 ] ] } },
{ "type": "Feature", "properties": { "@osmId": "way/574870922", "@snapshotTimestamp": "2019-01-01T00:00:00Z" }, "geometry": { "type": "LineString", "coordinates": [ [ 35.7309508, 0.0396672 ], [ 35.7315087, 0.0404504 ] ] } },
{ "type": "Feature", "properties": { "@osmId": "way/650041127", "@snapshotTimestamp": "2019-01-01T00:00:00Z" }, "geometry": { "type": "LineString", "coordinates": [ [ 35.147718, -0.0609381 ], [ 35.1477745, -0.0606317 ] ] } },
{ "type": "Feature", "properties": { "@osmId": "way/650041126", "@snapshotTimestamp": "2019-01-01T00:00:00Z" }, "geometry": { "type": "LineString", "coordinates": [ [ 35.1477745, -0.0606317 ], [ 35.1790213, -0.0297118 ] ] } },
{ "type": "Feature", "properties": { "@osmId": "way/650041124", "@snapshotTimestamp": "2019-01-01T00:00:00Z" }, "geometry": { "type": "LineString", "coordinates": [ [ 35.1790213, -0.0297118 ], [ 35.1790356, -0.0294352 ] ] } },
{ "type": "Feature", "properties": { "@osmId": "way/650041123", "@snapshotTimestamp": "2019-01-01T00:00:00Z" }, "geometry": { "type": "LineString", "coordinates": [ [ 35.1790356, -0.0294352 ], [ 35.1943188, 0.0105333 ] ] } },
{ "type": "Feature", "properties": { "@osmId": "way/650041121", "@snapshotTimestamp": "2019-01-01T00:00:00Z" }, "geometry": { "type": "LineString", "coordinates": [ [ 35.1943188, 0.0105333 ], [ 35.1943128, 0.010906 ] ] } },
{ "type": "Feature", "properties": { "@osmId": "way/650041122", "@snapshotTimestamp": "2019-01-01T00:00:00Z" }, "geometry": { "type": "LineString", "coordinates": [ [ 35.1943128, 0.010906 ], [ 35.1899466, 0.1082126 ], [ 35.1602731, 0.140551 ] ] } },
{ "type": "Feature", "properties": { "@osmId": "way/204415964", "@snapshotTimestamp": "2019-01-01T00:00:00Z" }, "geometry": { "type": "LineString", "coordinates": [ [ 35.1599744, 0.1408739 ], [ 35.1602731, 0.140551 ] ] } },
{ "type": "Feature", "properties": { "@osmId": "way/33403152", "@snapshotTimestamp": "2019-01-01T00:00:00Z" }, "geometry": { "type": "LineString", "coordinates": [ [ 35.2980547, 0.2045812 ], [ 35.467876, 0.1404982 ] ] } },
{ "type": "Feature", "properties": { "@osmId": "way/33409703", "@snapshotTimestamp": "2019-01-01T00:00:00Z" }, "geometry": { "type": "LineString", "coordinates": [ [ 35.1195263, 0.2023551 ], [ 35.1599744, 0.1408739 ] ] } },
{ "type": "Feature", "properties": { "@osmId": "way/34359266", "@snapshotTimestamp": "2019-01-01T00:00:00Z" }, "geometry": { "type": "LineString", "coordinates": [ [ 35.2980547, 0.2045812 ], [ 35.2393653, 0.1729563 ] ] } },
{ "type": "Feature", "properties": { "@osmId": "way/250108932", "@snapshotTimestamp": "2019-01-01T00:00:00Z" }, "geometry": { "type": "LineString", "coordinates": [ [ 35.0711107, -0.0607923 ], [ 34.9682997, -0.0541715 ] ] } },
{ "type": "Feature", "properties": { "@osmId": "way/84959988", "@snapshotTimestamp": "2019-01-01T00:00:00Z" }, "geometry": { "type": "LineString", "coordinates": [ [ 34.776023, -0.062934 ], [ 34.816153, -0.0458036 ], [ 34.9682997, -0.0541715 ] ] } },
{ "type": "Feature", "properties": { "@osmId": "way/96753398", "@snapshotTimestamp": "2019-01-01T00:00:00Z" }, "geometry": { "type": "LineString", "coordinates": [ [ 34.7806532, 0.1197999 ], [ 34.8320011, 0.1106906 ] ] } },
{ "type": "Feature", "properties": { "@osmId": "way/204415968", "@snapshotTimestamp": "2019-01-01T00:00:00Z" }, "geometry": { "type": "LineString", "coordinates": [ [ 34.9415416, 0.1789253 ], [ 34.8320011, 0.1106906 ] ] } },
{ "type": "Feature", "properties": { "@osmId": "way/204415969", "@snapshotTimestamp": "2019-01-01T00:00:00Z" }, "geometry": { "type": "LineString", "coordinates": [ [ 34.9416913, 0.1793696 ], [ 34.9415416, 0.1789253 ] ] } },
{ "type": "Feature", "properties": { "@osmId": "way/232008017", "@snapshotTimestamp": "2019-01-01T00:00:00Z" }, "geometry": { "type": "LineString", "coordinates": [ [ 35.0757852, 0.2799571 ], [ 35.0758588, 0.2797667 ] ] } },
{ "type": "Feature", "properties": { "@osmId": "way/33402961", "@snapshotTimestamp": "2019-01-01T00:00:00Z" }, "geometry": { "type": "LineString", "coordinates": [ [ 34.9416913, 0.1793696 ], [ 35.1375373, 0.2042551 ], [ 35.1465577, 0.2862849 ], [ 35.1895877, 0.3396849 ], [ 35.1990183, 0.3936723 ] ] } },
{ "type": "Feature", "properties": { "@osmId": "way/34358974", "@snapshotTimestamp": "2019-01-01T00:00:00Z" }, "geometry": { "type": "LineString", "coordinates": [ [ 34.8416666, 0.3532226 ], [ 34.7858549, 0.3219327 ] ] } },
{ "type": "Feature", "properties": { "@osmId": "way/34358282", "@snapshotTimestamp": "2019-01-01T00:00:00Z" }, "geometry": { "type": "LineString", "coordinates": [ [ 35.0195999, 0.4148085 ], [ 35.0757852, 0.2799571 ] ] } },
{ "type": "Feature", "properties": { "@osmId": "way/34358443", "@snapshotTimestamp": "2019-01-01T00:00:00Z" }, "geometry": { "type": "LineString", "coordinates": [ [ 34.8541448, 0.3695999 ], [ 34.8416666, 0.3532226 ] ] } },
{ "type": "Feature", "properties": { "@osmId": "way/574870921", "@snapshotTimestamp": "2019-01-01T00:00:00Z" }, "geometry": { "type": "LineString", "coordinates": [ [ 35.7314688, 0.0411018 ], [ 35.7314658, 0.0412685 ] ] } },
{ "type": "Feature", "properties": { "@osmId": "way/570146798", "@snapshotTimestamp": "2019-01-01T00:00:00Z" }, "geometry": { "type": "LineString", "coordinates": [ [ 35.7030989, 0.0485718 ], [ 35.7032465, 0.0485559 ] ] } },
{ "type": "Feature", "properties": { "@osmId": "way/33402051", "@snapshotTimestamp": "2019-01-01T00:00:00Z" }, "geometry": { "type": "LineString", "coordinates": [ [ 35.5301549, 0.0833116 ], [ 35.5428517, 0.0686211 ] ] } },
{ "type": "Feature", "properties": { "@osmId": "way/33402068", "@snapshotTimestamp": "2019-01-01T00:00:00Z" }, "geometry": { "type": "LineString", "coordinates": [ [ 35.467876, 0.1404982 ], [ 35.473366, 0.1063719 ], [ 35.5301549, 0.0833116 ] ] } },
{ "type": "Feature", "properties": { "@osmId": "way/101169112", "@snapshotTimestamp": "2019-01-01T00:00:00Z" }, "geometry": { "type": "LineString", "coordinates": [ [ 35.5699376, 0.1999592 ], [ 35.6304413, 0.1678842 ], [ 35.5958449, 0.1525721 ], [ 35.6051948, 0.0694085 ], [ 35.6793499, 0.0859841 ], [ 35.708443, 0.0438536 ] ] } },
{ "type": "Feature", "properties": { "@osmId": "way/101169111", "@snapshotTimestamp": "2019-01-01T00:00:00Z" }, "geometry": { "type": "LineString", "coordinates": [ [ 35.5236186, 0.1737081 ], [ 35.5316159, 0.1836489 ] ] } },
{ "type": "Feature", "properties": { "@osmId": "way/316678321", "@snapshotTimestamp": "2019-01-01T00:00:00Z" }, "geometry": { "type": "LineString", "coordinates": [ [ 35.5316159, 0.1836489 ], [ 35.5320034, 0.1832849 ] ] } },
{ "type": "Feature", "properties": { "@osmId": "way/101169120", "@snapshotTimestamp": "2019-01-01T00:00:00Z" }, "geometry": { "type": "LineString", "coordinates": [ [ 35.4436855, 0.2014318 ], [ 35.5236186, 0.1737081 ] ] } },
{ "type": "Feature", "properties": { "@osmId": "way/101169121", "@snapshotTimestamp": "2019-01-01T00:00:00Z" }, "geometry": { "type": "LineString", "coordinates": [ [ 35.5320034, 0.1832849 ], [ 35.5699376, 0.1999592 ] ] } },
{ "type": "Feature", "properties": { "@osmId": "way/34357568", "@snapshotTimestamp": "2019-01-01T00:00:00Z" }, "geometry": { "type": "LineString", "coordinates": [ [ 35.57557, 0.3270769 ], [ 35.5522977, 0.2572721 ], [ 35.5699376, 0.1999592 ] ] } },
{ "type": "Feature", "properties": { "@osmId": "way/34358810", "@snapshotTimestamp": "2019-01-01T00:00:00Z" }, "geometry": { "type": "LineString", "coordinates": [ [ 35.1380166, 0.2107804 ], [ 35.2013762, 0.2041648 ], [ 35.2393653, 0.1729563 ] ] } },
{ "type": "Feature", "properties": { "@osmId": "way/33401737", "@snapshotTimestamp": "2019-01-01T00:00:00Z" }, "geometry": { "type": "LineString", "coordinates": [ [ 35.3565705, 0.3558009 ], [ 35.467876, 0.1404982 ] ] } },
{ "type": "Feature", "properties": { "@osmId": "way/232008019", "@snapshotTimestamp": "2019-01-01T00:00:00Z" }, "geometry": { "type": "LineString", "coordinates": [ [ 35.0758588, 0.2797667 ], [ 35.1015957, 0.2309686 ], [ 35.1441218, 0.2285205 ] ] } },
{ "type": "Feature", "properties": { "@osmId": "way/204459147", "@snapshotTimestamp": "2019-01-01T00:00:00Z" }, "geometry": { "type": "LineString", "coordinates": [ [ 35.1990183, 0.3936723 ], [ 35.1997131, 0.3936685 ] ] } },
{ "type": "Feature", "properties": { "@osmId": "way/33401954", "@snapshotTimestamp": "2019-01-01T00:00:00Z" }, "geometry": { "type": "LineString", "coordinates": [ [ 35.3007721, 0.4861944 ], [ 35.2974814, 0.454866 ], [ 35.3565705, 0.3558009 ] ] } },
{ "type": "Feature", "properties": { "@osmId": "way/169494296", "@snapshotTimestamp": "2019-01-01T00:00:00Z" }, "geometry": { "type": "LineString", "coordinates": [ [ 35.3006306, 0.5043617 ], [ 35.4523943, 0.4383271 ] ] } },
{ "type": "Feature", "properties": { "@osmId": "way/33402739", "@snapshotTimestamp": "2019-01-01T00:00:00Z" }, "geometry": { "type": "LineString", "coordinates": [ [ 35.3006306, 0.5043617 ], [ 35.3007721, 0.4861944 ] ] } },
{ "type": "Feature", "properties": { "@osmId": "way/33409945", "@snapshotTimestamp": "2019-01-01T00:00:00Z" }, "geometry": { "type": "LineString", "coordinates": [ [ 35.2993029, 0.5062491 ], [ 35.3006306, 0.5043617 ] ] } },
{ "type": "Feature", "properties": { "@osmId": "way/16034033", "@snapshotTimestamp": "2019-01-01T00:00:00Z" }, "geometry": { "type": "LineString", "coordinates": [ [ 35.2764701, 0.5177403 ], [ 35.2993029, 0.5062491 ] ] } },
{ "type": "Feature", "properties": { "@osmId": "way/656464566", "@snapshotTimestamp": "2019-01-01T00:00:00Z" }, "geometry": { "type": "LineString", "coordinates": [ [ 35.2756689, 0.5147567 ], [ 35.2764701, 0.5177403 ] ] } },
{ "type": "Feature", "properties": { "@osmId": "way/216669425", "@snapshotTimestamp": "2019-01-01T00:00:00Z" }, "geometry": { "type": "LineString", "coordinates": [ [ 35.5748978, 0.3259171 ], [ 35.5901639, 0.2958885 ], [ 35.6329513, 0.3133668 ] ] } },
{ "type": "Feature", "properties": { "@osmId": "way/33403123", "@snapshotTimestamp": "2019-01-01T00:00:00Z" }, "geometry": { "type": "LineString", "coordinates": [ [ 35.5533691, 0.3557784 ], [ 35.57557, 0.3270769 ] ] } },
{ "type": "Feature", "properties": { "@osmId": "way/33402107", "@snapshotTimestamp": "2019-01-01T00:00:00Z" }, "geometry": { "type": "LineString", "coordinates": [ [ 35.5795394, 0.3827657 ], [ 35.57557, 0.3270769 ] ] } },
{ "type": "Feature", "properties": { "@osmId": "way/96755443", "@snapshotTimestamp": "2019-01-01T00:00:00Z" }, "geometry": { "type": "LineString", "coordinates": [ [ 35.4843043, 0.3883294 ], [ 35.5533691, 0.3557784 ] ] } },
{ "type": "Feature", "properties": { "@osmId": "way/101346722", "@snapshotTimestamp": "2019-01-01T00:00:00Z" }, "geometry": { "type": "LineString", "coordinates": [ [ 35.4523943, 0.4383271 ], [ 35.4843043, 0.3883294 ] ] } },
{ "type": "Feature", "properties": { "@osmId": "way/316385510", "@snapshotTimestamp": "2019-01-01T00:00:00Z" }, "geometry": { "type": "LineString", "coordinates": [ [ 35.6486902, 0.4531556 ], [ 35.6488433, 0.4531809 ] ] } },
{ "type": "Feature", "properties": { "@osmId": "way/316385511", "@snapshotTimestamp": "2019-01-01T00:00:00Z" }, "geometry": { "type": "LineString", "coordinates": [ [ 35.6488433, 0.4531809 ], [ 35.655664, 0.4562369 ] ] } },
{ "type": "Feature", "properties": { "@osmId": "way/225083482", "@snapshotTimestamp": "2019-01-01T00:00:00Z" }, "geometry": { "type": "LineString", "coordinates": [ [ 35.655664, 0.4562369 ], [ 35.7265355, 0.496905 ] ] } },
{ "type": "Feature", "properties": { "@osmId": "way/30160448", "@snapshotTimestamp": "2019-01-01T00:00:00Z" }, "geometry": { "type": "LineString", "coordinates": [ [ 35.7265355, 0.496905 ], [ 35.8013957, 0.4775405 ], [ 35.8224724, 0.5017979 ], [ 35.8421824, 0.4845747 ] ] } },
{ "type": "Feature", "properties": { "@osmId": "way/332664665", "@snapshotTimestamp": "2019-01-01T00:00:00Z" }, "geometry": { "type": "LineString", "coordinates": [ [ 35.5020178, 0.6577877 ], [ 35.4749514, 0.5452628 ], [ 35.5655168, 0.4550307 ], [ 35.5795394, 0.3827657 ] ] } },
{ "type": "Feature", "properties": { "@osmId": "way/33409543", "@snapshotTimestamp": "2019-01-01T00:00:00Z" }, "geometry": { "type": "LineString", "coordinates": [ [ 34.8533951, 0.3761837 ], [ 34.8541448, 0.3695999 ] ] } },
{ "type": "Feature", "properties": { "@osmId": "way/34358475", "@snapshotTimestamp": "2019-01-01T00:00:00Z" }, "geometry": { "type": "LineString", "coordinates": [ [ 34.853359, 0.4451528 ], [ 34.8533951, 0.3761837 ] ] } },
{ "type": "Feature", "properties": { "@osmId": "way/33409498", "@snapshotTimestamp": "2019-01-01T00:00:00Z" }, "geometry": { "type": "LineString", "coordinates": [ [ 35.0148291, 0.4211036 ], [ 35.0195999, 0.4148085 ] ] } },
{ "type": "Feature", "properties": { "@osmId": "way/33402742", "@snapshotTimestamp": "2019-01-01T00:00:00Z" }, "geometry": { "type": "LineString", "coordinates": [ [ 35.0268644, 0.4957974 ], [ 35.0442491, 0.4698552 ], [ 35.0148291, 0.4211036 ] ] } },
{ "type": "Feature", "properties": { "@osmId": "way/34358491", "@snapshotTimestamp": "2019-01-01T00:00:00Z" }, "geometry": { "type": "LineString", "coordinates": [ [ 34.8062802, 0.5771428 ], [ 34.853359, 0.4451528 ] ] } },
{ "type": "Feature", "properties": { "@osmId": "way/232008020", "@snapshotTimestamp": "2019-01-01T00:00:00Z" }, "geometry": { "type": "LineString", "coordinates": [ [ 35.0504726, 0.6295938 ], [ 35.0216197, 0.5604052 ], [ 35.0268644, 0.4957974 ] ] } },
{ "type": "Feature", "properties": { "@osmId": "way/209598091", "@snapshotTimestamp": "2019-01-01T00:00:00Z" }, "geometry": { "type": "LineString", "coordinates": [ [ 34.8296088, 0.590761 ], [ 34.8003584, 0.5832912 ] ] } },
{ "type": "Feature", "properties": { "@osmId": "way/209405101", "@snapshotTimestamp": "2019-01-01T00:00:00Z" }, "geometry": { "type": "LineString", "coordinates": [ [ 34.8003584, 0.5832912 ], [ 34.8001001, 0.5837676 ] ] } },
{ "type": "Feature", "properties": { "@osmId": "way/209598086", "@snapshotTimestamp": "2019-01-01T00:00:00Z" }, "geometry": { "type": "LineString", "coordinates": [ [ 34.829836, 0.5910478 ], [ 34.8296088, 0.590761 ] ] } },
{ "type": "Feature", "properties": { "@osmId": "way/209598094", "@snapshotTimestamp": "2019-01-01T00:00:00Z" }, "geometry": { "type": "LineString", "coordinates": [ [ 34.9643719, 0.6069622 ], [ 34.829836, 0.5910478 ] ] } },
{ "type": "Feature", "properties": { "@osmId": "way/16082571", "@snapshotTimestamp": "2019-01-01T00:00:00Z" }, "geometry": { "type": "LineString", "coordinates": [ [ 35.2764701, 0.5177403 ], [ 35.2721344, 0.5189092 ] ] } },
{ "type": "Feature", "properties": { "@osmId": "way/296144916", "@snapshotTimestamp": "2019-01-01T00:00:00Z" }, "geometry": { "type": "LineString", "coordinates": [ [ 35.2686509, 0.5199365 ], [ 35.2764701, 0.5177403 ] ] } },
{ "type": "Feature", "properties": { "@osmId": "way/22047922", "@snapshotTimestamp": "2019-01-01T00:00:00Z" }, "geometry": { "type": "LineString", "coordinates": [ [ 35.2721344, 0.5189092 ], [ 35.2686361, 0.5198728 ] ] } },
{ "type": "Feature", "properties": { "@osmId": "way/331247528", "@snapshotTimestamp": "2019-01-01T00:00:00Z" }, "geometry": { "type": "LineString", "coordinates": [ [ 35.2686509, 0.5199365 ], [ 35.2629367, 0.5215849 ] ] } },
{ "type": "Feature", "properties": { "@osmId": "way/34130312", "@snapshotTimestamp": "2019-01-01T00:00:00Z" }, "geometry": { "type": "LineString", "coordinates": [ [ 35.2764701, 0.5177403 ], [ 35.3765265, 0.6082165 ], [ 35.4756951, 0.6356325 ], [ 35.5150515, 0.6712193 ], [ 35.5242275, 0.5606535 ], [ 35.5992487, 0.4737903 ], [ 35.6486902, 0.4531556 ] ] } },
{ "type": "Feature", "properties": { "@osmId": "way/26801066", "@snapshotTimestamp": "2019-01-01T00:00:00Z" }, "geometry": { "type": "LineString", "coordinates": [ [ 35.2629367, 0.5215849 ], [ 35.1962227, 0.6063939 ] ] } },
{ "type": "Feature", "properties": { "@osmId": "way/655942990", "@snapshotTimestamp": "2019-01-01T00:00:00Z" }, "geometry": { "type": "LineString", "coordinates": [ [ 35.1962227, 0.6063939 ], [ 35.0604615, 0.6298845 ] ] } },
{ "type": "Feature", "properties": { "@osmId": "way/461169703", "@snapshotTimestamp": "2019-01-01T00:00:00Z" }, "geometry": { "type": "LineString", "coordinates": [ [ 35.163092, 0.6684896 ], [ 35.1962227, 0.6063939 ] ] } },
{ "type": "Feature", "properties": { "@osmId": "way/461169704", "@snapshotTimestamp": "2019-01-01T00:00:00Z" }, "geometry": { "type": "LineString", "coordinates": [ [ 35.1630061, 0.6687352 ], [ 35.163092, 0.6684896 ] ] } },
{ "type": "Feature", "properties": { "@osmId": "way/16180672", "@snapshotTimestamp": "2019-01-01T00:00:00Z" }, "geometry": { "type": "LineString", "coordinates": [ [ 35.3790097, 0.609333 ], [ 35.3851171, 0.7974028 ] ] } },
{ "type": "Feature", "properties": { "@osmId": "way/101344529", "@snapshotTimestamp": "2019-01-01T00:00:00Z" }, "geometry": { "type": "LineString", "coordinates": [ [ 35.5573913, 0.5369457 ], [ 35.5448036, 0.5596063 ] ] } },
{ "type": "Feature", "properties": { "@osmId": "way/34358335", "@snapshotTimestamp": "2019-01-01T00:00:00Z" }, "geometry": { "type": "LineString", "coordinates": [ [ 35.5653142, 0.6807917 ], [ 35.5448036, 0.5596063 ] ] } },
{ "type": "Feature", "properties": { "@osmId": "way/38239621", "@snapshotTimestamp": "2019-01-01T00:00:00Z" }, "geometry": { "type": "LineString", "coordinates": [ [ 35.7456601, 0.4943211 ], [ 35.7718566, 0.5988734 ], [ 35.8218916, 0.6576491 ], [ 35.8254415, 0.753103 ] ] } },
{ "type": "Feature", "properties": { "@osmId": "way/223378011", "@snapshotTimestamp": "2019-01-01T00:00:00Z" }, "geometry": { "type": "LineString", "coordinates": [ [ 35.7971515, 0.6378849 ], [ 35.7492008, 0.6949207 ], [ 35.7020049, 0.7038506 ] ] } },
{ "type": "Feature", "properties": { "@osmId": "way/223378017", "@snapshotTimestamp": "2019-01-01T00:00:00Z" }, "geometry": { "type": "LineString", "coordinates": [ [ 35.7020049, 0.7038506 ], [ 35.7059237, 0.7625701 ] ] } },
{ "type": "Feature", "properties": { "@osmId": "way/217347067", "@snapshotTimestamp": "2019-01-01T00:00:00Z" }, "geometry": { "type": "LineString", "coordinates": [ [ 35.5978869, 0.8060451 ], [ 35.5653142, 0.6807917 ] ] } },
{ "type": "Feature", "properties": { "@osmId": "way/223377999", "@snapshotTimestamp": "2019-01-01T00:00:00Z" }, "geometry": { "type": "LineString", "coordinates": [ [ 35.7059237, 0.7625701 ], [ 35.7060992, 0.7635002 ] ] } },
{ "type": "Feature", "properties": { "@osmId": "way/223378008", "@snapshotTimestamp": "2019-01-01T00:00:00Z" }, "geometry": { "type": "LineString", "coordinates": [ [ 35.7060992, 0.7635002 ], [ 35.707086, 0.779718 ] ] } },
{ "type": "Feature", "properties": { "@osmId": "way/223378001", "@snapshotTimestamp": "2019-01-01T00:00:00Z" }, "geometry": { "type": "LineString", "coordinates": [ [ 35.707086, 0.779718 ], [ 35.7072404, 0.7804384 ] ] } },
{ "type": "Feature", "properties": { "@osmId": "way/222729558", "@snapshotTimestamp": "2019-01-01T00:00:00Z" }, "geometry": { "type": "LineString", "coordinates": [ [ 35.8139083, 0.8622166 ], [ 35.8254415, 0.753103 ] ] } },
{ "type": "Feature", "properties": { "@osmId": "way/209598083", "@snapshotTimestamp": "2019-01-01T00:00:00Z" }, "geometry": { "type": "LineString", "coordinates": [ [ 34.9648804, 0.6070637 ], [ 34.9643719, 0.6069622 ] ] } },
{ "type": "Feature", "properties": { "@osmId": "way/461169707", "@snapshotTimestamp": "2019-01-01T00:00:00Z" }, "geometry": { "type": "LineString", "coordinates": [ [ 35.0600756, 0.6300935 ], [ 34.9648804, 0.6070637 ] ] } },
{ "type": "Feature", "properties": { "@osmId": "way/232008018", "@snapshotTimestamp": "2019-01-01T00:00:00Z" }, "geometry": { "type": "LineString", "coordinates": [ [ 35.0505496, 0.6297582 ], [ 35.0504726, 0.6295938 ] ] } },
{ "type": "Feature", "properties": { "@osmId": "way/461169706", "@snapshotTimestamp": "2019-01-01T00:00:00Z" }, "geometry": { "type": "LineString", "coordinates": [ [ 35.0604615, 0.6298845 ], [ 35.0600756, 0.6300935 ] ] } },
{ "type": "Feature", "properties": { "@osmId": "way/34358997", "@snapshotTimestamp": "2019-01-01T00:00:00Z" }, "geometry": { "type": "LineString", "coordinates": [ [ 35.0485677, 0.6339059 ], [ 35.0505496, 0.6297582 ] ] } },
{ "type": "Feature", "properties": { "@osmId": "way/199389807", "@snapshotTimestamp": "2019-01-01T00:00:00Z" }, "geometry": { "type": "LineString", "coordinates": [ [ 34.9232233, 0.722552 ], [ 35.0291893, 0.6735707 ], [ 35.042232, 0.6369871 ] ] } },
{ "type": "Feature", "properties": { "@osmId": "way/225239564", "@snapshotTimestamp": "2019-01-01T00:00:00Z" }, "geometry": { "type": "LineString", "coordinates": [ [ 34.9226908, 0.7227381 ], [ 34.9232233, 0.722552 ] ] } },
{ "type": "Feature", "properties": { "@osmId": "way/34358007", "@snapshotTimestamp": "2019-01-01T00:00:00Z" }, "geometry": { "type": "LineString", "coordinates": [ [ 34.897835, 0.7368977 ], [ 34.9226908, 0.7227381 ] ] } },
{ "type": "Feature", "properties": { "@osmId": "way/291097805", "@snapshotTimestamp": "2019-01-01T00:00:00Z" }, "geometry": { "type": "LineString", "coordinates": [ [ 34.8958348, 0.754825 ], [ 34.897835, 0.7368977 ] ] } },
{ "type": "Feature", "properties": { "@osmId": "way/33401654", "@snapshotTimestamp": "2019-01-01T00:00:00Z" }, "geometry": { "type": "LineString", "coordinates": [ [ 34.8672685, 0.8418413 ], [ 34.8958348, 0.754825 ] ] } },
{ "type": "Feature", "properties": { "@osmId": "way/33402972", "@snapshotTimestamp": "2019-01-01T00:00:00Z" }, "geometry": { "type": "LineString", "coordinates": [ [ 35.120049, 0.8365015 ], [ 35.1630061, 0.6687352 ] ] } },
{ "type": "Feature", "properties": { "@osmId": "way/199396012", "@snapshotTimestamp": "2019-01-01T00:00:00Z" }, "geometry": { "type": "LineString", "coordinates": [ [ 35.3851171, 0.7974028 ], [ 35.254725, 0.8482223 ] ] } },
{ "type": "Feature", "properties": { "@osmId": "way/199396016", "@snapshotTimestamp": "2019-01-01T00:00:00Z" }, "geometry": { "type": "LineString", "coordinates": [ [ 35.2537227, 0.8527706 ], [ 35.254725, 0.8482223 ] ] } },
{ "type": "Feature", "properties": { "@osmId": "way/199396014", "@snapshotTimestamp": "2019-01-01T00:00:00Z" }, "geometry": { "type": "LineString", "coordinates": [ [ 35.121282, 0.8728491 ], [ 35.120049, 0.8365015 ] ] } },
{ "type": "Feature", "properties": { "@osmId": "way/199396015", "@snapshotTimestamp": "2019-01-01T00:00:00Z" }, "geometry": { "type": "LineString", "coordinates": [ [ 35.2537227, 0.8527706 ], [ 35.226839, 0.8715411 ], [ 35.12584, 0.8584992 ] ] } },
{ "type": "Feature", "properties": { "@osmId": "way/244082715", "@snapshotTimestamp": "2019-01-01T00:00:00Z" }, "geometry": { "type": "LineString", "coordinates": [ [ 35.1173196, 0.8834326 ], [ 35.121282, 0.8728491 ] ] } },
{ "type": "Feature", "properties": { "@osmId": "way/244082714", "@snapshotTimestamp": "2019-01-01T00:00:00Z" }, "geometry": { "type": "LineString", "coordinates": [ [ 35.1170658, 0.8838067 ], [ 35.1173196, 0.8834326 ] ] } },
{ "type": "Feature", "properties": { "@osmId": "way/101345856", "@snapshotTimestamp": "2019-01-01T00:00:00Z" }, "geometry": { "type": "LineString", "coordinates": [ [ 35.3601623, 1.0132768 ], [ 35.3759471, 0.9433942 ], [ 35.3921927, 0.9452139 ], [ 35.3578789, 0.8651491 ], [ 35.3851171, 0.7974028 ] ] } },
{ "type": "Feature", "properties": { "@osmId": "way/259043753", "@snapshotTimestamp": "2019-01-01T00:00:00Z" }, "geometry": { "type": "LineString", "coordinates": [ [ 35.221035, 0.9827912 ], [ 35.2679765, 1.0147511 ] ] } },
{ "type": "Feature", "properties": { "@osmId": "way/34358599", "@snapshotTimestamp": "2019-01-01T00:00:00Z" }, "geometry": { "type": "LineString", "coordinates": [ [ 35.1932988, 1.0332234 ], [ 35.221035, 0.9827912 ] ] } },
{ "type": "Feature", "properties": { "@osmId": "way/223378018", "@snapshotTimestamp": "2019-01-01T00:00:00Z" }, "geometry": { "type": "LineString", "coordinates": [ [ 35.7072404, 0.7804384 ], [ 35.6893002, 0.8440163 ] ] } },
{ "type": "Feature", "properties": { "@osmId": "way/223377998", "@snapshotTimestamp": "2019-01-01T00:00:00Z" }, "geometry": { "type": "LineString", "coordinates": [ [ 35.6893002, 0.8440163 ], [ 35.6893796, 0.8445456 ] ] } },
{ "type": "Feature", "properties": { "@osmId": "way/205346074", "@snapshotTimestamp": "2019-01-01T00:00:00Z" }, "geometry": { "type": "LineString", "coordinates": [ [ 35.6224758, 0.9231962 ], [ 35.5978869, 0.8060451 ] ] } },
{ "type": "Feature", "properties": { "@osmId": "way/223378007", "@snapshotTimestamp": "2019-01-01T00:00:00Z" }, "geometry": { "type": "LineString", "coordinates": [ [ 35.8171693, 0.8741884 ], [ 35.8139083, 0.8622166 ] ] } },
{ "type": "Feature", "properties": { "@osmId": "way/223378014", "@snapshotTimestamp": "2019-01-01T00:00:00Z" }, "geometry": { "type": "LineString", "coordinates": [ [ 35.6893796, 0.8445456 ], [ 35.692825, 0.9201642 ] ] } },
{ "type": "Feature", "properties": { "@osmId": "way/223378010", "@snapshotTimestamp": "2019-01-01T00:00:00Z" }, "geometry": { "type": "LineString", "coordinates": [ [ 35.6873832, 0.9330369 ], [ 35.7299936, 0.9297499 ], [ 35.8139083, 0.8622166 ] ] } },
{ "type": "Feature", "properties": { "@osmId": "way/223378012", "@snapshotTimestamp": "2019-01-01T00:00:00Z" }, "geometry": { "type": "LineString", "coordinates": [ [ 35.6362175, 0.9564116 ], [ 35.692825, 0.9201642 ] ] } },
{ "type": "Feature", "properties": { "@osmId": "way/442423549", "@snapshotTimestamp": "2019-01-01T00:00:00Z" }, "geometry": { "type": "LineString", "coordinates": [ [ 35.6113292, 0.9570249 ], [ 35.6224758, 0.9231962 ] ] } },
{ "type": "Feature", "properties": { "@osmId": "way/223378005", "@snapshotTimestamp": "2019-01-01T00:00:00Z" }, "geometry": { "type": "LineString", "coordinates": [ [ 35.622393, 0.948497 ], [ 35.6363715, 0.9569419 ] ] } },
{ "type": "Feature", "properties": { "@osmId": "way/223378002", "@snapshotTimestamp": "2019-01-01T00:00:00Z" }, "geometry": { "type": "LineString", "coordinates": [ [ 35.6363715, 0.9569419 ], [ 35.6362175, 0.9564116 ] ] } },
{ "type": "Feature", "properties": { "@osmId": "way/33410663", "@snapshotTimestamp": "2019-01-01T00:00:00Z" }, "geometry": { "type": "LineString", "coordinates": [ [ 34.8672685, 0.8418413 ], [ 34.8427464, 0.7971161 ], [ 34.7903347, 0.7778726 ] ] } },
{ "type": "Feature", "properties": { "@osmId": "way/40746980", "@snapshotTimestamp": "2019-01-01T00:00:00Z" }, "geometry": { "type": "LineString", "coordinates": [ [ 34.8692192, 0.8615234 ], [ 34.8672685, 0.8418413 ] ] } },
{ "type": "Feature", "properties": { "@osmId": "way/40664403", "@snapshotTimestamp": "2019-01-01T00:00:00Z" }, "geometry": { "type": "LineString", "coordinates": [ [ 34.9528349, 0.9718597 ], [ 34.9365383, 0.9000481 ], [ 34.8692192, 0.8615234 ] ] } },
{ "type": "Feature", "properties": { "@osmId": "way/33402996", "@snapshotTimestamp": "2019-01-01T00:00:00Z" }, "geometry": { "type": "LineString", "coordinates": [ [ 35.064563, 0.9520225 ], [ 35.1170658, 0.8838067 ] ] } },
{ "type": "Feature", "properties": { "@osmId": "way/289867955", "@snapshotTimestamp": "2019-01-01T00:00:00Z" }, "geometry": { "type": "LineString", "coordinates": [ [ 34.8414022, 0.9770451 ], [ 34.8692192, 0.8615234 ] ] } },
{ "type": "Feature", "properties": { "@osmId": "way/34357624", "@snapshotTimestamp": "2019-01-01T00:00:00Z" }, "geometry": { "type": "LineString", "coordinates": [ [ 35.060711, 0.9548158 ], [ 35.064563, 0.9520225 ] ] } },
{ "type": "Feature", "properties": { "@osmId": "way/34359281", "@snapshotTimestamp": "2019-01-01T00:00:00Z" }, "geometry": { "type": "LineString", "coordinates": [ [ 35.005271, 0.9935249 ], [ 35.060711, 0.9548158 ] ] } },
{ "type": "Feature", "properties": { "@osmId": "way/33403251", "@snapshotTimestamp": "2019-01-01T00:00:00Z" }, "geometry": { "type": "LineString", "coordinates": [ [ 34.9854456, 0.9848942 ], [ 34.9528349, 0.9718597 ] ] } },
{ "type": "Feature", "properties": { "@osmId": "way/33403237", "@snapshotTimestamp": "2019-01-01T00:00:00Z" }, "geometry": { "type": "LineString", "coordinates": [ [ 34.8596759, 0.9936581 ], [ 34.8414022, 0.9770451 ] ] } },
{ "type": "Feature", "properties": { "@osmId": "way/575499054", "@snapshotTimestamp": "2019-01-01T00:00:00Z" }, "geometry": { "type": "LineString", "coordinates": [ [ 35.0024148, 0.9918937 ], [ 34.9854456, 0.9848942 ] ] } },
{ "type": "Feature", "properties": { "@osmId": "way/34359148", "@snapshotTimestamp": "2019-01-01T00:00:00Z" }, "geometry": { "type": "LineString", "coordinates": [ [ 35.004904, 0.9928496 ], [ 35.0024148, 0.9918937 ] ] } },
{ "type": "Feature", "properties": { "@osmId": "way/575499050", "@snapshotTimestamp": "2019-01-01T00:00:00Z" }, "geometry": { "type": "LineString", "coordinates": [ [ 35.0058465, 0.992508 ], [ 35.0030757, 0.9920504 ] ] } },
{ "type": "Feature", "properties": { "@osmId": "way/575499051", "@snapshotTimestamp": "2019-01-01T00:00:00Z" }, "geometry": { "type": "LineString", "coordinates": [ [ 35.0024148, 0.9918937 ], [ 35.0048673, 0.9929574 ] ] } },
{ "type": "Feature", "properties": { "@osmId": "way/575499047", "@snapshotTimestamp": "2019-01-01T00:00:00Z" }, "geometry": { "type": "LineString", "coordinates": [ [ 35.0030692, 0.9921165 ], [ 35.0049396, 0.9942318 ] ] } },
{ "type": "Feature", "properties": { "@osmId": "way/575499048", "@snapshotTimestamp": "2019-01-01T00:00:00Z" }, "geometry": { "type": "LineString", "coordinates": [ [ 35.0059328, 0.9935035 ], [ 35.004904, 0.9928496 ] ] } },
{ "type": "Feature", "properties": { "@osmId": "way/575499053", "@snapshotTimestamp": "2019-01-01T00:00:00Z" }, "geometry": { "type": "LineString", "coordinates": [ [ 35.0048673, 0.9929574 ], [ 35.0058986, 0.9936081 ] ] } },
{ "type": "Feature", "properties": { "@osmId": "way/575499052", "@snapshotTimestamp": "2019-01-01T00:00:00Z" }, "geometry": { "type": "LineString", "coordinates": [ [ 35.0058986, 0.9936081 ], [ 35.005271, 0.9935249 ] ] } },
{ "type": "Feature", "properties": { "@osmId": "way/575499049", "@snapshotTimestamp": "2019-01-01T00:00:00Z" }, "geometry": { "type": "LineString", "coordinates": [ [ 35.0052112, 0.9968644 ], [ 35.0059328, 0.9935035 ] ] } },
{ "type": "Feature", "properties": { "@osmId": "way/199402149", "@snapshotTimestamp": "2019-01-01T00:00:00Z" }, "geometry": { "type": "LineString", "coordinates": [ [ 35.0059115, 1.0137223 ], [ 35.005271, 0.9935249 ] ] } },
{ "type": "Feature", "properties": { "@osmId": "way/34358725", "@snapshotTimestamp": "2019-01-01T00:00:00Z" }, "geometry": { "type": "LineString", "coordinates": [ [ 35.0059115, 1.0137223 ], [ 35.0067827, 1.0143652 ] ] } },
{ "type": "Feature", "properties": { "@osmId": "way/654512028", "@snapshotTimestamp": "2019-01-01T00:00:00Z" }, "geometry": { "type": "LineString", "coordinates": [ [ 35.0067827, 1.0143652 ], [ 35.0203049, 1.0202989 ] ] } },
{ "type": "Feature", "properties": { "@osmId": "way/33403214", "@snapshotTimestamp": "2019-01-01T00:00:00Z" }, "geometry": { "type": "LineString", "coordinates": [ [ 35.000617, 1.0238129 ], [ 35.0059115, 1.0137223 ] ] } },
{ "type": "Feature", "properties": { "@osmId": "way/199402157", "@snapshotTimestamp": "2019-01-01T00:00:00Z" }, "geometry": { "type": "LineString", "coordinates": [ [ 35.0203049, 1.0202989 ], [ 35.0697163, 1.0229914 ] ] } },
{ "type": "Feature", "properties": { "@osmId": "way/260887900", "@snapshotTimestamp": "2019-01-01T00:00:00Z" }, "geometry": { "type": "LineString", "coordinates": [ [ 35.0697163, 1.0229914 ], [ 35.0701649, 1.0231641 ] ] } },
{ "type": "Feature", "properties": { "@osmId": "way/260887899", "@snapshotTimestamp": "2019-01-01T00:00:00Z" }, "geometry": { "type": "LineString", "coordinates": [ [ 35.0701649, 1.0231641 ], [ 35.0928139, 1.0275511 ] ] } },
{ "type": "Feature", "properties": { "@osmId": "way/34358410", "@snapshotTimestamp": "2019-01-01T00:00:00Z" }, "geometry": { "type": "LineString", "coordinates": [ [ 34.9965591, 1.0325888 ], [ 35.000617, 1.0238129 ] ] } },
{ "type": "Feature", "properties": { "@osmId": "way/448595442", "@snapshotTimestamp": "2019-01-01T00:00:00Z" }, "geometry": { "type": "LineString", "coordinates": [ [ 34.8568396, 1.0734503 ], [ 34.8592666, 0.9935446 ] ] } },
{ "type": "Feature", "properties": { "@osmId": "way/442423543", "@snapshotTimestamp": "2019-01-01T00:00:00Z" }, "geometry": { "type": "LineString", "coordinates": [ [ 35.0203049, 1.0202989 ], [ 35.053092, 1.0591727 ] ] } },
{ "type": "Feature", "properties": { "@osmId": "way/289080736", "@snapshotTimestamp": "2019-01-01T00:00:00Z" }, "geometry": { "type": "LineString", "coordinates": [ [ 34.9975277, 1.0479754 ], [ 34.9965591, 1.0325888 ] ] } },
{ "type": "Feature", "properties": { "@osmId": "way/34358738", "@snapshotTimestamp": "2019-01-01T00:00:00Z" }, "geometry": { "type": "LineString", "coordinates": [ [ 34.9125754, 1.0559802 ], [ 34.9965591, 1.0325888 ] ] } },
{ "type": "Feature", "properties": { "@osmId": "way/442423546", "@snapshotTimestamp": "2019-01-01T00:00:00Z" }, "geometry": { "type": "LineString", "coordinates": [ [ 35.6114999, 0.9571215 ], [ 35.6113292, 0.9570249 ] ] } },
{ "type": "Feature", "properties": { "@osmId": "way/223378015", "@snapshotTimestamp": "2019-01-01T00:00:00Z" }, "geometry": { "type": "LineString", "coordinates": [ [ 35.7047075, 0.9943563 ], [ 35.692825, 0.9201642 ] ] } },
{ "type": "Feature", "properties": { "@osmId": "way/223378000", "@snapshotTimestamp": "2019-01-01T00:00:00Z" }, "geometry": { "type": "LineString", "coordinates": [ [ 35.705166, 0.9946298 ], [ 35.7047075, 0.9943563 ] ] } },
{ "type": "Feature", "properties": { "@osmId": "way/223377995", "@snapshotTimestamp": "2019-01-01T00:00:00Z" }, "geometry": { "type": "LineString", "coordinates": [ [ 35.7218849, 1.0218713 ], [ 35.705166, 0.9946298 ] ] } },
{ "type": "Feature", "properties": { "@osmId": "way/223378003", "@snapshotTimestamp": "2019-01-01T00:00:00Z" }, "geometry": { "type": "LineString", "coordinates": [ [ 35.7223779, 1.0222399 ], [ 35.7218849, 1.0218713 ] ] } },
{ "type": "Feature", "properties": { "@osmId": "way/223378004", "@snapshotTimestamp": "2019-01-01T00:00:00Z" }, "geometry": { "type": "LineString", "coordinates": [ [ 35.7364385, 1.0652215 ], [ 35.7223779, 1.0222399 ] ] } },
{ "type": "Feature", "properties": { "@osmId": "way/223377997", "@snapshotTimestamp": "2019-01-01T00:00:00Z" }, "geometry": { "type": "LineString", "coordinates": [ [ 35.7364545, 1.065499 ], [ 35.7364385, 1.0652215 ] ] } },
{ "type": "Feature", "properties": { "@osmId": "way/205346075", "@snapshotTimestamp": "2019-01-01T00:00:00Z" }, "geometry": { "type": "LineString", "coordinates": [ [ 35.6571202, 1.2008096 ], [ 35.6114999, 0.9571215 ] ] } },
{ "type": "Feature", "properties": { "@osmId": "way/223378009", "@snapshotTimestamp": "2019-01-01T00:00:00Z" }, "geometry": { "type": "LineString", "coordinates": [ [ 35.7475937, 1.1288429 ], [ 35.7364545, 1.065499 ] ] } },
{ "type": "Feature", "properties": { "@osmId": "way/223377996", "@snapshotTimestamp": "2019-01-01T00:00:00Z" }, "geometry": { "type": "LineString", "coordinates": [ [ 35.747598, 1.1291206 ], [ 35.7475937, 1.1288429 ] ] } },
{ "type": "Feature", "properties": { "@osmId": "way/167166879", "@snapshotTimestamp": "2019-01-01T00:00:00Z" }, "geometry": { "type": "LineString", "coordinates": [ [ 35.7475596, 1.1401072 ], [ 35.747598, 1.1291206 ] ] } },
{ "type": "Feature", "properties": { "@osmId": "way/456729438", "@snapshotTimestamp": "2019-01-01T00:00:00Z" }, "geometry": { "type": "LineString", "coordinates": [ [ 35.7422589, 1.2066542 ], [ 35.7475596, 1.1401072 ] ] } },
{ "type": "Feature", "properties": { "@osmId": "way/230148413", "@snapshotTimestamp": "2019-01-01T00:00:00Z" }, "geometry": { "type": "LineString", "coordinates": [ [ 35.698202, 1.2129108 ], [ 35.7422589, 1.2066542 ] ] } },
{ "type": "Feature", "properties": { "@osmId": "way/33410360", "@snapshotTimestamp": "2019-01-01T00:00:00Z" }, "geometry": { "type": "LineString", "coordinates": [ [ 35.6571202, 1.2008096 ], [ 35.6978744, 1.2130939 ] ] } },
{ "type": "Feature", "properties": { "@osmId": "way/442423683", "@snapshotTimestamp": "2019-01-01T00:00:00Z" }, "geometry": { "type": "LineString", "coordinates": [ [ 35.7476626, 1.2121412 ], [ 35.7422589, 1.2066542 ] ] } },
{ "type": "Feature", "properties": { "@osmId": "way/456729440", "@snapshotTimestamp": "2019-01-01T00:00:00Z" }, "geometry": { "type": "LineString", "coordinates": [ [ 35.752992, 1.2112679 ], [ 35.7476626, 1.2121412 ] ] } },
{ "type": "Feature", "properties": { "@osmId": "way/167036547", "@snapshotTimestamp": "2019-01-01T00:00:00Z" }, "geometry": { "type": "LineString", "coordinates": [ [ 35.7541934, 1.2143204 ], [ 35.752992, 1.2112679 ] ] } },
{ "type": "Feature", "properties": { "@osmId": "way/230148414", "@snapshotTimestamp": "2019-01-01T00:00:00Z" }, "geometry": { "type": "LineString", "coordinates": [ [ 35.6978744, 1.2130939 ], [ 35.698202, 1.2129108 ] ] } },
{ "type": "Feature", "properties": { "@osmId": "way/203940535", "@snapshotTimestamp": "2019-01-01T00:00:00Z" }, "geometry": { "type": "LineString", "coordinates": [ [ 35.6555929, 1.2252849 ], [ 35.6571202, 1.2008096 ] ] } },
{ "type": "Feature", "properties": { "@osmId": "way/167166877", "@snapshotTimestamp": "2019-01-01T00:00:00Z" }, "geometry": { "type": "LineString", "coordinates": [ [ 35.7542304, 1.214917 ], [ 35.7541934, 1.2143204 ] ] } },
{ "type": "Feature", "properties": { "@osmId": "way/289384397", "@snapshotTimestamp": "2019-01-01T00:00:00Z" }, "geometry": { "type": "LineString", "coordinates": [ [ 35.2679765, 1.0147511 ], [ 35.3211468, 1.0385844 ], [ 35.3601623, 1.0132768 ] ] } },
{ "type": "Feature", "properties": { "@osmId": "way/292616765", "@snapshotTimestamp": "2019-01-01T00:00:00Z" }, "geometry": { "type": "LineString", "coordinates": [ [ 35.0928139, 1.0275511 ], [ 35.1206473, 1.0293908 ] ] } },
{ "type": "Feature", "properties": { "@osmId": "way/34358451", "@snapshotTimestamp": "2019-01-01T00:00:00Z" }, "geometry": { "type": "LineString", "coordinates": [ [ 35.1206473, 1.0293908 ], [ 35.1932988, 1.0332234 ] ] } },
{ "type": "Feature", "properties": { "@osmId": "way/289864873", "@snapshotTimestamp": "2019-01-01T00:00:00Z" }, "geometry": { "type": "LineString", "coordinates": [ [ 35.099262, 1.1313572 ], [ 35.1091313, 1.1433965 ] ] } },
{ "type": "Feature", "properties": { "@osmId": "way/165736723", "@snapshotTimestamp": "2019-01-01T00:00:00Z" }, "geometry": { "type": "LineString", "coordinates": [ [ 35.0997988, 1.1860505 ], [ 35.1204812, 1.2374614 ] ] } },
{ "type": "Feature", "properties": { "@osmId": "way/165736730", "@snapshotTimestamp": "2019-01-01T00:00:00Z" }, "geometry": { "type": "LineString", "coordinates": [ [ 35.1204812, 1.2374614 ], [ 35.1155081, 1.2566062 ] ] } },
{ "type": "Feature", "properties": { "@osmId": "way/165736719", "@snapshotTimestamp": "2019-01-01T00:00:00Z" }, "geometry": { "type": "LineString", "coordinates": [ [ 35.094578, 1.2587738 ], [ 35.0958166, 1.2582247 ] ] } },
{ "type": "Feature", "properties": { "@osmId": "way/165736726", "@snapshotTimestamp": "2019-01-01T00:00:00Z" }, "geometry": { "type": "LineString", "coordinates": [ [ 35.0942361, 1.2589072 ], [ 35.094578, 1.2587738 ] ] } },
{ "type": "Feature", "properties": { "@osmId": "way/289864870", "@snapshotTimestamp": "2019-01-01T00:00:00Z" }, "geometry": { "type": "LineString", "coordinates": [ [ 35.1091313, 1.1433965 ], [ 35.0836721, 1.2099627 ], [ 35.093427, 1.2566114 ], [ 35.1727003, 1.2750524 ], [ 35.2529727, 1.3350386 ], [ 35.2759844, 1.3905589 ], [ 35.329542, 1.4027798 ] ] } },
{ "type": "Feature", "properties": { "@osmId": "way/167978298", "@snapshotTimestamp": "2019-01-01T00:00:00Z" }, "geometry": { "type": "LineString", "coordinates": [ [ 35.2118861, 1.309633 ], [ 35.1888237, 1.3736781 ], [ 35.2291562, 1.455873 ] ] } },
{ "type": "Feature", "properties": { "@osmId": "way/232008021", "@snapshotTimestamp": "2019-01-01T00:00:00Z" }, "geometry": { "type": "LineString", "coordinates": [ [ 35.9140559, -0.0836335 ], [ 35.9359231, -0.100891 ] ] } },
{ "type": "Feature", "properties": { "@osmId": "way/232008022", "@snapshotTimestamp": "2019-01-01T00:00:00Z" }, "geometry": { "type": "LineString", "coordinates": [ [ 35.9138811, -0.0833843 ], [ 35.9140559, -0.0836335 ] ] } },
{ "type": "Feature", "properties": { "@osmId": "way/35997772", "@snapshotTimestamp": "2019-01-01T00:00:00Z" }, "geometry": { "type": "LineString", "coordinates": [ [ 36.1240129, -0.1705444 ], [ 36.1894254, -0.0414046 ], [ 36.2600875, 0.0285551 ], [ 36.2675932, 0.00807 ], [ 36.3097451, 0.0413011 ] ] } },
{ "type": "Feature", "properties": { "@osmId": "way/128130347", "@snapshotTimestamp": "2019-01-01T00:00:00Z" }, "geometry": { "type": "LineString", "coordinates": [ [ 35.9649429, -0.0241017 ], [ 35.9650055, -0.0242929 ] ] } },
{ "type": "Feature", "properties": { "@osmId": "way/35999563", "@snapshotTimestamp": "2019-01-01T00:00:00Z" }, "geometry": { "type": "LineString", "coordinates": [ [ 36.3641143, 0.0380307 ], [ 36.3643176, -0.0717305 ] ] } },
{ "type": "Feature", "properties": { "@osmId": "way/30160455", "@snapshotTimestamp": "2019-01-01T00:00:00Z" }, "geometry": { "type": "LineString", "coordinates": [ [ 35.9627977, 0.0007005 ], [ 35.9649429, -0.0241017 ] ] } },
{ "type": "Feature", "properties": { "@osmId": "way/555268272", "@snapshotTimestamp": "2019-01-01T00:00:00Z" }, "geometry": { "type": "LineString", "coordinates": [ [ 36.3097451, 0.0413011 ], [ 36.3639768, 0.0381088 ] ] } },
{ "type": "Feature", "properties": { "@osmId": "way/28944835", "@snapshotTimestamp": "2019-01-01T00:00:00Z" }, "geometry": { "type": "LineString", "coordinates": [ [ 36.3887328, 0.1188622 ], [ 36.3308823, 0.1816929 ], [ 36.3205926, 0.2470347 ] ] } },
{ "type": "Feature", "properties": { "@osmId": "way/103268391", "@snapshotTimestamp": "2019-01-01T00:00:00Z" }, "geometry": { "type": "LineString", "coordinates": [ [ 36.1280136, 0.1642074 ], [ 36.1722583, 0.2575594 ] ] } },
{ "type": "Feature", "properties": { "@osmId": "way/126822682", "@snapshotTimestamp": "2019-01-01T00:00:00Z" }, "geometry": { "type": "LineString", "coordinates": [ [ 35.9697473, 0.4588642 ], [ 35.8945114, 0.2379259 ], [ 35.9018713, 0.131649 ], [ 35.9627977, 0.0007005 ] ] } },
{ "type": "Feature", "properties": { "@osmId": "way/223164790", "@snapshotTimestamp": "2019-01-01T00:00:00Z" }, "geometry": { "type": "LineString", "coordinates": [ [ 36.172435, 0.2577361 ], [ 36.179953, 0.2549402 ] ] } },
{ "type": "Feature", "properties": { "@osmId": "way/223164779", "@snapshotTimestamp": "2019-01-01T00:00:00Z" }, "geometry": { "type": "LineString", "coordinates": [ [ 36.1722583, 0.2575594 ], [ 36.172435, 0.2577361 ] ] } },
{ "type": "Feature", "properties": { "@osmId": "way/208215233", "@snapshotTimestamp": "2019-01-01T00:00:00Z" }, "geometry": { "type": "LineString", "coordinates": [ [ 36.3205926, 0.2470347 ], [ 36.3168842, 0.27891 ] ] } },
{ "type": "Feature", "properties": { "@osmId": "way/222729555", "@snapshotTimestamp": "2019-01-01T00:00:00Z" }, "geometry": { "type": "LineString", "coordinates": [ [ 36.179953, 0.2549402 ], [ 36.2169355, 0.3025488 ] ] } },
{ "type": "Feature", "properties": { "@osmId": "way/84531187", "@snapshotTimestamp": "2019-01-01T00:00:00Z" }, "geometry": { "type": "LineString", "coordinates": [ [ 36.2169355, 0.3025488 ], [ 36.2405773, 0.3193582 ], [ 36.3155709, 0.2747537 ] ] } },
{ "type": "Feature", "properties": { "@osmId": "way/28944820", "@snapshotTimestamp": "2019-01-01T00:00:00Z" }, "geometry": { "type": "LineString", "coordinates": [ [ 36.1812054, 0.3300622 ], [ 36.2169355, 0.3025488 ] ] } },
{ "type": "Feature", "properties": { "@osmId": "way/103268261", "@snapshotTimestamp": "2019-01-01T00:00:00Z" }, "geometry": { "type": "LineString", "coordinates": [ [ 36.0843348, 0.248724 ], [ 36.0737686, 0.3384439 ], [ 36.0022725, 0.4374225 ] ] } },
{ "type": "Feature", "properties": { "@osmId": "way/208215234", "@snapshotTimestamp": "2019-01-01T00:00:00Z" }, "geometry": { "type": "LineString", "coordinates": [ [ 36.3168842, 0.27891 ], [ 36.2920518, 0.3695833 ], [ 36.3185058, 0.4121646 ] ] } },
{ "type": "Feature", "properties": { "@osmId": "way/205238499", "@snapshotTimestamp": "2019-01-01T00:00:00Z" }, "geometry": { "type": "LineString", "coordinates": [ [ 36.1051246, 0.4552346 ], [ 36.2157417, 0.4265842 ], [ 36.1812054, 0.3300622 ] ] } },
{ "type": "Feature", "properties": { "@osmId": "way/84531448", "@snapshotTimestamp": "2019-01-01T00:00:00Z" }, "geometry": { "type": "LineString", "coordinates": [ [ 36.3185058, 0.4121646 ], [ 36.3201083, 0.4159828 ] ] } },
{ "type": "Feature", "properties": { "@osmId": "way/189854058", "@snapshotTimestamp": "2019-01-01T00:00:00Z" }, "geometry": { "type": "LineString", "coordinates": [ [ 36.0019294, 0.437719 ], [ 36.0022725, 0.4374225 ] ] } },
{ "type": "Feature", "properties": { "@osmId": "way/174124427", "@snapshotTimestamp": "2019-01-01T00:00:00Z" }, "geometry": { "type": "LineString", "coordinates": [ [ 36.0019294, 0.437719 ], [ 35.9668553, 0.4476375 ] ] } },
{ "type": "Feature", "properties": { "@osmId": "way/313815148", "@snapshotTimestamp": "2019-01-01T00:00:00Z" }, "geometry": { "type": "LineString", "coordinates": [ [ 36.0519696, 0.4550918 ], [ 36.0004238, 0.4385375 ] ] } },
{ "type": "Feature", "properties": { "@osmId": "way/204242162", "@snapshotTimestamp": "2019-01-01T00:00:00Z" }, "geometry": { "type": "LineString", "coordinates": [ [ 36.0765796, 0.4516238 ], [ 36.0768924, 0.4515897 ] ] } },
{ "type": "Feature", "properties": { "@osmId": "way/313815146", "@snapshotTimestamp": "2019-01-01T00:00:00Z" }, "geometry": { "type": "LineString", "coordinates": [ [ 36.0519696, 0.4550918 ], [ 36.0765796, 0.4516238 ] ] } },
{ "type": "Feature", "properties": { "@osmId": "way/313812507", "@snapshotTimestamp": "2019-01-01T00:00:00Z" }, "geometry": { "type": "LineString", "coordinates": [ [ 36.0768924, 0.4515897 ], [ 36.1051246, 0.4552346 ] ] } },
{ "type": "Feature", "properties": { "@osmId": "way/126822683", "@snapshotTimestamp": "2019-01-01T00:00:00Z" }, "geometry": { "type": "LineString", "coordinates": [ [ 35.9696482, 0.4594904 ], [ 35.9697473, 0.4588642 ] ] } },
{ "type": "Feature", "properties": { "@osmId": "way/30160442", "@snapshotTimestamp": "2019-01-01T00:00:00Z" }, "geometry": { "type": "LineString", "coordinates": [ [ 35.9696482, 0.4594904 ], [ 35.9723693, 0.4630372 ] ] } },
{ "type": "Feature", "properties": { "@osmId": "way/209405065", "@snapshotTimestamp": "2019-01-01T00:00:00Z" }, "geometry": { "type": "LineString", "coordinates": [ [ 36.3201083, 0.4159828 ], [ 36.3316236, 0.5081672 ] ] } },
{ "type": "Feature", "properties": { "@osmId": "way/190157845", "@snapshotTimestamp": "2019-01-01T00:00:00Z" }, "geometry": { "type": "LineString", "coordinates": [ [ 35.976273, 0.4628261 ], [ 35.9723693, 0.4630372 ] ] } },
{ "type": "Feature", "properties": { "@osmId": "way/190157843", "@snapshotTimestamp": "2019-01-01T00:00:00Z" }, "geometry": { "type": "LineString", "coordinates": [ [ 35.976507, 0.4629855 ], [ 35.976273, 0.4628261 ] ] } },
{ "type": "Feature", "properties": { "@osmId": "way/204095338", "@snapshotTimestamp": "2019-01-01T00:00:00Z" }, "geometry": { "type": "LineString", "coordinates": [ [ 35.8597691, 0.4660852 ], [ 35.9723693, 0.4630372 ] ] } },
{ "type": "Feature", "properties": { "@osmId": "way/204095340", "@snapshotTimestamp": "2019-01-01T00:00:00Z" }, "geometry": { "type": "LineString", "coordinates": [ [ 35.8596073, 0.4663216 ], [ 35.8597691, 0.4660852 ] ] } },
{ "type": "Feature", "properties": { "@osmId": "way/189631805", "@snapshotTimestamp": "2019-01-01T00:00:00Z" }, "geometry": { "type": "LineString", "coordinates": [ [ 35.9833498, 0.4817824 ], [ 35.976507, 0.4629855 ] ] } },
{ "type": "Feature", "properties": { "@osmId": "way/204095341", "@snapshotTimestamp": "2019-01-01T00:00:00Z" }, "geometry": { "type": "LineString", "coordinates": [ [ 35.8421279, 0.4842589 ], [ 35.8596073, 0.4663216 ] ] } },
{ "type": "Feature", "properties": { "@osmId": "way/193059864", "@snapshotTimestamp": "2019-01-01T00:00:00Z" }, "geometry": { "type": "LineString", "coordinates": [ [ 35.9833806, 0.4824057 ], [ 35.9833498, 0.4817824 ] ] } },
{ "type": "Feature", "properties": { "@osmId": "way/193060004", "@snapshotTimestamp": "2019-01-01T00:00:00Z" }, "geometry": { "type": "LineString", "coordinates": [ [ 35.9834768, 0.4832885 ], [ 35.9833806, 0.4824057 ] ] } },
{ "type": "Feature", "properties": { "@osmId": "way/204095339", "@snapshotTimestamp": "2019-01-01T00:00:00Z" }, "geometry": { "type": "LineString", "coordinates": [ [ 35.8421824, 0.4845747 ], [ 35.8421279, 0.4842589 ] ] } },
{ "type": "Feature", "properties": { "@osmId": "way/193043267", "@snapshotTimestamp": "2019-01-01T00:00:00Z" }, "geometry": { "type": "LineString", "coordinates": [ [ 35.983529, 0.4864854 ], [ 35.9834768, 0.4832885 ] ] } },
{ "type": "Feature", "properties": { "@osmId": "way/193043266", "@snapshotTimestamp": "2019-01-01T00:00:00Z" }, "geometry": { "type": "LineString", "coordinates": [ [ 35.9834927, 0.4865904 ], [ 35.983529, 0.4864854 ] ] } },
{ "type": "Feature", "properties": { "@osmId": "way/201761418", "@snapshotTimestamp": "2019-01-01T00:00:00Z" }, "geometry": { "type": "LineString", "coordinates": [ [ 35.9863481, 0.5117469 ], [ 35.9834927, 0.4865904 ] ] } },
{ "type": "Feature", "properties": { "@osmId": "way/201761417", "@snapshotTimestamp": "2019-01-01T00:00:00Z" }, "geometry": { "type": "LineString", "coordinates": [ [ 35.9864828, 0.5121319 ], [ 35.9863481, 0.5117469 ] ] } },
{ "type": "Feature", "properties": { "@osmId": "way/126822681", "@snapshotTimestamp": "2019-01-01T00:00:00Z" }, "geometry": { "type": "LineString", "coordinates": [ [ 35.98811, 0.5271423 ], [ 35.9864828, 0.5121319 ] ] } },
{ "type": "Feature", "properties": { "@osmId": "way/126822678", "@snapshotTimestamp": "2019-01-01T00:00:00Z" }, "geometry": { "type": "LineString", "coordinates": [ [ 35.9880338, 0.5280419 ], [ 35.98811, 0.5271423 ] ] } },
{ "type": "Feature", "properties": { "@osmId": "way/33402057", "@snapshotTimestamp": "2019-01-01T00:00:00Z" }, "geometry": { "type": "LineString", "coordinates": [ [ 35.9874897, 0.53059 ], [ 35.9880338, 0.5280419 ] ] } },
{ "type": "Feature", "properties": { "@osmId": "way/48072962", "@snapshotTimestamp": "2019-01-01T00:00:00Z" }, "geometry": { "type": "LineString", "coordinates": [ [ 35.9872872, 0.5313286 ], [ 35.9874897, 0.53059 ] ] } },
{ "type": "Feature", "properties": { "@osmId": "way/193107783", "@snapshotTimestamp": "2019-01-01T00:00:00Z" }, "geometry": { "type": "LineString", "coordinates": [ [ 35.9879904, 0.5427752 ], [ 35.9872872, 0.5313286 ] ] } },
{ "type": "Feature", "properties": { "@osmId": "way/193107781", "@snapshotTimestamp": "2019-01-01T00:00:00Z" }, "geometry": { "type": "LineString", "coordinates": [ [ 35.9880188, 0.5430238 ], [ 35.9879904, 0.5427752 ] ] } },
{ "type": "Feature", "properties": { "@osmId": "way/332633303", "@snapshotTimestamp": "2019-01-01T00:00:00Z" }, "geometry": { "type": "LineString", "coordinates": [ [ 35.9928656, 0.5704935 ], [ 35.9880188, 0.5430238 ] ] } },
{ "type": "Feature", "properties": { "@osmId": "way/332633302", "@snapshotTimestamp": "2019-01-01T00:00:00Z" }, "geometry": { "type": "LineString", "coordinates": [ [ 35.9929698, 0.5710925 ], [ 35.9928656, 0.5704935 ] ] } },
{ "type": "Feature", "properties": { "@osmId": "way/97541730", "@snapshotTimestamp": "2019-01-01T00:00:00Z" }, "geometry": { "type": "LineString", "coordinates": [ [ 36.6572155, 0.0883059 ], [ 36.664676, 0.0801947 ] ] } },
{ "type": "Feature", "properties": { "@osmId": "way/276327099", "@snapshotTimestamp": "2019-01-01T00:00:00Z" }, "geometry": { "type": "LineString", "coordinates": [ [ 36.3907304, 0.2202157 ], [ 36.3649879, 0.0425022 ] ] } },
{ "type": "Feature", "properties": { "@osmId": "way/276327096", "@snapshotTimestamp": "2019-01-01T00:00:00Z" }, "geometry": { "type": "LineString", "coordinates": [ [ 36.3908019, 0.2203158 ], [ 36.3907304, 0.2202157 ] ] } },
{ "type": "Feature", "properties": { "@osmId": "way/276327098", "@snapshotTimestamp": "2019-01-01T00:00:00Z" }, "geometry": { "type": "LineString", "coordinates": [ [ 36.571466, 0.3224122 ], [ 36.5191378, 0.249501 ], [ 36.402919, 0.2400386 ], [ 36.3908019, 0.2203158 ] ] } },
{ "type": "Feature", "properties": { "@osmId": "way/276327097", "@snapshotTimestamp": "2019-01-01T00:00:00Z" }, "geometry": { "type": "LineString", "coordinates": [ [ 36.5715477, 0.3225528 ], [ 36.571466, 0.3224122 ] ] } },
{ "type": "Feature", "properties": { "@osmId": "way/33403178", "@snapshotTimestamp": "2019-01-01T00:00:00Z" }, "geometry": { "type": "LineString", "coordinates": [ [ 36.625804, 0.6094187 ], [ 36.6333998, 0.4963754 ], [ 36.6796153, 0.4331916 ], [ 36.630796, 0.3587381 ], [ 36.5715477, 0.3225528 ] ] } },
{ "type": "Feature", "properties": { "@osmId": "way/33402455", "@snapshotTimestamp": "2019-01-01T00:00:00Z" }, "geometry": { "type": "LineString", "coordinates": [ [ 36.4354552, 0.7670334 ], [ 36.5440897, 0.7474344 ], [ 36.5458649, 0.7216388 ], [ 36.594346, 0.7099466 ] ] } },
{ "type": "Feature", "properties": { "@osmId": "way/34358706", "@snapshotTimestamp": "2019-01-01T00:00:00Z" }, "geometry": { "type": "LineString", "coordinates": [ [ 36.7641674, 0.9499771 ], [ 36.7455, 0.8545138 ], [ 36.6326483, 0.7905254 ], [ 36.594346, 0.7099466 ], [ 36.625804, 0.6094187 ] ] } },
{ "type": "Feature", "properties": { "@osmId": "way/331976731", "@snapshotTimestamp": "2019-01-01T00:00:00Z" }, "geometry": { "type": "LineString", "coordinates": [ [ 36.6918996, 1.0903748 ], [ 36.6702881, 1.0853291 ], [ 36.6256453, 1.1497744 ], [ 36.6057245, 1.2309952 ] ] } },
{ "type": "Feature", "properties": { "@osmId": "way/173997031", "@snapshotTimestamp": "2019-01-01T00:00:00Z" }, "geometry": { "type": "LineString", "coordinates": [ [ 36.6094444, 1.235508 ], [ 36.6057245, 1.2309952 ] ] } },
{ "type": "Feature", "properties": { "@osmId": "way/28944727", "@snapshotTimestamp": "2019-01-01T00:00:00Z" }, "geometry": { "type": "LineString", "coordinates": [ [ 35.9929976, 0.5712524 ], [ 35.9929698, 0.5710925 ] ] } },
{ "type": "Feature", "properties": { "@osmId": "way/222729556", "@snapshotTimestamp": "2019-01-01T00:00:00Z" }, "geometry": { "type": "LineString", "coordinates": [ [ 35.8131092, 0.750273 ], [ 35.8254415, 0.753103 ] ] } },
{ "type": "Feature", "properties": { "@osmId": "way/28944700", "@snapshotTimestamp": "2019-01-01T00:00:00Z" }, "geometry": { "type": "LineString", "coordinates": [ [ 35.9929976, 0.5712524 ], [ 36.0351538, 0.7255893 ], [ 36.0163827, 0.7786531 ], [ 36.0298473, 0.9358781 ] ] } },
{ "type": "Feature", "properties": { "@osmId": "way/34358543", "@snapshotTimestamp": "2019-01-01T00:00:00Z" }, "geometry": { "type": "LineString", "coordinates": [ [ 36.0315851, 0.7135076 ], [ 36.0590214, 0.7476087 ], [ 36.083965, 0.7391557 ], [ 36.0959142, 0.6935907 ], [ 36.1298608, 0.7008121 ], [ 36.2369062, 0.8159605 ], [ 36.2768054, 0.8019958 ] ] } },
{ "type": "Feature", "properties": { "@osmId": "way/314446846", "@snapshotTimestamp": "2019-01-01T00:00:00Z" }, "geometry": { "type": "LineString", "coordinates": [ [ 36.2769724, 0.8018652 ], [ 36.4354552, 0.7670334 ] ] } },
{ "type": "Feature", "properties": { "@osmId": "way/314446842", "@snapshotTimestamp": "2019-01-01T00:00:00Z" }, "geometry": { "type": "LineString", "coordinates": [ [ 36.2768054, 0.8019958 ], [ 36.2769724, 0.8018652 ] ] } },
{ "type": "Feature", "properties": { "@osmId": "way/230148416", "@snapshotTimestamp": "2019-01-01T00:00:00Z" }, "geometry": { "type": "LineString", "coordinates": [ [ 35.9708569, 1.0028816 ], [ 36.0298473, 0.9358781 ] ] } },
{ "type": "Feature", "properties": { "@osmId": "way/230148415", "@snapshotTimestamp": "2019-01-01T00:00:00Z" }, "geometry": { "type": "LineString", "coordinates": [ [ 35.9714001, 1.0033595 ], [ 35.9708569, 1.0028816 ] ] } },
{ "type": "Feature", "properties": { "@osmId": "way/230047927", "@snapshotTimestamp": "2019-01-01T00:00:00Z" }, "geometry": { "type": "LineString", "coordinates": [ [ 36.0974828, 1.1647641 ], [ 36.004846, 0.9617584 ] ] } },
{ "type": "Feature", "properties": { "@osmId": "way/230239315", "@snapshotTimestamp": "2019-01-01T00:00:00Z" }, "geometry": { "type": "LineString", "coordinates": [ [ 35.752992, 1.2112679 ], [ 35.8176401, 1.171833 ], [ 35.897116, 1.169971 ], [ 35.9753861, 1.0470092 ], [ 35.9714001, 1.0033595 ] ] } },
{ "type": "Feature", "properties": { "@osmId": "way/230047934", "@snapshotTimestamp": "2019-01-01T00:00:00Z" }, "geometry": { "type": "LineString", "coordinates": [ [ 36.0974692, 1.1651854 ], [ 36.0974828, 1.1647641 ] ] } },
{ "type": "Feature", "properties": { "@osmId": "way/639412552", "@snapshotTimestamp": "2019-01-01T00:00:00Z" }, "geometry": { "type": "LineString", "coordinates": [ [ 36.107705, 1.267341 ], [ 36.0974692, 1.1651854 ] ] } },
{ "type": "Feature", "properties": { "@osmId": "way/466412736", "@snapshotTimestamp": "2019-01-01T00:00:00Z" }, "geometry": { "type": "LineString", "coordinates": [ [ 36.107705, 1.267341 ], [ 36.1488921, 1.3135827 ] ] } },
{ "type": "Feature", "properties": { "@osmId": "way/466412737", "@snapshotTimestamp": "2019-01-01T00:00:00Z" }, "geometry": { "type": "LineString", "coordinates": [ [ 36.1488921, 1.3135827 ], [ 36.1472329, 1.3565755 ] ] } },
{ "type": "Feature", "properties": { "@osmId": "way/466412738", "@snapshotTimestamp": "2019-01-01T00:00:00Z" }, "geometry": { "type": "LineString", "coordinates": [ [ 36.1472329, 1.3565755 ], [ 36.1309034, 1.5610187 ], [ 36.0832724, 1.607781 ], [ 36.0246785, 1.7754283 ] ] } },
{ "type": "Feature", "properties": { "@osmId": "way/199249637", "@snapshotTimestamp": "2019-01-01T00:00:00Z" }, "geometry": { "type": "LineString", "coordinates": [ [ 36.0246785, 1.7754283 ], [ 36.0180722, 1.8783866 ] ] } },
{ "type": "Feature", "properties": { "@osmId": "way/199249619", "@snapshotTimestamp": "2019-01-01T00:00:00Z" }, "geometry": { "type": "LineString", "coordinates": [ [ 35.9390433, 1.9953146 ], [ 35.8312732, 1.8739474 ], [ 35.7716663, 1.6935406 ] ] } },
{ "type": "Feature", "properties": { "@osmId": "way/199249627", "@snapshotTimestamp": "2019-01-01T00:00:00Z" }, "geometry": { "type": "LineString", "coordinates": [ [ 36.0180722, 1.8783866 ], [ 36.0063301, 1.9144029 ] ] } },
{ "type": "Feature", "properties": { "@osmId": "way/199249615", "@snapshotTimestamp": "2019-01-01T00:00:00Z" }, "geometry": { "type": "LineString", "coordinates": [ [ 36.0063301, 1.9144029 ], [ 36.0063565, 1.9148967 ] ] } },
{ "type": "Feature", "properties": { "@osmId": "way/199249628", "@snapshotTimestamp": "2019-01-01T00:00:00Z" }, "geometry": { "type": "LineString", "coordinates": [ [ 36.0063565, 1.9148967 ], [ 36.0286654, 1.9522349 ] ] } },
{ "type": "Feature", "properties": { "@osmId": "way/230047942", "@snapshotTimestamp": "2019-01-01T00:00:00Z" }, "geometry": { "type": "LineString", "coordinates": [ [ 36.794529, 1.7738328 ], [ 36.803532, 1.6619393 ], [ 36.7275783, 1.5997152 ], [ 36.7243552, 1.4791899 ], [ 36.6804297, 1.4200341 ] ] } },
{ "type": "Feature", "properties": { "@osmId": "way/331976736", "@snapshotTimestamp": "2019-01-01T00:00:00Z" }, "geometry": { "type": "LineString", "coordinates": [ [ 36.7892342, 1.7350172 ], [ 36.7903473, 1.7335165 ] ] } },
{ "type": "Feature", "properties": { "@osmId": "way/230047944", "@snapshotTimestamp": "2019-01-01T00:00:00Z" }, "geometry": { "type": "LineString", "coordinates": [ [ 36.7945528, 1.7741419 ], [ 36.794529, 1.7738328 ] ] } },
{ "type": "Feature", "properties": { "@osmId": "way/331973520", "@snapshotTimestamp": "2019-01-01T00:00:00Z" }, "geometry": { "type": "LineString", "coordinates": [ [ 36.7929899, 2.532482 ], [ 36.7959374, 2.5241665 ] ] } },
{ "type": "Feature", "properties": { "@osmId": "way/238019469", "@snapshotTimestamp": "2019-01-01T00:00:00Z" }, "geometry": { "type": "LineString", "coordinates": [ [ 36.7035479, 2.8550991 ], [ 36.7023646, 2.8586602 ] ] } },
{ "type": "Feature", "properties": { "@osmId": "way/331972926", "@snapshotTimestamp": "2019-01-01T00:00:00Z" }, "geometry": { "type": "LineString", "coordinates": [ [ 36.6980275, 2.870473 ], [ 36.7023646, 2.8586602 ] ] } },
{ "type": "Feature", "properties": { "@osmId": "way/331972928", "@snapshotTimestamp": "2019-01-01T00:00:00Z" }, "geometry": { "type": "LineString", "coordinates": [ [ 36.698065, 2.8706968 ], [ 36.6980275, 2.870473 ] ] } },
{ "type": "Feature", "properties": { "@osmId": "way/43587168", "@snapshotTimestamp": "2019-01-01T00:00:00Z" }, "geometry": { "type": "LineString", "coordinates": [ [ 36.6094444, 1.235508 ], [ 36.608559, 1.2399864 ] ] } },
{ "type": "Feature", "properties": { "@osmId": "way/33402949", "@snapshotTimestamp": "2019-01-01T00:00:00Z" }, "geometry": { "type": "LineString", "coordinates": [ [ 36.6804297, 1.4200341 ], [ 36.6224398, 1.3667492 ], [ 36.608559, 1.2399864 ] ] } },
{ "type": "Feature", "properties": { "@osmId": "way/331972927", "@snapshotTimestamp": "2019-01-01T00:00:00Z" }, "geometry": { "type": "LineString", "coordinates": [ [ 36.4877621, 2.9413024 ], [ 36.5212422, 2.9173673 ], [ 36.5505433, 2.930135 ], [ 36.660932, 2.901728 ], [ 36.698065, 2.8706968 ] ] } },
{ "type": "Feature", "properties": { "@osmId": "way/331972930", "@snapshotTimestamp": "2019-01-01T00:00:00Z" }, "geometry": { "type": "LineString", "coordinates": [ [ 36.5055152, 2.9252242 ], [ 36.5260559, 2.9182767 ] ] } },
{ "type": "Feature", "properties": { "@osmId": "way/331972929", "@snapshotTimestamp": "2019-01-01T00:00:00Z" }, "geometry": { "type": "LineString", "coordinates": [ [ 36.4855436, 2.9433378 ], [ 36.4877621, 2.9413024 ] ] } },
{ "type": "Feature", "properties": { "@osmId": "way/198507844", "@snapshotTimestamp": "2019-01-01T00:00:00Z" }, "geometry": { "type": "LineString", "coordinates": [ [ 36.3656984, 3.1544216 ], [ 36.4202853, 3.0009713 ], [ 36.4855436, 2.9433378 ] ] } },
{ "type": "Feature", "properties": { "@osmId": "way/331971945", "@snapshotTimestamp": "2019-01-01T00:00:00Z" }, "geometry": { "type": "LineString", "coordinates": [ [ 36.3450332, 3.3815348 ], [ 36.3723136, 3.4719873 ], [ 36.415703, 3.5158154 ], [ 36.4493428, 3.4892695 ], [ 36.5222085, 3.4981839 ] ] } },
{ "type": "Feature", "properties": { "@osmId": "way/319540703", "@snapshotTimestamp": "2019-01-01T00:00:00Z" }, "geometry": { "type": "LineString", "coordinates": [ [ 36.5222085, 3.4981839 ], [ 36.5220781, 3.5051461 ] ] } },
{ "type": "Feature", "properties": { "@osmId": "way/331971943", "@snapshotTimestamp": "2019-01-01T00:00:00Z" }, "geometry": { "type": "LineString", "coordinates": [ [ 36.5220781, 3.5051461 ], [ 36.5222542, 3.5056031 ] ] } },
{ "type": "Feature", "properties": { "@osmId": "way/331971934", "@snapshotTimestamp": "2019-01-01T00:00:00Z" }, "geometry": { "type": "LineString", "coordinates": [ [ 36.5222542, 3.5056031 ], [ 36.5328467, 3.5203247 ] ] } },
{ "type": "Feature", "properties": { "@osmId": "way/442831739", "@snapshotTimestamp": "2019-01-01T00:00:00Z" }, "geometry": { "type": "LineString", "coordinates": [ [ 34.750334, 0.2545371 ], [ 34.753071, 0.2354867 ] ] } },
{ "type": "Feature", "properties": { "@osmId": "way/442831738", "@snapshotTimestamp": "2019-01-01T00:00:00Z" }, "geometry": { "type": "LineString", "coordinates": [ [ 34.7503757, 0.2548039 ], [ 34.750334, 0.2545371 ] ] } },
{ "type": "Feature", "properties": { "@osmId": "way/33401714", "@snapshotTimestamp": "2019-01-01T00:00:00Z" }, "geometry": { "type": "LineString", "coordinates": [ [ 34.7525404, 0.2669259 ], [ 34.7503757, 0.2548039 ] ] } },
{ "type": "Feature", "properties": { "@osmId": "way/101562148", "@snapshotTimestamp": "2019-01-01T00:00:00Z" }, "geometry": { "type": "LineString", "coordinates": [ [ 34.754005, 0.2821669 ], [ 34.7525404, 0.2669259 ] ] } },
{ "type": "Feature", "properties": { "@osmId": "way/34358658", "@snapshotTimestamp": "2019-01-01T00:00:00Z" }, "geometry": { "type": "LineString", "coordinates": [ [ 34.7519014, 0.2827956 ], [ 34.754005, 0.2821669 ] ] } },
{ "type": "Feature", "properties": { "@osmId": "way/101562152", "@snapshotTimestamp": "2019-01-01T00:00:00Z" }, "geometry": { "type": "LineString", "coordinates": [ [ 34.754005, 0.2821669 ], [ 34.7553854, 0.2858413 ] ] } },
{ "type": "Feature", "properties": { "@osmId": "way/101562146", "@snapshotTimestamp": "2019-01-01T00:00:00Z" }, "geometry": { "type": "LineString", "coordinates": [ [ 34.7553854, 0.2858413 ], [ 34.7519014, 0.2827956 ] ] } },
{ "type": "Feature", "properties": { "@osmId": "way/33409559", "@snapshotTimestamp": "2019-01-01T00:00:00Z" }, "geometry": { "type": "LineString", "coordinates": [ [ 34.7673348, 0.2980123 ], [ 34.7553854, 0.2858413 ] ] } },
{ "type": "Feature", "properties": { "@osmId": "way/33402304", "@snapshotTimestamp": "2019-01-01T00:00:00Z" }, "geometry": { "type": "LineString", "coordinates": [ [ 34.7858549, 0.3219327 ], [ 34.7673348, 0.2980123 ] ] } },
{ "type": "Feature", "properties": { "@osmId": "way/209405063", "@snapshotTimestamp": "2019-01-01T00:00:00Z" }, "geometry": { "type": "LineString", "coordinates": [ [ 34.7236664, 0.3380707 ], [ 34.7673348, 0.2980123 ] ] } },
{ "type": "Feature", "properties": { "@osmId": "way/30481915", "@snapshotTimestamp": "2019-01-01T00:00:00Z" }, "geometry": { "type": "LineString", "coordinates": [ [ 34.2730777, 0.2007216 ], [ 34.2490513, 0.2268515 ] ] } },
{ "type": "Feature", "properties": { "@osmId": "way/453510148", "@snapshotTimestamp": "2019-01-01T00:00:00Z" }, "geometry": { "type": "LineString", "coordinates": [ [ 34.1258584, 0.2370724 ], [ 34.1259598, 0.2374599 ] ] } },
{ "type": "Feature", "properties": { "@osmId": "way/359117167", "@snapshotTimestamp": "2019-01-01T00:00:00Z" }, "geometry": { "type": "LineString", "coordinates": [ [ 34.2490513, 0.2268515 ], [ 34.2313882, 0.2485247 ] ] } },
{ "type": "Feature", "properties": { "@osmId": "way/33402733", "@snapshotTimestamp": "2019-01-01T00:00:00Z" }, "geometry": { "type": "LineString", "coordinates": [ [ 34.2032585, 0.3044594 ], [ 34.2313882, 0.2485247 ] ] } },
{ "type": "Feature", "properties": { "@osmId": "way/33403161", "@snapshotTimestamp": "2019-01-01T00:00:00Z" }, "geometry": { "type": "LineString", "coordinates": [ [ 34.0989475, 0.2775774 ], [ 34.1475644, 0.2855026 ] ] } },
{ "type": "Feature", "properties": { "@osmId": "way/33402677", "@snapshotTimestamp": "2019-01-01T00:00:00Z" }, "geometry": { "type": "LineString", "coordinates": [ [ 34.1475644, 0.2855026 ], [ 34.2005578, 0.3082629 ] ] } },
{ "type": "Feature", "properties": { "@osmId": "way/327888540", "@snapshotTimestamp": "2019-01-01T00:00:00Z" }, "geometry": { "type": "LineString", "coordinates": [ [ 34.1973357, 0.3042234 ], [ 34.2032585, 0.3044594 ] ] } },
{ "type": "Feature", "properties": { "@osmId": "way/220064938", "@snapshotTimestamp": "2019-01-01T00:00:00Z" }, "geometry": { "type": "LineString", "coordinates": [ [ 34.2035579, 0.3039877 ], [ 34.2575866, 0.3348424 ], [ 34.288983, 0.3060497 ] ] } },
{ "type": "Feature", "properties": { "@osmId": "way/33402236", "@snapshotTimestamp": "2019-01-01T00:00:00Z" }, "geometry": { "type": "LineString", "coordinates": [ [ 34.337533, 0.3410133 ], [ 34.288983, 0.3060497 ] ] } },
{ "type": "Feature", "properties": { "@osmId": "way/33402001", "@snapshotTimestamp": "2019-01-01T00:00:00Z" }, "geometry": { "type": "LineString", "coordinates": [ [ 34.1457845, 0.444006 ], [ 34.1423577, 0.3877047 ], [ 34.2032585, 0.3044594 ] ] } },
{ "type": "Feature", "properties": { "@osmId": "way/204415961", "@snapshotTimestamp": "2019-01-01T00:00:00Z" }, "geometry": { "type": "LineString", "coordinates": [ [ 34.486785, 0.3687254 ], [ 34.498925, 0.3298294 ] ] } },
{ "type": "Feature", "properties": { "@osmId": "way/204415975", "@snapshotTimestamp": "2019-01-01T00:00:00Z" }, "geometry": { "type": "LineString", "coordinates": [ [ 34.677081, 0.3780057 ], [ 34.7001783, 0.3526771 ] ] } },
{ "type": "Feature", "properties": { "@osmId": "way/204415959", "@snapshotTimestamp": "2019-01-01T00:00:00Z" }, "geometry": { "type": "LineString", "coordinates": [ [ 34.4869365, 0.3694767 ], [ 34.486785, 0.3687254 ] ] } },
{ "type": "Feature", "properties": { "@osmId": "way/33410236", "@snapshotTimestamp": "2019-01-01T00:00:00Z" }, "geometry": { "type": "LineString", "coordinates": [ [ 34.4885483, 0.3761863 ], [ 34.4869365, 0.3694767 ] ] } },
{ "type": "Feature", "properties": { "@osmId": "way/33401974", "@snapshotTimestamp": "2019-01-01T00:00:00Z" }, "geometry": { "type": "LineString", "coordinates": [ [ 34.4384977, 0.4140675 ], [ 34.419919, 0.3671893 ], [ 34.337533, 0.3410133 ] ] } },
{ "type": "Feature", "properties": { "@osmId": "way/204415973", "@snapshotTimestamp": "2019-01-01T00:00:00Z" }, "geometry": { "type": "LineString", "coordinates": [ [ 34.676906, 0.378054 ], [ 34.677081, 0.3780057 ] ] } },
{ "type": "Feature", "properties": { "@osmId": "way/33402890", "@snapshotTimestamp": "2019-01-01T00:00:00Z" }, "geometry": { "type": "LineString", "coordinates": [ [ 34.6638628, 0.3866989 ], [ 34.676906, 0.378054 ] ] } },
{ "type": "Feature", "properties": { "@osmId": "way/33401995", "@snapshotTimestamp": "2019-01-01T00:00:00Z" }, "geometry": { "type": "LineString", "coordinates": [ [ 34.6585049, 0.4113843 ], [ 34.6638628, 0.3866989 ] ] } },
{ "type": "Feature", "properties": { "@osmId": "way/33402133", "@snapshotTimestamp": "2019-01-01T00:00:00Z" }, "geometry": { "type": "LineString", "coordinates": [ [ 34.3202493, 0.4695404 ], [ 34.4885483, 0.3761863 ] ] } },
{ "type": "Feature", "properties": { "@osmId": "way/204415977", "@snapshotTimestamp": "2019-01-01T00:00:00Z" }, "geometry": { "type": "LineString", "coordinates": [ [ 34.6174115, 0.4510365 ], [ 34.6585049, 0.4113843 ] ] } },
{ "type": "Feature", "properties": { "@osmId": "way/34359298", "@snapshotTimestamp": "2019-01-01T00:00:00Z" }, "geometry": { "type": "LineString", "coordinates": [ [ 34.1448318, 0.4446927 ], [ 34.1457845, 0.444006 ] ] } },
{ "type": "Feature", "properties": { "@osmId": "way/366477433", "@snapshotTimestamp": "2019-01-01T00:00:00Z" }, "geometry": { "type": "LineString", "coordinates": [ [ 34.123171667924851, 0.456709101224093 ], [ 34.1448318, 0.4446927 ] ] } },
{ "type": "Feature", "properties": { "@osmId": "way/33402493", "@snapshotTimestamp": "2019-01-01T00:00:00Z" }, "geometry": { "type": "LineString", "coordinates": [ [ 34.2512956, 0.4483892 ], [ 34.3149126, 0.4711528 ] ] } },
{ "type": "Feature", "properties": { "@osmId": "way/33403190", "@snapshotTimestamp": "2019-01-01T00:00:00Z" }, "geometry": { "type": "LineString", "coordinates": [ [ 34.1448318, 0.4446927 ], [ 34.2182878, 0.4839144 ], [ 34.2512956, 0.4483892 ] ] } },
{ "type": "Feature", "properties": { "@osmId": "way/316623547", "@snapshotTimestamp": "2019-01-01T00:00:00Z" }, "geometry": { "type": "LineString", "coordinates": [ [ 34.1366393, 0.4845653 ], [ 34.1383228, 0.4486789 ] ] } },
{ "type": "Feature", "properties": { "@osmId": "way/33403267", "@snapshotTimestamp": "2019-01-01T00:00:00Z" }, "geometry": { "type": "LineString", "coordinates": [ [ 34.3149126, 0.4711528 ], [ 34.3202493, 0.4695404 ] ] } },
{ "type": "Feature", "properties": { "@osmId": "way/545742322", "@snapshotTimestamp": "2019-01-01T00:00:00Z" }, "geometry": { "type": "LineString", "coordinates": [ [ 34.3146553, 0.487451 ], [ 34.3149126, 0.4711528 ] ] } },
{ "type": "Feature", "properties": { "@osmId": "way/545742323", "@snapshotTimestamp": "2019-01-01T00:00:00Z" }, "geometry": { "type": "LineString", "coordinates": [ [ 34.3146163, 0.4875795 ], [ 34.3146553, 0.487451 ] ] } },
{ "type": "Feature", "properties": { "@osmId": "way/257455330", "@snapshotTimestamp": "2019-01-01T00:00:00Z" }, "geometry": { "type": "LineString", "coordinates": [ [ 34.1366393, 0.4845653 ], [ 34.1348385, 0.4983031 ] ] } },
{ "type": "Feature", "properties": { "@osmId": "way/316623553", "@snapshotTimestamp": "2019-01-01T00:00:00Z" }, "geometry": { "type": "LineString", "coordinates": [ [ 34.1586436, 0.5235014 ], [ 34.1348385, 0.4983031 ] ] } },
{ "type": "Feature", "properties": { "@osmId": "way/204415970", "@snapshotTimestamp": "2019-01-01T00:00:00Z" }, "geometry": { "type": "LineString", "coordinates": [ [ 34.6166405, 0.4511735 ], [ 34.6174115, 0.4510365 ] ] } },
{ "type": "Feature", "properties": { "@osmId": "way/34359122", "@snapshotTimestamp": "2019-01-01T00:00:00Z" }, "geometry": { "type": "LineString", "coordinates": [ [ 34.6136986, 0.4532062 ], [ 34.6166405, 0.4511735 ] ] } },
{ "type": "Feature", "properties": { "@osmId": "way/33402967", "@snapshotTimestamp": "2019-01-01T00:00:00Z" }, "geometry": { "type": "LineString", "coordinates": [ [ 34.5535312, 0.5326443 ], [ 34.4885483, 0.3761863 ] ] } },
{ "type": "Feature", "properties": { "@osmId": "way/204415974", "@snapshotTimestamp": "2019-01-01T00:00:00Z" }, "geometry": { "type": "LineString", "coordinates": [ [ 34.6055003, 0.497932 ], [ 34.6136986, 0.4532062 ] ] } },
{ "type": "Feature", "properties": { "@osmId": "way/204415972", "@snapshotTimestamp": "2019-01-01T00:00:00Z" }, "geometry": { "type": "LineString", "coordinates": [ [ 34.6054229, 0.4980685 ], [ 34.6055003, 0.497932 ] ] } },
{ "type": "Feature", "properties": { "@osmId": "way/204415976", "@snapshotTimestamp": "2019-01-01T00:00:00Z" }, "geometry": { "type": "LineString", "coordinates": [ [ 34.5638952, 0.5397438 ], [ 34.5987883, 0.5315072 ], [ 34.6054229, 0.4980685 ] ] } },
{ "type": "Feature", "properties": { "@osmId": "way/33402630", "@snapshotTimestamp": "2019-01-01T00:00:00Z" }, "geometry": { "type": "LineString", "coordinates": [ [ 34.5549692, 0.5397895 ], [ 34.5638004, 0.5396843 ] ] } },
{ "type": "Feature", "properties": { "@osmId": "way/204415971", "@snapshotTimestamp": "2019-01-01T00:00:00Z" }, "geometry": { "type": "LineString", "coordinates": [ [ 34.5638004, 0.5396843 ], [ 34.5638952, 0.5397438 ] ] } },
{ "type": "Feature", "properties": { "@osmId": "way/256939249", "@snapshotTimestamp": "2019-01-01T00:00:00Z" }, "geometry": { "type": "LineString", "coordinates": [ [ 34.4074235, 0.6037853 ], [ 34.3146163, 0.4875795 ] ] } },
{ "type": "Feature", "properties": { "@osmId": "way/33401758", "@snapshotTimestamp": "2019-01-01T00:00:00Z" }, "geometry": { "type": "LineString", "coordinates": [ [ 34.5530708, 0.5928619 ], [ 34.5535312, 0.5326443 ] ] } },
{ "type": "Feature", "properties": { "@osmId": "way/209405061", "@snapshotTimestamp": "2019-01-01T00:00:00Z" }, "geometry": { "type": "LineString", "coordinates": [ [ 34.7235391, 0.3382065 ], [ 34.7236664, 0.3380707 ] ] } },
{ "type": "Feature", "properties": { "@osmId": "way/33409740", "@snapshotTimestamp": "2019-01-01T00:00:00Z" }, "geometry": { "type": "LineString", "coordinates": [ [ 34.7224479, 0.3418885 ], [ 34.7235391, 0.3382065 ] ] } },
{ "type": "Feature", "properties": { "@osmId": "way/34358913", "@snapshotTimestamp": "2019-01-01T00:00:00Z" }, "geometry": { "type": "LineString", "coordinates": [ [ 34.7174743, 0.3532938 ], [ 34.7224479, 0.3418885 ] ] } },
{ "type": "Feature", "properties": { "@osmId": "way/33409166", "@snapshotTimestamp": "2019-01-01T00:00:00Z" }, "geometry": { "type": "LineString", "coordinates": [ [ 34.7001783, 0.3526771 ], [ 34.7174743, 0.3532938 ] ] } },
{ "type": "Feature", "properties": { "@osmId": "way/209405079", "@snapshotTimestamp": "2019-01-01T00:00:00Z" }, "geometry": { "type": "LineString", "coordinates": [ [ 34.8001001, 0.5837676 ], [ 34.7637662, 0.604318 ] ] } },
{ "type": "Feature", "properties": { "@osmId": "way/209842652", "@snapshotTimestamp": "2019-01-01T00:00:00Z" }, "geometry": { "type": "LineString", "coordinates": [ [ 34.7637662, 0.604318 ], [ 34.7636579, 0.6045334 ] ] } },
{ "type": "Feature", "properties": { "@osmId": "way/209842656", "@snapshotTimestamp": "2019-01-01T00:00:00Z" }, "geometry": { "type": "LineString", "coordinates": [ [ 34.7636579, 0.6045334 ], [ 34.6999243, 0.6199957 ] ] } },
{ "type": "Feature", "properties": { "@osmId": "way/33401691", "@snapshotTimestamp": "2019-01-01T00:00:00Z" }, "geometry": { "type": "LineString", "coordinates": [ [ 34.761932, 0.6150657 ], [ 34.7599089, 0.608443 ] ] } },
{ "type": "Feature", "properties": { "@osmId": "way/209598084", "@snapshotTimestamp": "2019-01-01T00:00:00Z" }, "geometry": { "type": "LineString", "coordinates": [ [ 34.6999243, 0.6199957 ], [ 34.6997177, 0.620102 ] ] } },
{ "type": "Feature", "properties": { "@osmId": "way/34357924", "@snapshotTimestamp": "2019-01-01T00:00:00Z" }, "geometry": { "type": "LineString", "coordinates": [ [ 34.7555645, 0.6575668 ], [ 34.761932, 0.6150657 ] ] } },
{ "type": "Feature", "properties": { "@osmId": "way/256824346", "@snapshotTimestamp": "2019-01-01T00:00:00Z" }, "geometry": { "type": "LineString", "coordinates": [ [ 34.1586436, 0.5235014 ], [ 34.1752035, 0.5458332 ] ] } },
{ "type": "Feature", "properties": { "@osmId": "way/256571269", "@snapshotTimestamp": "2019-01-01T00:00:00Z" }, "geometry": { "type": "LineString", "coordinates": [ [ 34.2145379, 0.5880072 ], [ 34.1752035, 0.5458332 ] ] } },
{ "type": "Feature", "properties": { "@osmId": "way/204422476", "@snapshotTimestamp": "2019-01-01T00:00:00Z" }, "geometry": { "type": "LineString", "coordinates": [ [ 34.2425274, 0.613549 ], [ 34.2145379, 0.5880072 ] ] } },
{ "type": "Feature", "properties": { "@osmId": "way/204422473", "@snapshotTimestamp": "2019-01-01T00:00:00Z" }, "geometry": { "type": "LineString", "coordinates": [ [ 34.2424985, 0.6137539 ], [ 34.2425274, 0.613549 ] ] } },
{ "type": "Feature", "properties": { "@osmId": "way/393657691", "@snapshotTimestamp": "2019-01-01T00:00:00Z" }, "geometry": { "type": "LineString", "coordinates": [ [ 34.183022, 0.6152315 ], [ 34.184229, 0.6190347 ] ] } },
{ "type": "Feature", "properties": { "@osmId": "way/393657694", "@snapshotTimestamp": "2019-01-01T00:00:00Z" }, "geometry": { "type": "LineString", "coordinates": [ [ 34.184229, 0.6190347 ], [ 34.183791545850127, 0.620451955103562 ] ] } },
{ "type": "Feature", "properties": { "@osmId": "way/209598081", "@snapshotTimestamp": "2019-01-01T00:00:00Z" }, "geometry": { "type": "LineString", "coordinates": [ [ 34.340862, 0.6219937 ], [ 34.340815, 0.6221848 ] ] } },
{ "type": "Feature", "properties": { "@osmId": "way/174966949", "@snapshotTimestamp": "2019-01-01T00:00:00Z" }, "geometry": { "type": "LineString", "coordinates": [ [ 34.2738915, 0.6344456 ], [ 34.2424985, 0.6137539 ] ] } },
{ "type": "Feature", "properties": { "@osmId": "way/209598088", "@snapshotTimestamp": "2019-01-01T00:00:00Z" }, "geometry": { "type": "LineString", "coordinates": [ [ 34.340815, 0.6221848 ], [ 34.2698747, 0.6364068 ] ] } },
{ "type": "Feature", "properties": { "@osmId": "way/394421794", "@snapshotTimestamp": "2019-01-01T00:00:00Z" }, "geometry": { "type": "LineString", "coordinates": [ [ 34.2686219, 0.6372828 ], [ 34.2698747, 0.6364068 ] ] } },
{ "type": "Feature", "properties": { "@osmId": "way/394421792", "@snapshotTimestamp": "2019-01-01T00:00:00Z" }, "geometry": { "type": "LineString", "coordinates": [ [ 34.2698747, 0.6364068 ], [ 34.2686219, 0.6372828 ] ] } },
{ "type": "Feature", "properties": { "@osmId": "way/394421795", "@snapshotTimestamp": "2019-01-01T00:00:00Z" }, "geometry": { "type": "LineString", "coordinates": [ [ 34.2686219, 0.6372828 ], [ 34.2683933, 0.6374102 ] ] } },
{ "type": "Feature", "properties": { "@osmId": "way/394421793", "@snapshotTimestamp": "2019-01-01T00:00:00Z" }, "geometry": { "type": "LineString", "coordinates": [ [ 34.2683933, 0.6374102 ], [ 34.2682439, 0.6375077 ] ] } },
{ "type": "Feature", "properties": { "@osmId": "way/394421797", "@snapshotTimestamp": "2019-01-01T00:00:00Z" }, "geometry": { "type": "LineString", "coordinates": [ [ 34.2681411, 0.6375734 ], [ 34.2682439, 0.6375077 ] ] } },
{ "type": "Feature", "properties": { "@osmId": "way/223190327", "@snapshotTimestamp": "2019-01-01T00:00:00Z" }, "geometry": { "type": "LineString", "coordinates": [ [ 34.2645563, 0.6380858 ], [ 34.2681411, 0.6375734 ] ] } },
{ "type": "Feature", "properties": { "@osmId": "way/223190326", "@snapshotTimestamp": "2019-01-01T00:00:00Z" }, "geometry": { "type": "LineString", "coordinates": [ [ 34.2625188, 0.6388312 ], [ 34.2625639, 0.6386824 ], [ 34.2634516, 0.6382553 ], [ 34.2645563, 0.6380858 ], [ 34.2625188, 0.6388312 ] ] } },
{ "type": "Feature", "properties": { "@osmId": "way/395997996", "@snapshotTimestamp": "2019-01-01T00:00:00Z" }, "geometry": { "type": "LineString", "coordinates": [ [ 34.2664545, 0.6399334 ], [ 34.266167, 0.6388799 ] ] } },
{ "type": "Feature", "properties": { "@osmId": "way/332670582", "@snapshotTimestamp": "2019-01-01T00:00:00Z" }, "geometry": { "type": "LineString", "coordinates": [ [ 34.253666960656467, 0.640134328432442 ], [ 34.2625188, 0.6388312 ] ] } },
{ "type": "Feature", "properties": { "@osmId": "way/395998017", "@snapshotTimestamp": "2019-01-01T00:00:00Z" }, "geometry": { "type": "MultiLineString", "coordinates": [ [ [ 34.2653659, 0.640305 ], [ 34.2656357, 0.6396584 ] ], [ [ 34.2656357, 0.6396584 ], [ 34.2656529, 0.6395037 ], [ 34.2656489, 0.6392708 ], [ 34.2658103, 0.6394084 ], [ 34.2656357, 0.6396584 ] ] ] } },
{ "type": "Feature", "properties": { "@osmId": "way/394421796", "@snapshotTimestamp": "2019-01-01T00:00:00Z" }, "geometry": { "type": "LineString", "coordinates": [ [ 34.258306317854178, 0.64076689905646 ], [ 34.2601382, 0.6399795 ] ] } },
{ "type": "Feature", "properties": { "@osmId": "way/209598097", "@snapshotTimestamp": "2019-01-01T00:00:00Z" }, "geometry": { "type": "LineString", "coordinates": [ [ 34.6997177, 0.620102 ], [ 34.5061482, 0.590151 ], [ 34.340862, 0.6219937 ] ] } },
{ "type": "Feature", "properties": { "@osmId": "way/176826832", "@snapshotTimestamp": "2019-01-01T00:00:00Z" }, "geometry": { "type": "LineString", "coordinates": [ [ 34.5727944, 0.7193817 ], [ 34.5166109, 0.6485212 ], [ 34.54683, 0.5927799 ] ] } },
{ "type": "Feature", "properties": { "@osmId": "way/33401597", "@snapshotTimestamp": "2019-01-01T00:00:00Z" }, "geometry": { "type": "LineString", "coordinates": [ [ 34.4078056, 0.6036774 ], [ 34.4273723, 0.6696967 ], [ 34.3896592, 0.7244375 ], [ 34.383611215674343, 0.788135730451625 ] ] } },
{ "type": "Feature", "properties": { "@osmId": "way/175913988", "@snapshotTimestamp": "2019-01-01T00:00:00Z" }, "geometry": { "type": "LineString", "coordinates": [ [ 34.4272343, 0.6702943 ], [ 34.5037141, 0.7552513 ] ] } },
{ "type": "Feature", "properties": { "@osmId": "way/33409172", "@snapshotTimestamp": "2019-01-01T00:00:00Z" }, "geometry": { "type": "LineString", "coordinates": [ [ 34.5729377, 0.7318874 ], [ 34.5727944, 0.7193817 ] ] } },
{ "type": "Feature", "properties": { "@osmId": "way/33409535", "@snapshotTimestamp": "2019-01-01T00:00:00Z" }, "geometry": { "type": "LineString", "coordinates": [ [ 34.5791474, 0.7359539 ], [ 34.5729377, 0.7318874 ] ] } },
{ "type": "Feature", "properties": { "@osmId": "way/33402357", "@snapshotTimestamp": "2019-01-01T00:00:00Z" }, "geometry": { "type": "LineString", "coordinates": [ [ 34.5791474, 0.7359539 ], [ 34.6256607, 0.7525134 ] ] } },
{ "type": "Feature", "properties": { "@osmId": "way/33409591", "@snapshotTimestamp": "2019-01-01T00:00:00Z" }, "geometry": { "type": "LineString", "coordinates": [ [ 34.5214739, 0.7688242 ], [ 34.5791474, 0.7359539 ] ] } },
{ "type": "Feature", "properties": { "@osmId": "way/33402144", "@snapshotTimestamp": "2019-01-01T00:00:00Z" }, "geometry": { "type": "LineString", "coordinates": [ [ 34.5214739, 0.7688242 ], [ 34.5037141, 0.7552513 ] ] } },
{ "type": "Feature", "properties": { "@osmId": "way/34358217", "@snapshotTimestamp": "2019-01-01T00:00:00Z" }, "geometry": { "type": "LineString", "coordinates": [ [ 34.6256607, 0.7525134 ], [ 34.7198781, 0.7834826 ] ] } },
{ "type": "Feature", "properties": { "@osmId": "way/33409212", "@snapshotTimestamp": "2019-01-01T00:00:00Z" }, "geometry": { "type": "LineString", "coordinates": [ [ 34.7621231, 0.7267693 ], [ 34.7555645, 0.6575668 ] ] } },
{ "type": "Feature", "properties": { "@osmId": "way/34357894", "@snapshotTimestamp": "2019-01-01T00:00:00Z" }, "geometry": { "type": "LineString", "coordinates": [ [ 34.7903347, 0.7778726 ], [ 34.7621231, 0.7267693 ] ] } },
{ "type": "Feature", "properties": { "@osmId": "way/176455005", "@snapshotTimestamp": "2019-01-01T00:00:00Z" }, "geometry": { "type": "LineString", "coordinates": [ [ 34.7404337, 0.7855189 ], [ 34.7903347, 0.7778726 ] ] } },
{ "type": "Feature", "properties": { "@osmId": "way/33402469", "@snapshotTimestamp": "2019-01-01T00:00:00Z" }, "geometry": { "type": "LineString", "coordinates": [ [ 34.7198781, 0.7834826 ], [ 34.7404337, 0.7855189 ] ] } },
{ "type": "Feature", "properties": { "@osmId": "way/198653196", "@snapshotTimestamp": "2019-01-01T00:00:00Z" }, "geometry": { "type": "LineString", "coordinates": [ [ 34.7292614, 3.7512191 ], [ 34.7293763, 3.7511378 ] ] } },
{ "type": "Feature", "properties": { "@osmId": "way/198653190", "@snapshotTimestamp": "2019-01-01T00:00:00Z" }, "geometry": { "type": "LineString", "coordinates": [ [ 34.7038804, 3.7547047 ], [ 34.7292614, 3.7512191 ] ] } },
{ "type": "Feature", "properties": { "@osmId": "way/198653198", "@snapshotTimestamp": "2019-01-01T00:00:00Z" }, "geometry": { "type": "LineString", "coordinates": [ [ 34.7037154, 3.7547622 ], [ 34.7038804, 3.7547047 ] ] } },
{ "type": "Feature", "properties": { "@osmId": "way/442423541", "@snapshotTimestamp": "2019-01-01T00:00:00Z" }, "geometry": { "type": "LineString", "coordinates": [ [ 35.053092, 1.0591727 ], [ 35.053281, 1.0593524 ] ] } },
{ "type": "Feature", "properties": { "@osmId": "way/33402109", "@snapshotTimestamp": "2019-01-01T00:00:00Z" }, "geometry": { "type": "LineString", "coordinates": [ [ 34.8568396, 1.0734503 ], [ 34.9125754, 1.0559802 ] ] } },
{ "type": "Feature", "properties": { "@osmId": "way/448595443", "@snapshotTimestamp": "2019-01-01T00:00:00Z" }, "geometry": { "type": "LineString", "coordinates": [ [ 34.8279133, 1.0659411 ], [ 34.8562831, 1.0729956 ] ] } },
{ "type": "Feature", "properties": { "@osmId": "way/567565277", "@snapshotTimestamp": "2019-01-01T00:00:00Z" }, "geometry": { "type": "LineString", "coordinates": [ [ 35.0160832, 1.1215277 ], [ 34.9975277, 1.0479754 ] ] } },
{ "type": "Feature", "properties": { "@osmId": "way/167978297", "@snapshotTimestamp": "2019-01-01T00:00:00Z" }, "geometry": { "type": "LineString", "coordinates": [ [ 35.053281, 1.0593524 ], [ 35.099262, 1.1313572 ] ] } },
{ "type": "Feature", "properties": { "@osmId": "way/177372013", "@snapshotTimestamp": "2019-01-01T00:00:00Z" }, "geometry": { "type": "LineString", "coordinates": [ [ 34.745957966391899, 1.21486258088761 ], [ 34.823631, 1.193732 ], [ 34.8568396, 1.0734503 ] ] } },
{ "type": "Feature", "properties": { "@osmId": "way/165736729", "@snapshotTimestamp": "2019-01-01T00:00:00Z" }, "geometry": { "type": "LineString", "coordinates": [ [ 35.0933022, 1.2593233 ], [ 35.0942361, 1.2589072 ] ] } },
{ "type": "Feature", "properties": { "@osmId": "way/292040231", "@snapshotTimestamp": "2019-01-01T00:00:00Z" }, "geometry": { "type": "LineString", "coordinates": [ [ 35.0053735, 1.4658478 ], [ 35.0298151, 1.3508627 ], [ 35.0520009, 1.3524665 ], [ 35.0933022, 1.2593233 ] ] } },
{ "type": "Feature", "properties": { "@osmId": "way/165736721", "@snapshotTimestamp": "2019-01-01T00:00:00Z" }, "geometry": { "type": "LineString", "coordinates": [ [ 35.0104588, 1.4789337 ], [ 35.0053735, 1.4658478 ] ] } },
{ "type": "Feature", "properties": { "@osmId": "way/249561932", "@snapshotTimestamp": "2019-01-01T00:00:00Z" }, "geometry": { "type": "LineString", "coordinates": [ [ 35.0107933, 1.4789371 ], [ 35.0104588, 1.4789337 ] ] } },
{ "type": "Feature", "properties": { "@osmId": "way/203940534", "@snapshotTimestamp": "2019-01-01T00:00:00Z" }, "geometry": { "type": "LineString", "coordinates": [ [ 35.6555557, 1.2255301 ], [ 35.6555929, 1.2252849 ] ] } },
{ "type": "Feature", "properties": { "@osmId": "way/166969004", "@snapshotTimestamp": "2019-01-01T00:00:00Z" }, "geometry": { "type": "LineString", "coordinates": [ [ 35.6942321, 1.3699264 ], [ 35.7878207, 1.2883518 ], [ 35.7542304, 1.214917 ] ] } },
{ "type": "Feature", "properties": { "@osmId": "way/199412310", "@snapshotTimestamp": "2019-01-01T00:00:00Z" }, "geometry": { "type": "LineString", "coordinates": [ [ 35.6312722, 1.3622845 ], [ 35.6191444, 1.2876483 ], [ 35.6555557, 1.2255301 ] ] } },
{ "type": "Feature", "properties": { "@osmId": "way/199412309", "@snapshotTimestamp": "2019-01-01T00:00:00Z" }, "geometry": { "type": "LineString", "coordinates": [ [ 35.6312722, 1.3622845 ], [ 35.6937851, 1.369983 ] ] } },
{ "type": "Feature", "properties": { "@osmId": "way/166969003", "@snapshotTimestamp": "2019-01-01T00:00:00Z" }, "geometry": { "type": "LineString", "coordinates": [ [ 35.6937851, 1.369983 ], [ 35.6942321, 1.3699264 ] ] } },
{ "type": "Feature", "properties": { "@osmId": "way/101334093", "@snapshotTimestamp": "2019-01-01T00:00:00Z" }, "geometry": { "type": "LineString", "coordinates": [ [ 35.5595906, 1.404725 ], [ 35.6312722, 1.3622845 ] ] } },
{ "type": "Feature", "properties": { "@osmId": "way/230047893", "@snapshotTimestamp": "2019-01-01T00:00:00Z" }, "geometry": { "type": "LineString", "coordinates": [ [ 35.4889762, 1.4735221 ], [ 35.5595906, 1.404725 ] ] } },
{ "type": "Feature", "properties": { "@osmId": "way/230047890", "@snapshotTimestamp": "2019-01-01T00:00:00Z" }, "geometry": { "type": "LineString", "coordinates": [ [ 35.4891606, 1.4739112 ], [ 35.4889762, 1.4735221 ] ] } },
{ "type": "Feature", "properties": { "@osmId": "way/230047896", "@snapshotTimestamp": "2019-01-01T00:00:00Z" }, "geometry": { "type": "LineString", "coordinates": [ [ 35.4481064, 1.5301261 ], [ 35.4891606, 1.4739112 ] ] } },
{ "type": "Feature", "properties": { "@osmId": "way/101334094", "@snapshotTimestamp": "2019-01-01T00:00:00Z" }, "geometry": { "type": "LineString", "coordinates": [ [ 35.5808451, 1.4018148 ], [ 35.7743511, 1.6239534 ], [ 35.7716663, 1.6935406 ] ] } },
{ "type": "Feature", "properties": { "@osmId": "way/249561929", "@snapshotTimestamp": "2019-01-01T00:00:00Z" }, "geometry": { "type": "LineString", "coordinates": [ [ 35.329542, 1.4027798 ], [ 35.3298446, 1.4026485 ] ] } },
{ "type": "Feature", "properties": { "@osmId": "way/249561928", "@snapshotTimestamp": "2019-01-01T00:00:00Z" }, "geometry": { "type": "LineString", "coordinates": [ [ 35.3298446, 1.4026485 ], [ 35.4069621, 1.4993284 ] ] } },
{ "type": "Feature", "properties": { "@osmId": "way/167978299", "@snapshotTimestamp": "2019-01-01T00:00:00Z" }, "geometry": { "type": "LineString", "coordinates": [ [ 35.2291562, 1.455873 ], [ 35.2303419, 1.4603101 ] ] } },
{ "type": "Feature", "properties": { "@osmId": "way/173075678", "@snapshotTimestamp": "2019-01-01T00:00:00Z" }, "geometry": { "type": "LineString", "coordinates": [ [ 35.2303419, 1.4603101 ], [ 35.2305091, 1.4620356 ] ] } },
{ "type": "Feature", "properties": { "@osmId": "way/173075672", "@snapshotTimestamp": "2019-01-01T00:00:00Z" }, "geometry": { "type": "LineString", "coordinates": [ [ 35.2305091, 1.4620356 ], [ 35.2306566, 1.4623883 ] ] } },
{ "type": "Feature", "properties": { "@osmId": "way/174953792", "@snapshotTimestamp": "2019-01-01T00:00:00Z" }, "geometry": { "type": "LineString", "coordinates": [ [ 35.2306566, 1.4623883 ], [ 35.2327399, 1.4669107 ] ] } },
{ "type": "Feature", "properties": { "@osmId": "way/302749684", "@snapshotTimestamp": "2019-01-01T00:00:00Z" }, "geometry": { "type": "LineString", "coordinates": [ [ 35.4058175, 1.5041562 ], [ 35.4069621, 1.4993284 ] ] } },
{ "type": "Feature", "properties": { "@osmId": "way/658311103", "@snapshotTimestamp": "2019-01-01T00:00:00Z" }, "geometry": { "type": "LineString", "coordinates": [ [ 35.4058175, 1.5041562 ], [ 35.4216971, 1.5284218 ] ] } },
{ "type": "Feature", "properties": { "@osmId": "way/166377953", "@snapshotTimestamp": "2019-01-01T00:00:00Z" }, "geometry": { "type": "LineString", "coordinates": [ [ 35.4216971, 1.5284218 ], [ 35.4222548, 1.5287184 ] ] } },
{ "type": "Feature", "properties": { "@osmId": "way/166377950", "@snapshotTimestamp": "2019-01-01T00:00:00Z" }, "geometry": { "type": "LineString", "coordinates": [ [ 35.4222548, 1.5287184 ], [ 35.444611, 1.5322176 ] ] } },
{ "type": "Feature", "properties": { "@osmId": "way/201542464", "@snapshotTimestamp": "2019-01-01T00:00:00Z" }, "geometry": { "type": "LineString", "coordinates": [ [ 34.9714282, 1.5579163 ], [ 34.931360083536852, 1.564722799809027 ] ] } },
{ "type": "Feature", "properties": { "@osmId": "way/33401977", "@snapshotTimestamp": "2019-01-01T00:00:00Z" }, "geometry": { "type": "LineString", "coordinates": [ [ 35.0524575, 1.7716581 ], [ 35.0303725, 1.7257249 ], [ 35.0627709, 1.6392665 ], [ 34.9713319, 1.5574309 ], [ 35.0107933, 1.4789371 ] ] } },
{ "type": "Feature", "properties": { "@osmId": "way/165752724", "@snapshotTimestamp": "2019-01-01T00:00:00Z" }, "geometry": { "type": "LineString", "coordinates": [ [ 35.051231, 1.7914398 ], [ 35.0524575, 1.7716581 ] ] } },
{ "type": "Feature", "properties": { "@osmId": "way/33403228", "@snapshotTimestamp": "2019-01-01T00:00:00Z" }, "geometry": { "type": "LineString", "coordinates": [ [ 35.0510941, 1.7943234 ], [ 35.051231, 1.7914398 ] ] } },
{ "type": "Feature", "properties": { "@osmId": "way/165752716", "@snapshotTimestamp": "2019-01-01T00:00:00Z" }, "geometry": { "type": "LineString", "coordinates": [ [ 35.0267402, 1.8347113 ], [ 35.0510941, 1.7943234 ] ] } },
{ "type": "Feature", "properties": { "@osmId": "way/204503072", "@snapshotTimestamp": "2019-01-01T00:00:00Z" }, "geometry": { "type": "LineString", "coordinates": [ [ 35.0372149, 1.8466465 ], [ 35.0267402, 1.8347113 ] ] } },
{ "type": "Feature", "properties": { "@osmId": "way/204503070", "@snapshotTimestamp": "2019-01-01T00:00:00Z" }, "geometry": { "type": "LineString", "coordinates": [ [ 35.0374343, 1.846932 ], [ 35.0372149, 1.8466465 ] ] } },
{ "type": "Feature", "properties": { "@osmId": "way/204503071", "@snapshotTimestamp": "2019-01-01T00:00:00Z" }, "geometry": { "type": "LineString", "coordinates": [ [ 35.0376306, 1.8471229 ], [ 35.0374343, 1.846932 ] ] } },
{ "type": "Feature", "properties": { "@osmId": "way/165752721", "@snapshotTimestamp": "2019-01-01T00:00:00Z" }, "geometry": { "type": "LineString", "coordinates": [ [ 35.0403843, 1.8483941 ], [ 35.0376306, 1.8471229 ] ] } },
{ "type": "Feature", "properties": { "@osmId": "way/166955328", "@snapshotTimestamp": "2019-01-01T00:00:00Z" }, "geometry": { "type": "LineString", "coordinates": [ [ 35.060035, 1.8739594 ], [ 35.0403843, 1.8483941 ] ] } },
{ "type": "Feature", "properties": { "@osmId": "way/103124714", "@snapshotTimestamp": "2019-01-01T00:00:00Z" }, "geometry": { "type": "LineString", "coordinates": [ [ 35.4646286, 1.5840363 ], [ 35.49621, 1.771439 ] ] } },
{ "type": "Feature", "properties": { "@osmId": "way/276342418", "@snapshotTimestamp": "2019-01-01T00:00:00Z" }, "geometry": { "type": "LineString", "coordinates": [ [ 35.49621, 1.771439 ], [ 35.496804, 1.7716523 ] ] } },
{ "type": "Feature", "properties": { "@osmId": "way/33402104", "@snapshotTimestamp": "2019-01-01T00:00:00Z" }, "geometry": { "type": "LineString", "coordinates": [ [ 35.527482, 1.9385939 ], [ 35.5606666, 1.84701 ], [ 35.496804, 1.7716523 ] ] } },
{ "type": "Feature", "properties": { "@osmId": "way/165630961", "@snapshotTimestamp": "2019-01-01T00:00:00Z" }, "geometry": { "type": "LineString", "coordinates": [ [ 35.4954844, 2.1319991 ], [ 35.483386, 2.0883446 ], [ 35.4949052, 2.0453637 ], [ 35.5276912, 2.0251598 ], [ 35.527482, 1.9385939 ] ] } },
{ "type": "Feature", "properties": { "@osmId": "way/165630959", "@snapshotTimestamp": "2019-01-01T00:00:00Z" }, "geometry": { "type": "LineString", "coordinates": [ [ 35.4975912, 2.1374749 ], [ 35.4954844, 2.1319991 ] ] } },
{ "type": "Feature", "properties": { "@osmId": "way/165630974", "@snapshotTimestamp": "2019-01-01T00:00:00Z" }, "geometry": { "type": "LineString", "coordinates": [ [ 35.7743345, 2.1900447 ], [ 35.7859881, 2.172401 ] ] } },
{ "type": "Feature", "properties": { "@osmId": "way/165630960", "@snapshotTimestamp": "2019-01-01T00:00:00Z" }, "geometry": { "type": "LineString", "coordinates": [ [ 35.6428002, 2.3709123 ], [ 35.5836392, 2.3134864 ], [ 35.5471665, 2.1990401 ], [ 35.4975912, 2.1374749 ] ] } },
{ "type": "Feature", "properties": { "@osmId": "way/165630984", "@snapshotTimestamp": "2019-01-01T00:00:00Z" }, "geometry": { "type": "LineString", "coordinates": [ [ 35.6536793, 2.3816865 ], [ 35.7743345, 2.1900447 ] ] } },
{ "type": "Feature", "properties": { "@osmId": "way/165630957", "@snapshotTimestamp": "2019-01-01T00:00:00Z" }, "geometry": { "type": "LineString", "coordinates": [ [ 35.6447922, 2.3756444 ], [ 35.6428002, 2.3709123 ] ] } },
{ "type": "Feature", "properties": { "@osmId": "way/165630955", "@snapshotTimestamp": "2019-01-01T00:00:00Z" }, "geometry": { "type": "LineString", "coordinates": [ [ 35.6455126, 2.3773557 ], [ 35.6447922, 2.3756444 ] ] } },
{ "type": "Feature", "properties": { "@osmId": "way/166955329", "@snapshotTimestamp": "2019-01-01T00:00:00Z" }, "geometry": { "type": "LineString", "coordinates": [ [ 35.0601339, 1.8742256 ], [ 35.060035, 1.8739594 ] ] } },
{ "type": "Feature", "properties": { "@osmId": "way/33402238", "@snapshotTimestamp": "2019-01-01T00:00:00Z" }, "geometry": { "type": "LineString", "coordinates": [ [ 35.0557756, 2.040729 ], [ 35.0167374, 2.0105825 ], [ 35.0544296, 1.9523691 ], [ 35.0601339, 1.8742256 ] ] } },
{ "type": "Feature", "properties": { "@osmId": "way/166918154", "@snapshotTimestamp": "2019-01-01T00:00:00Z" }, "geometry": { "type": "LineString", "coordinates": [ [ 35.0514874, 2.0595353 ], [ 35.0557756, 2.040729 ] ] } },
{ "type": "Feature", "properties": { "@osmId": "way/326649266", "@snapshotTimestamp": "2019-01-01T00:00:00Z" }, "geometry": { "type": "LineString", "coordinates": [ [ 35.0359141, 2.2197776 ], [ 35.0213391, 2.1248805 ], [ 35.0514874, 2.0595353 ] ] } },
{ "type": "Feature", "properties": { "@osmId": "way/326649265", "@snapshotTimestamp": "2019-01-01T00:00:00Z" }, "geometry": { "type": "LineString", "coordinates": [ [ 35.035951, 2.2200583 ], [ 35.0359141, 2.2197776 ] ] } },
{ "type": "Feature", "properties": { "@osmId": "way/48685580", "@snapshotTimestamp": "2019-01-01T00:00:00Z" }, "geometry": { "type": "LineString", "coordinates": [ [ 35.010441, 2.2667117 ], [ 35.035951, 2.2200583 ] ] } },
{ "type": "Feature", "properties": { "@osmId": "way/166918156", "@snapshotTimestamp": "2019-01-01T00:00:00Z" }, "geometry": { "type": "LineString", "coordinates": [ [ 35.0059531, 2.2751961 ], [ 35.010441, 2.2667117 ] ] } },
{ "type": "Feature", "properties": { "@osmId": "way/198445865", "@snapshotTimestamp": "2019-01-01T00:00:00Z" }, "geometry": { "type": "LineString", "coordinates": [ [ 35.0020576, 2.2801377 ], [ 35.0059531, 2.2751961 ] ] } },
{ "type": "Feature", "properties": { "@osmId": "way/201113544", "@snapshotTimestamp": "2019-01-01T00:00:00Z" }, "geometry": { "type": "LineString", "coordinates": [ [ 34.789251883791074, 2.697214070462536 ], [ 34.8221612, 2.7003675 ] ] } },
{ "type": "Feature", "properties": { "@osmId": "way/201113543", "@snapshotTimestamp": "2019-01-01T00:00:00Z" }, "geometry": { "type": "LineString", "coordinates": [ [ 34.8221612, 2.7003675 ], [ 34.9168729, 2.7715494 ] ] } },
{ "type": "Feature", "properties": { "@osmId": "way/230047892", "@snapshotTimestamp": "2019-01-01T00:00:00Z" }, "geometry": { "type": "LineString", "coordinates": [ [ 35.4479394, 1.5306799 ], [ 35.4481064, 1.5301261 ] ] } },
{ "type": "Feature", "properties": { "@osmId": "way/40815537", "@snapshotTimestamp": "2019-01-01T00:00:00Z" }, "geometry": { "type": "LineString", "coordinates": [ [ 35.444611, 1.5322176 ], [ 35.4479394, 1.5306799 ] ] } },
{ "type": "Feature", "properties": { "@osmId": "way/166969000", "@snapshotTimestamp": "2019-01-01T00:00:00Z" }, "geometry": { "type": "LineString", "coordinates": [ [ 35.444611, 1.5322176 ], [ 35.4646286, 1.5840363 ] ] } },
{ "type": "Feature", "properties": { "@osmId": "way/198469181", "@snapshotTimestamp": "2019-01-01T00:00:00Z" }, "geometry": { "type": "LineString", "coordinates": [ [ 35.2467276, 2.8773887 ], [ 35.022805, 2.8371482 ] ] } },
{ "type": "Feature", "properties": { "@osmId": "way/198445889", "@snapshotTimestamp": "2019-01-01T00:00:00Z" }, "geometry": { "type": "LineString", "coordinates": [ [ 35.2467276, 2.8773887 ], [ 35.2535545, 2.8835718 ] ] } },
{ "type": "Feature", "properties": { "@osmId": "way/198445895", "@snapshotTimestamp": "2019-01-01T00:00:00Z" }, "geometry": { "type": "LineString", "coordinates": [ [ 35.2701724, 2.8928596 ], [ 35.2535545, 2.8835718 ] ] } },
{ "type": "Feature", "properties": { "@osmId": "way/198445880", "@snapshotTimestamp": "2019-01-01T00:00:00Z" }, "geometry": { "type": "LineString", "coordinates": [ [ 35.2704875, 2.8990472 ], [ 35.2701724, 2.8928596 ] ] } },
{ "type": "Feature", "properties": { "@osmId": "way/198471900", "@snapshotTimestamp": "2019-01-01T00:00:00Z" }, "geometry": { "type": "LineString", "coordinates": [ [ 35.2690176, 2.9042506 ], [ 35.2704875, 2.8990472 ] ] } },
{ "type": "Feature", "properties": { "@osmId": "way/198471898", "@snapshotTimestamp": "2019-01-01T00:00:00Z" }, "geometry": { "type": "LineString", "coordinates": [ [ 35.5732344, 3.1127261 ], [ 35.355478, 2.9997384 ], [ 35.2773885, 2.9393871 ], [ 35.2690176, 2.9042506 ] ] } },
{ "type": "Feature", "properties": { "@osmId": "way/199859820", "@snapshotTimestamp": "2019-01-01T00:00:00Z" }, "geometry": { "type": "LineString", "coordinates": [ [ 35.4440709, 3.3561157 ], [ 35.4642042, 3.3461091 ] ] } },
{ "type": "Feature", "properties": { "@osmId": "way/165630956", "@snapshotTimestamp": "2019-01-01T00:00:00Z" }, "geometry": { "type": "LineString", "coordinates": [ [ 35.6456362, 2.3776492 ], [ 35.6455126, 2.3773557 ] ] } },
{ "type": "Feature", "properties": { "@osmId": "way/165630970", "@snapshotTimestamp": "2019-01-01T00:00:00Z" }, "geometry": { "type": "LineString", "coordinates": [ [ 35.6456362, 2.3776492 ], [ 35.6536793, 2.3816865 ] ] } },
{ "type": "Feature", "properties": { "@osmId": "way/199249583", "@snapshotTimestamp": "2019-01-01T00:00:00Z" }, "geometry": { "type": "LineString", "coordinates": [ [ 35.6455725, 2.3820556 ], [ 35.6456362, 2.3776492 ] ] } },
{ "type": "Feature", "properties": { "@osmId": "way/199249582", "@snapshotTimestamp": "2019-01-01T00:00:00Z" }, "geometry": { "type": "LineString", "coordinates": [ [ 35.6447584, 2.3834098 ], [ 35.6455725, 2.3820556 ] ] } },
{ "type": "Feature", "properties": { "@osmId": "way/33410233", "@snapshotTimestamp": "2019-01-01T00:00:00Z" }, "geometry": { "type": "LineString", "coordinates": [ [ 35.6477701, 2.3957104 ], [ 35.6447584, 2.3834098 ] ] } },
{ "type": "Feature", "properties": { "@osmId": "way/203940523", "@snapshotTimestamp": "2019-01-01T00:00:00Z" }, "geometry": { "type": "LineString", "coordinates": [ [ 35.6369865, 2.7061865 ], [ 35.6589552, 2.5324299 ], [ 35.6477701, 2.3957104 ] ] } },
{ "type": "Feature", "properties": { "@osmId": "way/203940527", "@snapshotTimestamp": "2019-01-01T00:00:00Z" }, "geometry": { "type": "LineString", "coordinates": [ [ 35.6369816, 2.7070475 ], [ 35.6369865, 2.7061865 ] ] } },
{ "type": "Feature", "properties": { "@osmId": "way/203940531", "@snapshotTimestamp": "2019-01-01T00:00:00Z" }, "geometry": { "type": "LineString", "coordinates": [ [ 35.6423225, 2.7186883 ], [ 35.6369816, 2.7070475 ] ] } },
{ "type": "Feature", "properties": { "@osmId": "way/203940528", "@snapshotTimestamp": "2019-01-01T00:00:00Z" }, "geometry": { "type": "LineString", "coordinates": [ [ 35.6424746, 2.7191594 ], [ 35.6423225, 2.7186883 ] ] } },
{ "type": "Feature", "properties": { "@osmId": "way/203940532", "@snapshotTimestamp": "2019-01-01T00:00:00Z" }, "geometry": { "type": "LineString", "coordinates": [ [ 35.6469759, 2.7399615 ], [ 35.6424746, 2.7191594 ] ] } },
{ "type": "Feature", "properties": { "@osmId": "way/203940529", "@snapshotTimestamp": "2019-01-01T00:00:00Z" }, "geometry": { "type": "LineString", "coordinates": [ [ 35.646416, 2.7439009 ], [ 35.6469759, 2.7399615 ] ] } },
{ "type": "Feature", "properties": { "@osmId": "way/203940525", "@snapshotTimestamp": "2019-01-01T00:00:00Z" }, "geometry": { "type": "LineString", "coordinates": [ [ 35.6460199, 2.7442338 ], [ 35.646416, 2.7439009 ] ] } },
{ "type": "Feature", "properties": { "@osmId": "way/203940533", "@snapshotTimestamp": "2019-01-01T00:00:00Z" }, "geometry": { "type": "LineString", "coordinates": [ [ 35.6424695, 2.7617621 ], [ 35.6460199, 2.7442338 ] ] } },
{ "type": "Feature", "properties": { "@osmId": "way/203940524", "@snapshotTimestamp": "2019-01-01T00:00:00Z" }, "geometry": { "type": "LineString", "coordinates": [ [ 35.6423587, 2.7620941 ], [ 35.6424695, 2.7617621 ] ] } },
{ "type": "Feature", "properties": { "@osmId": "way/203940530", "@snapshotTimestamp": "2019-01-01T00:00:00Z" }, "geometry": { "type": "LineString", "coordinates": [ [ 35.6400454, 2.7648751 ], [ 35.6423587, 2.7620941 ] ] } },
{ "type": "Feature", "properties": { "@osmId": "way/203940526", "@snapshotTimestamp": "2019-01-01T00:00:00Z" }, "geometry": { "type": "LineString", "coordinates": [ [ 35.6396998, 2.7650432 ], [ 35.6400454, 2.7648751 ] ] } },
{ "type": "Feature", "properties": { "@osmId": "way/33402504", "@snapshotTimestamp": "2019-01-01T00:00:00Z" }, "geometry": { "type": "LineString", "coordinates": [ [ 35.6324278, 2.7685756 ], [ 35.6396998, 2.7650432 ] ] } },
{ "type": "Feature", "properties": { "@osmId": "way/204095317", "@snapshotTimestamp": "2019-01-01T00:00:00Z" }, "geometry": { "type": "LineString", "coordinates": [ [ 35.6213145, 2.7988527 ], [ 35.6324278, 2.7685756 ] ] } },
{ "type": "Feature", "properties": { "@osmId": "way/204095323", "@snapshotTimestamp": "2019-01-01T00:00:00Z" }, "geometry": { "type": "LineString", "coordinates": [ [ 35.6210074, 2.7992681 ], [ 35.6213145, 2.7988527 ] ] } },
{ "type": "Feature", "properties": { "@osmId": "way/204095325", "@snapshotTimestamp": "2019-01-01T00:00:00Z" }, "geometry": { "type": "LineString", "coordinates": [ [ 35.6119542, 2.8720915 ], [ 35.6210074, 2.7992681 ] ] } },
{ "type": "Feature", "properties": { "@osmId": "way/204095321", "@snapshotTimestamp": "2019-01-01T00:00:00Z" }, "geometry": { "type": "LineString", "coordinates": [ [ 35.6116685, 2.872496 ], [ 35.6119542, 2.8720915 ] ] } },
{ "type": "Feature", "properties": { "@osmId": "way/204095326", "@snapshotTimestamp": "2019-01-01T00:00:00Z" }, "geometry": { "type": "LineString", "coordinates": [ [ 35.6099452, 2.8768583 ], [ 35.6116685, 2.872496 ] ] } },
{ "type": "Feature", "properties": { "@osmId": "way/204095322", "@snapshotTimestamp": "2019-01-01T00:00:00Z" }, "geometry": { "type": "LineString", "coordinates": [ [ 35.6097308, 2.8771473 ], [ 35.6099452, 2.8768583 ] ] } },
{ "type": "Feature", "properties": { "@osmId": "way/204095324", "@snapshotTimestamp": "2019-01-01T00:00:00Z" }, "geometry": { "type": "LineString", "coordinates": [ [ 35.6171318, 2.9205024 ], [ 35.6097308, 2.8771473 ] ] } },
{ "type": "Feature", "properties": { "@osmId": "way/204095319", "@snapshotTimestamp": "2019-01-01T00:00:00Z" }, "geometry": { "type": "LineString", "coordinates": [ [ 35.6167822, 2.9208598 ], [ 35.6171318, 2.9205024 ] ] } },
{ "type": "Feature", "properties": { "@osmId": "way/204095327", "@snapshotTimestamp": "2019-01-01T00:00:00Z" }, "geometry": { "type": "LineString", "coordinates": [ [ 35.6127655, 2.9298053 ], [ 35.6167822, 2.9208598 ] ] } },
{ "type": "Feature", "properties": { "@osmId": "way/204095316", "@snapshotTimestamp": "2019-01-01T00:00:00Z" }, "geometry": { "type": "LineString", "coordinates": [ [ 35.6210117, 2.9660112 ], [ 35.6127655, 2.9298053 ] ] } },
{ "type": "Feature", "properties": { "@osmId": "way/204095318", "@snapshotTimestamp": "2019-01-01T00:00:00Z" }, "geometry": { "type": "LineString", "coordinates": [ [ 35.6207668, 2.9665504 ], [ 35.6210117, 2.9660112 ] ] } },
{ "type": "Feature", "properties": { "@osmId": "way/198445845", "@snapshotTimestamp": "2019-01-01T00:00:00Z" }, "geometry": { "type": "LineString", "coordinates": [ [ 35.6053342, 3.113581 ], [ 35.6207668, 2.9665504 ] ] } },
{ "type": "Feature", "properties": { "@osmId": "way/198445844", "@snapshotTimestamp": "2019-01-01T00:00:00Z" }, "geometry": { "type": "LineString", "coordinates": [ [ 35.6050936, 3.1143393 ], [ 35.6053342, 3.113581 ] ] } },
{ "type": "Feature", "properties": { "@osmId": "way/307528305", "@snapshotTimestamp": "2019-01-01T00:00:00Z" }, "geometry": { "type": "LineString", "coordinates": [ [ 34.2656083, 0.6390993 ], [ 34.2644133, 0.6417981 ] ] } },
{ "type": "Feature", "properties": { "@osmId": "way/129322452", "@snapshotTimestamp": "2019-01-01T00:00:00Z" }, "geometry": { "type": "LineString", "coordinates": [ [ 34.263673237784189, 0.643143033590159 ], [ 34.2664883, 0.6386023 ] ] } },
{ "type": "Feature", "properties": { "@osmId": "way/307528306", "@snapshotTimestamp": "2019-01-01T00:00:00Z" }, "geometry": { "type": "LineString", "coordinates": [ [ 34.2652603, 0.6402716 ], [ 34.264533623565384, 0.643757942697475 ] ] } },
{ "type": "Feature", "properties": { "@osmId": "way/395998035", "@snapshotTimestamp": "2019-01-01T00:00:00Z" }, "geometry": { "type": "LineString", "coordinates": [ [ 34.2624572, 0.6421362 ], [ 34.262433513726144, 0.642257015212691 ] ] } },
{ "type": "Feature", "properties": { "@osmId": "way/198653208", "@snapshotTimestamp": "2019-01-01T00:00:00Z" }, "geometry": { "type": "LineString", "coordinates": [ [ 34.6143344, 3.770903 ], [ 34.7037154, 3.7547622 ] ] } },
{ "type": "Feature", "properties": { "@osmId": "way/198653199", "@snapshotTimestamp": "2019-01-01T00:00:00Z" }, "geometry": { "type": "LineString", "coordinates": [ [ 34.6126984, 3.7718409 ], [ 34.6143344, 3.770903 ] ] } },
{ "type": "Feature", "properties": { "@osmId": "way/198653205", "@snapshotTimestamp": "2019-01-01T00:00:00Z" }, "geometry": { "type": "LineString", "coordinates": [ [ 34.5939334, 3.8207885 ], [ 34.6126984, 3.7718409 ] ] } },
{ "type": "Feature", "properties": { "@osmId": "way/198653192", "@snapshotTimestamp": "2019-01-01T00:00:00Z" }, "geometry": { "type": "LineString", "coordinates": [ [ 34.5933821, 3.8212902 ], [ 34.5939334, 3.8207885 ] ] } },
{ "type": "Feature", "properties": { "@osmId": "way/198653204", "@snapshotTimestamp": "2019-01-01T00:00:00Z" }, "geometry": { "type": "LineString", "coordinates": [ [ 34.5798908, 3.8587545 ], [ 34.5933821, 3.8212902 ] ] } },
{ "type": "Feature", "properties": { "@osmId": "way/198653193", "@snapshotTimestamp": "2019-01-01T00:00:00Z" }, "geometry": { "type": "LineString", "coordinates": [ [ 34.5794245, 3.8592524 ], [ 34.5798908, 3.8587545 ] ] } },
{ "type": "Feature", "properties": { "@osmId": "way/198653201", "@snapshotTimestamp": "2019-01-01T00:00:00Z" }, "geometry": { "type": "LineString", "coordinates": [ [ 34.5629407, 3.88992 ], [ 34.5794245, 3.8592524 ] ] } },
{ "type": "Feature", "properties": { "@osmId": "way/198653197", "@snapshotTimestamp": "2019-01-01T00:00:00Z" }, "geometry": { "type": "LineString", "coordinates": [ [ 34.5628439, 3.8908441 ], [ 34.5629407, 3.88992 ] ] } },
{ "type": "Feature", "properties": { "@osmId": "way/204633626", "@snapshotTimestamp": "2019-01-01T00:00:00Z" }, "geometry": { "type": "LineString", "coordinates": [ [ 34.559537, 3.9310907 ], [ 34.5628439, 3.8908441 ] ] } },
{ "type": "Feature", "properties": { "@osmId": "way/204633640", "@snapshotTimestamp": "2019-01-01T00:00:00Z" }, "geometry": { "type": "LineString", "coordinates": [ [ 34.5591512, 3.931594 ], [ 34.559537, 3.9310907 ] ] } },
{ "type": "Feature", "properties": { "@osmId": "way/204633635", "@snapshotTimestamp": "2019-01-01T00:00:00Z" }, "geometry": { "type": "LineString", "coordinates": [ [ 34.547844434687036, 3.992061926164826 ], [ 34.5591512, 3.931594 ] ] } },
{ "type": "Feature", "properties": { "@osmId": "way/165630962", "@snapshotTimestamp": "2019-01-01T00:00:00Z" }, "geometry": { "type": "LineString", "coordinates": [ [ 35.7859881, 2.172401 ], [ 35.9297593, 2.0022595 ], [ 35.9923487, 1.998863 ], [ 36.0286654, 1.9522349 ] ] } },
{ "type": "Feature", "properties": { "@osmId": "way/319529501", "@snapshotTimestamp": "2019-01-01T00:00:00Z" }, "geometry": { "type": "LineString", "coordinates": [ [ 36.3644718, 3.1510492 ], [ 36.3621894, 3.1535503 ] ] } },
{ "type": "Feature", "properties": { "@osmId": "way/319529499", "@snapshotTimestamp": "2019-01-01T00:00:00Z" }, "geometry": { "type": "LineString", "coordinates": [ [ 36.3621894, 3.1535503 ], [ 36.3619083, 3.1541117 ] ] } },
{ "type": "Feature", "properties": { "@osmId": "way/198507856", "@snapshotTimestamp": "2019-01-01T00:00:00Z" }, "geometry": { "type": "LineString", "coordinates": [ [ 36.3619083, 3.1541117 ], [ 36.3105411, 3.2717002 ], [ 36.2763159, 3.2899299 ], [ 36.2962111, 3.3262557 ] ] } },
{ "type": "Feature", "properties": { "@osmId": "way/331971940", "@snapshotTimestamp": "2019-01-01T00:00:00Z" }, "geometry": { "type": "LineString", "coordinates": [ [ 36.2962111, 3.3262557 ], [ 36.2966545, 3.3271895 ] ] } },
{ "type": "Feature", "properties": { "@osmId": "way/331971952", "@snapshotTimestamp": "2019-01-01T00:00:00Z" }, "geometry": { "type": "LineString", "coordinates": [ [ 36.2966545, 3.3271895 ], [ 36.3133663, 3.3456201 ] ] } },
{ "type": "Feature", "properties": { "@osmId": "way/331971956", "@snapshotTimestamp": "2019-01-01T00:00:00Z" }, "geometry": { "type": "LineString", "coordinates": [ [ 36.3133663, 3.3456201 ], [ 36.3131782, 3.3468135 ] ] } },
{ "type": "Feature", "properties": { "@osmId": "way/331971954", "@snapshotTimestamp": "2019-01-01T00:00:00Z" }, "geometry": { "type": "LineString", "coordinates": [ [ 36.3131782, 3.3468135 ], [ 36.3437455, 3.3800645 ] ] } },
{ "type": "Feature", "properties": { "@osmId": "way/331971955", "@snapshotTimestamp": "2019-01-01T00:00:00Z" }, "geometry": { "type": "LineString", "coordinates": [ [ 36.3437455, 3.3800645 ], [ 36.3450332, 3.3815348 ] ] } },
{ "type": "Feature", "properties": { "@osmId": "way/319575810", "@snapshotTimestamp": "2019-01-01T00:00:00Z" }, "geometry": { "type": "LineString", "coordinates": [ [ 36.2605269, 4.2224607 ], [ 36.4204752, 4.1967357 ] ] } },
{ "type": "Feature", "properties": { "@osmId": "way/331971948", "@snapshotTimestamp": "2019-01-01T00:00:00Z" }, "geometry": { "type": "LineString", "coordinates": [ [ 36.5328467, 3.5203247 ], [ 36.5325528, 3.5211787 ] ] } },
{ "type": "Feature", "properties": { "@osmId": "way/331971946", "@snapshotTimestamp": "2019-01-01T00:00:00Z" }, "geometry": { "type": "LineString", "coordinates": [ [ 36.5325528, 3.5211787 ], [ 36.5146864, 3.5657044 ] ] } },
{ "type": "Feature", "properties": { "@osmId": "way/331971942", "@snapshotTimestamp": "2019-01-01T00:00:00Z" }, "geometry": { "type": "LineString", "coordinates": [ [ 36.5146864, 3.5657044 ], [ 36.5146296, 3.5657969 ] ] } },
{ "type": "Feature", "properties": { "@osmId": "way/331971936", "@snapshotTimestamp": "2019-01-01T00:00:00Z" }, "geometry": { "type": "LineString", "coordinates": [ [ 36.5146296, 3.5657969 ], [ 36.4693977, 3.6521667 ] ] } },
{ "type": "Feature", "properties": { "@osmId": "way/331971949", "@snapshotTimestamp": "2019-01-01T00:00:00Z" }, "geometry": { "type": "LineString", "coordinates": [ [ 36.4693977, 3.6521667 ], [ 36.4692128, 3.6525357 ] ] } },
{ "type": "Feature", "properties": { "@osmId": "way/331971950", "@snapshotTimestamp": "2019-01-01T00:00:00Z" }, "geometry": { "type": "LineString", "coordinates": [ [ 36.4692128, 3.6525357 ], [ 36.4696674, 3.6632297 ] ] } },
{ "type": "Feature", "properties": { "@osmId": "way/331971944", "@snapshotTimestamp": "2019-01-01T00:00:00Z" }, "geometry": { "type": "LineString", "coordinates": [ [ 36.4696674, 3.6632297 ], [ 36.4699701, 3.6631622 ] ] } },
{ "type": "Feature", "properties": { "@osmId": "way/331971939", "@snapshotTimestamp": "2019-01-01T00:00:00Z" }, "geometry": { "type": "LineString", "coordinates": [ [ 36.4699701, 3.6631622 ], [ 36.4782566, 3.7462822 ] ] } },
{ "type": "Feature", "properties": { "@osmId": "way/331971953", "@snapshotTimestamp": "2019-01-01T00:00:00Z" }, "geometry": { "type": "LineString", "coordinates": [ [ 36.4782566, 3.7462822 ], [ 36.4779578, 3.7473694 ] ] } },
{ "type": "Feature", "properties": { "@osmId": "way/319553683", "@snapshotTimestamp": "2019-01-01T00:00:00Z" }, "geometry": { "type": "LineString", "coordinates": [ [ 36.4765755, 3.8057246 ], [ 36.434836, 3.7978872 ], [ 36.3382913, 3.715025 ] ] } },
{ "type": "Feature", "properties": { "@osmId": "way/331971938", "@snapshotTimestamp": "2019-01-01T00:00:00Z" }, "geometry": { "type": "LineString", "coordinates": [ [ 36.4779578, 3.7473694 ], [ 36.4794389, 3.8116305 ] ] } },
{ "type": "Feature", "properties": { "@osmId": "way/319586039", "@snapshotTimestamp": "2019-01-01T00:00:00Z" }, "geometry": { "type": "LineString", "coordinates": [ [ 36.4753366, 3.9121942 ], [ 36.5197314, 3.836021 ], [ 36.4765755, 3.8057246 ] ] } },
{ "type": "Feature", "properties": { "@osmId": "way/319586035", "@snapshotTimestamp": "2019-01-01T00:00:00Z" }, "geometry": { "type": "LineString", "coordinates": [ [ 36.4751694, 3.9124047 ], [ 36.4753366, 3.9121942 ] ] } },
{ "type": "Feature", "properties": { "@osmId": "way/319586036", "@snapshotTimestamp": "2019-01-01T00:00:00Z" }, "geometry": { "type": "LineString", "coordinates": [ [ 36.4695765, 3.9469562 ], [ 36.4751694, 3.9124047 ] ] } },
{ "type": "Feature", "properties": { "@osmId": "way/319586034", "@snapshotTimestamp": "2019-01-01T00:00:00Z" }, "geometry": { "type": "LineString", "coordinates": [ [ 36.4696108, 3.9470852 ], [ 36.4695765, 3.9469562 ] ] } },
{ "type": "Feature", "properties": { "@osmId": "way/331971947", "@snapshotTimestamp": "2019-01-01T00:00:00Z" }, "geometry": { "type": "LineString", "coordinates": [ [ 36.4207127, 4.1967506 ], [ 36.4450349, 4.1925892 ], [ 36.4340482, 4.1526669 ], [ 36.5105563, 4.1072635 ], [ 36.4559985, 3.9861114 ], [ 36.4696108, 3.9470852 ] ] } },
{ "type": "Feature", "properties": { "@osmId": "way/331971941", "@snapshotTimestamp": "2019-01-01T00:00:00Z" }, "geometry": { "type": "LineString", "coordinates": [ [ 36.4204752, 4.1967357 ], [ 36.4207127, 4.1967506 ] ] } },
{ "type": "Feature", "properties": { "@osmId": "way/319575811", "@snapshotTimestamp": "2019-01-01T00:00:00Z" }, "geometry": { "type": "LineString", "coordinates": [ [ 36.2603824, 4.2224374 ], [ 36.2605269, 4.2224607 ] ] } },
{ "type": "Feature", "properties": { "@osmId": "way/319574537", "@snapshotTimestamp": "2019-01-01T00:00:00Z" }, "geometry": { "type": "LineString", "coordinates": [ [ 36.2276137, 4.319886 ], [ 36.2627857, 4.2900195 ], [ 36.2603824, 4.2224374 ] ] } },
{ "type": "Feature", "properties": { "@osmId": "way/319574538", "@snapshotTimestamp": "2019-01-01T00:00:00Z" }, "geometry": { "type": "LineString", "coordinates": [ [ 36.2280031, 4.3212506 ], [ 36.2276137, 4.319886 ] ] } },
{ "type": "Feature", "properties": { "@osmId": "way/319598924", "@snapshotTimestamp": "2019-01-01T00:00:00Z" }, "geometry": { "type": "LineString", "coordinates": [ [ 36.224646, 4.3837534 ], [ 36.2280031, 4.3212506 ] ] } },
{ "type": "Feature", "properties": { "@osmId": "way/319598923", "@snapshotTimestamp": "2019-01-01T00:00:00Z" }, "geometry": { "type": "LineString", "coordinates": [ [ 36.2247708, 4.3844106 ], [ 36.224646, 4.3837534 ] ] } },
{ "type": "Feature", "properties": { "@osmId": "way/319568912", "@snapshotTimestamp": "2019-01-01T00:00:00Z" }, "geometry": { "type": "LineString", "coordinates": [ [ 36.2319752, 4.423521 ], [ 36.2247708, 4.3844106 ] ] } },
{ "type": "Feature", "properties": { "@osmId": "way/94968066", "@snapshotTimestamp": "2019-01-01T00:00:00Z" }, "geometry": { "type": "LineString", "coordinates": [ [ 36.2319752, 4.423521 ], [ 36.230910948808173, 4.445115951551847 ] ] } },
{ "type": "Feature", "properties": { "@osmId": "way/198445847", "@snapshotTimestamp": "2019-01-01T00:00:00Z" }, "geometry": { "type": "LineString", "coordinates": [ [ 35.6014954, 3.1184177 ], [ 35.6050936, 3.1143393 ] ] } },
{ "type": "Feature", "properties": { "@osmId": "way/139594381", "@snapshotTimestamp": "2019-01-01T00:00:00Z" }, "geometry": { "type": "LineString", "coordinates": [ [ 35.5732344, 3.1127261 ], [ 35.6014701, 3.118707 ] ] } },
{ "type": "Feature", "properties": { "@osmId": "way/334031207", "@snapshotTimestamp": "2019-01-01T00:00:00Z" }, "geometry": { "type": "LineString", "coordinates": [ [ 35.6062016, 3.1187514 ], [ 35.6075232, 3.1188862 ] ] } },
{ "type": "Feature", "properties": { "@osmId": "way/474497493", "@snapshotTimestamp": "2019-01-01T00:00:00Z" }, "geometry": { "type": "LineString", "coordinates": [ [ 35.6035266, 3.1190558 ], [ 35.6014701, 3.118707 ] ] } },
{ "type": "Feature", "properties": { "@osmId": "way/474497492", "@snapshotTimestamp": "2019-01-01T00:00:00Z" }, "geometry": { "type": "LineString", "coordinates": [ [ 35.6062016, 3.1187514 ], [ 35.605751, 3.1188665 ], [ 35.6035266, 3.1190558 ], [ 35.6055952, 3.1187752 ], [ 35.6062016, 3.1187514 ] ] } },
{ "type": "Feature", "properties": { "@osmId": "way/198445848", "@snapshotTimestamp": "2019-01-01T00:00:00Z" }, "geometry": { "type": "LineString", "coordinates": [ [ 35.6014954, 3.1184177 ], [ 35.6008247, 3.1204458 ], [ 35.600773, 3.1213039 ], [ 35.6011812, 3.1199175 ], [ 35.6014954, 3.1184177 ] ] } },
{ "type": "Feature", "properties": { "@osmId": "way/33403005", "@snapshotTimestamp": "2019-01-01T00:00:00Z" }, "geometry": { "type": "LineString", "coordinates": [ [ 35.6003459, 3.1234759 ], [ 35.600773, 3.1213039 ] ] } },
{ "type": "Feature", "properties": { "@osmId": "way/204125647", "@snapshotTimestamp": "2019-01-01T00:00:00Z" }, "geometry": { "type": "LineString", "coordinates": [ [ 35.6000809, 3.1324767 ], [ 35.6003459, 3.1234759 ] ] } },
{ "type": "Feature", "properties": { "@osmId": "way/204125643", "@snapshotTimestamp": "2019-01-01T00:00:00Z" }, "geometry": { "type": "LineString", "coordinates": [ [ 35.6003032, 3.1335314 ], [ 35.6000809, 3.1324767 ] ] } },
{ "type": "Feature", "properties": { "@osmId": "way/321992747", "@snapshotTimestamp": "2019-01-01T00:00:00Z" }, "geometry": { "type": "LineString", "coordinates": [ [ 35.6719987, 3.1564781 ], [ 35.6281658, 3.1314942 ] ] } },
{ "type": "Feature", "properties": { "@osmId": "way/198469178", "@snapshotTimestamp": "2019-01-01T00:00:00Z" }, "geometry": { "type": "LineString", "coordinates": [ [ 35.022805, 2.8371482 ], [ 34.9168729, 2.7715494 ] ] } },
{ "type": "Feature", "properties": { "@osmId": "way/639046131", "@snapshotTimestamp": "2019-01-01T00:00:00Z" }, "geometry": { "type": "LineString", "coordinates": [ [ 34.8601964, 3.7099647 ], [ 34.9734756, 3.7024769 ], [ 34.9929723, 3.6817602 ] ] } },
{ "type": "Feature", "properties": { "@osmId": "way/321793082", "@snapshotTimestamp": "2019-01-01T00:00:00Z" }, "geometry": { "type": "LineString", "coordinates": [ [ 34.8497308, 3.709613 ], [ 34.8546493, 3.7102734 ] ] } },
{ "type": "Feature", "properties": { "@osmId": "way/639046129", "@snapshotTimestamp": "2019-01-01T00:00:00Z" }, "geometry": { "type": "LineString", "coordinates": [ [ 34.858797, 3.7102616 ], [ 34.8601964, 3.7099647 ] ] } },
{ "type": "Feature", "properties": { "@osmId": "way/321647577", "@snapshotTimestamp": "2019-01-01T00:00:00Z" }, "geometry": { "type": "LineString", "coordinates": [ [ 34.8580642, 3.7104171 ], [ 34.858797, 3.7102616 ] ] } },
{ "type": "Feature", "properties": { "@osmId": "way/165630958", "@snapshotTimestamp": "2019-01-01T00:00:00Z" }, "geometry": { "type": "LineString", "coordinates": [ [ 34.8546493, 3.7102734 ], [ 34.8580642, 3.7104171 ] ] } },
{ "type": "Feature", "properties": { "@osmId": "way/33401968", "@snapshotTimestamp": "2019-01-01T00:00:00Z" }, "geometry": { "type": "LineString", "coordinates": [ [ 34.7293763, 3.7511378 ], [ 34.7683043, 3.7198996 ], [ 34.8497308, 3.709613 ] ] } },
{ "type": "Feature", "properties": { "@osmId": "way/204125646", "@snapshotTimestamp": "2019-01-01T00:00:00Z" }, "geometry": { "type": "LineString", "coordinates": [ [ 35.5476678, 3.1676708 ], [ 35.6003032, 3.1335314 ] ] } },
{ "type": "Feature", "properties": { "@osmId": "way/204125644", "@snapshotTimestamp": "2019-01-01T00:00:00Z" }, "geometry": { "type": "LineString", "coordinates": [ [ 35.5471353, 3.1681798 ], [ 35.5476678, 3.1676708 ] ] } },
{ "type": "Feature", "properties": { "@osmId": "way/204125645", "@snapshotTimestamp": "2019-01-01T00:00:00Z" }, "geometry": { "type": "LineString", "coordinates": [ [ 35.5001212, 3.204353 ], [ 35.5471353, 3.1681798 ] ] } },
{ "type": "Feature", "properties": { "@osmId": "way/204125642", "@snapshotTimestamp": "2019-01-01T00:00:00Z" }, "geometry": { "type": "LineString", "coordinates": [ [ 35.4992473, 3.2044868 ], [ 35.5001212, 3.204353 ] ] } },
{ "type": "Feature", "properties": { "@osmId": "way/199859823", "@snapshotTimestamp": "2019-01-01T00:00:00Z" }, "geometry": { "type": "LineString", "coordinates": [ [ 35.4648371, 3.3455214 ], [ 35.4824501, 3.2731096 ], [ 35.4626978, 3.2324472 ], [ 35.4992473, 3.2044868 ] ] } },
{ "type": "Feature", "properties": { "@osmId": "way/321972369", "@snapshotTimestamp": "2019-01-01T00:00:00Z" }, "geometry": { "type": "LineString", "coordinates": [ [ 35.8600548, 3.5346537 ], [ 35.7644513, 3.3185685 ], [ 35.7171734, 3.291761 ], [ 35.6003476, 3.1338896 ] ] } },
{ "type": "Feature", "properties": { "@osmId": "way/199859822", "@snapshotTimestamp": "2019-01-01T00:00:00Z" }, "geometry": { "type": "LineString", "coordinates": [ [ 35.4642042, 3.3461091 ], [ 35.4648371, 3.3455214 ] ] } },
{ "type": "Feature", "properties": { "@osmId": "way/199859821", "@snapshotTimestamp": "2019-01-01T00:00:00Z" }, "geometry": { "type": "LineString", "coordinates": [ [ 35.4437027, 3.3578581 ], [ 35.4440709, 3.3561157 ] ] } },
{ "type": "Feature", "properties": { "@osmId": "way/33402096", "@snapshotTimestamp": "2019-01-01T00:00:00Z" }, "geometry": { "type": "LineString", "coordinates": [ [ 34.9929723, 3.6817602 ], [ 35.0202608, 3.6282284 ], [ 35.2936689, 3.4807216 ], [ 35.3157461, 3.4211049 ], [ 35.4437027, 3.3578581 ] ] } },
{ "type": "Feature", "properties": { "@osmId": "way/321797700", "@snapshotTimestamp": "2019-01-01T00:00:00Z" }, "geometry": { "type": "LineString", "coordinates": [ [ 35.2425953, 3.5347172 ], [ 35.2226717, 3.5151115 ] ] } },
{ "type": "Feature", "properties": { "@osmId": "way/321797699", "@snapshotTimestamp": "2019-01-01T00:00:00Z" }, "geometry": { "type": "LineString", "coordinates": [ [ 35.242875, 3.5349042 ], [ 35.2425953, 3.5347172 ] ] } },
{ "type": "Feature", "properties": { "@osmId": "way/199859866", "@snapshotTimestamp": "2019-01-01T00:00:00Z" }, "geometry": { "type": "LineString", "coordinates": [ [ 35.2912972, 3.6044898 ], [ 35.242875, 3.5349042 ] ] } },
{ "type": "Feature", "properties": { "@osmId": "way/199859848", "@snapshotTimestamp": "2019-01-01T00:00:00Z" }, "geometry": { "type": "LineString", "coordinates": [ [ 35.2914012, 3.6049732 ], [ 35.2912972, 3.6044898 ] ] } },
{ "type": "Feature", "properties": { "@osmId": "way/199316970", "@snapshotTimestamp": "2019-01-01T00:00:00Z" }, "geometry": { "type": "LineString", "coordinates": [ [ 35.3047256, 3.6373551 ], [ 35.2914012, 3.6049732 ] ] } }
]
}
