{
"type": "FeatureCollection",
"name": "roads_5_yrs_ago_odisha_processed",
"crs": { "type": "name", "properties": { "name": "urn:ogc:def:crs:OGC:1.3:CRS84" } },
"features": [
{ "type": "Feature", "properties": { "@osmId": "way/543376894", "@snapshotTimestamp": "2019-01-01T00:00:00Z" }, "geometry": { "type": "MultiLineString", "coordinates": [ [ [ 82.631218927085087, 18.239977888511351 ], [ 82.626594639458204, 18.244624461077866 ] ], [ [ 82.624963435047064, 18.245754834067391 ], [ 82.623909885416296, 18.246383507278818 ] ], [ [ 82.619516008656291, 18.249626925112736 ], [ 82.617676209987224, 18.251702648755771 ] ], [ [ 82.616773993298878, 18.253727189567076 ], [ 82.615813616070739, 18.255251315780111 ] ] ] } },
{ "type": "Feature", "properties": { "@osmId": "way/484906952", "@snapshotTimestamp": "2019-01-01T00:00:00Z" }, "geometry": { "type": "LineString", "coordinates": [ [ 82.773331684707713, 18.347444570126864 ], [ 82.7564072, 18.3598531 ] ] } },
{ "type": "Feature", "properties": { "@osmId": "way/325018343", "@snapshotTimestamp": "2019-01-01T00:00:00Z" }, "geometry": { "type": "LineString", "coordinates": [ [ 82.7564072, 18.3598531 ], [ 82.6879765, 18.3405766 ], [ 82.6830604, 18.3810321 ] ] } },
{ "type": "Feature", "properties": { "@osmId": "way/439593149", "@snapshotTimestamp": "2019-01-01T00:00:00Z" }, "geometry": { "type": "LineString", "coordinates": [ [ 82.6830604, 18.3810321 ], [ 82.6832823, 18.3816898 ] ] } },
{ "type": "Feature", "properties": { "@osmId": "way/439593148", "@snapshotTimestamp": "2019-01-01T00:00:00Z" }, "geometry": { "type": "LineString", "coordinates": [ [ 82.6832823, 18.3816898 ], [ 82.6871182, 18.466099 ] ] } },
{ "type": "Feature", "properties": { "@osmId": "way/439576156", "@snapshotTimestamp": "2019-01-01T00:00:00Z" }, "geometry": { "type": "LineString", "coordinates": [ [ 82.6669765, 18.4767957 ], [ 82.6871182, 18.466099 ] ] } },
{ "type": "Feature", "properties": { "@osmId": "way/439576162", "@snapshotTimestamp": "2019-01-01T00:00:00Z" }, "geometry": { "type": "LineString", "coordinates": [ [ 82.6668775, 18.4767819 ], [ 82.6669765, 18.4767957 ] ] } },
{ "type": "Feature", "properties": { "@osmId": "way/45028905", "@snapshotTimestamp": "2019-01-01T00:00:00Z" }, "geometry": { "type": "LineString", "coordinates": [ [ 82.6871182, 18.466099 ], [ 82.6746481, 18.5012362 ] ] } },
{ "type": "Feature", "properties": { "@osmId": "way/439576168", "@snapshotTimestamp": "2019-01-01T00:00:00Z" }, "geometry": { "type": "LineString", "coordinates": [ [ 82.6148408, 18.5142371 ], [ 82.6668775, 18.4767819 ] ] } },
{ "type": "Feature", "properties": { "@osmId": "way/239005235", "@snapshotTimestamp": "2019-01-01T00:00:00Z" }, "geometry": { "type": "LineString", "coordinates": [ [ 83.0492026, 18.5011811 ], [ 83.0487631, 18.5009284 ] ] } },
{ "type": "Feature", "properties": { "@osmId": "way/439595409", "@snapshotTimestamp": "2019-01-01T00:00:00Z" }, "geometry": { "type": "LineString", "coordinates": [ [ 82.6746481, 18.5012362 ], [ 82.6746025, 18.5014659 ] ] } },
{ "type": "Feature", "properties": { "@osmId": "way/234424352", "@snapshotTimestamp": "2019-01-01T00:00:00Z" }, "geometry": { "type": "LineString", "coordinates": [ [ 82.109661113798566, 18.486996562891925 ], [ 82.1370644, 18.5272605 ] ] } },
{ "type": "Feature", "properties": { "@osmId": "way/234512960", "@snapshotTimestamp": "2019-01-01T00:00:00Z" }, "geometry": { "type": "LineString", "coordinates": [ [ 82.211501390763189, 18.428122090676123 ], [ 82.232965, 18.4775216 ] ] } },
{ "type": "Feature", "properties": { "@osmId": "way/234512957", "@snapshotTimestamp": "2019-01-01T00:00:00Z" }, "geometry": { "type": "LineString", "coordinates": [ [ 82.232965, 18.4775216 ], [ 82.2329943, 18.4778882 ] ] } },
{ "type": "Feature", "properties": { "@osmId": "way/45028903", "@snapshotTimestamp": "2019-01-01T00:00:00Z" }, "geometry": { "type": "LineString", "coordinates": [ [ 82.547684191024004, 18.453785819769813 ], [ 82.547666, 18.472685 ], [ 82.590882, 18.469173 ], [ 82.6123761, 18.5162296 ] ] } },
{ "type": "Feature", "properties": { "@osmId": "way/234512958", "@snapshotTimestamp": "2019-01-01T00:00:00Z" }, "geometry": { "type": "LineString", "coordinates": [ [ 82.2329943, 18.4778882 ], [ 82.245656, 18.4952596 ] ] } },
{ "type": "Feature", "properties": { "@osmId": "way/234512949", "@snapshotTimestamp": "2019-01-01T00:00:00Z" }, "geometry": { "type": "LineString", "coordinates": [ [ 82.245656, 18.4952596 ], [ 82.2455306, 18.4954598 ] ] } },
{ "type": "Feature", "properties": { "@osmId": "way/239005242", "@snapshotTimestamp": "2019-01-01T00:00:00Z" }, "geometry": { "type": "LineString", "coordinates": [ [ 83.0487631, 18.5009284 ], [ 83.039183, 18.498432 ] ] } },
{ "type": "Feature", "properties": { "@osmId": "way/45022240", "@snapshotTimestamp": "2019-01-01T00:00:00Z" }, "geometry": { "type": "LineString", "coordinates": [ [ 83.039183, 18.498432 ], [ 83.002769, 18.507098 ] ] } },
{ "type": "Feature", "properties": { "@osmId": "way/45022239", "@snapshotTimestamp": "2019-01-01T00:00:00Z" }, "geometry": { "type": "LineString", "coordinates": [ [ 83.067993, 18.526833 ], [ 83.0492026, 18.5011811 ] ] } },
{ "type": "Feature", "properties": { "@osmId": "way/439595413", "@snapshotTimestamp": "2019-01-01T00:00:00Z" }, "geometry": { "type": "LineString", "coordinates": [ [ 82.6746025, 18.5014659 ], [ 82.6993763, 18.5348905 ] ] } },
{ "type": "Feature", "properties": { "@osmId": "way/45022232", "@snapshotTimestamp": "2019-01-01T00:00:00Z" }, "geometry": { "type": "LineString", "coordinates": [ [ 83.002769, 18.507098 ], [ 82.995007, 18.535376 ] ] } },
{ "type": "Feature", "properties": { "@osmId": "way/387701069", "@snapshotTimestamp": "2019-01-01T00:00:00Z" }, "geometry": { "type": "LineString", "coordinates": [ [ 83.074075728453536, 18.523158932605806 ], [ 83.067993, 18.526833 ] ] } },
{ "type": "Feature", "properties": { "@osmId": "way/439595411", "@snapshotTimestamp": "2019-01-01T00:00:00Z" }, "geometry": { "type": "LineString", "coordinates": [ [ 82.6993763, 18.5348905 ], [ 82.699503, 18.5351631 ] ] } },
{ "type": "Feature", "properties": { "@osmId": "way/439595408", "@snapshotTimestamp": "2019-01-01T00:00:00Z" }, "geometry": { "type": "LineString", "coordinates": [ [ 82.699503, 18.5351631 ], [ 82.7146899, 18.5410654 ] ] } },
{ "type": "Feature", "properties": { "@osmId": "way/439595410", "@snapshotTimestamp": "2019-01-01T00:00:00Z" }, "geometry": { "type": "LineString", "coordinates": [ [ 82.7146899, 18.5410654 ], [ 82.7148958, 18.541189 ] ] } },
{ "type": "Feature", "properties": { "@osmId": "way/45022233", "@snapshotTimestamp": "2019-01-01T00:00:00Z" }, "geometry": { "type": "LineString", "coordinates": [ [ 82.995007, 18.535376 ], [ 82.96235, 18.563572 ] ] } },
{ "type": "Feature", "properties": { "@osmId": "way/439576158", "@snapshotTimestamp": "2019-01-01T00:00:00Z" }, "geometry": { "type": "LineString", "coordinates": [ [ 82.6147778, 18.5142787 ], [ 82.6148408, 18.5142371 ] ] } },
{ "type": "Feature", "properties": { "@osmId": "way/234512962", "@snapshotTimestamp": "2019-01-01T00:00:00Z" }, "geometry": { "type": "LineString", "coordinates": [ [ 82.2455306, 18.4954598 ], [ 82.2680771, 18.5452955 ] ] } },
{ "type": "Feature", "properties": { "@osmId": "way/234424338", "@snapshotTimestamp": "2019-01-01T00:00:00Z" }, "geometry": { "type": "LineString", "coordinates": [ [ 82.1370644, 18.5272605 ], [ 82.1373975, 18.5278124 ] ] } },
{ "type": "Feature", "properties": { "@osmId": "way/45029165", "@snapshotTimestamp": "2019-01-01T00:00:00Z" }, "geometry": { "type": "LineString", "coordinates": [ [ 82.6147778, 18.5142787 ], [ 82.610932, 18.5710638 ] ] } },
{ "type": "Feature", "properties": { "@osmId": "way/234512956", "@snapshotTimestamp": "2019-01-01T00:00:00Z" }, "geometry": { "type": "LineString", "coordinates": [ [ 82.2680771, 18.5452955 ], [ 82.2680703, 18.5454148 ] ] } },
{ "type": "Feature", "properties": { "@osmId": "way/234424375", "@snapshotTimestamp": "2019-01-01T00:00:00Z" }, "geometry": { "type": "LineString", "coordinates": [ [ 82.1373975, 18.5278124 ], [ 82.269642, 18.572411 ] ] } },
{ "type": "Feature", "properties": { "@osmId": "way/234512947", "@snapshotTimestamp": "2019-01-01T00:00:00Z" }, "geometry": { "type": "LineString", "coordinates": [ [ 82.2680703, 18.5454148 ], [ 82.2672807, 18.5685034 ] ] } },
{ "type": "Feature", "properties": { "@osmId": "way/234512952", "@snapshotTimestamp": "2019-01-01T00:00:00Z" }, "geometry": { "type": "LineString", "coordinates": [ [ 82.2672807, 18.5685034 ], [ 82.2675327, 18.5689526 ] ] } },
{ "type": "Feature", "properties": { "@osmId": "way/234512959", "@snapshotTimestamp": "2019-01-01T00:00:00Z" }, "geometry": { "type": "LineString", "coordinates": [ [ 82.2675327, 18.5689526 ], [ 82.269642, 18.572411 ] ] } },
{ "type": "Feature", "properties": { "@osmId": "way/439576159", "@snapshotTimestamp": "2019-01-01T00:00:00Z" }, "geometry": { "type": "LineString", "coordinates": [ [ 82.610932, 18.5710638 ], [ 82.6108053, 18.5713932 ] ] } },
{ "type": "Feature", "properties": { "@osmId": "way/439595412", "@snapshotTimestamp": "2019-01-01T00:00:00Z" }, "geometry": { "type": "LineString", "coordinates": [ [ 82.7148958, 18.541189 ], [ 82.749906, 18.571033 ] ] } },
{ "type": "Feature", "properties": { "@osmId": "way/45022234", "@snapshotTimestamp": "2019-01-01T00:00:00Z" }, "geometry": { "type": "LineString", "coordinates": [ [ 82.96235, 18.563572 ], [ 82.921431, 18.571311 ], [ 82.879528, 18.630563 ] ] } },
{ "type": "Feature", "properties": { "@osmId": "way/177903715", "@snapshotTimestamp": "2019-01-01T00:00:00Z" }, "geometry": { "type": "LineString", "coordinates": [ [ 82.749906, 18.571033 ], [ 82.796914, 18.601142 ], [ 82.8138751, 18.6460266 ] ] } },
{ "type": "Feature", "properties": { "@osmId": "way/439645991", "@snapshotTimestamp": "2019-01-01T00:00:00Z" }, "geometry": { "type": "LineString", "coordinates": [ [ 82.8138751, 18.6460266 ], [ 82.8144057, 18.6469714 ] ] } },
{ "type": "Feature", "properties": { "@osmId": "way/439645992", "@snapshotTimestamp": "2019-01-01T00:00:00Z" }, "geometry": { "type": "LineString", "coordinates": [ [ 82.8144057, 18.6469714 ], [ 82.8355866, 18.6925767 ] ] } },
{ "type": "Feature", "properties": { "@osmId": "way/45022235", "@snapshotTimestamp": "2019-01-01T00:00:00Z" }, "geometry": { "type": "LineString", "coordinates": [ [ 82.879528, 18.630563 ], [ 82.873976, 18.685799 ], [ 82.82397, 18.750495 ] ] } },
{ "type": "Feature", "properties": { "@osmId": "way/231121751", "@snapshotTimestamp": "2019-01-01T00:00:00Z" }, "geometry": { "type": "LineString", "coordinates": [ [ 82.8355866, 18.6925767 ], [ 82.8359872, 18.693057 ] ] } },
{ "type": "Feature", "properties": { "@osmId": "way/231145735", "@snapshotTimestamp": "2019-01-01T00:00:00Z" }, "geometry": { "type": "LineString", "coordinates": [ [ 82.8688944, 18.6971352 ], [ 82.866407, 18.695362 ] ] } },
{ "type": "Feature", "properties": { "@osmId": "way/231145734", "@snapshotTimestamp": "2019-01-01T00:00:00Z" }, "geometry": { "type": "LineString", "coordinates": [ [ 82.866286, 18.6954613 ], [ 82.8688944, 18.6971352 ] ] } },
{ "type": "Feature", "properties": { "@osmId": "way/231121745", "@snapshotTimestamp": "2019-01-01T00:00:00Z" }, "geometry": { "type": "LineString", "coordinates": [ [ 82.8359872, 18.693057 ], [ 82.854142, 18.706564 ] ] } },
{ "type": "Feature", "properties": { "@osmId": "way/234424376", "@snapshotTimestamp": "2019-01-01T00:00:00Z" }, "geometry": { "type": "LineString", "coordinates": [ [ 82.269642, 18.572411 ], [ 82.3156188, 18.6148843 ] ] } },
{ "type": "Feature", "properties": { "@osmId": "way/234424347", "@snapshotTimestamp": "2019-01-01T00:00:00Z" }, "geometry": { "type": "LineString", "coordinates": [ [ 82.3156188, 18.6148843 ], [ 82.315986, 18.6156324 ] ] } },
{ "type": "Feature", "properties": { "@osmId": "way/439576170", "@snapshotTimestamp": "2019-01-01T00:00:00Z" }, "geometry": { "type": "LineString", "coordinates": [ [ 82.6108053, 18.5713932 ], [ 82.5811566, 18.6798802 ] ] } },
{ "type": "Feature", "properties": { "@osmId": "way/234424374", "@snapshotTimestamp": "2019-01-01T00:00:00Z" }, "geometry": { "type": "LineString", "coordinates": [ [ 82.315986, 18.6156324 ], [ 82.3364455, 18.6377497 ] ] } },
{ "type": "Feature", "properties": { "@osmId": "way/234424345", "@snapshotTimestamp": "2019-01-01T00:00:00Z" }, "geometry": { "type": "LineString", "coordinates": [ [ 82.3364455, 18.6377497 ], [ 82.3359097, 18.6384533 ] ] } },
{ "type": "Feature", "properties": { "@osmId": "way/439576161", "@snapshotTimestamp": "2019-01-01T00:00:00Z" }, "geometry": { "type": "LineString", "coordinates": [ [ 82.5811566, 18.6798802 ], [ 82.5809668, 18.6800966 ] ] } },
{ "type": "Feature", "properties": { "@osmId": "way/234424329", "@snapshotTimestamp": "2019-01-01T00:00:00Z" }, "geometry": { "type": "LineString", "coordinates": [ [ 82.3359097, 18.6384533 ], [ 82.4129813, 18.7247419 ] ] } },
{ "type": "Feature", "properties": { "@osmId": "way/439576171", "@snapshotTimestamp": "2019-01-01T00:00:00Z" }, "geometry": { "type": "LineString", "coordinates": [ [ 82.5809668, 18.6800966 ], [ 82.5519792, 18.7386296 ] ] } },
{ "type": "Feature", "properties": { "@osmId": "way/234424336", "@snapshotTimestamp": "2019-01-01T00:00:00Z" }, "geometry": { "type": "LineString", "coordinates": [ [ 82.4129813, 18.7247419 ], [ 82.4130744, 18.7249307 ] ] } },
{ "type": "Feature", "properties": { "@osmId": "way/439576160", "@snapshotTimestamp": "2019-01-01T00:00:00Z" }, "geometry": { "type": "LineString", "coordinates": [ [ 82.5519792, 18.7386296 ], [ 82.5517261, 18.7388928 ] ] } },
{ "type": "Feature", "properties": { "@osmId": "way/231145736", "@snapshotTimestamp": "2019-01-01T00:00:00Z" }, "geometry": { "type": "LineString", "coordinates": [ [ 82.8688944, 18.6971352 ], [ 82.9022086, 18.730054 ] ] } },
{ "type": "Feature", "properties": { "@osmId": "way/231145728", "@snapshotTimestamp": "2019-01-01T00:00:00Z" }, "geometry": { "type": "LineString", "coordinates": [ [ 82.9022086, 18.730054 ], [ 82.9022566, 18.7306673 ] ] } },
{ "type": "Feature", "properties": { "@osmId": "way/231145729", "@snapshotTimestamp": "2019-01-01T00:00:00Z" }, "geometry": { "type": "LineString", "coordinates": [ [ 82.9022566, 18.7306673 ], [ 82.9193886, 18.7560871 ] ] } },
{ "type": "Feature", "properties": { "@osmId": "way/45022236", "@snapshotTimestamp": "2019-01-01T00:00:00Z" }, "geometry": { "type": "LineString", "coordinates": [ [ 82.82397, 18.750495 ], [ 82.8239408, 18.7551733 ] ] } },
{ "type": "Feature", "properties": { "@osmId": "way/45029166", "@snapshotTimestamp": "2019-01-01T00:00:00Z" }, "geometry": { "type": "LineString", "coordinates": [ [ 82.8239408, 18.7551733 ], [ 82.82269, 18.7573116 ] ] } },
{ "type": "Feature", "properties": { "@osmId": "way/231145727", "@snapshotTimestamp": "2019-01-01T00:00:00Z" }, "geometry": { "type": "LineString", "coordinates": [ [ 82.9249701, 18.7631733 ], [ 82.9194349, 18.7559406 ] ] } },
{ "type": "Feature", "properties": { "@osmId": "way/231145725", "@snapshotTimestamp": "2019-01-01T00:00:00Z" }, "geometry": { "type": "LineString", "coordinates": [ [ 82.9193886, 18.7560871 ], [ 82.9247556, 18.763327 ] ] } },
{ "type": "Feature", "properties": { "@osmId": "way/231145731", "@snapshotTimestamp": "2019-01-01T00:00:00Z" }, "geometry": { "type": "LineString", "coordinates": [ [ 82.9251287, 18.7632436 ], [ 82.9249234, 18.7622135 ] ] } },
{ "type": "Feature", "properties": { "@osmId": "way/231145726", "@snapshotTimestamp": "2019-01-01T00:00:00Z" }, "geometry": { "type": "LineString", "coordinates": [ [ 82.9249701, 18.7631733 ], [ 82.9247497, 18.7633971 ], [ 82.9249881, 18.7635823 ], [ 82.9251819, 18.7633838 ], [ 82.9249701, 18.7631733 ] ] } },
{ "type": "Feature", "properties": { "@osmId": "way/231145730", "@snapshotTimestamp": "2019-01-01T00:00:00Z" }, "geometry": { "type": "LineString", "coordinates": [ [ 82.9257787, 18.7637234 ], [ 82.9251708, 18.7633134 ] ] } },
{ "type": "Feature", "properties": { "@osmId": "way/234424366", "@snapshotTimestamp": "2019-01-01T00:00:00Z" }, "geometry": { "type": "LineString", "coordinates": [ [ 82.4130744, 18.7249307 ], [ 82.444513, 18.7684821 ] ] } },
{ "type": "Feature", "properties": { "@osmId": "way/439576166", "@snapshotTimestamp": "2019-01-01T00:00:00Z" }, "geometry": { "type": "LineString", "coordinates": [ [ 82.5517261, 18.7388928 ], [ 82.5181642, 18.7652336 ] ] } },
{ "type": "Feature", "properties": { "@osmId": "way/22830833", "@snapshotTimestamp": "2019-01-01T00:00:00Z" }, "geometry": { "type": "LineString", "coordinates": [ [ 82.4309479, 18.7518458 ], [ 82.4860606, 18.760907 ] ] } },
{ "type": "Feature", "properties": { "@osmId": "way/234424377", "@snapshotTimestamp": "2019-01-01T00:00:00Z" }, "geometry": { "type": "LineString", "coordinates": [ [ 82.4860606, 18.760907 ], [ 82.4864754, 18.7609098 ] ] } },
{ "type": "Feature", "properties": { "@osmId": "way/22830903", "@snapshotTimestamp": "2019-01-01T00:00:00Z" }, "geometry": { "type": "LineString", "coordinates": [ [ 82.5181642, 18.7652336 ], [ 82.5245197, 18.7655817 ] ] } },
{ "type": "Feature", "properties": { "@osmId": "way/234424380", "@snapshotTimestamp": "2019-01-01T00:00:00Z" }, "geometry": { "type": "LineString", "coordinates": [ [ 82.4864754, 18.7609098 ], [ 82.5181642, 18.7652336 ] ] } },
{ "type": "Feature", "properties": { "@osmId": "way/234424378", "@snapshotTimestamp": "2019-01-01T00:00:00Z" }, "geometry": { "type": "LineString", "coordinates": [ [ 82.5245197, 18.7655817 ], [ 82.5249836, 18.7662714 ] ] } },
{ "type": "Feature", "properties": { "@osmId": "way/234424341", "@snapshotTimestamp": "2019-01-01T00:00:00Z" }, "geometry": { "type": "LineString", "coordinates": [ [ 82.444513, 18.7684821 ], [ 82.4446877, 18.7686067 ] ] } },
{ "type": "Feature", "properties": { "@osmId": "way/234424372", "@snapshotTimestamp": "2019-01-01T00:00:00Z" }, "geometry": { "type": "LineString", "coordinates": [ [ 82.4446877, 18.7686067 ], [ 82.4897216, 18.8156077 ] ] } },
{ "type": "Feature", "properties": { "@osmId": "way/234424382", "@snapshotTimestamp": "2019-01-01T00:00:00Z" }, "geometry": { "type": "LineString", "coordinates": [ [ 82.5249836, 18.7662714 ], [ 82.561411, 18.8428316 ] ] } },
{ "type": "Feature", "properties": { "@osmId": "way/231145733", "@snapshotTimestamp": "2019-01-01T00:00:00Z" }, "geometry": { "type": "LineString", "coordinates": [ [ 82.9251622, 18.7634639 ], [ 82.9257787, 18.7637234 ] ] } },
{ "type": "Feature", "properties": { "@osmId": "way/231145732", "@snapshotTimestamp": "2019-01-01T00:00:00Z" }, "geometry": { "type": "LineString", "coordinates": [ [ 82.9257787, 18.7637234 ], [ 82.9272882, 18.7647368 ] ] } },
{ "type": "Feature", "properties": { "@osmId": "way/457312030", "@snapshotTimestamp": "2019-01-01T00:00:00Z" }, "geometry": { "type": "LineString", "coordinates": [ [ 82.95911, 18.7842947 ], [ 82.9375654, 18.7817835 ] ] } },
{ "type": "Feature", "properties": { "@osmId": "way/45029167", "@snapshotTimestamp": "2019-01-01T00:00:00Z" }, "geometry": { "type": "LineString", "coordinates": [ [ 82.82269, 18.7573116 ], [ 82.74056, 18.780628 ], [ 82.7129411, 18.8131504 ] ] } },
{ "type": "Feature", "properties": { "@osmId": "way/45031770", "@snapshotTimestamp": "2019-01-01T00:00:00Z" }, "geometry": { "type": "LineString", "coordinates": [ [ 82.7129411, 18.8131504 ], [ 82.7123219, 18.8134678 ] ] } },
{ "type": "Feature", "properties": { "@osmId": "way/233893186", "@snapshotTimestamp": "2019-01-01T00:00:00Z" }, "geometry": { "type": "LineString", "coordinates": [ [ 82.7120688, 18.8164385 ], [ 82.7310324, 18.8162374 ] ] } },
{ "type": "Feature", "properties": { "@osmId": "way/288973422", "@snapshotTimestamp": "2019-01-01T00:00:00Z" }, "geometry": { "type": "LineString", "coordinates": [ [ 82.7120688, 18.8164385 ], [ 82.7123219, 18.8134678 ] ] } },
{ "type": "Feature", "properties": { "@osmId": "way/22830908", "@snapshotTimestamp": "2019-01-01T00:00:00Z" }, "geometry": { "type": "LineString", "coordinates": [ [ 82.7310324, 18.8162374 ], [ 82.7531813, 18.8290998 ] ] } },
{ "type": "Feature", "properties": { "@osmId": "way/45031776", "@snapshotTimestamp": "2019-01-01T00:00:00Z" }, "geometry": { "type": "LineString", "coordinates": [ [ 82.7123219, 18.8134678 ], [ 82.615663, 18.830032 ] ] } },
{ "type": "Feature", "properties": { "@osmId": "way/234883565", "@snapshotTimestamp": "2019-01-01T00:00:00Z" }, "geometry": { "type": "LineString", "coordinates": [ [ 82.7531813, 18.8290998 ], [ 82.7536298, 18.8292789 ] ] } },
{ "type": "Feature", "properties": { "@osmId": "way/234424337", "@snapshotTimestamp": "2019-01-01T00:00:00Z" }, "geometry": { "type": "LineString", "coordinates": [ [ 82.4897216, 18.8156077 ], [ 82.4907754, 18.8156077 ] ] } },
{ "type": "Feature", "properties": { "@osmId": "way/234424333", "@snapshotTimestamp": "2019-01-01T00:00:00Z" }, "geometry": { "type": "LineString", "coordinates": [ [ 82.4907754, 18.8156077 ], [ 82.507795, 18.8221194 ] ] } },
{ "type": "Feature", "properties": { "@osmId": "way/234424342", "@snapshotTimestamp": "2019-01-01T00:00:00Z" }, "geometry": { "type": "LineString", "coordinates": [ [ 82.507795, 18.8221194 ], [ 82.5087096, 18.8219469 ] ] } },
{ "type": "Feature", "properties": { "@osmId": "way/45031780", "@snapshotTimestamp": "2019-01-01T00:00:00Z" }, "geometry": { "type": "LineString", "coordinates": [ [ 82.615663, 18.830032 ], [ 82.611112, 18.839507 ] ] } },
{ "type": "Feature", "properties": { "@osmId": "way/234424379", "@snapshotTimestamp": "2019-01-01T00:00:00Z" }, "geometry": { "type": "LineString", "coordinates": [ [ 82.561411, 18.8428316 ], [ 82.5617276, 18.8432058 ] ] } },
{ "type": "Feature", "properties": { "@osmId": "way/45031781", "@snapshotTimestamp": "2019-01-01T00:00:00Z" }, "geometry": { "type": "LineString", "coordinates": [ [ 82.611112, 18.839507 ], [ 82.603455, 18.84273 ] ] } },
{ "type": "Feature", "properties": { "@osmId": "way/234424371", "@snapshotTimestamp": "2019-01-01T00:00:00Z" }, "geometry": { "type": "LineString", "coordinates": [ [ 82.5087096, 18.8219469 ], [ 82.5684757, 18.8667478 ] ] } },
{ "type": "Feature", "properties": { "@osmId": "way/234424381", "@snapshotTimestamp": "2019-01-01T00:00:00Z" }, "geometry": { "type": "LineString", "coordinates": [ [ 82.5617276, 18.8432058 ], [ 82.5656569, 18.8480038 ] ] } },
{ "type": "Feature", "properties": { "@osmId": "way/45031782", "@snapshotTimestamp": "2019-01-01T00:00:00Z" }, "geometry": { "type": "LineString", "coordinates": [ [ 82.603455, 18.84273 ], [ 82.583789, 18.858333 ] ] } },
{ "type": "Feature", "properties": { "@osmId": "way/320473772", "@snapshotTimestamp": "2019-01-01T00:00:00Z" }, "geometry": { "type": "LineString", "coordinates": [ [ 82.572936, 18.865947 ], [ 82.5656569, 18.8480038 ] ] } },
{ "type": "Feature", "properties": { "@osmId": "way/234883572", "@snapshotTimestamp": "2019-01-01T00:00:00Z" }, "geometry": { "type": "LineString", "coordinates": [ [ 82.7536298, 18.8292789 ], [ 82.8214978, 18.8424295 ] ] } },
{ "type": "Feature", "properties": { "@osmId": "way/162128819", "@snapshotTimestamp": "2019-01-01T00:00:00Z" }, "geometry": { "type": "LineString", "coordinates": [ [ 83.0058632, 18.9198059 ], [ 82.9907855, 18.8564827 ], [ 82.9272882, 18.7647368 ] ] } },
{ "type": "Feature", "properties": { "@osmId": "way/234883569", "@snapshotTimestamp": "2019-01-01T00:00:00Z" }, "geometry": { "type": "LineString", "coordinates": [ [ 82.8214978, 18.8424295 ], [ 82.821843, 18.8425324 ] ] } },
{ "type": "Feature", "properties": { "@osmId": "way/234883571", "@snapshotTimestamp": "2019-01-01T00:00:00Z" }, "geometry": { "type": "LineString", "coordinates": [ [ 82.821843, 18.8425324 ], [ 82.8838177, 18.873269 ] ] } },
{ "type": "Feature", "properties": { "@osmId": "way/234883566", "@snapshotTimestamp": "2019-01-01T00:00:00Z" }, "geometry": { "type": "LineString", "coordinates": [ [ 82.8838177, 18.873269 ], [ 82.8842733, 18.8733628 ] ] } },
{ "type": "Feature", "properties": { "@osmId": "way/233893182", "@snapshotTimestamp": "2019-01-01T00:00:00Z" }, "geometry": { "type": "LineString", "coordinates": [ [ 82.6726824, 18.9430305 ], [ 82.7120688, 18.8164385 ] ] } },
{ "type": "Feature", "properties": { "@osmId": "way/234883561", "@snapshotTimestamp": "2019-01-01T00:00:00Z" }, "geometry": { "type": "LineString", "coordinates": [ [ 82.8842733, 18.8733628 ], [ 82.9319456, 18.8889903 ], [ 82.9576007, 18.9272576 ] ] } },
{ "type": "Feature", "properties": { "@osmId": "way/22830795", "@snapshotTimestamp": "2019-01-01T00:00:00Z" }, "geometry": { "type": "LineString", "coordinates": [ [ 82.9578133, 18.9273832 ], [ 83.0058632, 18.9198059 ] ] } },
{ "type": "Feature", "properties": { "@osmId": "way/234883567", "@snapshotTimestamp": "2019-01-01T00:00:00Z" }, "geometry": { "type": "LineString", "coordinates": [ [ 82.9576007, 18.9272576 ], [ 82.9578133, 18.9273832 ] ] } },
{ "type": "Feature", "properties": { "@osmId": "way/234883564", "@snapshotTimestamp": "2019-01-01T00:00:00Z" }, "geometry": { "type": "LineString", "coordinates": [ [ 83.0058632, 18.9198059 ], [ 83.0111716, 18.9362721 ] ] } },
{ "type": "Feature", "properties": { "@osmId": "way/234300205", "@snapshotTimestamp": "2019-01-01T00:00:00Z" }, "geometry": { "type": "LineString", "coordinates": [ [ 83.338077685160499, 18.825452101814466 ], [ 83.3288436, 18.847329 ] ] } },
{ "type": "Feature", "properties": { "@osmId": "way/234300199", "@snapshotTimestamp": "2019-01-01T00:00:00Z" }, "geometry": { "type": "LineString", "coordinates": [ [ 83.3288436, 18.847329 ], [ 83.3286779, 18.8476464 ] ] } },
{ "type": "Feature", "properties": { "@osmId": "way/234300193", "@snapshotTimestamp": "2019-01-01T00:00:00Z" }, "geometry": { "type": "LineString", "coordinates": [ [ 83.3286779, 18.8476464 ], [ 83.3235401, 18.8496984 ] ] } },
{ "type": "Feature", "properties": { "@osmId": "way/234300196", "@snapshotTimestamp": "2019-01-01T00:00:00Z" }, "geometry": { "type": "LineString", "coordinates": [ [ 83.3235401, 18.8496984 ], [ 83.323268, 18.8501817 ] ] } },
{ "type": "Feature", "properties": { "@osmId": "way/234300202", "@snapshotTimestamp": "2019-01-01T00:00:00Z" }, "geometry": { "type": "LineString", "coordinates": [ [ 83.323268, 18.8501817 ], [ 83.3060796, 18.8650438 ] ] } },
{ "type": "Feature", "properties": { "@osmId": "way/234300201", "@snapshotTimestamp": "2019-01-01T00:00:00Z" }, "geometry": { "type": "LineString", "coordinates": [ [ 83.3060796, 18.8650438 ], [ 83.3059501, 18.865098 ] ] } },
{ "type": "Feature", "properties": { "@osmId": "way/164569992", "@snapshotTimestamp": "2019-01-01T00:00:00Z" }, "geometry": { "type": "LineString", "coordinates": [ [ 83.1681932, 18.8788458 ], [ 83.1680489, 18.883901 ] ] } },
{ "type": "Feature", "properties": { "@osmId": "way/234300207", "@snapshotTimestamp": "2019-01-01T00:00:00Z" }, "geometry": { "type": "LineString", "coordinates": [ [ 83.2180005, 18.9001912 ], [ 83.1944175, 18.8662995 ], [ 83.1681932, 18.8788458 ] ] } },
{ "type": "Feature", "properties": { "@osmId": "way/234300200", "@snapshotTimestamp": "2019-01-01T00:00:00Z" }, "geometry": { "type": "LineString", "coordinates": [ [ 83.1680489, 18.883901 ], [ 83.1678139, 18.8845067 ] ] } },
{ "type": "Feature", "properties": { "@osmId": "way/234300192", "@snapshotTimestamp": "2019-01-01T00:00:00Z" }, "geometry": { "type": "LineString", "coordinates": [ [ 83.1678139, 18.8845067 ], [ 83.163339, 18.8883928 ] ] } },
{ "type": "Feature", "properties": { "@osmId": "way/239005241", "@snapshotTimestamp": "2019-01-01T00:00:00Z" }, "geometry": { "type": "LineString", "coordinates": [ [ 82.583789, 18.858333 ], [ 82.583417, 18.858378 ] ] } },
{ "type": "Feature", "properties": { "@osmId": "way/239005238", "@snapshotTimestamp": "2019-01-01T00:00:00Z" }, "geometry": { "type": "LineString", "coordinates": [ [ 82.583417, 18.858378 ], [ 82.583286, 18.858411 ] ] } },
{ "type": "Feature", "properties": { "@osmId": "way/45031783", "@snapshotTimestamp": "2019-01-01T00:00:00Z" }, "geometry": { "type": "LineString", "coordinates": [ [ 82.583286, 18.858411 ], [ 82.5684757, 18.8667478 ] ] } },
{ "type": "Feature", "properties": { "@osmId": "way/288973419", "@snapshotTimestamp": "2019-01-01T00:00:00Z" }, "geometry": { "type": "LineString", "coordinates": [ [ 82.5684757, 18.8667478 ], [ 82.562846, 18.867235 ] ] } },
{ "type": "Feature", "properties": { "@osmId": "way/417956273", "@snapshotTimestamp": "2019-01-01T00:00:00Z" }, "geometry": { "type": "LineString", "coordinates": [ [ 82.562846, 18.867235 ], [ 82.5622087, 18.8784662 ] ] } },
{ "type": "Feature", "properties": { "@osmId": "way/417956270", "@snapshotTimestamp": "2019-01-01T00:00:00Z" }, "geometry": { "type": "LineString", "coordinates": [ [ 82.5622087, 18.8784662 ], [ 82.5621992, 18.8786751 ] ] } },
{ "type": "Feature", "properties": { "@osmId": "way/45031768", "@snapshotTimestamp": "2019-01-01T00:00:00Z" }, "geometry": { "type": "LineString", "coordinates": [ [ 82.5621992, 18.8786751 ], [ 82.5617684, 18.8912178 ] ] } },
{ "type": "Feature", "properties": { "@osmId": "way/426777489", "@snapshotTimestamp": "2019-01-01T00:00:00Z" }, "geometry": { "type": "LineString", "coordinates": [ [ 82.5617684, 18.8912178 ], [ 82.561769, 18.8913608 ] ] } },
{ "type": "Feature", "properties": { "@osmId": "way/638279398", "@snapshotTimestamp": "2019-01-01T00:00:00Z" }, "geometry": { "type": "LineString", "coordinates": [ [ 82.561769, 18.8913608 ], [ 82.562356, 18.9093813 ] ] } },
{ "type": "Feature", "properties": { "@osmId": "way/638279397", "@snapshotTimestamp": "2019-01-01T00:00:00Z" }, "geometry": { "type": "LineString", "coordinates": [ [ 82.562356, 18.9093813 ], [ 82.5621249, 18.9099644 ] ] } },
{ "type": "Feature", "properties": { "@osmId": "way/234300197", "@snapshotTimestamp": "2019-01-01T00:00:00Z" }, "geometry": { "type": "LineString", "coordinates": [ [ 83.163339, 18.8883928 ], [ 83.1632349, 18.8889249 ] ] } },
{ "type": "Feature", "properties": { "@osmId": "way/234300213", "@snapshotTimestamp": "2019-01-01T00:00:00Z" }, "geometry": { "type": "LineString", "coordinates": [ [ 83.3059501, 18.865098 ], [ 83.2728378, 18.9322437 ] ] } },
{ "type": "Feature", "properties": { "@osmId": "way/234300195", "@snapshotTimestamp": "2019-01-01T00:00:00Z" }, "geometry": { "type": "LineString", "coordinates": [ [ 83.2184923, 18.9009541 ], [ 83.2180005, 18.9001912 ] ] } },
{ "type": "Feature", "properties": { "@osmId": "way/234300206", "@snapshotTimestamp": "2019-01-01T00:00:00Z" }, "geometry": { "type": "LineString", "coordinates": [ [ 83.2314016, 18.9361209 ], [ 83.2184923, 18.9009541 ] ] } },
{ "type": "Feature", "properties": { "@osmId": "way/234300194", "@snapshotTimestamp": "2019-01-01T00:00:00Z" }, "geometry": { "type": "LineString", "coordinates": [ [ 83.2728378, 18.9322437 ], [ 83.2721737, 18.9322997 ] ] } },
{ "type": "Feature", "properties": { "@osmId": "way/234300204", "@snapshotTimestamp": "2019-01-01T00:00:00Z" }, "geometry": { "type": "LineString", "coordinates": [ [ 83.2721737, 18.9322997 ], [ 83.2314514, 18.9363846 ] ] } },
{ "type": "Feature", "properties": { "@osmId": "way/234300198", "@snapshotTimestamp": "2019-01-01T00:00:00Z" }, "geometry": { "type": "LineString", "coordinates": [ [ 83.2314514, 18.9363846 ], [ 83.2314016, 18.9361209 ] ] } },
{ "type": "Feature", "properties": { "@osmId": "way/547438520", "@snapshotTimestamp": "2019-01-01T00:00:00Z" }, "geometry": { "type": "MultiLineString", "coordinates": [ [ [ 83.4077656, 19.1537009 ], [ 83.444450390715019, 18.966788369978715 ] ], [ [ 83.443804814247159, 18.960146887121667 ], [ 83.446088795567576, 18.957912553535561 ] ] ] } },
{ "type": "Feature", "properties": { "@osmId": "way/275641608", "@snapshotTimestamp": "2019-01-01T00:00:00Z" }, "geometry": { "type": "LineString", "coordinates": [ [ 83.1448217, 19.0131041 ], [ 83.2060175, 19.1227626 ] ] } },
{ "type": "Feature", "properties": { "@osmId": "way/275647562", "@snapshotTimestamp": "2019-01-01T00:00:00Z" }, "geometry": { "type": "LineString", "coordinates": [ [ 83.2232143, 19.1150836 ], [ 83.2233027, 19.11454 ] ] } },
{ "type": "Feature", "properties": { "@osmId": "way/638279396", "@snapshotTimestamp": "2019-01-01T00:00:00Z" }, "geometry": { "type": "LineString", "coordinates": [ [ 82.5621249, 18.9099644 ], [ 82.5596118, 18.9372007 ] ] } },
{ "type": "Feature", "properties": { "@osmId": "way/638279395", "@snapshotTimestamp": "2019-01-01T00:00:00Z" }, "geometry": { "type": "LineString", "coordinates": [ [ 82.5596118, 18.9372007 ], [ 82.5595476, 18.9377282 ] ] } },
{ "type": "Feature", "properties": { "@osmId": "way/426777440", "@snapshotTimestamp": "2019-01-01T00:00:00Z" }, "geometry": { "type": "LineString", "coordinates": [ [ 82.5595476, 18.9377282 ], [ 82.5579724, 18.9625119 ] ] } },
{ "type": "Feature", "properties": { "@osmId": "way/431505266", "@snapshotTimestamp": "2019-01-01T00:00:00Z" }, "geometry": { "type": "LineString", "coordinates": [ [ 82.5579724, 18.9625119 ], [ 82.55793, 18.9631866 ] ] } },
{ "type": "Feature", "properties": { "@osmId": "way/233893183", "@snapshotTimestamp": "2019-01-01T00:00:00Z" }, "geometry": { "type": "LineString", "coordinates": [ [ 82.6211044, 18.9736058 ], [ 82.6222132, 18.9740435 ] ] } },
{ "type": "Feature", "properties": { "@osmId": "way/431505284", "@snapshotTimestamp": "2019-01-01T00:00:00Z" }, "geometry": { "type": "LineString", "coordinates": [ [ 82.55793, 18.9631866 ], [ 82.5553869, 19.0047689 ] ] } },
{ "type": "Feature", "properties": { "@osmId": "way/239005239", "@snapshotTimestamp": "2019-01-01T00:00:00Z" }, "geometry": { "type": "LineString", "coordinates": [ [ 82.5553869, 19.0047689 ], [ 82.5553679, 19.0050844 ] ] } },
{ "type": "Feature", "properties": { "@osmId": "way/233893184", "@snapshotTimestamp": "2019-01-01T00:00:00Z" }, "geometry": { "type": "LineString", "coordinates": [ [ 82.553591, 19.048454 ], [ 82.6211044, 18.9736058 ] ] } },
{ "type": "Feature", "properties": { "@osmId": "way/239005240", "@snapshotTimestamp": "2019-01-01T00:00:00Z" }, "geometry": { "type": "LineString", "coordinates": [ [ 82.5553679, 19.0050844 ], [ 82.553591, 19.048454 ] ] } },
{ "type": "Feature", "properties": { "@osmId": "way/45031791", "@snapshotTimestamp": "2019-01-01T00:00:00Z" }, "geometry": { "type": "LineString", "coordinates": [ [ 82.5535512, 19.0487597 ], [ 82.421444, 19.1221832 ] ] } },
{ "type": "Feature", "properties": { "@osmId": "way/374239955", "@snapshotTimestamp": "2019-01-01T00:00:00Z" }, "geometry": { "type": "LineString", "coordinates": [ [ 84.097620225842746, 18.761368326441996 ], [ 84.0975921, 18.761938 ] ] } },
{ "type": "Feature", "properties": { "@osmId": "way/374239975", "@snapshotTimestamp": "2019-01-01T00:00:00Z" }, "geometry": { "type": "LineString", "coordinates": [ [ 84.0975921, 18.761938 ], [ 84.0979784, 18.7735665 ] ] } },
{ "type": "Feature", "properties": { "@osmId": "way/22830917", "@snapshotTimestamp": "2019-01-01T00:00:00Z" }, "geometry": { "type": "LineString", "coordinates": [ [ 84.0979784, 18.7735665 ], [ 84.1132129, 18.7782316 ] ] } },
{ "type": "Feature", "properties": { "@osmId": "way/22830881", "@snapshotTimestamp": "2019-01-01T00:00:00Z" }, "geometry": { "type": "LineString", "coordinates": [ [ 84.0979784, 18.7735665 ], [ 84.0918083, 18.7802372 ] ] } },
{ "type": "Feature", "properties": { "@osmId": "way/261207424", "@snapshotTimestamp": "2019-01-01T00:00:00Z" }, "geometry": { "type": "LineString", "coordinates": [ [ 84.1132129, 18.7782316 ], [ 84.138241282171322, 18.777707095986756 ] ] } },
{ "type": "Feature", "properties": { "@osmId": "way/261207426", "@snapshotTimestamp": "2019-01-01T00:00:00Z" }, "geometry": { "type": "LineString", "coordinates": [ [ 84.0874065, 18.7785847 ], [ 84.0937096, 18.7782229 ] ] } },
{ "type": "Feature", "properties": { "@osmId": "way/261207429", "@snapshotTimestamp": "2019-01-01T00:00:00Z" }, "geometry": { "type": "LineString", "coordinates": [ [ 84.068517280838265, 18.781100646737595 ], [ 84.0871308, 18.7768542 ] ] } },
{ "type": "Feature", "properties": { "@osmId": "way/261207425", "@snapshotTimestamp": "2019-01-01T00:00:00Z" }, "geometry": { "type": "LineString", "coordinates": [ [ 84.0862691, 18.7876789 ], [ 84.0977381, 18.7719031 ] ] } },
{ "type": "Feature", "properties": { "@osmId": "way/22830880", "@snapshotTimestamp": "2019-01-01T00:00:00Z" }, "geometry": { "type": "LineString", "coordinates": [ [ 84.0918083, 18.7802372 ], [ 84.0790556, 18.7941979 ] ] } },
{ "type": "Feature", "properties": { "@osmId": "way/232959989", "@snapshotTimestamp": "2019-01-01T00:00:00Z" }, "geometry": { "type": "LineString", "coordinates": [ [ 84.0790556, 18.7941979 ], [ 84.0789338, 18.794342 ] ] } },
{ "type": "Feature", "properties": { "@osmId": "way/232959999", "@snapshotTimestamp": "2019-01-01T00:00:00Z" }, "geometry": { "type": "LineString", "coordinates": [ [ 84.0789338, 18.794342 ], [ 84.0732566, 18.8013059 ] ] } },
{ "type": "Feature", "properties": { "@osmId": "way/396880987", "@snapshotTimestamp": "2019-01-01T00:00:00Z" }, "geometry": { "type": "LineString", "coordinates": [ [ 84.340372912034212, 18.803006113507088 ], [ 84.34036911324894, 18.808625323349833 ] ] } },
{ "type": "Feature", "properties": { "@osmId": "way/289005359", "@snapshotTimestamp": "2019-01-01T00:00:00Z" }, "geometry": { "type": "LineString", "coordinates": [ [ 84.1797314, 18.8411836 ], [ 84.1132129, 18.7782316 ] ] } },
{ "type": "Feature", "properties": { "@osmId": "way/234883562", "@snapshotTimestamp": "2019-01-01T00:00:00Z" }, "geometry": { "type": "MultiLineString", "coordinates": [ [ [ 84.212492260460678, 18.791349752172316 ], [ 84.213953768279779, 18.793571832796555 ] ], [ [ 84.21655611994683, 18.796480492521088 ], [ 84.219697420298544, 18.797762007345838 ] ], [ [ 84.22112415896413, 18.798388927976021 ], [ 84.2728541, 18.831234 ], [ 84.330099297970818, 18.816171602695032 ] ] ] } },
{ "type": "Feature", "properties": { "@osmId": "way/289005365", "@snapshotTimestamp": "2019-01-01T00:00:00Z" }, "geometry": { "type": "LineString", "coordinates": [ [ 84.1797314, 18.8411836 ], [ 84.1804013, 18.8421392 ] ] } },
{ "type": "Feature", "properties": { "@osmId": "way/289005367", "@snapshotTimestamp": "2019-01-01T00:00:00Z" }, "geometry": { "type": "LineString", "coordinates": [ [ 84.1804013, 18.8421392 ], [ 84.1976417, 18.8748571 ], [ 84.1731031, 18.9017035 ] ] } },
{ "type": "Feature", "properties": { "@osmId": "way/405959806", "@snapshotTimestamp": "2019-01-01T00:00:00Z" }, "geometry": { "type": "LineString", "coordinates": [ [ 84.1973832, 18.8731225 ], [ 84.3098565, 18.8872093 ], [ 84.3061175, 18.8706722 ] ] } },
{ "type": "Feature", "properties": { "@osmId": "way/374236445", "@snapshotTimestamp": "2019-01-01T00:00:00Z" }, "geometry": { "type": "LineString", "coordinates": [ [ 84.1731031, 18.9017035 ], [ 84.1729524, 18.9019123 ] ] } },
{ "type": "Feature", "properties": { "@osmId": "way/374236444", "@snapshotTimestamp": "2019-01-01T00:00:00Z" }, "geometry": { "type": "LineString", "coordinates": [ [ 84.1729524, 18.9019123 ], [ 84.1502286, 18.9199101 ], [ 84.1456447, 18.9768322 ] ] } },
{ "type": "Feature", "properties": { "@osmId": "way/289005363", "@snapshotTimestamp": "2019-01-01T00:00:00Z" }, "geometry": { "type": "LineString", "coordinates": [ [ 84.1456447, 18.9768322 ], [ 84.1452916, 18.97679 ] ] } },
{ "type": "Feature", "properties": { "@osmId": "way/482787030", "@snapshotTimestamp": "2019-01-01T00:00:00Z" }, "geometry": { "type": "LineString", "coordinates": [ [ 83.944805, 18.8140125 ], [ 83.944937002650605, 18.807573128962932 ] ] } },
{ "type": "Feature", "properties": { "@osmId": "way/22830858", "@snapshotTimestamp": "2019-01-01T00:00:00Z" }, "geometry": { "type": "LineString", "coordinates": [ [ 84.0732566, 18.8013059 ], [ 83.992277838400469, 18.81380823696604 ] ] } },
{ "type": "Feature", "properties": { "@osmId": "way/232960003", "@snapshotTimestamp": "2019-01-01T00:00:00Z" }, "geometry": { "type": "MultiLineString", "coordinates": [ [ [ 83.988435759242989, 18.813207572797715 ], [ 83.979981338425958, 18.813160733028742 ] ], [ [ 83.957715209715872, 18.81303737267713 ], [ 83.9518901, 18.8130051 ] ] ] } },
{ "type": "Feature", "properties": { "@osmId": "way/482787029", "@snapshotTimestamp": "2019-01-01T00:00:00Z" }, "geometry": { "type": "LineString", "coordinates": [ [ 83.9518901, 18.8130051 ], [ 83.944805, 18.8140125 ] ] } },
{ "type": "Feature", "properties": { "@osmId": "way/232960002", "@snapshotTimestamp": "2019-01-01T00:00:00Z" }, "geometry": { "type": "LineString", "coordinates": [ [ 83.988942395980686, 18.813429148326719 ], [ 83.9829604, 18.8186655 ] ] } },
{ "type": "Feature", "properties": { "@osmId": "way/232959996", "@snapshotTimestamp": "2019-01-01T00:00:00Z" }, "geometry": { "type": "LineString", "coordinates": [ [ 83.9829604, 18.8186655 ], [ 83.9830079, 18.818817 ] ] } },
{ "type": "Feature", "properties": { "@osmId": "way/232959986", "@snapshotTimestamp": "2019-01-01T00:00:00Z" }, "geometry": { "type": "LineString", "coordinates": [ [ 83.9830079, 18.818817 ], [ 83.9374973, 18.8283739 ] ] } },
{ "type": "Feature", "properties": { "@osmId": "way/232959990", "@snapshotTimestamp": "2019-01-01T00:00:00Z" }, "geometry": { "type": "LineString", "coordinates": [ [ 83.9374973, 18.8283739 ], [ 83.9373076, 18.8284132 ] ] } },
{ "type": "Feature", "properties": { "@osmId": "way/232959985", "@snapshotTimestamp": "2019-01-01T00:00:00Z" }, "geometry": { "type": "LineString", "coordinates": [ [ 83.9373076, 18.8284132 ], [ 83.8817758, 18.8573694 ], [ 83.861573, 18.9891578 ] ] } },
{ "type": "Feature", "properties": { "@osmId": "way/232959992", "@snapshotTimestamp": "2019-01-01T00:00:00Z" }, "geometry": { "type": "LineString", "coordinates": [ [ 83.861573, 18.9891578 ], [ 83.8614414, 18.989315 ] ] } },
{ "type": "Feature", "properties": { "@osmId": "way/232960001", "@snapshotTimestamp": "2019-01-01T00:00:00Z" }, "geometry": { "type": "LineString", "coordinates": [ [ 83.8614414, 18.989315 ], [ 83.8336834, 19.0334098 ] ] } },
{ "type": "Feature", "properties": { "@osmId": "way/232959987", "@snapshotTimestamp": "2019-01-01T00:00:00Z" }, "geometry": { "type": "LineString", "coordinates": [ [ 83.8336834, 19.0334098 ], [ 83.8338706, 19.0336659 ] ] } },
{ "type": "Feature", "properties": { "@osmId": "way/232959997", "@snapshotTimestamp": "2019-01-01T00:00:00Z" }, "geometry": { "type": "LineString", "coordinates": [ [ 83.8338706, 19.0336659 ], [ 83.8167239, 19.0808141 ] ] } },
{ "type": "Feature", "properties": { "@osmId": "way/606796718", "@snapshotTimestamp": "2019-01-01T00:00:00Z" }, "geometry": { "type": "LineString", "coordinates": [ [ 83.8262406, 19.0588488 ], [ 83.8260397, 19.0587495 ] ] } },
{ "type": "Feature", "properties": { "@osmId": "way/606796714", "@snapshotTimestamp": "2019-01-01T00:00:00Z" }, "geometry": { "type": "LineString", "coordinates": [ [ 83.8252239, 19.0592833 ], [ 83.8255208, 19.0584599 ] ] } },
{ "type": "Feature", "properties": { "@osmId": "way/606796715", "@snapshotTimestamp": "2019-01-01T00:00:00Z" }, "geometry": { "type": "LineString", "coordinates": [ [ 83.8255844, 19.0593299 ], [ 83.8258601, 19.0585696 ] ] } },
{ "type": "Feature", "properties": { "@osmId": "way/606796716", "@snapshotTimestamp": "2019-01-01T00:00:00Z" }, "geometry": { "type": "LineString", "coordinates": [ [ 83.8257084, 19.0589402 ], [ 83.8258547, 19.0589956 ] ] } },
{ "type": "Feature", "properties": { "@osmId": "way/606796717", "@snapshotTimestamp": "2019-01-01T00:00:00Z" }, "geometry": { "type": "LineString", "coordinates": [ [ 83.8262513, 19.0593984 ], [ 83.8265511, 19.0589459 ] ] } },
{ "type": "Feature", "properties": { "@osmId": "way/606796713", "@snapshotTimestamp": "2019-01-01T00:00:00Z" }, "geometry": { "type": "LineString", "coordinates": [ [ 83.8232583, 19.0600982 ], [ 83.8266488, 19.0594753 ] ] } },
{ "type": "Feature", "properties": { "@osmId": "way/606796719", "@snapshotTimestamp": "2019-01-01T00:00:00Z" }, "geometry": { "type": "LineString", "coordinates": [ [ 83.8235875, 19.0600982 ], [ 83.8235909, 19.0603339 ] ] } },
{ "type": "Feature", "properties": { "@osmId": "way/22830764", "@snapshotTimestamp": "2019-01-01T00:00:00Z" }, "geometry": { "type": "LineString", "coordinates": [ [ 83.709565002952857, 19.002717705260046 ], [ 83.7707715, 19.0313763 ] ] } },
{ "type": "Feature", "properties": { "@osmId": "way/640353101", "@snapshotTimestamp": "2019-01-01T00:00:00Z" }, "geometry": { "type": "LineString", "coordinates": [ [ 83.77668922153272, 19.018439755559378 ], [ 83.7707715, 19.0313763 ] ] } },
{ "type": "Feature", "properties": { "@osmId": "way/22830899", "@snapshotTimestamp": "2019-01-01T00:00:00Z" }, "geometry": { "type": "LineString", "coordinates": [ [ 83.7707715, 19.0313763 ], [ 83.793715, 19.0938612 ] ] } },
{ "type": "Feature", "properties": { "@osmId": "way/606796731", "@snapshotTimestamp": "2019-01-01T00:00:00Z" }, "geometry": { "type": "LineString", "coordinates": [ [ 83.8171962, 19.0647626 ], [ 83.8184561, 19.0655583 ] ] } },
{ "type": "Feature", "properties": { "@osmId": "way/606796734", "@snapshotTimestamp": "2019-01-01T00:00:00Z" }, "geometry": { "type": "LineString", "coordinates": [ [ 83.8189642, 19.0654777 ], [ 83.8177543, 19.0658502 ] ] } },
{ "type": "Feature", "properties": { "@osmId": "way/606796733", "@snapshotTimestamp": "2019-01-01T00:00:00Z" }, "geometry": { "type": "LineString", "coordinates": [ [ 83.8184561, 19.0655583 ], [ 83.818617, 19.0658681 ] ] } },
{ "type": "Feature", "properties": { "@osmId": "way/606796735", "@snapshotTimestamp": "2019-01-01T00:00:00Z" }, "geometry": { "type": "LineString", "coordinates": [ [ 83.815757, 19.069085 ], [ 83.8141578, 19.0667979 ] ] } },
{ "type": "Feature", "properties": { "@osmId": "way/606796740", "@snapshotTimestamp": "2019-01-01T00:00:00Z" }, "geometry": { "type": "LineString", "coordinates": [ [ 83.8139485, 19.0680464 ], [ 83.8134555, 19.0680813 ] ] } },
{ "type": "Feature", "properties": { "@osmId": "way/606796739", "@snapshotTimestamp": "2019-01-01T00:00:00Z" }, "geometry": { "type": "LineString", "coordinates": [ [ 83.8142892, 19.0677531 ], [ 83.8136003, 19.0683084 ] ] } },
{ "type": "Feature", "properties": { "@osmId": "way/606796736", "@snapshotTimestamp": "2019-01-01T00:00:00Z" }, "geometry": { "type": "LineString", "coordinates": [ [ 83.8152039, 19.0689274 ], [ 83.8162499, 19.0677917 ] ] } },
{ "type": "Feature", "properties": { "@osmId": "way/606796720", "@snapshotTimestamp": "2019-01-01T00:00:00Z" }, "geometry": { "type": "LineString", "coordinates": [ [ 83.8237129, 19.0602109 ], [ 83.8237861, 19.0603108 ] ] } },
{ "type": "Feature", "properties": { "@osmId": "way/606796727", "@snapshotTimestamp": "2019-01-01T00:00:00Z" }, "geometry": { "type": "LineString", "coordinates": [ [ 83.8208157, 19.0603624 ], [ 83.8195635, 19.0603532 ] ] } },
{ "type": "Feature", "properties": { "@osmId": "way/606796721", "@snapshotTimestamp": "2019-01-01T00:00:00Z" }, "geometry": { "type": "LineString", "coordinates": [ [ 83.8242184, 19.0598332 ], [ 83.8253612, 19.0605687 ] ] } },
{ "type": "Feature", "properties": { "@osmId": "way/606796723", "@snapshotTimestamp": "2019-01-01T00:00:00Z" }, "geometry": { "type": "LineString", "coordinates": [ [ 83.8231643, 19.0602411 ], [ 83.8200838, 19.0606714 ] ] } },
{ "type": "Feature", "properties": { "@osmId": "way/606796724", "@snapshotTimestamp": "2019-01-01T00:00:00Z" }, "geometry": { "type": "LineString", "coordinates": [ [ 83.8228416, 19.060732 ], [ 83.8227333, 19.0604359 ] ] } },
{ "type": "Feature", "properties": { "@osmId": "way/606796728", "@snapshotTimestamp": "2019-01-01T00:00:00Z" }, "geometry": { "type": "LineString", "coordinates": [ [ 83.8200838, 19.0606714 ], [ 83.8193866, 19.0605221 ] ] } },
{ "type": "Feature", "properties": { "@osmId": "way/606796726", "@snapshotTimestamp": "2019-01-01T00:00:00Z" }, "geometry": { "type": "LineString", "coordinates": [ [ 83.8199715, 19.0610031 ], [ 83.8194998, 19.0609085 ] ] } },
{ "type": "Feature", "properties": { "@osmId": "way/606796729", "@snapshotTimestamp": "2019-01-01T00:00:00Z" }, "geometry": { "type": "LineString", "coordinates": [ [ 83.8201717, 19.0611138 ], [ 83.8196697, 19.0611761 ] ] } },
{ "type": "Feature", "properties": { "@osmId": "way/606796730", "@snapshotTimestamp": "2019-01-01T00:00:00Z" }, "geometry": { "type": "LineString", "coordinates": [ [ 83.8200997, 19.0612648 ], [ 83.8192873, 19.0629189 ] ] } },
{ "type": "Feature", "properties": { "@osmId": "way/606796712", "@snapshotTimestamp": "2019-01-01T00:00:00Z" }, "geometry": { "type": "LineString", "coordinates": [ [ 83.8217311, 19.0622765 ], [ 83.8227658, 19.0621181 ] ] } },
{ "type": "Feature", "properties": { "@osmId": "way/606796737", "@snapshotTimestamp": "2019-01-01T00:00:00Z" }, "geometry": { "type": "LineString", "coordinates": [ [ 83.8139861, 19.0687956 ], [ 83.8146782, 19.0680908 ] ] } },
{ "type": "Feature", "properties": { "@osmId": "way/606796744", "@snapshotTimestamp": "2019-01-01T00:00:00Z" }, "geometry": { "type": "LineString", "coordinates": [ [ 83.8166319, 19.0689518 ], [ 83.8167401, 19.0679793 ] ] } },
{ "type": "Feature", "properties": { "@osmId": "way/606796738", "@snapshotTimestamp": "2019-01-01T00:00:00Z" }, "geometry": { "type": "LineString", "coordinates": [ [ 83.8150758, 19.0684572 ], [ 83.8144106, 19.0689957 ] ] } },
{ "type": "Feature", "properties": { "@osmId": "way/606796742", "@snapshotTimestamp": "2019-01-01T00:00:00Z" }, "geometry": { "type": "LineString", "coordinates": [ [ 83.8195358, 19.0689768 ], [ 83.8166319, 19.0689518 ] ] } },
{ "type": "Feature", "properties": { "@osmId": "way/606796741", "@snapshotTimestamp": "2019-01-01T00:00:00Z" }, "geometry": { "type": "LineString", "coordinates": [ [ 83.8161991, 19.0685878 ], [ 83.8158971, 19.0696987 ] ] } },
{ "type": "Feature", "properties": { "@osmId": "way/606796751", "@snapshotTimestamp": "2019-01-01T00:00:00Z" }, "geometry": { "type": "LineString", "coordinates": [ [ 83.817087, 19.0698519 ], [ 83.8175117, 19.0695073 ] ] } },
{ "type": "Feature", "properties": { "@osmId": "way/606796747", "@snapshotTimestamp": "2019-01-01T00:00:00Z" }, "geometry": { "type": "LineString", "coordinates": [ [ 83.8186143, 19.0698336 ], [ 83.817087, 19.0698519 ] ] } },
{ "type": "Feature", "properties": { "@osmId": "way/606796743", "@snapshotTimestamp": "2019-01-01T00:00:00Z" }, "geometry": { "type": "LineString", "coordinates": [ [ 83.8194806, 19.0689798 ], [ 83.8152536, 19.0708336 ] ] } },
{ "type": "Feature", "properties": { "@osmId": "way/608979779", "@snapshotTimestamp": "2019-01-01T00:00:00Z" }, "geometry": { "type": "LineString", "coordinates": [ [ 83.8122116, 19.071549 ], [ 83.8121897, 19.0696729 ] ] } },
{ "type": "Feature", "properties": { "@osmId": "way/608979780", "@snapshotTimestamp": "2019-01-01T00:00:00Z" }, "geometry": { "type": "LineString", "coordinates": [ [ 83.8121897, 19.0696729 ], [ 83.8119692, 19.071609 ] ] } },
{ "type": "Feature", "properties": { "@osmId": "way/608979781", "@snapshotTimestamp": "2019-01-01T00:00:00Z" }, "geometry": { "type": "LineString", "coordinates": [ [ 83.809998, 19.0719753 ], [ 83.8090726, 19.0712763 ] ] } },
{ "type": "Feature", "properties": { "@osmId": "way/608979782", "@snapshotTimestamp": "2019-01-01T00:00:00Z" }, "geometry": { "type": "LineString", "coordinates": [ [ 83.809807, 19.0717908 ], [ 83.8063074, 19.0720007 ] ] } },
{ "type": "Feature", "properties": { "@osmId": "way/608979783", "@snapshotTimestamp": "2019-01-01T00:00:00Z" }, "geometry": { "type": "LineString", "coordinates": [ [ 83.8097449, 19.0726116 ], [ 83.8054882, 19.0729113 ] ] } },
{ "type": "Feature", "properties": { "@osmId": "way/606796776", "@snapshotTimestamp": "2019-01-01T00:00:00Z" }, "geometry": { "type": "LineString", "coordinates": [ [ 83.8168732, 19.0762241 ], [ 83.8178245, 19.0760128 ] ] } },
{ "type": "Feature", "properties": { "@osmId": "way/606796761", "@snapshotTimestamp": "2019-01-01T00:00:00Z" }, "geometry": { "type": "LineString", "coordinates": [ [ 83.8157701, 19.0762604 ], [ 83.8167505, 19.0762257 ] ] } },
{ "type": "Feature", "properties": { "@osmId": "way/606796766", "@snapshotTimestamp": "2019-01-01T00:00:00Z" }, "geometry": { "type": "LineString", "coordinates": [ [ 83.8167505, 19.0762257 ], [ 83.8173976, 19.076324 ] ] } },
{ "type": "Feature", "properties": { "@osmId": "way/606796791", "@snapshotTimestamp": "2019-01-01T00:00:00Z" }, "geometry": { "type": "LineString", "coordinates": [ [ 83.815251, 19.0696542 ], [ 83.807894, 19.0829611 ] ] } },
{ "type": "Feature", "properties": { "@osmId": "way/606796781", "@snapshotTimestamp": "2019-01-01T00:00:00Z" }, "geometry": { "type": "LineString", "coordinates": [ [ 83.8158863, 19.0771359 ], [ 83.8164738, 19.077018 ] ] } },
{ "type": "Feature", "properties": { "@osmId": "way/606796787", "@snapshotTimestamp": "2019-01-01T00:00:00Z" }, "geometry": { "type": "LineString", "coordinates": [ [ 83.8167834, 19.0783754 ], [ 83.8167285, 19.0781769 ] ] } },
{ "type": "Feature", "properties": { "@osmId": "way/606796785", "@snapshotTimestamp": "2019-01-01T00:00:00Z" }, "geometry": { "type": "LineString", "coordinates": [ [ 83.8162118, 19.0785186 ], [ 83.8177533, 19.0781522 ] ] } },
{ "type": "Feature", "properties": { "@osmId": "way/606796788", "@snapshotTimestamp": "2019-01-01T00:00:00Z" }, "geometry": { "type": "LineString", "coordinates": [ [ 83.8165676, 19.0785394 ], [ 83.8164818, 19.0782251 ] ] } },
{ "type": "Feature", "properties": { "@osmId": "way/232959991", "@snapshotTimestamp": "2019-01-01T00:00:00Z" }, "geometry": { "type": "LineString", "coordinates": [ [ 83.8167239, 19.0808141 ], [ 83.816719, 19.0811354 ] ] } },
{ "type": "Feature", "properties": { "@osmId": "way/232959982", "@snapshotTimestamp": "2019-01-01T00:00:00Z" }, "geometry": { "type": "LineString", "coordinates": [ [ 83.816719, 19.0811354 ], [ 83.8138913, 19.0924434 ] ] } },
{ "type": "Feature", "properties": { "@osmId": "way/232959993", "@snapshotTimestamp": "2019-01-01T00:00:00Z" }, "geometry": { "type": "LineString", "coordinates": [ [ 83.8138913, 19.0924434 ], [ 83.8098173, 19.0953018 ] ] } },
{ "type": "Feature", "properties": { "@osmId": "way/22830898", "@snapshotTimestamp": "2019-01-01T00:00:00Z" }, "geometry": { "type": "LineString", "coordinates": [ [ 83.793715, 19.0938612 ], [ 83.7941334, 19.093922 ] ] } },
{ "type": "Feature", "properties": { "@osmId": "way/22830830", "@snapshotTimestamp": "2019-01-01T00:00:00Z" }, "geometry": { "type": "LineString", "coordinates": [ [ 83.7941334, 19.093922 ], [ 83.7971576, 19.0945522 ] ] } },
{ "type": "Feature", "properties": { "@osmId": "way/232959998", "@snapshotTimestamp": "2019-01-01T00:00:00Z" }, "geometry": { "type": "LineString", "coordinates": [ [ 83.8098173, 19.0953018 ], [ 83.805566, 19.0980114 ] ] } },
{ "type": "Feature", "properties": { "@osmId": "way/234883545", "@snapshotTimestamp": "2019-01-01T00:00:00Z" }, "geometry": { "type": "LineString", "coordinates": [ [ 83.805566, 19.0980114 ], [ 83.704987, 19.2044234 ] ] } },
{ "type": "Feature", "properties": { "@osmId": "way/22830875", "@snapshotTimestamp": "2019-01-01T00:00:00Z" }, "geometry": { "type": "LineString", "coordinates": [ [ 83.754473, 19.2240929 ], [ 83.704987, 19.2044234 ] ] } },
{ "type": "Feature", "properties": { "@osmId": "way/232113673", "@snapshotTimestamp": "2019-01-01T00:00:00Z" }, "geometry": { "type": "LineString", "coordinates": [ [ 83.768395, 19.2230091 ], [ 83.754473, 19.2240929 ] ] } },
{ "type": "Feature", "properties": { "@osmId": "way/234883552", "@snapshotTimestamp": "2019-01-01T00:00:00Z" }, "geometry": { "type": "LineString", "coordinates": [ [ 83.3373571, 19.1891541 ], [ 83.3378479, 19.189305 ] ] } },
{ "type": "Feature", "properties": { "@osmId": "way/453979721", "@snapshotTimestamp": "2019-01-01T00:00:00Z" }, "geometry": { "type": "LineString", "coordinates": [ [ 83.4149833, 19.184648 ], [ 83.4218654, 19.2437538 ] ] } },
{ "type": "Feature", "properties": { "@osmId": "way/234883560", "@snapshotTimestamp": "2019-01-01T00:00:00Z" }, "geometry": { "type": "LineString", "coordinates": [ [ 83.4218654, 19.2437538 ], [ 83.4235842, 19.2482712 ] ] } },
{ "type": "Feature", "properties": { "@osmId": "way/234883551", "@snapshotTimestamp": "2019-01-01T00:00:00Z" }, "geometry": { "type": "LineString", "coordinates": [ [ 83.4235842, 19.2482712 ], [ 83.424863, 19.2487802 ] ] } },
{ "type": "Feature", "properties": { "@osmId": "way/234883548", "@snapshotTimestamp": "2019-01-01T00:00:00Z" }, "geometry": { "type": "LineString", "coordinates": [ [ 83.4399796, 19.2490681 ], [ 83.4405469, 19.2486098 ] ] } },
{ "type": "Feature", "properties": { "@osmId": "way/234883542", "@snapshotTimestamp": "2019-01-01T00:00:00Z" }, "geometry": { "type": "LineString", "coordinates": [ [ 83.424863, 19.2487802 ], [ 83.4399796, 19.2490681 ] ] } },
{ "type": "Feature", "properties": { "@osmId": "way/234883540", "@snapshotTimestamp": "2019-01-01T00:00:00Z" }, "geometry": { "type": "LineString", "coordinates": [ [ 83.4405469, 19.2486098 ], [ 83.4583078, 19.2524914 ] ] } },
{ "type": "Feature", "properties": { "@osmId": "way/234883553", "@snapshotTimestamp": "2019-01-01T00:00:00Z" }, "geometry": { "type": "LineString", "coordinates": [ [ 83.4583078, 19.2524914 ], [ 83.4587597, 19.2527383 ] ] } },
{ "type": "Feature", "properties": { "@osmId": "way/194359540", "@snapshotTimestamp": "2019-01-01T00:00:00Z" }, "geometry": { "type": "LineString", "coordinates": [ [ 83.4218654, 19.2437538 ], [ 83.4037886, 19.2620347 ] ] } },
{ "type": "Feature", "properties": { "@osmId": "way/454309738", "@snapshotTimestamp": "2019-01-01T00:00:00Z" }, "geometry": { "type": "LineString", "coordinates": [ [ 83.4035859, 19.2620709 ], [ 83.4024437, 19.2610261 ] ] } },
{ "type": "Feature", "properties": { "@osmId": "way/218626915", "@snapshotTimestamp": "2019-01-01T00:00:00Z" }, "geometry": { "type": "LineString", "coordinates": [ [ 84.6576917, 19.0713693 ], [ 84.6569484, 19.0705626 ] ] } },
{ "type": "Feature", "properties": { "@osmId": "way/218626923", "@snapshotTimestamp": "2019-01-01T00:00:00Z" }, "geometry": { "type": "LineString", "coordinates": [ [ 84.6568607, 19.070647 ], [ 84.6575929, 19.0714606 ] ] } },
{ "type": "Feature", "properties": { "@osmId": "way/387671178", "@snapshotTimestamp": "2019-01-01T00:00:00Z" }, "geometry": { "type": "LineString", "coordinates": [ [ 84.659601, 19.0735234 ], [ 84.6576917, 19.0713693 ] ] } },
{ "type": "Feature", "properties": { "@osmId": "way/218626933", "@snapshotTimestamp": "2019-01-01T00:00:00Z" }, "geometry": { "type": "LineString", "coordinates": [ [ 84.6575929, 19.0714606 ], [ 84.6599634, 19.0741462 ] ] } },
{ "type": "Feature", "properties": { "@osmId": "way/218626938", "@snapshotTimestamp": "2019-01-01T00:00:00Z" }, "geometry": { "type": "LineString", "coordinates": [ [ 84.6600783, 19.0740667 ], [ 84.659601, 19.0735234 ] ] } },
{ "type": "Feature", "properties": { "@osmId": "way/218626912", "@snapshotTimestamp": "2019-01-01T00:00:00Z" }, "geometry": { "type": "LineString", "coordinates": [ [ 84.6604436, 19.074482 ], [ 84.6600783, 19.0740667 ] ] } },
{ "type": "Feature", "properties": { "@osmId": "way/218626919", "@snapshotTimestamp": "2019-01-01T00:00:00Z" }, "geometry": { "type": "LineString", "coordinates": [ [ 84.6599634, 19.0741462 ], [ 84.6603011, 19.0745376 ] ] } },
{ "type": "Feature", "properties": { "@osmId": "way/218626943", "@snapshotTimestamp": "2019-01-01T00:00:00Z" }, "geometry": { "type": "MultiLineString", "coordinates": [ [ [ 84.662597, 19.0768233 ], [ 84.66127618681918, 19.075474594207812 ] ], [ [ 84.660877867240458, 19.075003466275682 ], [ 84.6604436, 19.074482 ] ] ] } },
{ "type": "Feature", "properties": { "@osmId": "way/218626940", "@snapshotTimestamp": "2019-01-01T00:00:00Z" }, "geometry": { "type": "MultiLineString", "coordinates": [ [ [ 84.6603011, 19.0745376 ], [ 84.66092789497074, 19.075242827692474 ] ], [ [ 84.661140736557542, 19.075480453651291 ], [ 84.6625007, 19.0769001 ] ] ] } },
{ "type": "Feature", "properties": { "@osmId": "way/218626926", "@snapshotTimestamp": "2019-01-01T00:00:00Z" }, "geometry": { "type": "LineString", "coordinates": [ [ 84.6634088, 19.0775342 ], [ 84.662597, 19.0768233 ] ] } },
{ "type": "Feature", "properties": { "@osmId": "way/632262043", "@snapshotTimestamp": "2019-01-01T00:00:00Z" }, "geometry": { "type": "LineString", "coordinates": [ [ 84.6569484, 19.0705626 ], [ 84.65255731796195, 19.06681445505221 ] ] } },
{ "type": "Feature", "properties": { "@osmId": "way/218637760", "@snapshotTimestamp": "2019-01-01T00:00:00Z" }, "geometry": { "type": "LineString", "coordinates": [ [ 84.652507758499723, 19.066909914946343 ], [ 84.6568607, 19.070647 ] ] } },
{ "type": "Feature", "properties": { "@osmId": "way/238031441", "@snapshotTimestamp": "2019-01-01T00:00:00Z" }, "geometry": { "type": "LineString", "coordinates": [ [ 84.4370794, 19.1447015 ], [ 84.4357672, 19.1425302 ] ] } },
{ "type": "Feature", "properties": { "@osmId": "way/238031460", "@snapshotTimestamp": "2019-01-01T00:00:00Z" }, "geometry": { "type": "LineString", "coordinates": [ [ 84.4370922, 19.1449491 ], [ 84.4370794, 19.1447015 ] ] } },
{ "type": "Feature", "properties": { "@osmId": "way/238031449", "@snapshotTimestamp": "2019-01-01T00:00:00Z" }, "geometry": { "type": "LineString", "coordinates": [ [ 84.4792266, 19.1473747 ], [ 84.440852, 19.145605 ] ] } },
{ "type": "Feature", "properties": { "@osmId": "way/238031449", "@snapshotTimestamp": "2019-01-01T00:00:00Z" }, "geometry": { "type": "LineString", "coordinates": [ [ 84.440852, 19.145605 ], [ 84.4370922, 19.1449491 ] ] } },
{ "type": "Feature", "properties": { "@osmId": "way/238031446", "@snapshotTimestamp": "2019-01-01T00:00:00Z" }, "geometry": { "type": "LineString", "coordinates": [ [ 84.5103747, 19.15427 ], [ 84.4792266, 19.1473747 ] ] } },
{ "type": "Feature", "properties": { "@osmId": "way/238031453", "@snapshotTimestamp": "2019-01-01T00:00:00Z" }, "geometry": { "type": "LineString", "coordinates": [ [ 84.5107779, 19.1541917 ], [ 84.5103747, 19.15427 ] ] } },
{ "type": "Feature", "properties": { "@osmId": "way/238031472", "@snapshotTimestamp": "2019-01-01T00:00:00Z" }, "geometry": { "type": "LineString", "coordinates": [ [ 84.5246188, 19.1613458 ], [ 84.5107779, 19.1541917 ] ] } },
{ "type": "Feature", "properties": { "@osmId": "way/238031455", "@snapshotTimestamp": "2019-01-01T00:00:00Z" }, "geometry": { "type": "LineString", "coordinates": [ [ 84.5914268, 19.1614219 ], [ 84.5902121, 19.1615791 ] ] } },
{ "type": "Feature", "properties": { "@osmId": "way/218626930", "@snapshotTimestamp": "2019-01-01T00:00:00Z" }, "geometry": { "type": "LineString", "coordinates": [ [ 84.6625007, 19.0769001 ], [ 84.6633162, 19.077624 ] ] } },
{ "type": "Feature", "properties": { "@osmId": "way/632257993", "@snapshotTimestamp": "2019-01-01T00:00:00Z" }, "geometry": { "type": "LineString", "coordinates": [ [ 84.666021328510752, 19.079645223751495 ], [ 84.6634088, 19.0775342 ] ] } },
{ "type": "Feature", "properties": { "@osmId": "way/218626894", "@snapshotTimestamp": "2019-01-01T00:00:00Z" }, "geometry": { "type": "LineString", "coordinates": [ [ 84.6633162, 19.077624 ], [ 84.665933812697617, 19.079718302353218 ] ] } },
{ "type": "Feature", "properties": { "@osmId": "way/632262044", "@snapshotTimestamp": "2019-01-01T00:00:00Z" }, "geometry": { "type": "LineString", "coordinates": [ [ 84.703796, 19.1255338 ], [ 84.701518294530089, 19.118207228802554 ] ] } },
{ "type": "Feature", "properties": { "@osmId": "way/634244627", "@snapshotTimestamp": "2019-01-01T00:00:00Z" }, "geometry": { "type": "LineString", "coordinates": [ [ 84.7587145, 19.1685385 ], [ 84.7605904, 19.1626999 ] ] } },
{ "type": "Feature", "properties": { "@osmId": "way/600497430", "@snapshotTimestamp": "2019-01-01T00:00:00Z" }, "geometry": { "type": "LineString", "coordinates": [ [ 84.765502, 19.1672232 ], [ 84.7634623, 19.1672251 ] ] } },
{ "type": "Feature", "properties": { "@osmId": "way/238744362", "@snapshotTimestamp": "2019-01-01T00:00:00Z" }, "geometry": { "type": "MultiLineString", "coordinates": [ [ [ 84.701402246176997, 19.118250083965599 ], [ 84.708091023815228, 19.147474030727473 ] ], [ [ 84.710420787164253, 19.158531292488973 ], [ 84.7820282, 19.276631 ] ] ] } },
{ "type": "Feature", "properties": { "@osmId": "way/84730801", "@snapshotTimestamp": "2019-01-01T00:00:00Z" }, "geometry": { "type": "MultiLineString", "coordinates": [ [ [ 84.7821012, 19.2765069 ], [ 84.710464502172982, 19.158347782388415 ] ], [ [ 84.708231195945501, 19.147422163825183 ], [ 84.703796, 19.1255338 ] ] ] } },
{ "type": "Feature", "properties": { "@osmId": "way/238031456", "@snapshotTimestamp": "2019-01-01T00:00:00Z" }, "geometry": { "type": "LineString", "coordinates": [ [ 84.6632364, 19.2255622 ], [ 84.6634107, 19.2255622 ] ] } },
{ "type": "Feature", "properties": { "@osmId": "way/238031466", "@snapshotTimestamp": "2019-01-01T00:00:00Z" }, "geometry": { "type": "LineString", "coordinates": [ [ 84.6634107, 19.2255622 ], [ 84.6706979, 19.2304075 ] ] } },
{ "type": "Feature", "properties": { "@osmId": "way/289005370", "@snapshotTimestamp": "2019-01-01T00:00:00Z" }, "geometry": { "type": "LineString", "coordinates": [ [ 84.1452916, 18.97679 ], [ 84.0898798, 19.0635228 ] ] } },
{ "type": "Feature", "properties": { "@osmId": "way/374050240", "@snapshotTimestamp": "2019-01-01T00:00:00Z" }, "geometry": { "type": "LineString", "coordinates": [ [ 84.0898798, 19.0635228 ], [ 84.1432372, 19.1617479 ] ] } },
{ "type": "Feature", "properties": { "@osmId": "way/374169329", "@snapshotTimestamp": "2019-01-01T00:00:00Z" }, "geometry": { "type": "LineString", "coordinates": [ [ 84.2622043, 19.2231164 ], [ 84.2334867, 19.1793716 ], [ 84.1432372, 19.1617479 ] ] } },
{ "type": "Feature", "properties": { "@osmId": "way/289005362", "@snapshotTimestamp": "2019-01-01T00:00:00Z" }, "geometry": { "type": "LineString", "coordinates": [ [ 84.0820886, 19.2027336 ], [ 84.0812766, 19.2031514 ] ] } },
{ "type": "Feature", "properties": { "@osmId": "way/374169328", "@snapshotTimestamp": "2019-01-01T00:00:00Z" }, "geometry": { "type": "LineString", "coordinates": [ [ 84.2624003, 19.2235014 ], [ 84.2622043, 19.2231164 ] ] } },
{ "type": "Feature", "properties": { "@osmId": "way/289005369", "@snapshotTimestamp": "2019-01-01T00:00:00Z" }, "geometry": { "type": "LineString", "coordinates": [ [ 84.2702374, 19.4350972 ], [ 84.3126574, 19.3523093 ], [ 84.2624003, 19.2235014 ] ] } },
{ "type": "Feature", "properties": { "@osmId": "way/22830872", "@snapshotTimestamp": "2019-01-01T00:00:00Z" }, "geometry": { "type": "LineString", "coordinates": [ [ 84.2702374, 19.4350972 ], [ 84.2611933, 19.4444801 ] ] } },
{ "type": "Feature", "properties": { "@osmId": "way/232113661", "@snapshotTimestamp": "2019-01-01T00:00:00Z" }, "geometry": { "type": "LineString", "coordinates": [ [ 84.2611933, 19.4444801 ], [ 84.2614343, 19.4450779 ] ] } },
{ "type": "Feature", "properties": { "@osmId": "way/232113665", "@snapshotTimestamp": "2019-01-01T00:00:00Z" }, "geometry": { "type": "LineString", "coordinates": [ [ 84.4232385, 19.4850095 ], [ 84.4099602, 19.4986052 ], [ 84.3530639, 19.4491454 ], [ 84.2702374, 19.4350972 ] ] } },
{ "type": "Feature", "properties": { "@osmId": "way/232113653", "@snapshotTimestamp": "2019-01-01T00:00:00Z" }, "geometry": { "type": "LineString", "coordinates": [ [ 84.2614343, 19.4450779 ], [ 84.1702988, 19.4883294 ] ] } },
{ "type": "Feature", "properties": { "@osmId": "way/238031457", "@snapshotTimestamp": "2019-01-01T00:00:00Z" }, "geometry": { "type": "LineString", "coordinates": [ [ 84.6706979, 19.2304075 ], [ 84.6708807, 19.2305586 ] ] } },
{ "type": "Feature", "properties": { "@osmId": "way/238031468", "@snapshotTimestamp": "2019-01-01T00:00:00Z" }, "geometry": { "type": "LineString", "coordinates": [ [ 84.6708807, 19.2305586 ], [ 84.6823112, 19.2335793 ] ] } },
{ "type": "Feature", "properties": { "@osmId": "way/238031459", "@snapshotTimestamp": "2019-01-01T00:00:00Z" }, "geometry": { "type": "LineString", "coordinates": [ [ 84.6823112, 19.2335793 ], [ 84.6825017, 19.2335313 ] ] } },
{ "type": "Feature", "properties": { "@osmId": "way/238031471", "@snapshotTimestamp": "2019-01-01T00:00:00Z" }, "geometry": { "type": "LineString", "coordinates": [ [ 84.6825017, 19.2335313 ], [ 84.6917952, 19.2373274 ] ] } },
{ "type": "Feature", "properties": { "@osmId": "way/238031451", "@snapshotTimestamp": "2019-01-01T00:00:00Z" }, "geometry": { "type": "LineString", "coordinates": [ [ 84.6917952, 19.2373274 ], [ 84.6920734, 19.2373318 ] ] } },
{ "type": "Feature", "properties": { "@osmId": "way/238031463", "@snapshotTimestamp": "2019-01-01T00:00:00Z" }, "geometry": { "type": "LineString", "coordinates": [ [ 84.6920734, 19.2373318 ], [ 84.7476392, 19.3004664 ] ] } },
{ "type": "Feature", "properties": { "@osmId": "way/343680670", "@snapshotTimestamp": "2019-01-01T00:00:00Z" }, "geometry": { "type": "LineString", "coordinates": [ [ 84.7833145, 19.277684 ], [ 84.7821012, 19.2765069 ] ] } },
{ "type": "Feature", "properties": { "@osmId": "way/218616298", "@snapshotTimestamp": "2019-01-01T00:00:00Z" }, "geometry": { "type": "LineString", "coordinates": [ [ 84.7820282, 19.276631 ], [ 84.7832018, 19.2777694 ] ] } },
{ "type": "Feature", "properties": { "@osmId": "way/343680668", "@snapshotTimestamp": "2019-01-01T00:00:00Z" }, "geometry": { "type": "LineString", "coordinates": [ [ 84.7835974, 19.2778473 ], [ 84.7833145, 19.277684 ] ] } },
{ "type": "Feature", "properties": { "@osmId": "way/343680669", "@snapshotTimestamp": "2019-01-01T00:00:00Z" }, "geometry": { "type": "LineString", "coordinates": [ [ 84.7832018, 19.2777694 ], [ 84.7834537, 19.2779069 ] ] } },
{ "type": "Feature", "properties": { "@osmId": "way/238031469", "@snapshotTimestamp": "2019-01-01T00:00:00Z" }, "geometry": { "type": "LineString", "coordinates": [ [ 84.6093248, 19.1643112 ], [ 84.5914268, 19.1614219 ] ] } },
{ "type": "Feature", "properties": { "@osmId": "way/238031447", "@snapshotTimestamp": "2019-01-01T00:00:00Z" }, "geometry": { "type": "LineString", "coordinates": [ [ 84.5902121, 19.1615791 ], [ 84.5246188, 19.1613458 ] ] } },
{ "type": "Feature", "properties": { "@osmId": "way/22830737", "@snapshotTimestamp": "2019-01-01T00:00:00Z" }, "geometry": { "type": "LineString", "coordinates": [ [ 84.667300573895702, 19.163052601048452 ], [ 84.619851, 19.1910473 ] ] } },
{ "type": "Feature", "properties": { "@osmId": "way/238031473", "@snapshotTimestamp": "2019-01-01T00:00:00Z" }, "geometry": { "type": "LineString", "coordinates": [ [ 84.619851, 19.1910473 ], [ 84.6093248, 19.1643112 ] ] } },
{ "type": "Feature", "properties": { "@osmId": "way/238031461", "@snapshotTimestamp": "2019-01-01T00:00:00Z" }, "geometry": { "type": "LineString", "coordinates": [ [ 84.6188702, 19.1923644 ], [ 84.6263647, 19.2205014 ], [ 84.6632364, 19.2255622 ] ] } },
{ "type": "Feature", "properties": { "@osmId": "way/22830768", "@snapshotTimestamp": "2019-01-01T00:00:00Z" }, "geometry": { "type": "LineString", "coordinates": [ [ 84.619851, 19.1910473 ], [ 84.5559049, 19.2313716 ], [ 84.5497408, 19.2889159 ] ] } },
{ "type": "Feature", "properties": { "@osmId": "way/232147220", "@snapshotTimestamp": "2019-01-01T00:00:00Z" }, "geometry": { "type": "LineString", "coordinates": [ [ 84.5497408, 19.2889159 ], [ 84.549444, 19.289433 ] ] } },
{ "type": "Feature", "properties": { "@osmId": "way/573435637", "@snapshotTimestamp": "2019-01-01T00:00:00Z" }, "geometry": { "type": "LineString", "coordinates": [ [ 84.549444, 19.289433 ], [ 84.5640523, 19.377741 ] ] } },
{ "type": "Feature", "properties": { "@osmId": "way/232113660", "@snapshotTimestamp": "2019-01-01T00:00:00Z" }, "geometry": { "type": "LineString", "coordinates": [ [ 84.5887588, 19.3695602 ], [ 84.5882531, 19.3697079 ] ] } },
{ "type": "Feature", "properties": { "@osmId": "way/240751167", "@snapshotTimestamp": "2019-01-01T00:00:00Z" }, "geometry": { "type": "LineString", "coordinates": [ [ 84.7180173, 19.362029 ], [ 84.6906394, 19.3789258 ], [ 84.5887588, 19.3695602 ] ] } },
{ "type": "Feature", "properties": { "@osmId": "way/22830752", "@snapshotTimestamp": "2019-01-01T00:00:00Z" }, "geometry": { "type": "LineString", "coordinates": [ [ 84.9033397, 19.258698 ], [ 84.9036486, 19.2591685 ] ] } },
{ "type": "Feature", "properties": { "@osmId": "way/134540546", "@snapshotTimestamp": "2019-01-01T00:00:00Z" }, "geometry": { "type": "LineString", "coordinates": [ [ 84.9036486, 19.2591685 ], [ 84.9033397, 19.258698 ] ] } },
{ "type": "Feature", "properties": { "@osmId": "way/396363105", "@snapshotTimestamp": "2019-01-01T00:00:00Z" }, "geometry": { "type": "LineString", "coordinates": [ [ 84.9033397, 19.258698 ], [ 84.900966, 19.25973 ] ] } },
{ "type": "Feature", "properties": { "@osmId": "way/396363108", "@snapshotTimestamp": "2019-01-01T00:00:00Z" }, "geometry": { "type": "LineString", "coordinates": [ [ 84.9038733, 19.25975 ], [ 84.9000425, 19.2619925 ] ] } },
{ "type": "Feature", "properties": { "@osmId": "way/396363107", "@snapshotTimestamp": "2019-01-01T00:00:00Z" }, "geometry": { "type": "LineString", "coordinates": [ [ 84.8960713, 19.274949 ], [ 84.900966, 19.25973 ] ] } },
{ "type": "Feature", "properties": { "@osmId": "way/396363106", "@snapshotTimestamp": "2019-01-01T00:00:00Z" }, "geometry": { "type": "LineString", "coordinates": [ [ 84.900966, 19.25973 ], [ 84.8960713, 19.274949 ] ] } },
{ "type": "Feature", "properties": { "@osmId": "way/218122289", "@snapshotTimestamp": "2019-01-01T00:00:00Z" }, "geometry": { "type": "LineString", "coordinates": [ [ 84.8960713, 19.274949 ], [ 84.8456705, 19.3075646 ] ] } },
{ "type": "Feature", "properties": { "@osmId": "way/343263688", "@snapshotTimestamp": "2019-01-01T00:00:00Z" }, "geometry": { "type": "LineString", "coordinates": [ [ 84.8286827, 19.2982438 ], [ 84.8285935, 19.298219 ] ] } },
{ "type": "Feature", "properties": { "@osmId": "way/343263689", "@snapshotTimestamp": "2019-01-01T00:00:00Z" }, "geometry": { "type": "LineString", "coordinates": [ [ 84.8285566, 19.2983471 ], [ 84.828643, 19.2983708 ] ] } },
{ "type": "Feature", "properties": { "@osmId": "way/84730783", "@snapshotTimestamp": "2019-01-01T00:00:00Z" }, "geometry": { "type": "LineString", "coordinates": [ [ 84.8416724, 19.3053367 ], [ 84.8286827, 19.2982438 ] ] } },
{ "type": "Feature", "properties": { "@osmId": "way/401431363", "@snapshotTimestamp": "2019-01-01T00:00:00Z" }, "geometry": { "type": "LineString", "coordinates": [ [ 84.790189, 19.2816342 ], [ 84.7835974, 19.2778473 ] ] } },
{ "type": "Feature", "properties": { "@osmId": "way/343680667", "@snapshotTimestamp": "2019-01-01T00:00:00Z" }, "geometry": { "type": "LineString", "coordinates": [ [ 84.7834537, 19.2779069 ], [ 84.7901006, 19.2817669 ] ] } },
{ "type": "Feature", "properties": { "@osmId": "way/343206990", "@snapshotTimestamp": "2019-01-01T00:00:00Z" }, "geometry": { "type": "LineString", "coordinates": [ [ 84.7866101, 19.2862312 ], [ 84.7822226, 19.277272 ] ] } },
{ "type": "Feature", "properties": { "@osmId": "way/401431362", "@snapshotTimestamp": "2019-01-01T00:00:00Z" }, "geometry": { "type": "LineString", "coordinates": [ [ 84.7907495, 19.2819561 ], [ 84.790189, 19.2816342 ] ] } },
{ "type": "Feature", "properties": { "@osmId": "way/401431361", "@snapshotTimestamp": "2019-01-01T00:00:00Z" }, "geometry": { "type": "LineString", "coordinates": [ [ 84.7901006, 19.2817669 ], [ 84.79063, 19.2820481 ] ] } },
{ "type": "Feature", "properties": { "@osmId": "way/343211956", "@snapshotTimestamp": "2019-01-01T00:00:00Z" }, "geometry": { "type": "LineString", "coordinates": [ [ 84.8001, 19.2872726 ], [ 84.7907495, 19.2819561 ] ] } },
{ "type": "Feature", "properties": { "@osmId": "way/401431364", "@snapshotTimestamp": "2019-01-01T00:00:00Z" }, "geometry": { "type": "LineString", "coordinates": [ [ 84.79063, 19.2820481 ], [ 84.8000329, 19.2873945 ] ] } },
{ "type": "Feature", "properties": { "@osmId": "way/343206989", "@snapshotTimestamp": "2019-01-01T00:00:00Z" }, "geometry": { "type": "LineString", "coordinates": [ [ 84.7868139, 19.2866007 ], [ 84.7866101, 19.2862312 ] ] } },
{ "type": "Feature", "properties": { "@osmId": "way/343211953", "@snapshotTimestamp": "2019-01-01T00:00:00Z" }, "geometry": { "type": "LineString", "coordinates": [ [ 84.8002707, 19.2873694 ], [ 84.8001, 19.2872726 ] ] } },
{ "type": "Feature", "properties": { "@osmId": "way/343211954", "@snapshotTimestamp": "2019-01-01T00:00:00Z" }, "geometry": { "type": "LineString", "coordinates": [ [ 84.8000329, 19.2873945 ], [ 84.8001872, 19.2874813 ] ] } },
{ "type": "Feature", "properties": { "@osmId": "way/134543945", "@snapshotTimestamp": "2019-01-01T00:00:00Z" }, "geometry": { "type": "LineString", "coordinates": [ [ 84.7966696, 19.2943999 ], [ 84.8004121, 19.287146 ] ] } },
{ "type": "Feature", "properties": { "@osmId": "way/344996736", "@snapshotTimestamp": "2019-01-01T00:00:00Z" }, "geometry": { "type": "LineString", "coordinates": [ [ 84.7811246, 19.2975073 ], [ 84.7869704, 19.2868618 ] ] } },
{ "type": "Feature", "properties": { "@osmId": "way/343263690", "@snapshotTimestamp": "2019-01-01T00:00:00Z" }, "geometry": { "type": "LineString", "coordinates": [ [ 84.8285935, 19.298219 ], [ 84.8002707, 19.2873694 ] ] } },
{ "type": "Feature", "properties": { "@osmId": "way/343211955", "@snapshotTimestamp": "2019-01-01T00:00:00Z" }, "geometry": { "type": "LineString", "coordinates": [ [ 84.8001872, 19.2874813 ], [ 84.8285566, 19.2983471 ] ] } },
{ "type": "Feature", "properties": { "@osmId": "way/134543947", "@snapshotTimestamp": "2019-01-01T00:00:00Z" }, "geometry": { "type": "LineString", "coordinates": [ [ 84.7943303, 19.293761 ], [ 84.7966696, 19.2943999 ] ] } },
{ "type": "Feature", "properties": { "@osmId": "way/134540539", "@snapshotTimestamp": "2019-01-01T00:00:00Z" }, "geometry": { "type": "LineString", "coordinates": [ [ 84.7912281, 19.2940923 ], [ 84.7943303, 19.293761 ] ] } },
{ "type": "Feature", "properties": { "@osmId": "way/225689042", "@snapshotTimestamp": "2019-01-01T00:00:00Z" }, "geometry": { "type": "LineString", "coordinates": [ [ 84.7952452, 19.3049461 ], [ 84.7868139, 19.2866007 ] ] } },
{ "type": "Feature", "properties": { "@osmId": "way/344996737", "@snapshotTimestamp": "2019-01-01T00:00:00Z" }, "geometry": { "type": "LineString", "coordinates": [ [ 84.7811629, 19.2977305 ], [ 84.7811246, 19.2975073 ] ] } },
{ "type": "Feature", "properties": { "@osmId": "way/343211500", "@snapshotTimestamp": "2019-01-01T00:00:00Z" }, "geometry": { "type": "LineString", "coordinates": [ [ 84.7815071, 19.3027357 ], [ 84.7811629, 19.2977305 ] ] } },
{ "type": "Feature", "properties": { "@osmId": "way/238031454", "@snapshotTimestamp": "2019-01-01T00:00:00Z" }, "geometry": { "type": "LineString", "coordinates": [ [ 84.7476392, 19.3004664 ], [ 84.7477855, 19.3005652 ] ] } },
{ "type": "Feature", "properties": { "@osmId": "way/238031442", "@snapshotTimestamp": "2019-01-01T00:00:00Z" }, "geometry": { "type": "LineString", "coordinates": [ [ 84.7477855, 19.3005652 ], [ 84.7683461, 19.3073335 ] ] } },
{ "type": "Feature", "properties": { "@osmId": "way/225689037", "@snapshotTimestamp": "2019-01-01T00:00:00Z" }, "geometry": { "type": "LineString", "coordinates": [ [ 84.8011387, 19.3051344 ], [ 84.7952452, 19.3049461 ] ] } },
{ "type": "Feature", "properties": { "@osmId": "way/134540540", "@snapshotTimestamp": "2019-01-01T00:00:00Z" }, "geometry": { "type": "LineString", "coordinates": [ [ 84.8088092, 19.3062839 ], [ 84.8011387, 19.3051344 ] ] } },
{ "type": "Feature", "properties": { "@osmId": "way/225689040", "@snapshotTimestamp": "2019-01-01T00:00:00Z" }, "geometry": { "type": "LineString", "coordinates": [ [ 84.797416, 19.3068339 ], [ 84.8011387, 19.3051344 ] ] } },
{ "type": "Feature", "properties": { "@osmId": "way/196511603", "@snapshotTimestamp": "2019-01-01T00:00:00Z" }, "geometry": { "type": "LineString", "coordinates": [ [ 84.7952452, 19.3049461 ], [ 84.795006, 19.3076986 ] ] } },
{ "type": "Feature", "properties": { "@osmId": "way/259153539", "@snapshotTimestamp": "2019-01-01T00:00:00Z" }, "geometry": { "type": "LineString", "coordinates": [ [ 84.7728397, 19.3110221 ], [ 84.7815071, 19.3027357 ] ] } },
{ "type": "Feature", "properties": { "@osmId": "way/196511604", "@snapshotTimestamp": "2019-01-01T00:00:00Z" }, "geometry": { "type": "LineString", "coordinates": [ [ 84.7950681, 19.3076428 ], [ 84.797416, 19.3068339 ] ] } },
{ "type": "Feature", "properties": { "@osmId": "way/343679463", "@snapshotTimestamp": "2019-01-01T00:00:00Z" }, "geometry": { "type": "LineString", "coordinates": [ [ 84.7683461, 19.3073335 ], [ 84.7684778, 19.3073525 ] ] } },
{ "type": "Feature", "properties": { "@osmId": "way/246160443", "@snapshotTimestamp": "2019-01-01T00:00:00Z" }, "geometry": { "type": "LineString", "coordinates": [ [ 84.7952623, 19.3074126 ], [ 84.7953462, 19.3075123 ] ] } },
{ "type": "Feature", "properties": { "@osmId": "way/229076037", "@snapshotTimestamp": "2019-01-01T00:00:00Z" }, "geometry": { "type": "LineString", "coordinates": [ [ 84.8232779, 19.3088257 ], [ 84.8088092, 19.3062839 ] ] } },
{ "type": "Feature", "properties": { "@osmId": "way/389223477", "@snapshotTimestamp": "2019-01-01T00:00:00Z" }, "geometry": { "type": "LineString", "coordinates": [ [ 82.2319973, 19.0970338 ], [ 82.212195420599784, 19.081988247781894 ] ] } },
{ "type": "Feature", "properties": { "@osmId": "way/240809062", "@snapshotTimestamp": "2019-01-01T00:00:00Z" }, "geometry": { "type": "LineString", "coordinates": [ [ 82.2326007, 19.0972492 ], [ 82.2319973, 19.0970338 ] ] } },
{ "type": "Feature", "properties": { "@osmId": "way/429049071", "@snapshotTimestamp": "2019-01-01T00:00:00Z" }, "geometry": { "type": "LineString", "coordinates": [ [ 82.2945181, 19.1270829 ], [ 82.2326007, 19.0972492 ] ] } },
{ "type": "Feature", "properties": { "@osmId": "way/431491117", "@snapshotTimestamp": "2019-01-01T00:00:00Z" }, "geometry": { "type": "LineString", "coordinates": [ [ 82.421444, 19.1221832 ], [ 82.4211121, 19.1222399 ] ] } },
{ "type": "Feature", "properties": { "@osmId": "way/22829046", "@snapshotTimestamp": "2019-01-01T00:00:00Z" }, "geometry": { "type": "LineString", "coordinates": [ [ 82.553591, 19.048454 ], [ 82.5584902, 19.2003047 ] ] } },
{ "type": "Feature", "properties": { "@osmId": "way/431491113", "@snapshotTimestamp": "2019-01-01T00:00:00Z" }, "geometry": { "type": "LineString", "coordinates": [ [ 82.4211121, 19.1222399 ], [ 82.371785, 19.1275044 ] ] } },
{ "type": "Feature", "properties": { "@osmId": "way/429049085", "@snapshotTimestamp": "2019-01-01T00:00:00Z" }, "geometry": { "type": "LineString", "coordinates": [ [ 82.2946968, 19.1271529 ], [ 82.2945181, 19.1270829 ] ] } },
{ "type": "Feature", "properties": { "@osmId": "way/427190452", "@snapshotTimestamp": "2019-01-01T00:00:00Z" }, "geometry": { "type": "LineString", "coordinates": [ [ 82.371785, 19.1275044 ], [ 82.3713287, 19.1275018 ] ] } },
{ "type": "Feature", "properties": { "@osmId": "way/427190434", "@snapshotTimestamp": "2019-01-01T00:00:00Z" }, "geometry": { "type": "LineString", "coordinates": [ [ 82.3713287, 19.1275018 ], [ 82.3258372, 19.1429164 ], [ 82.2946968, 19.1271529 ] ] } },
{ "type": "Feature", "properties": { "@osmId": "way/284687473", "@snapshotTimestamp": "2019-01-01T00:00:00Z" }, "geometry": { "type": "LineString", "coordinates": [ [ 82.5584902, 19.2003047 ], [ 82.5592936, 19.2021955 ] ] } },
{ "type": "Feature", "properties": { "@osmId": "way/275647559", "@snapshotTimestamp": "2019-01-01T00:00:00Z" }, "geometry": { "type": "LineString", "coordinates": [ [ 83.2186128, 19.1161074 ], [ 83.2232143, 19.1150836 ] ] } },
{ "type": "Feature", "properties": { "@osmId": "way/234883544", "@snapshotTimestamp": "2019-01-01T00:00:00Z" }, "geometry": { "type": "LineString", "coordinates": [ [ 83.2060175, 19.1227626 ], [ 83.2186128, 19.1161074 ] ] } },
{ "type": "Feature", "properties": { "@osmId": "way/275647563", "@snapshotTimestamp": "2019-01-01T00:00:00Z" }, "geometry": { "type": "LineString", "coordinates": [ [ 83.2233027, 19.11454 ], [ 83.2609164, 19.1320494 ] ] } },
{ "type": "Feature", "properties": { "@osmId": "way/275647561", "@snapshotTimestamp": "2019-01-01T00:00:00Z" }, "geometry": { "type": "LineString", "coordinates": [ [ 83.2609164, 19.1320494 ], [ 83.2613264, 19.1325911 ] ] } },
{ "type": "Feature", "properties": { "@osmId": "way/547438519", "@snapshotTimestamp": "2019-01-01T00:00:00Z" }, "geometry": { "type": "LineString", "coordinates": [ [ 83.4082591, 19.1538719 ], [ 83.4077656, 19.1537009 ] ] } },
{ "type": "Feature", "properties": { "@osmId": "way/288973423", "@snapshotTimestamp": "2019-01-01T00:00:00Z" }, "geometry": { "type": "LineString", "coordinates": [ [ 83.2060175, 19.1227626 ], [ 83.2052176, 19.1470999 ], [ 83.1178329, 19.1849138 ] ] } },
{ "type": "Feature", "properties": { "@osmId": "way/453979696", "@snapshotTimestamp": "2019-01-01T00:00:00Z" }, "geometry": { "type": "LineString", "coordinates": [ [ 83.4104677, 19.1673575 ], [ 83.4082591, 19.1538719 ] ] } },
{ "type": "Feature", "properties": { "@osmId": "way/275647560", "@snapshotTimestamp": "2019-01-01T00:00:00Z" }, "geometry": { "type": "LineString", "coordinates": [ [ 83.2613264, 19.1325911 ], [ 83.2861108, 19.1936112 ], [ 83.3068735, 19.1879858 ] ] } },
{ "type": "Feature", "properties": { "@osmId": "way/234379817", "@snapshotTimestamp": "2019-01-01T00:00:00Z" }, "geometry": { "type": "LineString", "coordinates": [ [ 83.4088442, 19.167939 ], [ 83.4104677, 19.1673575 ] ] } },
{ "type": "Feature", "properties": { "@osmId": "way/234380487", "@snapshotTimestamp": "2019-01-01T00:00:00Z" }, "geometry": { "type": "LineString", "coordinates": [ [ 83.4088442, 19.167939 ], [ 83.4116682, 19.1688665 ] ] } },
{ "type": "Feature", "properties": { "@osmId": "way/453979708", "@snapshotTimestamp": "2019-01-01T00:00:00Z" }, "geometry": { "type": "LineString", "coordinates": [ [ 83.4116682, 19.1688665 ], [ 83.4149833, 19.184648 ] ] } },
{ "type": "Feature", "properties": { "@osmId": "way/234883557", "@snapshotTimestamp": "2019-01-01T00:00:00Z" }, "geometry": { "type": "LineString", "coordinates": [ [ 83.3378479, 19.189305 ], [ 83.4088442, 19.167939 ] ] } },
{ "type": "Feature", "properties": { "@osmId": "way/234883554", "@snapshotTimestamp": "2019-01-01T00:00:00Z" }, "geometry": { "type": "LineString", "coordinates": [ [ 83.3112603, 19.1855553 ], [ 83.3119793, 19.1853314 ] ] } },
{ "type": "Feature", "properties": { "@osmId": "way/234883550", "@snapshotTimestamp": "2019-01-01T00:00:00Z" }, "geometry": { "type": "LineString", "coordinates": [ [ 83.320858, 19.1854207 ], [ 83.3215398, 19.1859088 ] ] } },
{ "type": "Feature", "properties": { "@osmId": "way/234883543", "@snapshotTimestamp": "2019-01-01T00:00:00Z" }, "geometry": { "type": "LineString", "coordinates": [ [ 83.3119793, 19.1853314 ], [ 83.320858, 19.1854207 ] ] } },
{ "type": "Feature", "properties": { "@osmId": "way/234883556", "@snapshotTimestamp": "2019-01-01T00:00:00Z" }, "geometry": { "type": "LineString", "coordinates": [ [ 83.3215398, 19.1859088 ], [ 83.3261305, 19.1860906 ] ] } },
{ "type": "Feature", "properties": { "@osmId": "way/234883547", "@snapshotTimestamp": "2019-01-01T00:00:00Z" }, "geometry": { "type": "LineString", "coordinates": [ [ 83.3261305, 19.1860906 ], [ 83.3269361, 19.1861334 ] ] } },
{ "type": "Feature", "properties": { "@osmId": "way/234883559", "@snapshotTimestamp": "2019-01-01T00:00:00Z" }, "geometry": { "type": "LineString", "coordinates": [ [ 83.3075371, 19.1880748 ], [ 83.3112603, 19.1855553 ] ] } },
{ "type": "Feature", "properties": { "@osmId": "way/234883541", "@snapshotTimestamp": "2019-01-01T00:00:00Z" }, "geometry": { "type": "LineString", "coordinates": [ [ 83.3269361, 19.1861334 ], [ 83.3373571, 19.1891541 ] ] } },
{ "type": "Feature", "properties": { "@osmId": "way/234883549", "@snapshotTimestamp": "2019-01-01T00:00:00Z" }, "geometry": { "type": "LineString", "coordinates": [ [ 83.3068735, 19.1879858 ], [ 83.3075371, 19.1880748 ] ] } },
{ "type": "Feature", "properties": { "@osmId": "way/234883568", "@snapshotTimestamp": "2019-01-01T00:00:00Z" }, "geometry": { "type": "LineString", "coordinates": [ [ 83.0111716, 18.9362721 ], [ 83.0113945, 18.9365617 ] ] } },
{ "type": "Feature", "properties": { "@osmId": "way/234300203", "@snapshotTimestamp": "2019-01-01T00:00:00Z" }, "geometry": { "type": "LineString", "coordinates": [ [ 83.1632349, 18.8889249 ], [ 83.1712035, 18.9654717 ], [ 83.1145271, 18.9906485 ] ] } },
{ "type": "Feature", "properties": { "@osmId": "way/233893185", "@snapshotTimestamp": "2019-01-01T00:00:00Z" }, "geometry": { "type": "LineString", "coordinates": [ [ 82.6222132, 18.9740435 ], [ 82.6626731, 18.9439375 ] ] } },
{ "type": "Feature", "properties": { "@osmId": "way/234883570", "@snapshotTimestamp": "2019-01-01T00:00:00Z" }, "geometry": { "type": "LineString", "coordinates": [ [ 83.0113945, 18.9365617 ], [ 83.0209581, 18.9660511 ], [ 83.1145271, 18.9906485 ] ] } },
{ "type": "Feature", "properties": { "@osmId": "way/22830863", "@snapshotTimestamp": "2019-01-01T00:00:00Z" }, "geometry": { "type": "LineString", "coordinates": [ [ 83.1145271, 18.9906485 ], [ 83.1448217, 19.0131041 ] ] } },
{ "type": "Feature", "properties": { "@osmId": "way/275647635", "@snapshotTimestamp": "2019-01-01T00:00:00Z" }, "geometry": { "type": "LineString", "coordinates": [ [ 83.1178329, 19.1849138 ], [ 83.1177795, 19.1852592 ] ] } },
{ "type": "Feature", "properties": { "@osmId": "way/275647565", "@snapshotTimestamp": "2019-01-01T00:00:00Z" }, "geometry": { "type": "LineString", "coordinates": [ [ 83.1177795, 19.1852592 ], [ 83.1066353, 19.2480212 ], [ 83.1316485, 19.3274338 ], [ 83.0964591, 19.3914931 ], [ 83.1262883, 19.4397514 ], [ 83.0572301, 19.4893201 ] ] } },
{ "type": "Feature", "properties": { "@osmId": "way/612310892", "@snapshotTimestamp": "2019-01-01T00:00:00Z" }, "geometry": { "type": "LineString", "coordinates": [ [ 83.0572301, 19.4893201 ], [ 83.0571095, 19.4896197 ] ] } },
{ "type": "Feature", "properties": { "@osmId": "way/612310893", "@snapshotTimestamp": "2019-01-01T00:00:00Z" }, "geometry": { "type": "LineString", "coordinates": [ [ 83.0571095, 19.4896197 ], [ 83.1262072, 19.5490096 ], [ 83.1217455, 19.5977103 ] ] } },
{ "type": "Feature", "properties": { "@osmId": "way/284687474", "@snapshotTimestamp": "2019-01-01T00:00:00Z" }, "geometry": { "type": "LineString", "coordinates": [ [ 82.6192072, 19.5549926 ], [ 82.672965, 19.6256424 ] ] } },
{ "type": "Feature", "properties": { "@osmId": "way/284687479", "@snapshotTimestamp": "2019-01-01T00:00:00Z" }, "geometry": { "type": "LineString", "coordinates": [ [ 82.5592936, 19.2021955 ], [ 82.5283393, 19.2990719 ] ] } },
{ "type": "Feature", "properties": { "@osmId": "way/218216255", "@snapshotTimestamp": "2019-01-01T00:00:00Z" }, "geometry": { "type": "LineString", "coordinates": [ [ 82.5283393, 19.2990719 ], [ 82.5280738, 19.2994887 ] ] } },
{ "type": "Feature", "properties": { "@osmId": "way/22830731", "@snapshotTimestamp": "2019-01-01T00:00:00Z" }, "geometry": { "type": "LineString", "coordinates": [ [ 82.5141847, 19.3407818 ], [ 82.5125177, 19.3445703 ] ] } },
{ "type": "Feature", "properties": { "@osmId": "way/218216256", "@snapshotTimestamp": "2019-01-01T00:00:00Z" }, "geometry": { "type": "LineString", "coordinates": [ [ 82.5280738, 19.2994887 ], [ 82.5141847, 19.3407818 ], [ 82.5540845, 19.3899793 ] ] } },
{ "type": "Feature", "properties": { "@osmId": "way/234205206", "@snapshotTimestamp": "2019-01-01T00:00:00Z" }, "geometry": { "type": "LineString", "coordinates": [ [ 82.5125177, 19.3445703 ], [ 82.5122938, 19.3449771 ] ] } },
{ "type": "Feature", "properties": { "@osmId": "way/234205200", "@snapshotTimestamp": "2019-01-01T00:00:00Z" }, "geometry": { "type": "LineString", "coordinates": [ [ 82.5122938, 19.3449771 ], [ 82.4733818, 19.3796303 ] ] } },
{ "type": "Feature", "properties": { "@osmId": "way/234205204", "@snapshotTimestamp": "2019-01-01T00:00:00Z" }, "geometry": { "type": "LineString", "coordinates": [ [ 82.4733818, 19.3796303 ], [ 82.4729657, 19.3798409 ] ] } },
{ "type": "Feature", "properties": { "@osmId": "way/550335461", "@snapshotTimestamp": "2019-01-01T00:00:00Z" }, "geometry": { "type": "LineString", "coordinates": [ [ 82.5540845, 19.3899793 ], [ 82.5540684, 19.3901666 ] ] } },
{ "type": "Feature", "properties": { "@osmId": "way/550335460", "@snapshotTimestamp": "2019-01-01T00:00:00Z" }, "geometry": { "type": "LineString", "coordinates": [ [ 82.5540684, 19.3901666 ], [ 82.5592464, 19.4154024 ] ] } },
{ "type": "Feature", "properties": { "@osmId": "way/234205214", "@snapshotTimestamp": "2019-01-01T00:00:00Z" }, "geometry": { "type": "LineString", "coordinates": [ [ 82.4729657, 19.3798409 ], [ 82.4116499, 19.4453216 ] ] } },
{ "type": "Feature", "properties": { "@osmId": "way/454309740", "@snapshotTimestamp": "2019-01-01T00:00:00Z" }, "geometry": { "type": "LineString", "coordinates": [ [ 83.4037886, 19.2620347 ], [ 83.4035859, 19.2620709 ] ] } },
{ "type": "Feature", "properties": { "@osmId": "way/454309733", "@snapshotTimestamp": "2019-01-01T00:00:00Z" }, "geometry": { "type": "LineString", "coordinates": [ [ 83.4024437, 19.2610261 ], [ 83.3943333, 19.2692532 ] ] } },
{ "type": "Feature", "properties": { "@osmId": "way/234950920", "@snapshotTimestamp": "2019-01-01T00:00:00Z" }, "geometry": { "type": "LineString", "coordinates": [ [ 83.3943333, 19.2692532 ], [ 83.3943019, 19.2695106 ] ] } },
{ "type": "Feature", "properties": { "@osmId": "way/234883563", "@snapshotTimestamp": "2019-01-01T00:00:00Z" }, "geometry": { "type": "LineString", "coordinates": [ [ 83.4288662, 19.2501942 ], [ 83.4375072, 19.2904362 ] ] } },
{ "type": "Feature", "properties": { "@osmId": "way/194359542", "@snapshotTimestamp": "2019-01-01T00:00:00Z" }, "geometry": { "type": "LineString", "coordinates": [ [ 83.3943019, 19.2695106 ], [ 83.3779753, 19.2968864 ] ] } },
{ "type": "Feature", "properties": { "@osmId": "way/425528829", "@snapshotTimestamp": "2019-01-01T00:00:00Z" }, "geometry": { "type": "LineString", "coordinates": [ [ 83.3779753, 19.2968864 ], [ 83.3776606, 19.2972835 ] ] } },
{ "type": "Feature", "properties": { "@osmId": "way/234892591", "@snapshotTimestamp": "2019-01-01T00:00:00Z" }, "geometry": { "type": "LineString", "coordinates": [ [ 83.4375072, 19.2904362 ], [ 83.446196, 19.3229723 ] ] } },
{ "type": "Feature", "properties": { "@osmId": "way/234892588", "@snapshotTimestamp": "2019-01-01T00:00:00Z" }, "geometry": { "type": "LineString", "coordinates": [ [ 83.446196, 19.3229723 ], [ 83.4458645, 19.3233424 ] ] } },
{ "type": "Feature", "properties": { "@osmId": "way/234892592", "@snapshotTimestamp": "2019-01-01T00:00:00Z" }, "geometry": { "type": "LineString", "coordinates": [ [ 83.4458645, 19.3233424 ], [ 83.4451014, 19.3637165 ] ] } },
{ "type": "Feature", "properties": { "@osmId": "way/425528847", "@snapshotTimestamp": "2019-01-01T00:00:00Z" }, "geometry": { "type": "LineString", "coordinates": [ [ 83.3776606, 19.2972835 ], [ 83.3557669, 19.39286 ], [ 83.3195816, 19.3975378 ] ] } },
{ "type": "Feature", "properties": { "@osmId": "way/234892586", "@snapshotTimestamp": "2019-01-01T00:00:00Z" }, "geometry": { "type": "LineString", "coordinates": [ [ 83.4451014, 19.3637165 ], [ 83.4447862, 19.3639628 ] ] } },
{ "type": "Feature", "properties": { "@osmId": "way/234892590", "@snapshotTimestamp": "2019-01-01T00:00:00Z" }, "geometry": { "type": "LineString", "coordinates": [ [ 83.4447862, 19.3639628 ], [ 83.4501484, 19.3971017 ] ] } },
{ "type": "Feature", "properties": { "@osmId": "way/234892587", "@snapshotTimestamp": "2019-01-01T00:00:00Z" }, "geometry": { "type": "LineString", "coordinates": [ [ 83.4501484, 19.3971017 ], [ 83.4501451, 19.3973193 ] ] } },
{ "type": "Feature", "properties": { "@osmId": "way/234950916", "@snapshotTimestamp": "2019-01-01T00:00:00Z" }, "geometry": { "type": "LineString", "coordinates": [ [ 83.3195816, 19.3975378 ], [ 83.3189528, 19.3977697 ] ] } },
{ "type": "Feature", "properties": { "@osmId": "way/234950926", "@snapshotTimestamp": "2019-01-01T00:00:00Z" }, "geometry": { "type": "LineString", "coordinates": [ [ 83.3189528, 19.3977697 ], [ 83.3079779, 19.4551882 ] ] } },
{ "type": "Feature", "properties": { "@osmId": "way/234892594", "@snapshotTimestamp": "2019-01-01T00:00:00Z" }, "geometry": { "type": "LineString", "coordinates": [ [ 83.4501451, 19.3973193 ], [ 83.4496593, 19.4712371 ] ] } },
{ "type": "Feature", "properties": { "@osmId": "way/234950923", "@snapshotTimestamp": "2019-01-01T00:00:00Z" }, "geometry": { "type": "LineString", "coordinates": [ [ 83.3079779, 19.4551882 ], [ 83.3078308, 19.455349 ] ] } },
{ "type": "Feature", "properties": { "@osmId": "way/234950924", "@snapshotTimestamp": "2019-01-01T00:00:00Z" }, "geometry": { "type": "LineString", "coordinates": [ [ 83.3078308, 19.455349 ], [ 83.3059401, 19.4676873 ] ] } },
{ "type": "Feature", "properties": { "@osmId": "way/234950918", "@snapshotTimestamp": "2019-01-01T00:00:00Z" }, "geometry": { "type": "LineString", "coordinates": [ [ 83.3059401, 19.4676873 ], [ 83.3057485, 19.4678244 ] ] } },
{ "type": "Feature", "properties": { "@osmId": "way/234892585", "@snapshotTimestamp": "2019-01-01T00:00:00Z" }, "geometry": { "type": "LineString", "coordinates": [ [ 83.4496593, 19.4712371 ], [ 83.4499178, 19.4713101 ] ] } },
{ "type": "Feature", "properties": { "@osmId": "way/273118080", "@snapshotTimestamp": "2019-01-01T00:00:00Z" }, "geometry": { "type": "LineString", "coordinates": [ [ 82.5592464, 19.4154024 ], [ 82.559426, 19.4157837 ] ] } },
{ "type": "Feature", "properties": { "@osmId": "way/22828749", "@snapshotTimestamp": "2019-01-01T00:00:00Z" }, "geometry": { "type": "LineString", "coordinates": [ [ 82.4116499, 19.4453216 ], [ 82.4105552, 19.4475567 ] ] } },
{ "type": "Feature", "properties": { "@osmId": "way/234205209", "@snapshotTimestamp": "2019-01-01T00:00:00Z" }, "geometry": { "type": "LineString", "coordinates": [ [ 82.4105552, 19.4475567 ], [ 82.4100461, 19.4482174 ] ] } },
{ "type": "Feature", "properties": { "@osmId": "way/234205211", "@snapshotTimestamp": "2019-01-01T00:00:00Z" }, "geometry": { "type": "LineString", "coordinates": [ [ 82.4100461, 19.4482174 ], [ 82.3734928, 19.4965523 ] ] } },
{ "type": "Feature", "properties": { "@osmId": "way/273118082", "@snapshotTimestamp": "2019-01-01T00:00:00Z" }, "geometry": { "type": "LineString", "coordinates": [ [ 82.559426, 19.4157837 ], [ 82.6192072, 19.5549926 ] ] } },
{ "type": "Feature", "properties": { "@osmId": "way/234205208", "@snapshotTimestamp": "2019-01-01T00:00:00Z" }, "geometry": { "type": "LineString", "coordinates": [ [ 82.3734928, 19.4965523 ], [ 82.3731652, 19.497018 ] ] } },
{ "type": "Feature", "properties": { "@osmId": "way/234205215", "@snapshotTimestamp": "2019-01-01T00:00:00Z" }, "geometry": { "type": "LineString", "coordinates": [ [ 82.3731652, 19.497018 ], [ 82.3005635, 19.553533 ] ] } },
{ "type": "Feature", "properties": { "@osmId": "way/234205205", "@snapshotTimestamp": "2019-01-01T00:00:00Z" }, "geometry": { "type": "LineString", "coordinates": [ [ 82.3005635, 19.553533 ], [ 82.3004641, 19.5539284 ] ] } },
{ "type": "Feature", "properties": { "@osmId": "way/234205203", "@snapshotTimestamp": "2019-01-01T00:00:00Z" }, "geometry": { "type": "LineString", "coordinates": [ [ 82.3004641, 19.5539284 ], [ 82.2649292, 19.5830367 ] ] } },
{ "type": "Feature", "properties": { "@osmId": "way/234205207", "@snapshotTimestamp": "2019-01-01T00:00:00Z" }, "geometry": { "type": "LineString", "coordinates": [ [ 82.2649292, 19.5830367 ], [ 82.264065, 19.5831397 ] ] } },
{ "type": "Feature", "properties": { "@osmId": "way/234950915", "@snapshotTimestamp": "2019-01-01T00:00:00Z" }, "geometry": { "type": "LineString", "coordinates": [ [ 83.3057485, 19.4678244 ], [ 83.3041848, 19.4800495 ] ] } },
{ "type": "Feature", "properties": { "@osmId": "way/234950922", "@snapshotTimestamp": "2019-01-01T00:00:00Z" }, "geometry": { "type": "LineString", "coordinates": [ [ 83.3041848, 19.4800495 ], [ 83.304111, 19.4801688 ] ] } },
{ "type": "Feature", "properties": { "@osmId": "way/234950925", "@snapshotTimestamp": "2019-01-01T00:00:00Z" }, "geometry": { "type": "LineString", "coordinates": [ [ 83.304111, 19.4801688 ], [ 83.3056124, 19.503638 ] ] } },
{ "type": "Feature", "properties": { "@osmId": "way/234892595", "@snapshotTimestamp": "2019-01-01T00:00:00Z" }, "geometry": { "type": "LineString", "coordinates": [ [ 83.4499178, 19.4713101 ], [ 83.5004118, 19.4906158 ], [ 83.505705, 19.5166095 ] ] } },
{ "type": "Feature", "properties": { "@osmId": "way/234950919", "@snapshotTimestamp": "2019-01-01T00:00:00Z" }, "geometry": { "type": "LineString", "coordinates": [ [ 83.3056124, 19.503638 ], [ 83.3058724, 19.5036513 ] ] } },
{ "type": "Feature", "properties": { "@osmId": "way/234950921", "@snapshotTimestamp": "2019-01-01T00:00:00Z" }, "geometry": { "type": "LineString", "coordinates": [ [ 83.3058724, 19.5036513 ], [ 83.3066241, 19.5037003 ] ] } },
{ "type": "Feature", "properties": { "@osmId": "way/234950917", "@snapshotTimestamp": "2019-01-01T00:00:00Z" }, "geometry": { "type": "LineString", "coordinates": [ [ 83.3066241, 19.5037003 ], [ 83.3072528, 19.5037182 ] ] } },
{ "type": "Feature", "properties": { "@osmId": "way/234950927", "@snapshotTimestamp": "2019-01-01T00:00:00Z" }, "geometry": { "type": "LineString", "coordinates": [ [ 83.3072528, 19.5037182 ], [ 83.3104581, 19.5075885 ] ] } },
{ "type": "Feature", "properties": { "@osmId": "way/234950928", "@snapshotTimestamp": "2019-01-01T00:00:00Z" }, "geometry": { "type": "LineString", "coordinates": [ [ 83.3104581, 19.5075885 ], [ 83.2822231, 19.5855707 ] ] } },
{ "type": "Feature", "properties": { "@osmId": "way/194359541", "@snapshotTimestamp": "2019-01-01T00:00:00Z" }, "geometry": { "type": "LineString", "coordinates": [ [ 83.2822231, 19.5855707 ], [ 83.2770515, 19.5755617 ] ] } },
{ "type": "Feature", "properties": { "@osmId": "way/234205201", "@snapshotTimestamp": "2019-01-01T00:00:00Z" }, "geometry": { "type": "LineString", "coordinates": [ [ 82.264065, 19.5831397 ], [ 82.2515965, 19.6094102 ] ] } },
{ "type": "Feature", "properties": { "@osmId": "way/234205210", "@snapshotTimestamp": "2019-01-01T00:00:00Z" }, "geometry": { "type": "LineString", "coordinates": [ [ 82.2515965, 19.6094102 ], [ 82.2515479, 19.6097142 ] ] } },
{ "type": "Feature", "properties": { "@osmId": "way/234205202", "@snapshotTimestamp": "2019-01-01T00:00:00Z" }, "geometry": { "type": "LineString", "coordinates": [ [ 82.2515479, 19.6097142 ], [ 82.2070623, 19.6654745 ] ] } },
{ "type": "Feature", "properties": { "@osmId": "way/234205216", "@snapshotTimestamp": "2019-01-01T00:00:00Z" }, "geometry": { "type": "LineString", "coordinates": [ [ 82.2070623, 19.6654745 ], [ 82.053282831979473, 19.664911240640269 ] ] } },
{ "type": "Feature", "properties": { "@osmId": "way/474197531", "@snapshotTimestamp": "2019-01-01T00:00:00Z" }, "geometry": { "type": "LineString", "coordinates": [ [ 82.1994122, 19.6659092 ], [ 82.2042362, 19.6674583 ] ] } },
{ "type": "Feature", "properties": { "@osmId": "way/22828849", "@snapshotTimestamp": "2019-01-01T00:00:00Z" }, "geometry": { "type": "LineString", "coordinates": [ [ 82.2070623, 19.6654745 ], [ 82.2014502, 19.6705617 ] ] } },
{ "type": "Feature", "properties": { "@osmId": "way/234205218", "@snapshotTimestamp": "2019-01-01T00:00:00Z" }, "geometry": { "type": "LineString", "coordinates": [ [ 82.2014502, 19.6705617 ], [ 82.2012275, 19.6709084 ] ] } },
{ "type": "Feature", "properties": { "@osmId": "way/304769100", "@snapshotTimestamp": "2019-01-01T00:00:00Z" }, "geometry": { "type": "LineString", "coordinates": [ [ 82.2061565, 19.6659914 ], [ 82.2370568, 19.6758712 ] ] } },
{ "type": "Feature", "properties": { "@osmId": "way/638697198", "@snapshotTimestamp": "2019-01-01T00:00:00Z" }, "geometry": { "type": "LineString", "coordinates": [ [ 82.2012275, 19.6709084 ], [ 82.1931839, 19.6857912 ] ] } },
{ "type": "Feature", "properties": { "@osmId": "way/487510081", "@snapshotTimestamp": "2019-01-01T00:00:00Z" }, "geometry": { "type": "LineString", "coordinates": [ [ 82.2009646, 19.6712866 ], [ 82.2126858, 19.6892116 ] ] } },
{ "type": "Feature", "properties": { "@osmId": "way/606796710", "@snapshotTimestamp": "2019-01-01T00:00:00Z" }, "geometry": { "type": "LineString", "coordinates": [ [ 83.8212832, 19.0629082 ], [ 83.8230363, 19.062748 ] ] } },
{ "type": "Feature", "properties": { "@osmId": "way/606796725", "@snapshotTimestamp": "2019-01-01T00:00:00Z" }, "geometry": { "type": "LineString", "coordinates": [ [ 83.8192873, 19.0629189 ], [ 83.821102, 19.063073 ] ] } },
{ "type": "Feature", "properties": { "@osmId": "way/606796711", "@snapshotTimestamp": "2019-01-01T00:00:00Z" }, "geometry": { "type": "LineString", "coordinates": [ [ 83.8220904, 19.0630218 ], [ 83.822961, 19.0634427 ] ] } },
{ "type": "Feature", "properties": { "@osmId": "way/606796732", "@snapshotTimestamp": "2019-01-01T00:00:00Z" }, "geometry": { "type": "LineString", "coordinates": [ [ 83.8192873, 19.0629189 ], [ 83.819531, 19.0648401 ] ] } },
{ "type": "Feature", "properties": { "@osmId": "way/606796755", "@snapshotTimestamp": "2019-01-01T00:00:00Z" }, "geometry": { "type": "LineString", "coordinates": [ [ 83.819531, 19.0648401 ], [ 83.8267853, 19.0631469 ] ] } },
{ "type": "Feature", "properties": { "@osmId": "way/606796786", "@snapshotTimestamp": "2019-01-01T00:00:00Z" }, "geometry": { "type": "LineString", "coordinates": [ [ 83.8177533, 19.0781522 ], [ 83.8213959, 19.0771945 ] ] } },
{ "type": "Feature", "properties": { "@osmId": "way/482585015", "@snapshotTimestamp": "2019-01-01T00:00:00Z" }, "geometry": { "type": "LineString", "coordinates": [ [ 83.8158743, 19.0910023 ], [ 83.8369983, 19.2629862 ] ] } },
{ "type": "Feature", "properties": { "@osmId": "way/232113672", "@snapshotTimestamp": "2019-01-01T00:00:00Z" }, "geometry": { "type": "LineString", "coordinates": [ [ 83.9120313, 19.3017527 ], [ 83.7707358, 19.224002 ] ] } },
{ "type": "Feature", "properties": { "@osmId": "way/232113657", "@snapshotTimestamp": "2019-01-01T00:00:00Z" }, "geometry": { "type": "LineString", "coordinates": [ [ 83.912569, 19.3036298 ], [ 83.9120313, 19.3017527 ] ] } },
{ "type": "Feature", "properties": { "@osmId": "way/232113668", "@snapshotTimestamp": "2019-01-01T00:00:00Z" }, "geometry": { "type": "LineString", "coordinates": [ [ 84.1343116, 19.4698338 ], [ 84.0174311, 19.4649656 ], [ 83.9850174, 19.3797174 ], [ 83.912569, 19.3036298 ] ] } },
{ "type": "Feature", "properties": { "@osmId": "way/232113655", "@snapshotTimestamp": "2019-01-01T00:00:00Z" }, "geometry": { "type": "LineString", "coordinates": [ [ 83.7707358, 19.224002 ], [ 83.768395, 19.2230091 ] ] } },
{ "type": "Feature", "properties": { "@osmId": "way/234883555", "@snapshotTimestamp": "2019-01-01T00:00:00Z" }, "geometry": { "type": "LineString", "coordinates": [ [ 83.4587597, 19.2527383 ], [ 83.5583, 19.2257478 ], [ 83.5964723, 19.2698541 ], [ 83.704987, 19.2044234 ] ] } },
{ "type": "Feature", "properties": { "@osmId": "way/234951561", "@snapshotTimestamp": "2019-01-01T00:00:00Z" }, "geometry": { "type": "LineString", "coordinates": [ [ 83.6274514, 19.2629509 ], [ 83.6287531, 19.2620715 ] ] } },
{ "type": "Feature", "properties": { "@osmId": "way/234951557", "@snapshotTimestamp": "2019-01-01T00:00:00Z" }, "geometry": { "type": "LineString", "coordinates": [ [ 83.6271851, 19.2631293 ], [ 83.6274514, 19.2629509 ] ] } },
{ "type": "Feature", "properties": { "@osmId": "way/234951560", "@snapshotTimestamp": "2019-01-01T00:00:00Z" }, "geometry": { "type": "LineString", "coordinates": [ [ 83.526962, 19.4715513 ], [ 83.6271851, 19.2631293 ] ] } },
{ "type": "Feature", "properties": { "@osmId": "way/234951558", "@snapshotTimestamp": "2019-01-01T00:00:00Z" }, "geometry": { "type": "LineString", "coordinates": [ [ 83.5268332, 19.4717422 ], [ 83.526962, 19.4715513 ] ] } },
{ "type": "Feature", "properties": { "@osmId": "way/234951562", "@snapshotTimestamp": "2019-01-01T00:00:00Z" }, "geometry": { "type": "LineString", "coordinates": [ [ 83.5131084, 19.5013326 ], [ 83.5268332, 19.4717422 ] ] } },
{ "type": "Feature", "properties": { "@osmId": "way/234951559", "@snapshotTimestamp": "2019-01-01T00:00:00Z" }, "geometry": { "type": "LineString", "coordinates": [ [ 83.5132733, 19.5015842 ], [ 83.5131084, 19.5013326 ] ] } },
{ "type": "Feature", "properties": { "@osmId": "way/234951556", "@snapshotTimestamp": "2019-01-01T00:00:00Z" }, "geometry": { "type": "LineString", "coordinates": [ [ 83.505705, 19.5166095 ], [ 83.5132733, 19.5015842 ] ] } },
{ "type": "Feature", "properties": { "@osmId": "way/234892596", "@snapshotTimestamp": "2019-01-01T00:00:00Z" }, "geometry": { "type": "LineString", "coordinates": [ [ 83.505705, 19.5166095 ], [ 83.5067941, 19.5225878 ] ] } },
{ "type": "Feature", "properties": { "@osmId": "way/232113656", "@snapshotTimestamp": "2019-01-01T00:00:00Z" }, "geometry": { "type": "LineString", "coordinates": [ [ 84.1345567, 19.4697616 ], [ 84.1343116, 19.4698338 ] ] } },
{ "type": "Feature", "properties": { "@osmId": "way/232113667", "@snapshotTimestamp": "2019-01-01T00:00:00Z" }, "geometry": { "type": "LineString", "coordinates": [ [ 84.1691838, 19.4881369 ], [ 84.1345567, 19.4697616 ] ] } },
{ "type": "Feature", "properties": { "@osmId": "way/232113659", "@snapshotTimestamp": "2019-01-01T00:00:00Z" }, "geometry": { "type": "LineString", "coordinates": [ [ 84.1702988, 19.4883294 ], [ 84.1691838, 19.4881369 ] ] } },
{ "type": "Feature", "properties": { "@osmId": "way/218122290", "@snapshotTimestamp": "2019-01-01T00:00:00Z" }, "geometry": { "type": "LineString", "coordinates": [ [ 84.4277804, 19.7612282 ], [ 84.3292036, 19.8278572 ] ] } },
{ "type": "Feature", "properties": { "@osmId": "way/22828797", "@snapshotTimestamp": "2019-01-01T00:00:00Z" }, "geometry": { "type": "LineString", "coordinates": [ [ 84.0647706, 19.708813 ], [ 84.1025429, 19.7840247 ], [ 84.0726388, 19.8076771 ], [ 84.0743483, 19.8447186 ], [ 84.1218809, 19.9074242 ] ] } },
{ "type": "Feature", "properties": { "@osmId": "way/232498081", "@snapshotTimestamp": "2019-01-01T00:00:00Z" }, "geometry": { "type": "LineString", "coordinates": [ [ 84.3292036, 19.8278572 ], [ 84.3294431, 19.8282774 ] ] } },
{ "type": "Feature", "properties": { "@osmId": "way/232498082", "@snapshotTimestamp": "2019-01-01T00:00:00Z" }, "geometry": { "type": "LineString", "coordinates": [ [ 84.3294431, 19.8282774 ], [ 84.3262779, 19.8474111 ] ] } },
{ "type": "Feature", "properties": { "@osmId": "way/232498083", "@snapshotTimestamp": "2019-01-01T00:00:00Z" }, "geometry": { "type": "LineString", "coordinates": [ [ 84.3262779, 19.8474111 ], [ 84.1938518, 19.8554092 ], [ 84.1228576, 19.9102805 ] ] } },
{ "type": "Feature", "properties": { "@osmId": "way/232498078", "@snapshotTimestamp": "2019-01-01T00:00:00Z" }, "geometry": { "type": "LineString", "coordinates": [ [ 84.1228576, 19.9102805 ], [ 84.0445736, 20.0083463 ] ] } },
{ "type": "Feature", "properties": { "@osmId": "way/232498080", "@snapshotTimestamp": "2019-01-01T00:00:00Z" }, "geometry": { "type": "LineString", "coordinates": [ [ 84.0445736, 20.0083463 ], [ 84.0445802, 20.0086077 ] ] } },
{ "type": "Feature", "properties": { "@osmId": "way/234892589", "@snapshotTimestamp": "2019-01-01T00:00:00Z" }, "geometry": { "type": "LineString", "coordinates": [ [ 83.5067941, 19.5225878 ], [ 83.5067554, 19.5228613 ] ] } },
{ "type": "Feature", "properties": { "@osmId": "way/234892597", "@snapshotTimestamp": "2019-01-01T00:00:00Z" }, "geometry": { "type": "LineString", "coordinates": [ [ 83.5067554, 19.5228613 ], [ 83.4926048, 19.6248352 ] ] } },
{ "type": "Feature", "properties": { "@osmId": "way/22828743", "@snapshotTimestamp": "2019-01-01T00:00:00Z" }, "geometry": { "type": "LineString", "coordinates": [ [ 83.5487022, 19.6141083 ], [ 83.5501378, 19.6144835 ] ] } },
{ "type": "Feature", "properties": { "@osmId": "way/229214959", "@snapshotTimestamp": "2019-01-01T00:00:00Z" }, "geometry": { "type": "LineString", "coordinates": [ [ 83.5501378, 19.6144835 ], [ 83.5512446, 19.6146179 ] ] } },
{ "type": "Feature", "properties": { "@osmId": "way/22830801", "@snapshotTimestamp": "2019-01-01T00:00:00Z" }, "geometry": { "type": "LineString", "coordinates": [ [ 83.5487022, 19.6141083 ], [ 83.4926048, 19.6248352 ] ] } },
{ "type": "Feature", "properties": { "@osmId": "way/22828744", "@snapshotTimestamp": "2019-01-01T00:00:00Z" }, "geometry": { "type": "LineString", "coordinates": [ [ 83.4926048, 19.6248352 ], [ 83.485229, 19.6379414 ] ] } },
{ "type": "Feature", "properties": { "@osmId": "way/229214961", "@snapshotTimestamp": "2019-01-01T00:00:00Z" }, "geometry": { "type": "LineString", "coordinates": [ [ 83.5512446, 19.6146179 ], [ 83.6918552, 19.7306049 ], [ 83.7248337, 19.8386082 ] ] } },
{ "type": "Feature", "properties": { "@osmId": "way/22828952", "@snapshotTimestamp": "2019-01-01T00:00:00Z" }, "geometry": { "type": "LineString", "coordinates": [ [ 83.7248337, 19.8386082 ], [ 83.7284397, 19.9133784 ], [ 83.7006987, 19.9695463 ] ] } },
{ "type": "Feature", "properties": { "@osmId": "way/218103912", "@snapshotTimestamp": "2019-01-01T00:00:00Z" }, "geometry": { "type": "LineString", "coordinates": [ [ 83.7099356, 19.9908985 ], [ 83.7005643, 19.9694982 ], [ 83.6837466, 19.9917093 ] ] } },
{ "type": "Feature", "properties": { "@osmId": "way/218103910", "@snapshotTimestamp": "2019-01-01T00:00:00Z" }, "geometry": { "type": "LineString", "coordinates": [ [ 83.7105415, 19.991603 ], [ 83.7099356, 19.9908985 ] ] } },
{ "type": "Feature", "properties": { "@osmId": "way/232498079", "@snapshotTimestamp": "2019-01-01T00:00:00Z" }, "geometry": { "type": "LineString", "coordinates": [ [ 84.0445802, 20.0086077 ], [ 84.0441376, 20.0268602 ], [ 84.0033887, 20.0330997 ], [ 84.0048303, 20.1169752 ], [ 83.9838608, 20.136677 ] ] } },
{ "type": "Feature", "properties": { "@osmId": "way/218122269", "@snapshotTimestamp": "2019-01-01T00:00:00Z" }, "geometry": { "type": "LineString", "coordinates": [ [ 84.0181697, 20.1395465 ], [ 83.9838608, 20.136677 ] ] } },
{ "type": "Feature", "properties": { "@osmId": "way/218122275", "@snapshotTimestamp": "2019-01-01T00:00:00Z" }, "geometry": { "type": "LineString", "coordinates": [ [ 84.0185503, 20.1396172 ], [ 84.0181697, 20.1395465 ] ] } },
{ "type": "Feature", "properties": { "@osmId": "way/229249432", "@snapshotTimestamp": "2019-01-01T00:00:00Z" }, "geometry": { "type": "LineString", "coordinates": [ [ 83.9838608, 20.136677 ], [ 83.9499762, 20.158152 ] ] } },
{ "type": "Feature", "properties": { "@osmId": "way/173788201", "@snapshotTimestamp": "2019-01-01T00:00:00Z" }, "geometry": { "type": "LineString", "coordinates": [ [ 84.0072313, 20.1381772 ], [ 84.0129585, 20.1577624 ] ] } },
{ "type": "Feature", "properties": { "@osmId": "way/258875508", "@snapshotTimestamp": "2019-01-01T00:00:00Z" }, "geometry": { "type": "LineString", "coordinates": [ [ 84.0129585, 20.1577624 ], [ 84.0135862, 20.1576125 ] ] } },
{ "type": "Feature", "properties": { "@osmId": "way/218111018", "@snapshotTimestamp": "2019-01-01T00:00:00Z" }, "geometry": { "type": "LineString", "coordinates": [ [ 83.9499762, 20.158152 ], [ 83.9493607, 20.1588626 ] ] } },
{ "type": "Feature", "properties": { "@osmId": "way/258875503", "@snapshotTimestamp": "2019-01-01T00:00:00Z" }, "geometry": { "type": "LineString", "coordinates": [ [ 84.0135862, 20.1576125 ], [ 84.0050802, 20.188653 ] ] } },
{ "type": "Feature", "properties": { "@osmId": "way/218111021", "@snapshotTimestamp": "2019-01-01T00:00:00Z" }, "geometry": { "type": "LineString", "coordinates": [ [ 83.9493607, 20.1588626 ], [ 83.9273877, 20.188653 ] ] } },
{ "type": "Feature", "properties": { "@osmId": "way/229249431", "@snapshotTimestamp": "2019-01-01T00:00:00Z" }, "geometry": { "type": "LineString", "coordinates": [ [ 83.9109491, 20.1996195 ], [ 83.8935192, 20.188653 ] ] } },
{ "type": "Feature", "properties": { "@osmId": "way/240697411", "@snapshotTimestamp": "2019-01-01T00:00:00Z" }, "geometry": { "type": "LineString", "coordinates": [ [ 83.6837466, 19.9917093 ], [ 83.683246, 19.9922515 ] ] } },
{ "type": "Feature", "properties": { "@osmId": "way/240697457", "@snapshotTimestamp": "2019-01-01T00:00:00Z" }, "geometry": { "type": "LineString", "coordinates": [ [ 83.683246, 19.9922515 ], [ 83.6438567, 20.1222329 ], [ 83.5937612, 20.1751828 ], [ 83.5643305, 20.1756974 ] ] } },
{ "type": "Feature", "properties": { "@osmId": "way/229249431", "@snapshotTimestamp": "2019-01-01T00:00:00Z" }, "geometry": { "type": "LineString", "coordinates": [ [ 83.8935192, 20.188653 ], [ 83.8506903, 20.1244793 ], [ 83.7364095, 20.0505877 ], [ 83.7105415, 19.991603 ] ] } },
{ "type": "Feature", "properties": { "@osmId": "way/234243761", "@snapshotTimestamp": "2019-01-01T00:00:00Z" }, "geometry": { "type": "LineString", "coordinates": [ [ 83.494864, 20.1774752 ], [ 83.4946243, 20.177392 ] ] } },
{ "type": "Feature", "properties": { "@osmId": "way/240697470", "@snapshotTimestamp": "2019-01-01T00:00:00Z" }, "geometry": { "type": "LineString", "coordinates": [ [ 83.5643305, 20.1756974 ], [ 83.5384248, 20.188653 ] ] } },
{ "type": "Feature", "properties": { "@osmId": "way/234243760", "@snapshotTimestamp": "2019-01-01T00:00:00Z" }, "geometry": { "type": "LineString", "coordinates": [ [ 83.5049208, 20.1875124 ], [ 83.494864, 20.1774752 ] ] } },
{ "type": "Feature", "properties": { "@osmId": "way/234243764", "@snapshotTimestamp": "2019-01-01T00:00:00Z" }, "geometry": { "type": "LineString", "coordinates": [ [ 83.5055957, 20.1879054 ], [ 83.5049208, 20.1875124 ] ] } },
{ "type": "Feature", "properties": { "@osmId": "way/234243759", "@snapshotTimestamp": "2019-01-01T00:00:00Z" }, "geometry": { "type": "LineString", "coordinates": [ [ 83.5103716, 20.188653 ], [ 83.5055957, 20.1879054 ] ] } },
{ "type": "Feature", "properties": { "@osmId": "way/234243759", "@snapshotTimestamp": "2019-01-01T00:00:00Z" }, "geometry": { "type": "LineString", "coordinates": [ [ 83.5210478, 20.2007775 ], [ 83.5103716, 20.188653 ] ] } },
{ "type": "Feature", "properties": { "@osmId": "way/240697470", "@snapshotTimestamp": "2019-01-01T00:00:00Z" }, "geometry": { "type": "LineString", "coordinates": [ [ 83.5384248, 20.188653 ], [ 83.4860649, 20.2394493 ] ] } },
{ "type": "Feature", "properties": { "@osmId": "way/229249433", "@snapshotTimestamp": "2019-01-01T00:00:00Z" }, "geometry": { "type": "LineString", "coordinates": [ [ 84.1043278, 20.107783 ], [ 84.1040879, 20.1079728 ] ] } },
{ "type": "Feature", "properties": { "@osmId": "way/229249435", "@snapshotTimestamp": "2019-01-01T00:00:00Z" }, "geometry": { "type": "LineString", "coordinates": [ [ 84.414763, 20.1642287 ], [ 84.3302166, 20.0691206 ], [ 84.2984647, 20.0639241 ], [ 84.2601402, 20.0929932 ], [ 84.2507586, 20.0593682 ], [ 84.2018909, 20.0553217 ], [ 84.1043278, 20.107783 ] ] } },
{ "type": "Feature", "properties": { "@osmId": "way/229249434", "@snapshotTimestamp": "2019-01-01T00:00:00Z" }, "geometry": { "type": "LineString", "coordinates": [ [ 84.1040879, 20.1079728 ], [ 84.0547426, 20.1481225 ], [ 84.0185503, 20.1396172 ] ] } },
{ "type": "Feature", "properties": { "@osmId": "way/173788198", "@snapshotTimestamp": "2019-01-01T00:00:00Z" }, "geometry": { "type": "LineString", "coordinates": [ [ 84.0459093, 20.1502279 ], [ 84.0465575, 20.1516189 ] ] } },
{ "type": "Feature", "properties": { "@osmId": "way/258875511", "@snapshotTimestamp": "2019-01-01T00:00:00Z" }, "geometry": { "type": "LineString", "coordinates": [ [ 84.0465575, 20.1516189 ], [ 84.0467422, 20.1520283 ] ] } },
{ "type": "Feature", "properties": { "@osmId": "way/258875501", "@snapshotTimestamp": "2019-01-01T00:00:00Z" }, "geometry": { "type": "LineString", "coordinates": [ [ 84.3666568, 20.123425 ], [ 84.2182, 20.188653 ] ] } },
{ "type": "Feature", "properties": { "@osmId": "way/258875502", "@snapshotTimestamp": "2019-01-01T00:00:00Z" }, "geometry": { "type": "LineString", "coordinates": [ [ 84.0467422, 20.1520283 ], [ 84.0787204, 20.1813342 ] ] } },
{ "type": "Feature", "properties": { "@osmId": "way/258875515", "@snapshotTimestamp": "2019-01-01T00:00:00Z" }, "geometry": { "type": "LineString", "coordinates": [ [ 84.0787204, 20.1813342 ], [ 84.0820363, 20.188653 ] ] } },
{ "type": "Feature", "properties": { "@osmId": "way/258875501", "@snapshotTimestamp": "2019-01-01T00:00:00Z" }, "geometry": { "type": "LineString", "coordinates": [ [ 84.2182, 20.188653 ], [ 84.1235913, 20.2252346 ] ] } },
{ "type": "Feature", "properties": { "@osmId": "way/22828879", "@snapshotTimestamp": "2019-01-01T00:00:00Z" }, "geometry": { "type": "LineString", "coordinates": [ [ 84.3980296, 20.188653 ], [ 84.361416, 20.2383061 ] ] } },
{ "type": "Feature", "properties": { "@osmId": "way/232597469", "@snapshotTimestamp": "2019-01-01T00:00:00Z" }, "geometry": { "type": "LineString", "coordinates": [ [ 84.361416, 20.2383061 ], [ 84.361266, 20.2385453 ] ] } },
{ "type": "Feature", "properties": { "@osmId": "way/258875515", "@snapshotTimestamp": "2019-01-01T00:00:00Z" }, "geometry": { "type": "LineString", "coordinates": [ [ 84.0820363, 20.188653 ], [ 84.151747, 20.2833682 ], [ 84.1555661, 20.32444 ], [ 84.1224926, 20.356585 ] ] } },
{ "type": "Feature", "properties": { "@osmId": "way/232597467", "@snapshotTimestamp": "2019-01-01T00:00:00Z" }, "geometry": { "type": "LineString", "coordinates": [ [ 84.361266, 20.2385453 ], [ 84.220205, 20.3967045 ], [ 84.2261713, 20.4186539 ] ] } },
{ "type": "Feature", "properties": { "@osmId": "way/229200567", "@snapshotTimestamp": "2019-01-01T00:00:00Z" }, "geometry": { "type": "LineString", "coordinates": [ [ 84.181568, 20.3835416 ], [ 84.1441492, 20.3862449 ], [ 84.1224926, 20.356585 ] ] } },
{ "type": "Feature", "properties": { "@osmId": "way/229200570", "@snapshotTimestamp": "2019-01-01T00:00:00Z" }, "geometry": { "type": "LineString", "coordinates": [ [ 84.1817827, 20.3834715 ], [ 84.181568, 20.3835416 ] ] } },
{ "type": "Feature", "properties": { "@osmId": "way/229200572", "@snapshotTimestamp": "2019-01-01T00:00:00Z" }, "geometry": { "type": "LineString", "coordinates": [ [ 84.2089975, 20.3962066 ], [ 84.1817827, 20.3834715 ] ] } },
{ "type": "Feature", "properties": { "@osmId": "way/229200568", "@snapshotTimestamp": "2019-01-01T00:00:00Z" }, "geometry": { "type": "LineString", "coordinates": [ [ 84.2087969, 20.396499 ], [ 84.2089975, 20.3962066 ] ] } },
{ "type": "Feature", "properties": { "@osmId": "way/229200571", "@snapshotTimestamp": "2019-01-01T00:00:00Z" }, "geometry": { "type": "LineString", "coordinates": [ [ 84.2112048, 20.4079759 ], [ 84.2087969, 20.396499 ] ] } },
{ "type": "Feature", "properties": { "@osmId": "way/229200569", "@snapshotTimestamp": "2019-01-01T00:00:00Z" }, "geometry": { "type": "LineString", "coordinates": [ [ 84.2120151, 20.4081731 ], [ 84.2112048, 20.4079759 ] ] } },
{ "type": "Feature", "properties": { "@osmId": "way/232597463", "@snapshotTimestamp": "2019-01-01T00:00:00Z" }, "geometry": { "type": "LineString", "coordinates": [ [ 84.2261713, 20.4186539 ], [ 84.2120151, 20.4081731 ] ] } },
{ "type": "Feature", "properties": { "@osmId": "way/232660671", "@snapshotTimestamp": "2019-01-01T00:00:00Z" }, "geometry": { "type": "LineString", "coordinates": [ [ 83.6762227, 20.4287842 ], [ 83.7292723, 20.3769089 ], [ 83.7283292, 20.3238787 ], [ 83.7606491, 20.2715494 ], [ 83.8653612, 20.2189154 ] ] } },
{ "type": "Feature", "properties": { "@osmId": "way/232660669", "@snapshotTimestamp": "2019-01-01T00:00:00Z" }, "geometry": { "type": "LineString", "coordinates": [ [ 83.6775869, 20.4304613 ], [ 83.6762227, 20.4287842 ] ] } },
{ "type": "Feature", "properties": { "@osmId": "way/232660672", "@snapshotTimestamp": "2019-01-01T00:00:00Z" }, "geometry": { "type": "LineString", "coordinates": [ [ 83.6732565, 20.4845755 ], [ 83.6775869, 20.4304613 ] ] } },
{ "type": "Feature", "properties": { "@osmId": "way/232660660", "@snapshotTimestamp": "2019-01-01T00:00:00Z" }, "geometry": { "type": "LineString", "coordinates": [ [ 83.6732837, 20.485105 ], [ 83.6732565, 20.4845755 ] ] } },
{ "type": "Feature", "properties": { "@osmId": "way/232660674", "@snapshotTimestamp": "2019-01-01T00:00:00Z" }, "geometry": { "type": "LineString", "coordinates": [ [ 83.6873399, 20.5568704 ], [ 83.6732837, 20.485105 ] ] } },
{ "type": "Feature", "properties": { "@osmId": "way/232660658", "@snapshotTimestamp": "2019-01-01T00:00:00Z" }, "geometry": { "type": "LineString", "coordinates": [ [ 83.6874948, 20.5569615 ], [ 83.6873399, 20.5568704 ] ] } },
{ "type": "Feature", "properties": { "@osmId": "way/232660670", "@snapshotTimestamp": "2019-01-01T00:00:00Z" }, "geometry": { "type": "LineString", "coordinates": [ [ 83.7275977, 20.6002646 ], [ 83.6874948, 20.5569615 ] ] } },
{ "type": "Feature", "properties": { "@osmId": "way/232660662", "@snapshotTimestamp": "2019-01-01T00:00:00Z" }, "geometry": { "type": "LineString", "coordinates": [ [ 83.728157, 20.6003657 ], [ 83.7275977, 20.6002646 ] ] } },
{ "type": "Feature", "properties": { "@osmId": "way/232660654", "@snapshotTimestamp": "2019-01-01T00:00:00Z" }, "geometry": { "type": "LineString", "coordinates": [ [ 83.7336782, 20.6088169 ], [ 83.728157, 20.6003657 ] ] } },
{ "type": "Feature", "properties": { "@osmId": "way/232660661", "@snapshotTimestamp": "2019-01-01T00:00:00Z" }, "geometry": { "type": "LineString", "coordinates": [ [ 83.7341982, 20.6097843 ], [ 83.7336782, 20.6088169 ] ] } },
{ "type": "Feature", "properties": { "@osmId": "way/258875512", "@snapshotTimestamp": "2019-01-01T00:00:00Z" }, "geometry": { "type": "LineString", "coordinates": [ [ 84.1224926, 20.356585 ], [ 84.012223, 20.4291319 ], [ 83.9958736, 20.4710541 ] ] } },
{ "type": "Feature", "properties": { "@osmId": "way/291310183", "@snapshotTimestamp": "2019-01-01T00:00:00Z" }, "geometry": { "type": "LineString", "coordinates": [ [ 84.2414628, 20.4617547 ], [ 84.2261713, 20.4186539 ] ] } },
{ "type": "Feature", "properties": { "@osmId": "way/577267553", "@snapshotTimestamp": "2019-01-01T00:00:00Z" }, "geometry": { "type": "LineString", "coordinates": [ [ 84.2902316, 20.4636826 ], [ 84.440852, 20.4230713 ] ] } },
{ "type": "Feature", "properties": { "@osmId": "way/640987758", "@snapshotTimestamp": "2019-01-01T00:00:00Z" }, "geometry": { "type": "LineString", "coordinates": [ [ 84.2413924, 20.4621555 ], [ 84.2414628, 20.4617547 ] ] } },
{ "type": "Feature", "properties": { "@osmId": "way/577269548", "@snapshotTimestamp": "2019-01-01T00:00:00Z" }, "geometry": { "type": "LineString", "coordinates": [ [ 84.2900422, 20.4635734 ], [ 84.2902316, 20.4636826 ] ] } },
{ "type": "Feature", "properties": { "@osmId": "way/640987759", "@snapshotTimestamp": "2019-01-01T00:00:00Z" }, "geometry": { "type": "LineString", "coordinates": [ [ 84.2365756, 20.4706137 ], [ 84.2413924, 20.4621555 ] ] } },
{ "type": "Feature", "properties": { "@osmId": "way/577269549", "@snapshotTimestamp": "2019-01-01T00:00:00Z" }, "geometry": { "type": "LineString", "coordinates": [ [ 84.2419362, 20.4823755 ], [ 84.2900422, 20.4635734 ] ] } },
{ "type": "Feature", "properties": { "@osmId": "way/431605658", "@snapshotTimestamp": "2019-01-01T00:00:00Z" }, "geometry": { "type": "LineString", "coordinates": [ [ 84.2343094, 20.4813536 ], [ 84.2365756, 20.4706137 ] ] } },
{ "type": "Feature", "properties": { "@osmId": "way/320474720", "@snapshotTimestamp": "2019-01-01T00:00:00Z" }, "geometry": { "type": "LineString", "coordinates": [ [ 84.2305919, 20.4791324 ], [ 84.2343349, 20.4812858 ] ] } },
{ "type": "Feature", "properties": { "@osmId": "way/431605659", "@snapshotTimestamp": "2019-01-01T00:00:00Z" }, "geometry": { "type": "LineString", "coordinates": [ [ 84.2343094, 20.4813536 ], [ 84.2305379, 20.4792014 ] ] } },
{ "type": "Feature", "properties": { "@osmId": "way/234907084", "@snapshotTimestamp": "2019-01-01T00:00:00Z" }, "geometry": { "type": "LineString", "coordinates": [ [ 83.485229, 19.6379414 ], [ 83.4849847, 19.6381253 ] ] } },
{ "type": "Feature", "properties": { "@osmId": "way/194359538", "@snapshotTimestamp": "2019-01-01T00:00:00Z" }, "geometry": { "type": "LineString", "coordinates": [ [ 83.2822231, 19.5855707 ], [ 83.2841972, 19.6210945 ], [ 83.2372807, 19.6894656 ], [ 83.2524687, 19.7076271 ] ] } },
{ "type": "Feature", "properties": { "@osmId": "way/515833265", "@snapshotTimestamp": "2019-01-01T00:00:00Z" }, "geometry": { "type": "LineString", "coordinates": [ [ 83.4849847, 19.6381253 ], [ 83.4717554, 19.697188 ] ] } },
{ "type": "Feature", "properties": { "@osmId": "way/515833264", "@snapshotTimestamp": "2019-01-01T00:00:00Z" }, "geometry": { "type": "LineString", "coordinates": [ [ 83.4717554, 19.697188 ], [ 83.4718305, 19.6973395 ] ] } },
{ "type": "Feature", "properties": { "@osmId": "way/515836068", "@snapshotTimestamp": "2019-01-01T00:00:00Z" }, "geometry": { "type": "LineString", "coordinates": [ [ 83.3773577, 19.7056676 ], [ 83.3769715, 19.7058191 ] ] } },
{ "type": "Feature", "properties": { "@osmId": "way/515836070", "@snapshotTimestamp": "2019-01-01T00:00:00Z" }, "geometry": { "type": "LineString", "coordinates": [ [ 83.4772968, 19.7143741 ], [ 83.3773577, 19.7056676 ] ] } },
{ "type": "Feature", "properties": { "@osmId": "way/515833257", "@snapshotTimestamp": "2019-01-01T00:00:00Z" }, "geometry": { "type": "LineString", "coordinates": [ [ 83.3769715, 19.7058191 ], [ 83.4096318, 19.7467495 ] ] } },
{ "type": "Feature", "properties": { "@osmId": "way/515833263", "@snapshotTimestamp": "2019-01-01T00:00:00Z" }, "geometry": { "type": "LineString", "coordinates": [ [ 83.4718305, 19.6973395 ], [ 83.4727532, 19.7650931 ] ] } },
{ "type": "Feature", "properties": { "@osmId": "way/515836063", "@snapshotTimestamp": "2019-01-01T00:00:00Z" }, "geometry": { "type": "LineString", "coordinates": [ [ 83.4096318, 19.7467495 ], [ 83.4097812, 19.7470032 ] ] } },
{ "type": "Feature", "properties": { "@osmId": "way/515833261", "@snapshotTimestamp": "2019-01-01T00:00:00Z" }, "geometry": { "type": "LineString", "coordinates": [ [ 83.4727532, 19.7650931 ], [ 83.4723079, 19.7655121 ] ] } },
{ "type": "Feature", "properties": { "@osmId": "way/612721337", "@snapshotTimestamp": "2019-01-01T00:00:00Z" }, "geometry": { "type": "LineString", "coordinates": [ [ 83.1217455, 19.5977103 ], [ 83.1215529, 19.5980834 ] ] } },
{ "type": "Feature", "properties": { "@osmId": "way/612721336", "@snapshotTimestamp": "2019-01-01T00:00:00Z" }, "geometry": { "type": "LineString", "coordinates": [ [ 83.1215529, 19.5980834 ], [ 83.1341316, 19.6090999 ] ] } },
{ "type": "Feature", "properties": { "@osmId": "way/609237339", "@snapshotTimestamp": "2019-01-01T00:00:00Z" }, "geometry": { "type": "LineString", "coordinates": [ [ 82.672965, 19.6256424 ], [ 82.6732668, 19.625908 ] ] } },
{ "type": "Feature", "properties": { "@osmId": "way/609237338", "@snapshotTimestamp": "2019-01-01T00:00:00Z" }, "geometry": { "type": "LineString", "coordinates": [ [ 82.6732668, 19.625908 ], [ 82.7386747, 19.688082 ] ] } },
{ "type": "Feature", "properties": { "@osmId": "way/275641614", "@snapshotTimestamp": "2019-01-01T00:00:00Z" }, "geometry": { "type": "LineString", "coordinates": [ [ 83.1341316, 19.6090999 ], [ 83.0730898, 19.712577 ], [ 83.1068673, 19.7461271 ] ] } },
{ "type": "Feature", "properties": { "@osmId": "way/239005221", "@snapshotTimestamp": "2019-01-01T00:00:00Z" }, "geometry": { "type": "LineString", "coordinates": [ [ 82.7386747, 19.688082 ], [ 82.7389869, 19.688202 ] ] } },
{ "type": "Feature", "properties": { "@osmId": "way/239005229", "@snapshotTimestamp": "2019-01-01T00:00:00Z" }, "geometry": { "type": "LineString", "coordinates": [ [ 82.7389869, 19.688202 ], [ 82.7666791, 19.702322 ] ] } },
{ "type": "Feature", "properties": { "@osmId": "way/239005226", "@snapshotTimestamp": "2019-01-01T00:00:00Z" }, "geometry": { "type": "LineString", "coordinates": [ [ 82.7666791, 19.702322 ], [ 82.7669809, 19.7025029 ] ] } },
{ "type": "Feature", "properties": { "@osmId": "way/275641613", "@snapshotTimestamp": "2019-01-01T00:00:00Z" }, "geometry": { "type": "LineString", "coordinates": [ [ 83.1068673, 19.7461271 ], [ 83.1071747, 19.746594 ] ] } },
{ "type": "Feature", "properties": { "@osmId": "way/239005219", "@snapshotTimestamp": "2019-01-01T00:00:00Z" }, "geometry": { "type": "LineString", "coordinates": [ [ 82.7669809, 19.7025029 ], [ 82.9195823, 19.852887 ] ] } },
{ "type": "Feature", "properties": { "@osmId": "way/487510084", "@snapshotTimestamp": "2019-01-01T00:00:00Z" }, "geometry": { "type": "LineString", "coordinates": [ [ 82.2148845, 19.6880474 ], [ 82.2287783, 19.6731059 ] ] } },
{ "type": "Feature", "properties": { "@osmId": "way/304774633", "@snapshotTimestamp": "2019-01-01T00:00:00Z" }, "geometry": { "type": "LineString", "coordinates": [ [ 82.2370568, 19.6758712 ], [ 82.2874517, 19.6923042 ] ] } },
{ "type": "Feature", "properties": { "@osmId": "way/638697197", "@snapshotTimestamp": "2019-01-01T00:00:00Z" }, "geometry": { "type": "LineString", "coordinates": [ [ 82.1931839, 19.6857912 ], [ 82.1931198, 19.6859169 ] ] } },
{ "type": "Feature", "properties": { "@osmId": "way/487510082", "@snapshotTimestamp": "2019-01-01T00:00:00Z" }, "geometry": { "type": "LineString", "coordinates": [ [ 82.1903022, 19.6913955 ], [ 82.2148845, 19.6880474 ] ] } },
{ "type": "Feature", "properties": { "@osmId": "way/304774786", "@snapshotTimestamp": "2019-01-01T00:00:00Z" }, "geometry": { "type": "LineString", "coordinates": [ [ 82.2874517, 19.6923042 ], [ 82.2984855, 19.6976919 ] ] } },
{ "type": "Feature", "properties": { "@osmId": "way/304775830", "@snapshotTimestamp": "2019-01-01T00:00:00Z" }, "geometry": { "type": "LineString", "coordinates": [ [ 82.2984855, 19.6976919 ], [ 82.3699978, 19.7180975 ] ] } },
{ "type": "Feature", "properties": { "@osmId": "way/234205219", "@snapshotTimestamp": "2019-01-01T00:00:00Z" }, "geometry": { "type": "LineString", "coordinates": [ [ 82.1931198, 19.6859169 ], [ 82.1561221, 19.7585278 ] ] } },
{ "type": "Feature", "properties": { "@osmId": "way/307290018", "@snapshotTimestamp": "2019-01-01T00:00:00Z" }, "geometry": { "type": "LineString", "coordinates": [ [ 82.3699978, 19.7180975 ], [ 82.3718941, 19.7265891 ] ] } },
{ "type": "Feature", "properties": { "@osmId": "way/234205217", "@snapshotTimestamp": "2019-01-01T00:00:00Z" }, "geometry": { "type": "LineString", "coordinates": [ [ 82.1561221, 19.7585278 ], [ 82.1560188, 19.7587475 ] ] } },
{ "type": "Feature", "properties": { "@osmId": "way/304779242", "@snapshotTimestamp": "2019-01-01T00:00:00Z" }, "geometry": { "type": "LineString", "coordinates": [ [ 82.3718941, 19.7265891 ], [ 82.3646902, 19.8110912 ] ] } },
{ "type": "Feature", "properties": { "@osmId": "way/609239000", "@snapshotTimestamp": "2019-01-01T00:00:00Z" }, "geometry": { "type": "LineString", "coordinates": [ [ 82.7105291, 19.8157865 ], [ 82.6861984, 19.7492158 ], [ 82.6203494, 19.7721811 ] ] } },
{ "type": "Feature", "properties": { "@osmId": "way/275641611", "@snapshotTimestamp": "2019-01-01T00:00:00Z" }, "geometry": { "type": "LineString", "coordinates": [ [ 83.1071747, 19.746594 ], [ 83.1335228, 19.8253772 ] ] } },
{ "type": "Feature", "properties": { "@osmId": "way/609239001", "@snapshotTimestamp": "2019-01-01T00:00:00Z" }, "geometry": { "type": "LineString", "coordinates": [ [ 82.7115098, 19.8165246 ], [ 82.7105291, 19.8157865 ] ] } },
{ "type": "Feature", "properties": { "@osmId": "way/275641612", "@snapshotTimestamp": "2019-01-01T00:00:00Z" }, "geometry": { "type": "LineString", "coordinates": [ [ 83.1335228, 19.8253772 ], [ 83.133779, 19.8259386 ] ] } },
{ "type": "Feature", "properties": { "@osmId": "way/609244869", "@snapshotTimestamp": "2019-01-01T00:00:00Z" }, "geometry": { "type": "LineString", "coordinates": [ [ 82.7503797, 19.8584757 ], [ 82.7115098, 19.8165246 ] ] } },
{ "type": "Feature", "properties": { "@osmId": "way/22828958", "@snapshotTimestamp": "2019-01-01T00:00:00Z" }, "geometry": { "type": "LineString", "coordinates": [ [ 82.9071939, 19.843752 ], [ 82.8511271, 19.849991 ] ] } },
{ "type": "Feature", "properties": { "@osmId": "way/237840597", "@snapshotTimestamp": "2019-01-01T00:00:00Z" }, "geometry": { "type": "LineString", "coordinates": [ [ 82.8511271, 19.849991 ], [ 82.8505947, 19.8499808 ] ] } },
{ "type": "Feature", "properties": { "@osmId": "way/275641610", "@snapshotTimestamp": "2019-01-01T00:00:00Z" }, "geometry": { "type": "LineString", "coordinates": [ [ 83.133779, 19.8259386 ], [ 83.1591481, 19.8754167 ] ] } },
{ "type": "Feature", "properties": { "@osmId": "way/191822348", "@snapshotTimestamp": "2019-01-01T00:00:00Z" }, "geometry": { "type": "LineString", "coordinates": [ [ 82.9195823, 19.852887 ], [ 82.9210359, 19.8530317 ] ] } },
{ "type": "Feature", "properties": { "@osmId": "way/191822354", "@snapshotTimestamp": "2019-01-01T00:00:00Z" }, "geometry": { "type": "LineString", "coordinates": [ [ 82.9210359, 19.8530317 ], [ 82.938955, 19.8606493 ] ] } },
{ "type": "Feature", "properties": { "@osmId": "way/515836065", "@snapshotTimestamp": "2019-01-01T00:00:00Z" }, "geometry": { "type": "LineString", "coordinates": [ [ 83.4097812, 19.7470032 ], [ 83.4257006, 19.7936083 ] ] } },
{ "type": "Feature", "properties": { "@osmId": "way/515833262", "@snapshotTimestamp": "2019-01-01T00:00:00Z" }, "geometry": { "type": "LineString", "coordinates": [ [ 83.4723079, 19.7655121 ], [ 83.4602863, 19.7979093 ] ] } },
{ "type": "Feature", "properties": { "@osmId": "way/515833256", "@snapshotTimestamp": "2019-01-01T00:00:00Z" }, "geometry": { "type": "LineString", "coordinates": [ [ 83.4257006, 19.7936083 ], [ 83.4257817, 19.7937567 ] ] } },
{ "type": "Feature", "properties": { "@osmId": "way/515833260", "@snapshotTimestamp": "2019-01-01T00:00:00Z" }, "geometry": { "type": "LineString", "coordinates": [ [ 83.4602863, 19.7979093 ], [ 83.4600395, 19.7986563 ] ] } },
{ "type": "Feature", "properties": { "@osmId": "way/515833258", "@snapshotTimestamp": "2019-01-01T00:00:00Z" }, "geometry": { "type": "LineString", "coordinates": [ [ 83.4257817, 19.7937567 ], [ 83.4180146, 19.8584709 ] ] } },
{ "type": "Feature", "properties": { "@osmId": "way/234908616", "@snapshotTimestamp": "2019-01-01T00:00:00Z" }, "geometry": { "type": "LineString", "coordinates": [ [ 83.4188772, 19.8613987 ], [ 83.4562898, 19.8346598 ], [ 83.4600395, 19.7986563 ] ] } },
{ "type": "Feature", "properties": { "@osmId": "way/263833070", "@snapshotTimestamp": "2019-01-01T00:00:00Z" }, "geometry": { "type": "LineString", "coordinates": [ [ 83.1591481, 19.8754167 ], [ 83.1592492, 19.875607 ] ] } },
{ "type": "Feature", "properties": { "@osmId": "way/234908615", "@snapshotTimestamp": "2019-01-01T00:00:00Z" }, "geometry": { "type": "LineString", "coordinates": [ [ 83.4180146, 19.8584709 ], [ 83.4036712, 19.9216629 ] ] } },
{ "type": "Feature", "properties": { "@osmId": "way/263833071", "@snapshotTimestamp": "2019-01-01T00:00:00Z" }, "geometry": { "type": "LineString", "coordinates": [ [ 83.1592492, 19.875607 ], [ 83.1588608, 19.9059829 ] ] } },
{ "type": "Feature", "properties": { "@osmId": "way/218219218", "@snapshotTimestamp": "2019-01-01T00:00:00Z" }, "geometry": { "type": "LineString", "coordinates": [ [ 83.1631301, 19.9055 ], [ 83.1715141, 19.9116841 ] ] } },
{ "type": "Feature", "properties": { "@osmId": "way/609244868", "@snapshotTimestamp": "2019-01-01T00:00:00Z" }, "geometry": { "type": "LineString", "coordinates": [ [ 82.7505522, 19.858643 ], [ 82.7503797, 19.8584757 ] ] } },
{ "type": "Feature", "properties": { "@osmId": "way/237840598", "@snapshotTimestamp": "2019-01-01T00:00:00Z" }, "geometry": { "type": "LineString", "coordinates": [ [ 82.8505947, 19.8499808 ], [ 82.7792406, 19.8695315 ] ] } },
{ "type": "Feature", "properties": { "@osmId": "way/354488601", "@snapshotTimestamp": "2019-01-01T00:00:00Z" }, "geometry": { "type": "LineString", "coordinates": [ [ 82.7602931, 19.8741255 ], [ 82.7505522, 19.858643 ] ] } },
{ "type": "Feature", "properties": { "@osmId": "way/237840600", "@snapshotTimestamp": "2019-01-01T00:00:00Z" }, "geometry": { "type": "LineString", "coordinates": [ [ 82.7792406, 19.8695315 ], [ 82.7482268, 19.8776834 ] ] } },
{ "type": "Feature", "properties": { "@osmId": "way/609244870", "@snapshotTimestamp": "2019-01-01T00:00:00Z" }, "geometry": { "type": "LineString", "coordinates": [ [ 82.7482268, 19.8776834 ], [ 82.7480534, 19.8778201 ] ] } },
{ "type": "Feature", "properties": { "@osmId": "way/71928303", "@snapshotTimestamp": "2019-01-01T00:00:00Z" }, "geometry": { "type": "LineString", "coordinates": [ [ 82.938955, 19.8606493 ], [ 83.0431101, 19.8989014 ] ] } },
{ "type": "Feature", "properties": { "@osmId": "way/609244871", "@snapshotTimestamp": "2019-01-01T00:00:00Z" }, "geometry": { "type": "LineString", "coordinates": [ [ 82.7480534, 19.8778201 ], [ 82.7430966, 19.8831908 ] ] } },
{ "type": "Feature", "properties": { "@osmId": "way/22828961", "@snapshotTimestamp": "2019-01-01T00:00:00Z" }, "geometry": { "type": "LineString", "coordinates": [ [ 82.7430966, 19.8831908 ], [ 82.7305017, 19.88841 ] ] } },
{ "type": "Feature", "properties": { "@osmId": "way/237840601", "@snapshotTimestamp": "2019-01-01T00:00:00Z" }, "geometry": { "type": "LineString", "coordinates": [ [ 82.7305017, 19.88841 ], [ 82.7267127, 19.8900538 ] ] } },
{ "type": "Feature", "properties": { "@osmId": "way/237840599", "@snapshotTimestamp": "2019-01-01T00:00:00Z" }, "geometry": { "type": "LineString", "coordinates": [ [ 82.7267127, 19.8900538 ], [ 82.709312926821056, 19.894420931231124 ] ] } },
{ "type": "Feature", "properties": { "@osmId": "way/638279392", "@snapshotTimestamp": "2019-01-01T00:00:00Z" }, "geometry": { "type": "LineString", "coordinates": [ [ 83.1715141, 19.9116841 ], [ 83.1736617, 19.9181011 ] ] } },
{ "type": "Feature", "properties": { "@osmId": "way/22828978", "@snapshotTimestamp": "2019-01-01T00:00:00Z" }, "geometry": { "type": "LineString", "coordinates": [ [ 83.1642017, 19.9061648 ], [ 83.1514486, 19.9270422 ] ] } },
{ "type": "Feature", "properties": { "@osmId": "way/638279391", "@snapshotTimestamp": "2019-01-01T00:00:00Z" }, "geometry": { "type": "LineString", "coordinates": [ [ 83.1736617, 19.9181011 ], [ 83.1737461, 19.9184879 ] ] } },
{ "type": "Feature", "properties": { "@osmId": "way/234907079", "@snapshotTimestamp": "2019-01-01T00:00:00Z" }, "geometry": { "type": "LineString", "coordinates": [ [ 83.1968649, 19.9225794 ], [ 83.1743224, 19.9192744 ] ] } },
{ "type": "Feature", "properties": { "@osmId": "way/234907083", "@snapshotTimestamp": "2019-01-01T00:00:00Z" }, "geometry": { "type": "LineString", "coordinates": [ [ 83.4036712, 19.9216629 ], [ 83.4035174, 19.9219439 ] ] } },
{ "type": "Feature", "properties": { "@osmId": "way/234907082", "@snapshotTimestamp": "2019-01-01T00:00:00Z" }, "geometry": { "type": "LineString", "coordinates": [ [ 83.1970379, 19.922722 ], [ 83.1968649, 19.9225794 ] ] } },
{ "type": "Feature", "properties": { "@osmId": "way/234907080", "@snapshotTimestamp": "2019-01-01T00:00:00Z" }, "geometry": { "type": "LineString", "coordinates": [ [ 83.4035174, 19.9219439 ], [ 83.3990244, 19.926936 ] ] } },
{ "type": "Feature", "properties": { "@osmId": "way/234907085", "@snapshotTimestamp": "2019-01-01T00:00:00Z" }, "geometry": { "type": "LineString", "coordinates": [ [ 83.3990244, 19.926936 ], [ 83.3986952, 19.9270366 ] ] } },
{ "type": "Feature", "properties": { "@osmId": "way/22828937", "@snapshotTimestamp": "2019-01-01T00:00:00Z" }, "geometry": { "type": "LineString", "coordinates": [ [ 83.1737461, 19.9184879 ], [ 83.1714348, 19.9417336 ] ] } },
{ "type": "Feature", "properties": { "@osmId": "way/239005225", "@snapshotTimestamp": "2019-01-01T00:00:00Z" }, "geometry": { "type": "LineString", "coordinates": [ [ 83.1714348, 19.9417336 ], [ 83.1714332, 19.9421413 ] ] } },
{ "type": "Feature", "properties": { "@osmId": "way/239005223", "@snapshotTimestamp": "2019-01-01T00:00:00Z" }, "geometry": { "type": "LineString", "coordinates": [ [ 83.0431101, 19.8989014 ], [ 83.0440627, 19.8990866 ] ] } },
{ "type": "Feature", "properties": { "@osmId": "way/638279394", "@snapshotTimestamp": "2019-01-01T00:00:00Z" }, "geometry": { "type": "LineString", "coordinates": [ [ 83.0440627, 19.8990866 ], [ 83.0961556, 19.9136464 ] ] } },
{ "type": "Feature", "properties": { "@osmId": "way/239005233", "@snapshotTimestamp": "2019-01-01T00:00:00Z" }, "geometry": { "type": "LineString", "coordinates": [ [ 83.0964102, 19.9136689 ], [ 83.1631301, 19.9055 ] ] } },
{ "type": "Feature", "properties": { "@osmId": "way/638279393", "@snapshotTimestamp": "2019-01-01T00:00:00Z" }, "geometry": { "type": "LineString", "coordinates": [ [ 83.0961556, 19.9136464 ], [ 83.0964102, 19.9136689 ] ] } },
{ "type": "Feature", "properties": { "@osmId": "way/234249631", "@snapshotTimestamp": "2019-01-01T00:00:00Z" }, "geometry": { "type": "LineString", "coordinates": [ [ 83.1514486, 19.9270422 ], [ 83.1514742, 19.9272757 ] ] } },
{ "type": "Feature", "properties": { "@osmId": "way/234249653", "@snapshotTimestamp": "2019-01-01T00:00:00Z" }, "geometry": { "type": "LineString", "coordinates": [ [ 83.1514742, 19.9272757 ], [ 83.1468183, 19.9384794 ] ] } },
{ "type": "Feature", "properties": { "@osmId": "way/234249640", "@snapshotTimestamp": "2019-01-01T00:00:00Z" }, "geometry": { "type": "LineString", "coordinates": [ [ 83.1468183, 19.9384794 ], [ 83.1467238, 19.9386899 ] ] } },
{ "type": "Feature", "properties": { "@osmId": "way/234249651", "@snapshotTimestamp": "2019-01-01T00:00:00Z" }, "geometry": { "type": "LineString", "coordinates": [ [ 83.1467238, 19.9386899 ], [ 83.0910483, 20.1368123 ] ] } },
{ "type": "Feature", "properties": { "@osmId": "way/234249635", "@snapshotTimestamp": "2019-01-01T00:00:00Z" }, "geometry": { "type": "LineString", "coordinates": [ [ 83.0910483, 20.1368123 ], [ 83.090738, 20.137319 ] ] } },
{ "type": "Feature", "properties": { "@osmId": "way/234249647", "@snapshotTimestamp": "2019-01-01T00:00:00Z" }, "geometry": { "type": "LineString", "coordinates": [ [ 83.090738, 20.137319 ], [ 83.0892424, 20.1394315 ] ] } },
{ "type": "Feature", "properties": { "@osmId": "way/234907087", "@snapshotTimestamp": "2019-01-01T00:00:00Z" }, "geometry": { "type": "LineString", "coordinates": [ [ 83.2578101, 19.9656318 ], [ 83.1970379, 19.922722 ] ] } },
{ "type": "Feature", "properties": { "@osmId": "way/234907078", "@snapshotTimestamp": "2019-01-01T00:00:00Z" }, "geometry": { "type": "LineString", "coordinates": [ [ 83.3986952, 19.9270366 ], [ 83.3005279, 19.973431 ] ] } },
{ "type": "Feature", "properties": { "@osmId": "way/234907086", "@snapshotTimestamp": "2019-01-01T00:00:00Z" }, "geometry": { "type": "LineString", "coordinates": [ [ 83.3000902, 19.9732674 ], [ 83.2578101, 19.9656318 ] ] } },
{ "type": "Feature", "properties": { "@osmId": "way/234907081", "@snapshotTimestamp": "2019-01-01T00:00:00Z" }, "geometry": { "type": "LineString", "coordinates": [ [ 83.3005279, 19.973431 ], [ 83.3000902, 19.9732674 ] ] } },
{ "type": "Feature", "properties": { "@osmId": "way/239005232", "@snapshotTimestamp": "2019-01-01T00:00:00Z" }, "geometry": { "type": "LineString", "coordinates": [ [ 83.1714332, 19.9421413 ], [ 83.1742368, 20.052602 ] ] } },
{ "type": "Feature", "properties": { "@osmId": "way/234243767", "@snapshotTimestamp": "2019-01-01T00:00:00Z" }, "geometry": { "type": "LineString", "coordinates": [ [ 83.3610158, 20.0466869 ], [ 83.3040227, 19.9733411 ] ] } },
{ "type": "Feature", "properties": { "@osmId": "way/234243762", "@snapshotTimestamp": "2019-01-01T00:00:00Z" }, "geometry": { "type": "LineString", "coordinates": [ [ 83.3616009, 20.0469776 ], [ 83.3610158, 20.0466869 ] ] } },
{ "type": "Feature", "properties": { "@osmId": "way/234243766", "@snapshotTimestamp": "2019-01-01T00:00:00Z" }, "geometry": { "type": "LineString", "coordinates": [ [ 83.3877225, 20.0944739 ], [ 83.3616009, 20.0469776 ] ] } },
{ "type": "Feature", "properties": { "@osmId": "way/234243763", "@snapshotTimestamp": "2019-01-01T00:00:00Z" }, "geometry": { "type": "LineString", "coordinates": [ [ 83.3877497, 20.0948741 ], [ 83.3877225, 20.0944739 ] ] } },
{ "type": "Feature", "properties": { "@osmId": "way/218220243", "@snapshotTimestamp": "2019-01-01T00:00:00Z" }, "geometry": { "type": "LineString", "coordinates": [ [ 83.1742368, 20.052602 ], [ 83.1946178, 20.1503012 ] ] } },
{ "type": "Feature", "properties": { "@osmId": "way/234249637", "@snapshotTimestamp": "2019-01-01T00:00:00Z" }, "geometry": { "type": "LineString", "coordinates": [ [ 83.0892424, 20.1394315 ], [ 83.0885951, 20.1400863 ] ] } },
{ "type": "Feature", "properties": { "@osmId": "way/130590472", "@snapshotTimestamp": "2019-01-01T00:00:00Z" }, "geometry": { "type": "LineString", "coordinates": [ [ 83.0885951, 20.1400863 ], [ 83.0877346, 20.1409845 ] ] } },
{ "type": "Feature", "properties": { "@osmId": "way/234249638", "@snapshotTimestamp": "2019-01-01T00:00:00Z" }, "geometry": { "type": "LineString", "coordinates": [ [ 83.0877346, 20.1409845 ], [ 83.0844941, 20.1443214 ] ] } },
{ "type": "Feature", "properties": { "@osmId": "way/130590473", "@snapshotTimestamp": "2019-01-01T00:00:00Z" }, "geometry": { "type": "LineString", "coordinates": [ [ 83.0844941, 20.1443214 ], [ 83.0831293, 20.1457264 ] ] } },
{ "type": "Feature", "properties": { "@osmId": "way/234249641", "@snapshotTimestamp": "2019-01-01T00:00:00Z" }, "geometry": { "type": "LineString", "coordinates": [ [ 83.0831293, 20.1457264 ], [ 83.0828769, 20.1459775 ] ] } },
{ "type": "Feature", "properties": { "@osmId": "way/234249649", "@snapshotTimestamp": "2019-01-01T00:00:00Z" }, "geometry": { "type": "LineString", "coordinates": [ [ 83.0828769, 20.1459775 ], [ 82.9599814, 20.188653 ] ] } },
{ "type": "Feature", "properties": { "@osmId": "way/234249649", "@snapshotTimestamp": "2019-01-01T00:00:00Z" }, "geometry": { "type": "LineString", "coordinates": [ [ 82.9599814, 20.188653 ], [ 82.9291463, 20.2051961 ] ] } },
{ "type": "Feature", "properties": { "@osmId": "way/554610045", "@snapshotTimestamp": "2019-01-01T00:00:00Z" }, "geometry": { "type": "LineString", "coordinates": [ [ 82.932288, 20.2107695 ], [ 82.9291463, 20.2051961 ] ] } },
{ "type": "Feature", "properties": { "@osmId": "way/130590471", "@snapshotTimestamp": "2019-01-01T00:00:00Z" }, "geometry": { "type": "LineString", "coordinates": [ [ 82.9291463, 20.2051961 ], [ 82.8646785, 20.2185006 ] ] } },
{ "type": "Feature", "properties": { "@osmId": "way/554610046", "@snapshotTimestamp": "2019-01-01T00:00:00Z" }, "geometry": { "type": "LineString", "coordinates": [ [ 82.9345438, 20.2132287 ], [ 82.932288, 20.2107695 ] ] } },
{ "type": "Feature", "properties": { "@osmId": "way/234243769", "@snapshotTimestamp": "2019-01-01T00:00:00Z" }, "geometry": { "type": "LineString", "coordinates": [ [ 83.4574239, 20.1564945 ], [ 83.3877497, 20.0948741 ] ] } },
{ "type": "Feature", "properties": { "@osmId": "way/239005224", "@snapshotTimestamp": "2019-01-01T00:00:00Z" }, "geometry": { "type": "LineString", "coordinates": [ [ 83.1946178, 20.1503012 ], [ 83.1949521, 20.1514663 ] ] } },
{ "type": "Feature", "properties": { "@osmId": "way/234243765", "@snapshotTimestamp": "2019-01-01T00:00:00Z" }, "geometry": { "type": "LineString", "coordinates": [ [ 83.4580551, 20.1566864 ], [ 83.4574239, 20.1564945 ] ] } },
{ "type": "Feature", "properties": { "@osmId": "way/234243768", "@snapshotTimestamp": "2019-01-01T00:00:00Z" }, "geometry": { "type": "LineString", "coordinates": [ [ 83.4946243, 20.177392 ], [ 83.4580551, 20.1566864 ] ] } },
{ "type": "Feature", "properties": { "@osmId": "way/239005218", "@snapshotTimestamp": "2019-01-01T00:00:00Z" }, "geometry": { "type": "LineString", "coordinates": [ [ 83.1949521, 20.1514663 ], [ 83.2199818, 20.188653 ] ] } },
{ "type": "Feature", "properties": { "@osmId": "way/239005218", "@snapshotTimestamp": "2019-01-01T00:00:00Z" }, "geometry": { "type": "LineString", "coordinates": [ [ 83.2199818, 20.188653 ], [ 83.2771519, 20.2660286 ] ] } },
{ "type": "Feature", "properties": { "@osmId": "way/240697425", "@snapshotTimestamp": "2019-01-01T00:00:00Z" }, "geometry": { "type": "LineString", "coordinates": [ [ 83.4860649, 20.2394493 ], [ 83.4859372, 20.2395427 ] ] } },
{ "type": "Feature", "properties": { "@osmId": "way/240697442", "@snapshotTimestamp": "2019-01-01T00:00:00Z" }, "geometry": { "type": "LineString", "coordinates": [ [ 83.4859372, 20.2395427 ], [ 83.4530905, 20.2516744 ] ] } },
{ "type": "Feature", "properties": { "@osmId": "way/218098878", "@snapshotTimestamp": "2019-01-01T00:00:00Z" }, "geometry": { "type": "LineString", "coordinates": [ [ 83.4530905, 20.2516744 ], [ 83.4515638, 20.2517403 ] ] } },
{ "type": "Feature", "properties": { "@osmId": "way/239005220", "@snapshotTimestamp": "2019-01-01T00:00:00Z" }, "geometry": { "type": "LineString", "coordinates": [ [ 83.2771519, 20.2660286 ], [ 83.2774324, 20.2661859 ] ] } },
{ "type": "Feature", "properties": { "@osmId": "way/234249632", "@snapshotTimestamp": "2019-01-01T00:00:00Z" }, "geometry": { "type": "LineString", "coordinates": [ [ 82.8646785, 20.2185006 ], [ 82.8643728, 20.2187694 ] ] } },
{ "type": "Feature", "properties": { "@osmId": "way/554610047", "@snapshotTimestamp": "2019-01-01T00:00:00Z" }, "geometry": { "type": "LineString", "coordinates": [ [ 83.0498192, 20.2199579 ], [ 83.0495883, 20.2191695 ] ] } },
{ "type": "Feature", "properties": { "@osmId": "way/130590477", "@snapshotTimestamp": "2019-01-01T00:00:00Z" }, "geometry": { "type": "LineString", "coordinates": [ [ 83.0495883, 20.2191695 ], [ 82.9396749, 20.2313401 ] ] } },
{ "type": "Feature", "properties": { "@osmId": "way/130590484", "@snapshotTimestamp": "2019-01-01T00:00:00Z" }, "geometry": { "type": "LineString", "coordinates": [ [ 82.9396749, 20.2313401 ], [ 82.9345438, 20.2132287 ] ] } },
{ "type": "Feature", "properties": { "@osmId": "way/234249644", "@snapshotTimestamp": "2019-01-01T00:00:00Z" }, "geometry": { "type": "LineString", "coordinates": [ [ 82.8643728, 20.2187694 ], [ 82.8506022, 20.2509275 ] ] } },
{ "type": "Feature", "properties": { "@osmId": "way/554610048", "@snapshotTimestamp": "2019-01-01T00:00:00Z" }, "geometry": { "type": "LineString", "coordinates": [ [ 83.1097886, 20.2512486 ], [ 83.0498192, 20.2199579 ] ] } },
{ "type": "Feature", "properties": { "@osmId": "way/554609969", "@snapshotTimestamp": "2019-01-01T00:00:00Z" }, "geometry": { "type": "LineString", "coordinates": [ [ 83.1101534, 20.251796 ], [ 83.1097886, 20.2512486 ] ] } },
{ "type": "Feature", "properties": { "@osmId": "way/234249634", "@snapshotTimestamp": "2019-01-01T00:00:00Z" }, "geometry": { "type": "LineString", "coordinates": [ [ 82.8506022, 20.2509275 ], [ 82.8496428, 20.2529282 ] ] } },
{ "type": "Feature", "properties": { "@osmId": "way/554609971", "@snapshotTimestamp": "2019-01-01T00:00:00Z" }, "geometry": { "type": "LineString", "coordinates": [ [ 83.1361842, 20.2825255 ], [ 83.1101534, 20.251796 ] ] } },
{ "type": "Feature", "properties": { "@osmId": "way/22828892", "@snapshotTimestamp": "2019-01-01T00:00:00Z" }, "geometry": { "type": "LineString", "coordinates": [ [ 82.9396749, 20.2313401 ], [ 82.9187322, 20.3085177 ] ] } },
{ "type": "Feature", "properties": { "@osmId": "way/218098881", "@snapshotTimestamp": "2019-01-01T00:00:00Z" }, "geometry": { "type": "LineString", "coordinates": [ [ 83.4515638, 20.2517403 ], [ 83.4031154, 20.2622418 ], [ 83.3673506, 20.3003312 ], [ 83.3039198, 20.2923085 ] ] } },
{ "type": "Feature", "properties": { "@osmId": "way/240697428", "@snapshotTimestamp": "2019-01-01T00:00:00Z" }, "geometry": { "type": "LineString", "coordinates": [ [ 83.2763367, 20.2888566 ], [ 83.2098612, 20.2675535 ], [ 83.1431152, 20.2861029 ] ] } },
{ "type": "Feature", "properties": { "@osmId": "way/239005228", "@snapshotTimestamp": "2019-01-01T00:00:00Z" }, "geometry": { "type": "LineString", "coordinates": [ [ 83.2774324, 20.2661859 ], [ 83.3039198, 20.2923085 ] ] } },
{ "type": "Feature", "properties": { "@osmId": "way/240697423", "@snapshotTimestamp": "2019-01-01T00:00:00Z" }, "geometry": { "type": "LineString", "coordinates": [ [ 83.2765742, 20.2891048 ], [ 83.2763367, 20.2888566 ] ] } },
{ "type": "Feature", "properties": { "@osmId": "way/218209365", "@snapshotTimestamp": "2019-01-01T00:00:00Z" }, "geometry": { "type": "LineString", "coordinates": [ [ 83.3039198, 20.2923085 ], [ 83.3181988, 20.3041991 ] ] } },
{ "type": "Feature", "properties": { "@osmId": "way/230746999", "@snapshotTimestamp": "2019-01-01T00:00:00Z" }, "geometry": { "type": "LineString", "coordinates": [ [ 83.2950613, 20.3170471 ], [ 83.2765742, 20.2891048 ] ] } },
{ "type": "Feature", "properties": { "@osmId": "way/218098880", "@snapshotTimestamp": "2019-01-01T00:00:00Z" }, "geometry": { "type": "LineString", "coordinates": [ [ 83.3181988, 20.3041991 ], [ 83.316472, 20.3080426 ] ] } },
{ "type": "Feature", "properties": { "@osmId": "way/218098877", "@snapshotTimestamp": "2019-01-01T00:00:00Z" }, "geometry": { "type": "LineString", "coordinates": [ [ 83.316472, 20.3080426 ], [ 83.3137891, 20.3192862 ] ] } },
{ "type": "Feature", "properties": { "@osmId": "way/230746998", "@snapshotTimestamp": "2019-01-01T00:00:00Z" }, "geometry": { "type": "LineString", "coordinates": [ [ 83.2951961, 20.3174688 ], [ 83.2950613, 20.3170471 ] ] } },
{ "type": "Feature", "properties": { "@osmId": "way/218098882", "@snapshotTimestamp": "2019-01-01T00:00:00Z" }, "geometry": { "type": "LineString", "coordinates": [ [ 83.3137891, 20.3192862 ], [ 83.2951961, 20.3174688 ] ] } },
{ "type": "Feature", "properties": { "@osmId": "way/304872726", "@snapshotTimestamp": "2019-01-01T00:00:00Z" }, "geometry": { "type": "LineString", "coordinates": [ [ 82.3646902, 19.8110912 ], [ 82.4879113, 19.8752238 ], [ 82.4912709, 19.8451726 ], [ 82.57851176327209, 19.818396641990731 ] ] } },
{ "type": "Feature", "properties": { "@osmId": "way/234205220", "@snapshotTimestamp": "2019-01-01T00:00:00Z" }, "geometry": { "type": "LineString", "coordinates": [ [ 82.1560188, 19.7587475 ], [ 82.0816399, 19.8809582 ], [ 81.9843553, 19.9524097 ] ] } },
{ "type": "Feature", "properties": { "@osmId": "way/354470817", "@snapshotTimestamp": "2019-01-01T00:00:00Z" }, "geometry": { "type": "LineString", "coordinates": [ [ 82.4992647, 19.845388 ], [ 82.5350247, 19.8564715 ], [ 82.5253374, 19.8730226 ] ] } },
{ "type": "Feature", "properties": { "@osmId": "way/311315492", "@snapshotTimestamp": "2019-01-01T00:00:00Z" }, "geometry": { "type": "LineString", "coordinates": [ [ 81.9843553, 19.9524097 ], [ 81.9841506, 19.9525848 ] ] } },
{ "type": "Feature", "properties": { "@osmId": "way/311315493", "@snapshotTimestamp": "2019-01-01T00:00:00Z" }, "geometry": { "type": "LineString", "coordinates": [ [ 81.9841506, 19.9525848 ], [ 81.902207348031851, 20.058779733330489 ] ] } },
{ "type": "Feature", "properties": { "@osmId": "way/218081898", "@snapshotTimestamp": "2019-01-01T00:00:00Z" }, "geometry": { "type": "LineString", "coordinates": [ [ 82.636317, 20.570164 ], [ 82.6361687, 20.5703954 ] ] } },
{ "type": "Feature", "properties": { "@osmId": "way/218081919", "@snapshotTimestamp": "2019-01-01T00:00:00Z" }, "geometry": { "type": "LineString", "coordinates": [ [ 82.6361687, 20.5703954 ], [ 82.6110642, 20.6020904 ], [ 82.596237, 20.7072964 ], [ 82.5270531, 20.8348916 ] ] } },
{ "type": "Feature", "properties": { "@osmId": "way/232744007", "@snapshotTimestamp": "2019-01-01T00:00:00Z" }, "geometry": { "type": "LineString", "coordinates": [ [ 82.5342719, 20.8081306 ], [ 82.5341018, 20.8080536 ] ] } },
{ "type": "Feature", "properties": { "@osmId": "way/232744006", "@snapshotTimestamp": "2019-01-01T00:00:00Z" }, "geometry": { "type": "LineString", "coordinates": [ [ 82.5341358, 20.8082813 ], [ 82.5342719, 20.8081306 ] ] } },
{ "type": "Feature", "properties": { "@osmId": "way/232744005", "@snapshotTimestamp": "2019-01-01T00:00:00Z" }, "geometry": { "type": "LineString", "coordinates": [ [ 82.6721379, 20.8260651 ], [ 82.5342719, 20.8081306 ] ] } },
{ "type": "Feature", "properties": { "@osmId": "way/234249645", "@snapshotTimestamp": "2019-01-01T00:00:00Z" }, "geometry": { "type": "LineString", "coordinates": [ [ 82.8496428, 20.2529282 ], [ 82.7633729, 20.2928098 ] ] } },
{ "type": "Feature", "properties": { "@osmId": "way/218098879", "@snapshotTimestamp": "2019-01-01T00:00:00Z" }, "geometry": { "type": "LineString", "coordinates": [ [ 83.1431152, 20.2861029 ], [ 83.1424714, 20.2857547 ] ] } },
{ "type": "Feature", "properties": { "@osmId": "way/218083765", "@snapshotTimestamp": "2019-01-01T00:00:00Z" }, "geometry": { "type": "LineString", "coordinates": [ [ 82.8327287, 20.3222125 ], [ 82.7633729, 20.2928098 ] ] } },
{ "type": "Feature", "properties": { "@osmId": "way/554609989", "@snapshotTimestamp": "2019-01-01T00:00:00Z" }, "geometry": { "type": "LineString", "coordinates": [ [ 83.1424714, 20.2857547 ], [ 83.0566017, 20.3340364 ] ] } },
{ "type": "Feature", "properties": { "@osmId": "way/554610026", "@snapshotTimestamp": "2019-01-01T00:00:00Z" }, "geometry": { "type": "LineString", "coordinates": [ [ 82.9187322, 20.3085177 ], [ 82.9187603, 20.3087466 ] ] } },
{ "type": "Feature", "properties": { "@osmId": "way/554610023", "@snapshotTimestamp": "2019-01-01T00:00:00Z" }, "geometry": { "type": "LineString", "coordinates": [ [ 82.9187603, 20.3087466 ], [ 82.9138452, 20.3328618 ] ] } },
{ "type": "Feature", "properties": { "@osmId": "way/218083762", "@snapshotTimestamp": "2019-01-01T00:00:00Z" }, "geometry": { "type": "LineString", "coordinates": [ [ 82.833485, 20.3229733 ], [ 82.8327287, 20.3222125 ] ] } },
{ "type": "Feature", "properties": { "@osmId": "way/554609978", "@snapshotTimestamp": "2019-01-01T00:00:00Z" }, "geometry": { "type": "LineString", "coordinates": [ [ 82.963973, 20.3318231 ], [ 82.9634301, 20.3317809 ] ] } },
{ "type": "Feature", "properties": { "@osmId": "way/218098883", "@snapshotTimestamp": "2019-01-01T00:00:00Z" }, "geometry": { "type": "LineString", "coordinates": [ [ 82.9079341, 20.3405549 ], [ 82.833485, 20.3229733 ] ] } },
{ "type": "Feature", "properties": { "@osmId": "way/554609980", "@snapshotTimestamp": "2019-01-01T00:00:00Z" }, "geometry": { "type": "LineString", "coordinates": [ [ 83.0559219, 20.3340714 ], [ 82.963973, 20.3318231 ] ] } },
{ "type": "Feature", "properties": { "@osmId": "way/22828930", "@snapshotTimestamp": "2019-01-01T00:00:00Z" }, "geometry": { "type": "LineString", "coordinates": [ [ 83.3137891, 20.3192862 ], [ 83.3147799, 20.338182 ] ] } },
{ "type": "Feature", "properties": { "@osmId": "way/230746996", "@snapshotTimestamp": "2019-01-01T00:00:00Z" }, "geometry": { "type": "LineString", "coordinates": [ [ 83.3147799, 20.338182 ], [ 83.3146738, 20.3385026 ] ] } },
{ "type": "Feature", "properties": { "@osmId": "way/230746997", "@snapshotTimestamp": "2019-01-01T00:00:00Z" }, "geometry": { "type": "LineString", "coordinates": [ [ 83.3146738, 20.3385026 ], [ 83.311407, 20.3674038 ] ] } },
{ "type": "Feature", "properties": { "@osmId": "way/230716718", "@snapshotTimestamp": "2019-01-01T00:00:00Z" }, "geometry": { "type": "LineString", "coordinates": [ [ 83.311407, 20.3674038 ], [ 83.3114807, 20.3678378 ] ] } },
{ "type": "Feature", "properties": { "@osmId": "way/230716719", "@snapshotTimestamp": "2019-01-01T00:00:00Z" }, "geometry": { "type": "LineString", "coordinates": [ [ 83.3114807, 20.3678378 ], [ 83.3331632, 20.4094086 ] ] } },
{ "type": "Feature", "properties": { "@osmId": "way/218284647", "@snapshotTimestamp": "2019-01-01T00:00:00Z" }, "geometry": { "type": "LineString", "coordinates": [ [ 83.3331632, 20.4094086 ], [ 83.3345853, 20.412353 ] ] } },
{ "type": "Feature", "properties": { "@osmId": "way/218284654", "@snapshotTimestamp": "2019-01-01T00:00:00Z" }, "geometry": { "type": "LineString", "coordinates": [ [ 83.3345853, 20.412353 ], [ 83.3794492, 20.4728987 ] ] } },
{ "type": "Feature", "properties": { "@osmId": "way/218284649", "@snapshotTimestamp": "2019-01-01T00:00:00Z" }, "geometry": { "type": "LineString", "coordinates": [ [ 83.3794492, 20.4728987 ], [ 83.3792454, 20.4730771 ] ] } },
{ "type": "Feature", "properties": { "@osmId": "way/218284655", "@snapshotTimestamp": "2019-01-01T00:00:00Z" }, "geometry": { "type": "LineString", "coordinates": [ [ 83.3792454, 20.4730771 ], [ 83.385835, 20.484463 ] ] } },
{ "type": "Feature", "properties": { "@osmId": "way/239005222", "@snapshotTimestamp": "2019-01-01T00:00:00Z" }, "geometry": { "type": "LineString", "coordinates": [ [ 83.385835, 20.484463 ], [ 83.3860284, 20.4848118 ] ] } },
{ "type": "Feature", "properties": { "@osmId": "way/554610019", "@snapshotTimestamp": "2019-01-01T00:00:00Z" }, "geometry": { "type": "LineString", "coordinates": [ [ 82.9138452, 20.3328618 ], [ 82.9137701, 20.3330706 ] ] } },
{ "type": "Feature", "properties": { "@osmId": "way/554609986", "@snapshotTimestamp": "2019-01-01T00:00:00Z" }, "geometry": { "type": "LineString", "coordinates": [ [ 83.0566017, 20.3340364 ], [ 83.0559219, 20.3340714 ] ] } },
{ "type": "Feature", "properties": { "@osmId": "way/554609973", "@snapshotTimestamp": "2019-01-01T00:00:00Z" }, "geometry": { "type": "LineString", "coordinates": [ [ 82.9634301, 20.3317809 ], [ 82.9155484, 20.3387659 ] ] } },
{ "type": "Feature", "properties": { "@osmId": "way/554610017", "@snapshotTimestamp": "2019-01-01T00:00:00Z" }, "geometry": { "type": "LineString", "coordinates": [ [ 82.9137701, 20.3330706 ], [ 82.9122171, 20.3392727 ] ] } },
{ "type": "Feature", "properties": { "@osmId": "way/554708594", "@snapshotTimestamp": "2019-01-01T00:00:00Z" }, "geometry": { "type": "LineString", "coordinates": [ [ 82.9155484, 20.3387659 ], [ 82.915256, 20.3388024 ] ] } },
{ "type": "Feature", "properties": { "@osmId": "way/554708593", "@snapshotTimestamp": "2019-01-01T00:00:00Z" }, "geometry": { "type": "LineString", "coordinates": [ [ 82.915256, 20.3388024 ], [ 82.9079341, 20.3405549 ] ] } },
{ "type": "Feature", "properties": { "@osmId": "way/240653505", "@snapshotTimestamp": "2019-01-01T00:00:00Z" }, "geometry": { "type": "LineString", "coordinates": [ [ 82.7633729, 20.2928098 ], [ 82.677565, 20.3956876 ], [ 82.6709269, 20.4465272 ] ] } },
{ "type": "Feature", "properties": { "@osmId": "way/22829010", "@snapshotTimestamp": "2019-01-01T00:00:00Z" }, "geometry": { "type": "LineString", "coordinates": [ [ 82.9079341, 20.3405549 ], [ 82.9204568, 20.4667745 ] ] } },
{ "type": "Feature", "properties": { "@osmId": "way/218081899", "@snapshotTimestamp": "2019-01-01T00:00:00Z" }, "geometry": { "type": "LineString", "coordinates": [ [ 82.6709269, 20.4465272 ], [ 82.6709205, 20.4468044 ] ] } },
{ "type": "Feature", "properties": { "@osmId": "way/218081930", "@snapshotTimestamp": "2019-01-01T00:00:00Z" }, "geometry": { "type": "LineString", "coordinates": [ [ 82.6709205, 20.4468044 ], [ 82.669252, 20.5157441 ] ] } },
{ "type": "Feature", "properties": { "@osmId": "way/22829007", "@snapshotTimestamp": "2019-01-01T00:00:00Z" }, "geometry": { "type": "LineString", "coordinates": [ [ 82.9204568, 20.4667745 ], [ 82.9217493, 20.5074574 ] ] } },
{ "type": "Feature", "properties": { "@osmId": "way/232864954", "@snapshotTimestamp": "2019-01-01T00:00:00Z" }, "geometry": { "type": "LineString", "coordinates": [ [ 82.9217493, 20.5074574 ], [ 82.9216674, 20.5079309 ] ] } },
{ "type": "Feature", "properties": { "@osmId": "way/218081902", "@snapshotTimestamp": "2019-01-01T00:00:00Z" }, "geometry": { "type": "LineString", "coordinates": [ [ 82.669252, 20.5157441 ], [ 82.6690625, 20.5161743 ] ] } },
{ "type": "Feature", "properties": { "@osmId": "way/232864960", "@snapshotTimestamp": "2019-01-01T00:00:00Z" }, "geometry": { "type": "LineString", "coordinates": [ [ 82.9216674, 20.5079309 ], [ 82.9378802, 20.5403985 ] ] } },
{ "type": "Feature", "properties": { "@osmId": "way/218081929", "@snapshotTimestamp": "2019-01-01T00:00:00Z" }, "geometry": { "type": "LineString", "coordinates": [ [ 82.6690625, 20.5161743 ], [ 82.636317, 20.570164 ] ] } },
{ "type": "Feature", "properties": { "@osmId": "way/615698774", "@snapshotTimestamp": "2019-01-01T00:00:00Z" }, "geometry": { "type": "LineString", "coordinates": [ [ 83.0769422, 20.5487483 ], [ 83.0166985, 20.5697161 ] ] } },
{ "type": "Feature", "properties": { "@osmId": "way/22829004", "@snapshotTimestamp": "2019-01-01T00:00:00Z" }, "geometry": { "type": "LineString", "coordinates": [ [ 82.9378802, 20.5403985 ], [ 82.9535301, 20.58116 ] ] } },
{ "type": "Feature", "properties": { "@osmId": "way/232864957", "@snapshotTimestamp": "2019-01-01T00:00:00Z" }, "geometry": { "type": "LineString", "coordinates": [ [ 82.9535301, 20.58116 ], [ 82.9540269, 20.5822571 ] ] } },
{ "type": "Feature", "properties": { "@osmId": "way/615698775", "@snapshotTimestamp": "2019-01-01T00:00:00Z" }, "geometry": { "type": "LineString", "coordinates": [ [ 82.9800765, 20.5948996 ], [ 83.0166985, 20.5697161 ] ] } },
{ "type": "Feature", "properties": { "@osmId": "way/232864958", "@snapshotTimestamp": "2019-01-01T00:00:00Z" }, "geometry": { "type": "LineString", "coordinates": [ [ 82.9540269, 20.5822571 ], [ 82.9757706, 20.5933603 ] ] } },
{ "type": "Feature", "properties": { "@osmId": "way/232864955", "@snapshotTimestamp": "2019-01-01T00:00:00Z" }, "geometry": { "type": "LineString", "coordinates": [ [ 82.9757706, 20.5933603 ], [ 82.9759796, 20.5935006 ] ] } },
{ "type": "Feature", "properties": { "@osmId": "way/232864961", "@snapshotTimestamp": "2019-01-01T00:00:00Z" }, "geometry": { "type": "LineString", "coordinates": [ [ 82.9759796, 20.5935006 ], [ 83.0157532, 20.6307604 ] ] } },
{ "type": "Feature", "properties": { "@osmId": "way/232864952", "@snapshotTimestamp": "2019-01-01T00:00:00Z" }, "geometry": { "type": "LineString", "coordinates": [ [ 83.0157532, 20.6307604 ], [ 83.0160508, 20.6307346 ] ] } },
{ "type": "Feature", "properties": { "@osmId": "way/232864963", "@snapshotTimestamp": "2019-01-01T00:00:00Z" }, "geometry": { "type": "LineString", "coordinates": [ [ 83.0160508, 20.6307346 ], [ 83.1363322, 20.7077532 ] ] } },
{ "type": "Feature", "properties": { "@osmId": "way/232864951", "@snapshotTimestamp": "2019-01-01T00:00:00Z" }, "geometry": { "type": "LineString", "coordinates": [ [ 83.1394319, 20.7069231 ], [ 83.140406, 20.7066916 ] ] } },
{ "type": "Feature", "properties": { "@osmId": "way/22829030", "@snapshotTimestamp": "2019-01-01T00:00:00Z" }, "geometry": { "type": "LineString", "coordinates": [ [ 83.1363322, 20.7077532 ], [ 83.1394319, 20.7069231 ] ] } },
{ "type": "Feature", "properties": { "@osmId": "way/232743976", "@snapshotTimestamp": "2019-01-01T00:00:00Z" }, "geometry": { "type": "LineString", "coordinates": [ [ 82.672316, 20.8262046 ], [ 82.6721379, 20.8260651 ] ] } },
{ "type": "Feature", "properties": { "@osmId": "way/232743987", "@snapshotTimestamp": "2019-01-01T00:00:00Z" }, "geometry": { "type": "LineString", "coordinates": [ [ 82.7202619, 20.8281664 ], [ 82.672316, 20.8262046 ] ] } },
{ "type": "Feature", "properties": { "@osmId": "way/232743989", "@snapshotTimestamp": "2019-01-01T00:00:00Z" }, "geometry": { "type": "LineString", "coordinates": [ [ 82.7212681, 20.8283734 ], [ 82.7202619, 20.8281664 ] ] } },
{ "type": "Feature", "properties": { "@osmId": "way/232743973", "@snapshotTimestamp": "2019-01-01T00:00:00Z" }, "geometry": { "type": "LineString", "coordinates": [ [ 82.7438275, 20.8459751 ], [ 82.7212681, 20.8283734 ] ] } },
{ "type": "Feature", "properties": { "@osmId": "way/232743985", "@snapshotTimestamp": "2019-01-01T00:00:00Z" }, "geometry": { "type": "LineString", "coordinates": [ [ 82.7441155, 20.8460294 ], [ 82.7438275, 20.8459751 ] ] } },
{ "type": "Feature", "properties": { "@osmId": "way/22828993", "@snapshotTimestamp": "2019-01-01T00:00:00Z" }, "geometry": { "type": "LineString", "coordinates": [ [ 83.1363322, 20.7077532 ], [ 83.0425, 20.7768 ], [ 83.035, 20.8601 ], [ 83.0929, 20.9299 ], [ 83.0605349, 21.0015587 ] ] } },
{ "type": "Feature", "properties": { "@osmId": "way/232744004", "@snapshotTimestamp": "2019-01-01T00:00:00Z" }, "geometry": { "type": "LineString", "coordinates": [ [ 82.8490917, 20.9360587 ], [ 82.8050079, 20.9222642 ], [ 82.7441155, 20.8460294 ] ] } },
{ "type": "Feature", "properties": { "@osmId": "way/232743983", "@snapshotTimestamp": "2019-01-01T00:00:00Z" }, "geometry": { "type": "LineString", "coordinates": [ [ 82.8498603, 20.9358002 ], [ 82.8490917, 20.9360587 ] ] } },
{ "type": "Feature", "properties": { "@osmId": "way/232744003", "@snapshotTimestamp": "2019-01-01T00:00:00Z" }, "geometry": { "type": "LineString", "coordinates": [ [ 82.9851761, 20.9824824 ], [ 82.8498603, 20.9358002 ] ] } },
{ "type": "Feature", "properties": { "@osmId": "way/232743980", "@snapshotTimestamp": "2019-01-01T00:00:00Z" }, "geometry": { "type": "LineString", "coordinates": [ [ 82.9859226, 20.9824734 ], [ 82.9851761, 20.9824824 ] ] } },
{ "type": "Feature", "properties": { "@osmId": "way/232743986", "@snapshotTimestamp": "2019-01-01T00:00:00Z" }, "geometry": { "type": "LineString", "coordinates": [ [ 83.051723, 20.9923101 ], [ 82.9859226, 20.9824734 ] ] } },
{ "type": "Feature", "properties": { "@osmId": "way/232743984", "@snapshotTimestamp": "2019-01-01T00:00:00Z" }, "geometry": { "type": "LineString", "coordinates": [ [ 83.0517805, 20.9925634 ], [ 83.051723, 20.9923101 ] ] } },
{ "type": "Feature", "properties": { "@osmId": "way/232743995", "@snapshotTimestamp": "2019-01-01T00:00:00Z" }, "geometry": { "type": "LineString", "coordinates": [ [ 83.1031781, 21.0156585 ], [ 83.0517805, 20.9925634 ] ] } },
{ "type": "Feature", "properties": { "@osmId": "way/232743990", "@snapshotTimestamp": "2019-01-01T00:00:00Z" }, "geometry": { "type": "LineString", "coordinates": [ [ 83.1042855, 21.0167704 ], [ 83.1031781, 21.0156585 ] ] } },
{ "type": "Feature", "properties": { "@osmId": "way/320474718", "@snapshotTimestamp": "2019-01-01T00:00:00Z" }, "geometry": { "type": "LineString", "coordinates": [ [ 84.2365756, 20.4706137 ], [ 84.2221081, 20.489958 ] ] } },
{ "type": "Feature", "properties": { "@osmId": "way/431605660", "@snapshotTimestamp": "2019-01-01T00:00:00Z" }, "geometry": { "type": "LineString", "coordinates": [ [ 84.241536, 20.4823103 ], [ 84.2343349, 20.4812858 ] ] } },
{ "type": "Feature", "properties": { "@osmId": "way/577269547", "@snapshotTimestamp": "2019-01-01T00:00:00Z" }, "geometry": { "type": "LineString", "coordinates": [ [ 84.2343094, 20.4813536 ], [ 84.241536, 20.4823103 ] ] } },
{ "type": "Feature", "properties": { "@osmId": "way/431605661", "@snapshotTimestamp": "2019-01-01T00:00:00Z" }, "geometry": { "type": "LineString", "coordinates": [ [ 84.2343094, 20.4813536 ], [ 84.2332419, 20.4837419 ] ] } },
{ "type": "Feature", "properties": { "@osmId": "way/431673682", "@snapshotTimestamp": "2019-01-01T00:00:00Z" }, "geometry": { "type": "LineString", "coordinates": [ [ 83.9958736, 20.4710541 ], [ 84.1288638, 20.4978885 ] ] } },
{ "type": "Feature", "properties": { "@osmId": "way/498899401", "@snapshotTimestamp": "2019-01-01T00:00:00Z" }, "geometry": { "type": "LineString", "coordinates": [ [ 84.2178129, 20.491665 ], [ 84.2344006, 20.4813411 ] ] } },
{ "type": "Feature", "properties": { "@osmId": "way/498899402", "@snapshotTimestamp": "2019-01-01T00:00:00Z" }, "geometry": { "type": "LineString", "coordinates": [ [ 84.217093, 20.4920458 ], [ 84.2178129, 20.491665 ] ] } },
{ "type": "Feature", "properties": { "@osmId": "way/498899403", "@snapshotTimestamp": "2019-01-01T00:00:00Z" }, "geometry": { "type": "LineString", "coordinates": [ [ 84.1839966, 20.5025113 ], [ 84.217093, 20.4920458 ] ] } },
{ "type": "Feature", "properties": { "@osmId": "way/498899404", "@snapshotTimestamp": "2019-01-01T00:00:00Z" }, "geometry": { "type": "LineString", "coordinates": [ [ 84.1832536, 20.5017475 ], [ 84.1839966, 20.5025113 ] ] } },
{ "type": "Feature", "properties": { "@osmId": "way/320474719", "@snapshotTimestamp": "2019-01-01T00:00:00Z" }, "geometry": { "type": "LineString", "coordinates": [ [ 84.1288638, 20.4978885 ], [ 84.1832536, 20.5017475 ] ] } },
{ "type": "Feature", "properties": { "@osmId": "way/218111021", "@snapshotTimestamp": "2019-01-01T00:00:00Z" }, "geometry": { "type": "LineString", "coordinates": [ [ 83.9273877, 20.188653 ], [ 83.9109491, 20.1996195 ] ] } },
{ "type": "Feature", "properties": { "@osmId": "way/258875503", "@snapshotTimestamp": "2019-01-01T00:00:00Z" }, "geometry": { "type": "LineString", "coordinates": [ [ 84.0050802, 20.188653 ], [ 83.9930872, 20.2009808 ] ] } },
{ "type": "Feature", "properties": { "@osmId": "way/232660666", "@snapshotTimestamp": "2019-01-01T00:00:00Z" }, "geometry": { "type": "LineString", "coordinates": [ [ 83.8818952, 20.2150868 ], [ 83.9109491, 20.1996195 ] ] } },
{ "type": "Feature", "properties": { "@osmId": "way/173788197", "@snapshotTimestamp": "2019-01-01T00:00:00Z" }, "geometry": { "type": "LineString", "coordinates": [ [ 83.9930872, 20.2009808 ], [ 84.0016098, 20.2284028 ] ] } },
{ "type": "Feature", "properties": { "@osmId": "way/232660664", "@snapshotTimestamp": "2019-01-01T00:00:00Z" }, "geometry": { "type": "LineString", "coordinates": [ [ 83.8816929, 20.2150724 ], [ 83.8818952, 20.2150868 ] ] } },
{ "type": "Feature", "properties": { "@osmId": "way/232660667", "@snapshotTimestamp": "2019-01-01T00:00:00Z" }, "geometry": { "type": "LineString", "coordinates": [ [ 83.8655291, 20.2189868 ], [ 83.8816929, 20.2150724 ] ] } },
{ "type": "Feature", "properties": { "@osmId": "way/232660657", "@snapshotTimestamp": "2019-01-01T00:00:00Z" }, "geometry": { "type": "LineString", "coordinates": [ [ 83.8653612, 20.2189154 ], [ 83.8655291, 20.2189868 ] ] } },
{ "type": "Feature", "properties": { "@osmId": "way/232660656", "@snapshotTimestamp": "2019-01-01T00:00:00Z" }, "geometry": { "type": "LineString", "coordinates": [ [ 83.9126004, 20.8238938 ], [ 83.7377295, 20.6376823 ] ] } },
{ "type": "Feature", "properties": { "@osmId": "way/640983821", "@snapshotTimestamp": "2019-01-01T00:00:00Z" }, "geometry": { "type": "LineString", "coordinates": [ [ 83.9631975, 20.8258146 ], [ 83.9638233, 20.8247976 ] ] } },
{ "type": "Feature", "properties": { "@osmId": "way/218284672", "@snapshotTimestamp": "2019-01-01T00:00:00Z" }, "geometry": { "type": "LineString", "coordinates": [ [ 83.9084249, 20.8298796 ], [ 83.9119295, 20.8249707 ] ] } },
{ "type": "Feature", "properties": { "@osmId": "way/239005231", "@snapshotTimestamp": "2019-01-01T00:00:00Z" }, "geometry": { "type": "LineString", "coordinates": [ [ 83.3860284, 20.4848118 ], [ 83.4109722, 20.5338041 ] ] } },
{ "type": "Feature", "properties": { "@osmId": "way/218284640", "@snapshotTimestamp": "2019-01-01T00:00:00Z" }, "geometry": { "type": "LineString", "coordinates": [ [ 83.4109722, 20.5338041 ], [ 83.4116572, 20.5354675 ] ] } },
{ "type": "Feature", "properties": { "@osmId": "way/218284637", "@snapshotTimestamp": "2019-01-01T00:00:00Z" }, "geometry": { "type": "LineString", "coordinates": [ [ 83.4116572, 20.5354675 ], [ 83.4575745, 20.670265 ] ] } },
{ "type": "Feature", "properties": { "@osmId": "way/638279389", "@snapshotTimestamp": "2019-01-01T00:00:00Z" }, "geometry": { "type": "LineString", "coordinates": [ [ 83.4575745, 20.670265 ], [ 83.4579285, 20.6707117 ] ] } },
{ "type": "Feature", "properties": { "@osmId": "way/638279390", "@snapshotTimestamp": "2019-01-01T00:00:00Z" }, "geometry": { "type": "LineString", "coordinates": [ [ 83.4579285, 20.6707117 ], [ 83.4710044, 20.6893559 ] ] } },
{ "type": "Feature", "properties": { "@osmId": "way/169833986", "@snapshotTimestamp": "2019-01-01T00:00:00Z" }, "geometry": { "type": "LineString", "coordinates": [ [ 83.4702305, 20.6876368 ], [ 83.489527, 20.6841795 ] ] } },
{ "type": "Feature", "properties": { "@osmId": "way/635540458", "@snapshotTimestamp": "2019-01-01T00:00:00Z" }, "geometry": { "type": "LineString", "coordinates": [ [ 83.4464184, 20.6931782 ], [ 83.4368307, 20.6894104 ] ] } },
{ "type": "Feature", "properties": { "@osmId": "way/169834003", "@snapshotTimestamp": "2019-01-01T00:00:00Z" }, "geometry": { "type": "LineString", "coordinates": [ [ 83.4846346, 20.7011688 ], [ 83.4844528, 20.6852732 ] ] } },
{ "type": "Feature", "properties": { "@osmId": "way/635540454", "@snapshotTimestamp": "2019-01-01T00:00:00Z" }, "geometry": { "type": "LineString", "coordinates": [ [ 83.4604944, 20.7013741 ], [ 83.4468714, 20.6916287 ] ] } },
{ "type": "Feature", "properties": { "@osmId": "way/218284656", "@snapshotTimestamp": "2019-01-01T00:00:00Z" }, "geometry": { "type": "LineString", "coordinates": [ [ 83.4710044, 20.6893559 ], [ 83.4862898, 20.7049895 ] ] } },
{ "type": "Feature", "properties": { "@osmId": "way/229194115", "@snapshotTimestamp": "2019-01-01T00:00:00Z" }, "geometry": { "type": "LineString", "coordinates": [ [ 84.241536, 20.4823103 ], [ 84.3057931, 20.511219 ], [ 84.3097123, 20.5729089 ], [ 84.4224961, 20.5838287 ] ] } },
{ "type": "Feature", "properties": { "@osmId": "way/218284676", "@snapshotTimestamp": "2019-01-01T00:00:00Z" }, "geometry": { "type": "LineString", "coordinates": [ [ 84.2635177, 20.8620284 ], [ 84.3226376, 20.8381546 ], [ 84.3080611, 20.7806186 ], [ 84.4106913, 20.6622424 ], [ 84.4203825, 20.5492261 ], [ 84.440852, 20.528705 ] ] } },
{ "type": "Feature", "properties": { "@osmId": "way/237625718", "@snapshotTimestamp": "2019-01-01T00:00:00Z" }, "geometry": { "type": "LineString", "coordinates": [ [ 84.3906167, 20.8149062 ], [ 84.3900546, 20.8159274 ] ] } },
{ "type": "Feature", "properties": { "@osmId": "way/218284667", "@snapshotTimestamp": "2019-01-01T00:00:00Z" }, "geometry": { "type": "LineString", "coordinates": [ [ 83.9638233, 20.8247976 ], [ 84.1193655, 20.8060379 ], [ 84.2614608, 20.8621289 ] ] } },
{ "type": "Feature", "properties": { "@osmId": "way/237625729", "@snapshotTimestamp": "2019-01-01T00:00:00Z" }, "geometry": { "type": "LineString", "coordinates": [ [ 84.3900546, 20.8159274 ], [ 84.3556564, 20.8809948 ] ] } },
{ "type": "Feature", "properties": { "@osmId": "way/134540547", "@snapshotTimestamp": "2019-01-01T00:00:00Z" }, "geometry": { "type": "LineString", "coordinates": [ [ 84.3058049, 20.8482791 ], [ 84.3066331, 20.850833 ] ] } },
{ "type": "Feature", "properties": { "@osmId": "way/218284720", "@snapshotTimestamp": "2019-01-01T00:00:00Z" }, "geometry": { "type": "LineString", "coordinates": [ [ 84.3066331, 20.850833 ], [ 84.3137135, 20.8662714 ] ] } },
{ "type": "Feature", "properties": { "@osmId": "way/218284663", "@snapshotTimestamp": "2019-01-01T00:00:00Z" }, "geometry": { "type": "LineString", "coordinates": [ [ 84.2614608, 20.8621289 ], [ 84.2635177, 20.8620284 ] ] } },
{ "type": "Feature", "properties": { "@osmId": "way/549070839", "@snapshotTimestamp": "2019-01-01T00:00:00Z" }, "geometry": { "type": "LineString", "coordinates": [ [ 84.0472609, 20.8661053 ], [ 84.1057143, 20.8707093 ] ] } },
{ "type": "Feature", "properties": { "@osmId": "way/549070838", "@snapshotTimestamp": "2019-01-01T00:00:00Z" }, "geometry": { "type": "LineString", "coordinates": [ [ 84.1057143, 20.8707093 ], [ 84.1068783, 20.8710401 ] ] } },
{ "type": "Feature", "properties": { "@osmId": "way/232660668", "@snapshotTimestamp": "2019-01-01T00:00:00Z" }, "geometry": { "type": "LineString", "coordinates": [ [ 83.7360887, 20.6133263 ], [ 83.7341982, 20.6097843 ] ] } },
{ "type": "Feature", "properties": { "@osmId": "way/232660659", "@snapshotTimestamp": "2019-01-01T00:00:00Z" }, "geometry": { "type": "LineString", "coordinates": [ [ 83.7362915, 20.6139049 ], [ 83.7360887, 20.6133263 ] ] } },
{ "type": "Feature", "properties": { "@osmId": "way/232660665", "@snapshotTimestamp": "2019-01-01T00:00:00Z" }, "geometry": { "type": "LineString", "coordinates": [ [ 83.7383182, 20.6371436 ], [ 83.7362915, 20.6139049 ] ] } },
{ "type": "Feature", "properties": { "@osmId": "way/232660663", "@snapshotTimestamp": "2019-01-01T00:00:00Z" }, "geometry": { "type": "LineString", "coordinates": [ [ 83.7377295, 20.6376823 ], [ 83.7383182, 20.6371436 ] ] } },
{ "type": "Feature", "properties": { "@osmId": "way/169833999", "@snapshotTimestamp": "2019-01-01T00:00:00Z" }, "geometry": { "type": "LineString", "coordinates": [ [ 83.4958782, 20.7066225 ], [ 83.4892569, 20.7054947 ] ] } },
{ "type": "Feature", "properties": { "@osmId": "way/169834001", "@snapshotTimestamp": "2019-01-01T00:00:00Z" }, "geometry": { "type": "LineString", "coordinates": [ [ 83.4932165, 20.7131027 ], [ 83.5040513, 20.7092122 ] ] } },
{ "type": "Feature", "properties": { "@osmId": "way/638279386", "@snapshotTimestamp": "2019-01-01T00:00:00Z" }, "geometry": { "type": "LineString", "coordinates": [ [ 83.4862898, 20.7049895 ], [ 83.4942426, 20.7190341 ] ] } },
{ "type": "Feature", "properties": { "@osmId": "way/638279385", "@snapshotTimestamp": "2019-01-01T00:00:00Z" }, "geometry": { "type": "LineString", "coordinates": [ [ 83.4942426, 20.7190341 ], [ 83.4942635, 20.7196443 ] ] } },
{ "type": "Feature", "properties": { "@osmId": "way/218284675", "@snapshotTimestamp": "2019-01-01T00:00:00Z" }, "geometry": { "type": "LineString", "coordinates": [ [ 83.7089895, 20.7699001 ], [ 83.6622344, 20.7378138 ], [ 83.4907903, 20.7080048 ] ] } },
{ "type": "Feature", "properties": { "@osmId": "way/71928274", "@snapshotTimestamp": "2019-01-01T00:00:00Z" }, "geometry": { "type": "LineString", "coordinates": [ [ 83.4942635, 20.7196443 ], [ 83.5016286, 20.81273 ] ] } },
{ "type": "Feature", "properties": { "@osmId": "way/640983823", "@snapshotTimestamp": "2019-01-01T00:00:00Z" }, "geometry": { "type": "LineString", "coordinates": [ [ 83.9119295, 20.8249707 ], [ 83.9631975, 20.8258146 ] ] } },
{ "type": "Feature", "properties": { "@osmId": "way/577137160", "@snapshotTimestamp": "2019-01-01T00:00:00Z" }, "geometry": { "type": "LineString", "coordinates": [ [ 83.8937393, 20.8472289 ], [ 83.895045, 20.8523708 ] ] } },
{ "type": "Feature", "properties": { "@osmId": "way/90852023", "@snapshotTimestamp": "2019-01-01T00:00:00Z" }, "geometry": { "type": "LineString", "coordinates": [ [ 83.895045, 20.8523708 ], [ 83.89738, 20.8574374 ] ] } },
{ "type": "Feature", "properties": { "@osmId": "way/549097788", "@snapshotTimestamp": "2019-01-01T00:00:00Z" }, "geometry": { "type": "LineString", "coordinates": [ [ 83.9522409, 20.8581351 ], [ 83.9526379, 20.8582804 ] ] } },
{ "type": "Feature", "properties": { "@osmId": "way/90851954", "@snapshotTimestamp": "2019-01-01T00:00:00Z" }, "geometry": { "type": "LineString", "coordinates": [ [ 83.89738, 20.8574374 ], [ 83.9080671, 20.8684681 ] ] } },
{ "type": "Feature", "properties": { "@osmId": "way/549097787", "@snapshotTimestamp": "2019-01-01T00:00:00Z" }, "geometry": { "type": "LineString", "coordinates": [ [ 83.9526379, 20.8582804 ], [ 83.99694, 20.8674386 ] ] } },
{ "type": "Feature", "properties": { "@osmId": "way/549096635", "@snapshotTimestamp": "2019-01-01T00:00:00Z" }, "geometry": { "type": "LineString", "coordinates": [ [ 84.017829, 20.865376 ], [ 84.0179926, 20.8653684 ] ] } },
{ "type": "Feature", "properties": { "@osmId": "way/549071967", "@snapshotTimestamp": "2019-01-01T00:00:00Z" }, "geometry": { "type": "LineString", "coordinates": [ [ 83.9970607, 20.8674211 ], [ 84.017829, 20.865376 ] ] } },
{ "type": "Feature", "properties": { "@osmId": "way/549096634", "@snapshotTimestamp": "2019-01-01T00:00:00Z" }, "geometry": { "type": "LineString", "coordinates": [ [ 84.0179926, 20.8653684 ], [ 84.0472609, 20.8661053 ] ] } },
{ "type": "Feature", "properties": { "@osmId": "way/549097797", "@snapshotTimestamp": "2019-01-01T00:00:00Z" }, "geometry": { "type": "LineString", "coordinates": [ [ 83.99694, 20.8674386 ], [ 83.9970607, 20.8674211 ] ] } },
{ "type": "Feature", "properties": { "@osmId": "way/218284664", "@snapshotTimestamp": "2019-01-01T00:00:00Z" }, "geometry": { "type": "LineString", "coordinates": [ [ 83.7089895, 20.7699001 ], [ 83.7098255, 20.7719239 ] ] } },
{ "type": "Feature", "properties": { "@osmId": "way/218284659", "@snapshotTimestamp": "2019-01-01T00:00:00Z" }, "geometry": { "type": "LineString", "coordinates": [ [ 83.7098255, 20.7719239 ], [ 83.8323888, 20.8529382 ], [ 83.9084249, 20.8298796 ] ] } },
{ "type": "Feature", "properties": { "@osmId": "way/218284651", "@snapshotTimestamp": "2019-01-01T00:00:00Z" }, "geometry": { "type": "LineString", "coordinates": [ [ 83.5016286, 20.81273 ], [ 83.5002919, 20.8146185 ] ] } },
{ "type": "Feature", "properties": { "@osmId": "way/218284645", "@snapshotTimestamp": "2019-01-01T00:00:00Z" }, "geometry": { "type": "LineString", "coordinates": [ [ 83.5002919, 20.8146185 ], [ 83.499659, 20.8156415 ] ] } },
{ "type": "Feature", "properties": { "@osmId": "way/218284642", "@snapshotTimestamp": "2019-01-01T00:00:00Z" }, "geometry": { "type": "LineString", "coordinates": [ [ 83.499659, 20.8156415 ], [ 83.499072, 20.8165188 ] ] } },
{ "type": "Feature", "properties": { "@osmId": "way/218284650", "@snapshotTimestamp": "2019-01-01T00:00:00Z" }, "geometry": { "type": "LineString", "coordinates": [ [ 83.499072, 20.8165188 ], [ 83.5111804, 20.8411713 ] ] } },
{ "type": "Feature", "properties": { "@osmId": "way/218284648", "@snapshotTimestamp": "2019-01-01T00:00:00Z" }, "geometry": { "type": "LineString", "coordinates": [ [ 83.5111804, 20.8411713 ], [ 83.5111959, 20.8418742 ] ] } },
{ "type": "Feature", "properties": { "@osmId": "way/218284635", "@snapshotTimestamp": "2019-01-01T00:00:00Z" }, "geometry": { "type": "LineString", "coordinates": [ [ 83.5111959, 20.8418742 ], [ 83.5265639, 20.9503248 ] ] } },
{ "type": "Feature", "properties": { "@osmId": "way/548495719", "@snapshotTimestamp": "2019-01-01T00:00:00Z" }, "geometry": { "type": "LineString", "coordinates": [ [ 83.8155583, 20.89496 ], [ 83.8151036, 20.8982952 ] ] } },
{ "type": "Feature", "properties": { "@osmId": "way/548495718", "@snapshotTimestamp": "2019-01-01T00:00:00Z" }, "geometry": { "type": "LineString", "coordinates": [ [ 83.8151036, 20.8982952 ], [ 83.7920675, 20.9441887 ] ] } },
{ "type": "Feature", "properties": { "@osmId": "way/549097779", "@snapshotTimestamp": "2019-01-01T00:00:00Z" }, "geometry": { "type": "LineString", "coordinates": [ [ 83.9190298, 20.8892567 ], [ 83.927224, 20.8587266 ], [ 83.9522409, 20.8581351 ] ] } },
{ "type": "Feature", "properties": { "@osmId": "way/90851956", "@snapshotTimestamp": "2019-01-01T00:00:00Z" }, "geometry": { "type": "LineString", "coordinates": [ [ 83.895045, 20.8523708 ], [ 83.8155583, 20.89496 ] ] } },
{ "type": "Feature", "properties": { "@osmId": "way/549097780", "@snapshotTimestamp": "2019-01-01T00:00:00Z" }, "geometry": { "type": "LineString", "coordinates": [ [ 83.918775, 20.8898255 ], [ 83.9190298, 20.8892567 ] ] } },
{ "type": "Feature", "properties": { "@osmId": "way/549097798", "@snapshotTimestamp": "2019-01-01T00:00:00Z" }, "geometry": { "type": "LineString", "coordinates": [ [ 83.9183504, 20.8907313 ], [ 83.918775, 20.8898255 ] ] } },
{ "type": "Feature", "properties": { "@osmId": "way/90852039", "@snapshotTimestamp": "2019-01-01T00:00:00Z" }, "geometry": { "type": "LineString", "coordinates": [ [ 83.9080671, 20.8684681 ], [ 83.9095367, 20.9233781 ], [ 83.8492737, 21.0248688 ] ] } },
{ "type": "Feature", "properties": { "@osmId": "way/232780496", "@snapshotTimestamp": "2019-01-01T00:00:00Z" }, "geometry": { "type": "LineString", "coordinates": [ [ 83.8492737, 21.0248688 ], [ 83.849284, 21.0254088 ] ] } },
{ "type": "Feature", "properties": { "@osmId": "way/232780499", "@snapshotTimestamp": "2019-01-01T00:00:00Z" }, "geometry": { "type": "LineString", "coordinates": [ [ 83.849284, 21.0254088 ], [ 83.8511163, 21.0773924 ] ] } },
{ "type": "Feature", "properties": { "@osmId": "way/548497490", "@snapshotTimestamp": "2019-01-01T00:00:00Z" }, "geometry": { "type": "LineString", "coordinates": [ [ 83.8511163, 21.0773924 ], [ 83.8511431, 21.0776627 ] ] } },
{ "type": "Feature", "properties": { "@osmId": "way/548497489", "@snapshotTimestamp": "2019-01-01T00:00:00Z" }, "geometry": { "type": "LineString", "coordinates": [ [ 83.8511431, 21.0776627 ], [ 83.8642789, 21.1049388 ] ] } },
{ "type": "Feature", "properties": { "@osmId": "way/232780493", "@snapshotTimestamp": "2019-01-01T00:00:00Z" }, "geometry": { "type": "LineString", "coordinates": [ [ 83.8642789, 21.1049388 ], [ 83.8649919, 21.1048896 ] ] } },
{ "type": "Feature", "properties": { "@osmId": "way/548495724", "@snapshotTimestamp": "2019-01-01T00:00:00Z" }, "geometry": { "type": "LineString", "coordinates": [ [ 83.7920675, 20.9441887 ], [ 83.7920648, 20.944304 ] ] } },
{ "type": "Feature", "properties": { "@osmId": "way/239005227", "@snapshotTimestamp": "2019-01-01T00:00:00Z" }, "geometry": { "type": "LineString", "coordinates": [ [ 83.5265639, 20.9503248 ], [ 83.5266696, 20.9506339 ] ] } },
{ "type": "Feature", "properties": { "@osmId": "way/239005230", "@snapshotTimestamp": "2019-01-01T00:00:00Z" }, "geometry": { "type": "LineString", "coordinates": [ [ 83.5266696, 20.9506339 ], [ 83.5422657, 20.9786051 ] ] } },
{ "type": "Feature", "properties": { "@osmId": "way/548495723", "@snapshotTimestamp": "2019-01-01T00:00:00Z" }, "geometry": { "type": "LineString", "coordinates": [ [ 83.7920648, 20.944304 ], [ 83.798321, 21.0048273 ] ] } },
{ "type": "Feature", "properties": { "@osmId": "way/218284639", "@snapshotTimestamp": "2019-01-01T00:00:00Z" }, "geometry": { "type": "LineString", "coordinates": [ [ 83.5422657, 20.9786051 ], [ 83.5437732, 20.9846906 ] ] } },
{ "type": "Feature", "properties": { "@osmId": "way/548495726", "@snapshotTimestamp": "2019-01-01T00:00:00Z" }, "geometry": { "type": "LineString", "coordinates": [ [ 83.798321, 21.0048273 ], [ 83.7983385, 21.005437 ] ] } },
{ "type": "Feature", "properties": { "@osmId": "way/218284652", "@snapshotTimestamp": "2019-01-01T00:00:00Z" }, "geometry": { "type": "LineString", "coordinates": [ [ 83.5437732, 20.9846906 ], [ 83.5514703, 21.0394306 ] ] } },
{ "type": "Feature", "properties": { "@osmId": "way/548495725", "@snapshotTimestamp": "2019-01-01T00:00:00Z" }, "geometry": { "type": "LineString", "coordinates": [ [ 83.7983385, 21.005437 ], [ 83.8111621, 21.020375 ] ] } },
{ "type": "Feature", "properties": { "@osmId": "way/194637133", "@snapshotTimestamp": "2019-01-01T00:00:00Z" }, "geometry": { "type": "LineString", "coordinates": [ [ 83.8111621, 21.020375 ], [ 83.8104969, 21.0244397 ] ] } },
{ "type": "Feature", "properties": { "@osmId": "way/194637136", "@snapshotTimestamp": "2019-01-01T00:00:00Z" }, "geometry": { "type": "LineString", "coordinates": [ [ 83.8104969, 21.0244397 ], [ 83.8015732, 21.0388325 ] ] } },
{ "type": "Feature", "properties": { "@osmId": "way/194637141", "@snapshotTimestamp": "2019-01-01T00:00:00Z" }, "geometry": { "type": "LineString", "coordinates": [ [ 83.552024, 21.0427121 ], [ 83.5775632, 21.022936 ] ] } },
{ "type": "Feature", "properties": { "@osmId": "way/548495708", "@snapshotTimestamp": "2019-01-01T00:00:00Z" }, "geometry": { "type": "LineString", "coordinates": [ [ 83.8015732, 21.0388325 ], [ 83.8012674, 21.0391379 ] ] } },
{ "type": "Feature", "properties": { "@osmId": "way/548495707", "@snapshotTimestamp": "2019-01-01T00:00:00Z" }, "geometry": { "type": "LineString", "coordinates": [ [ 83.8012674, 21.0391379 ], [ 83.7827361, 21.0579272 ] ] } },
{ "type": "Feature", "properties": { "@osmId": "way/548495713", "@snapshotTimestamp": "2019-01-01T00:00:00Z" }, "geometry": { "type": "LineString", "coordinates": [ [ 83.7827361, 21.0579272 ], [ 83.7826395, 21.0580899 ] ] } },
{ "type": "Feature", "properties": { "@osmId": "way/548495710", "@snapshotTimestamp": "2019-01-01T00:00:00Z" }, "geometry": { "type": "LineString", "coordinates": [ [ 83.7826395, 21.0580899 ], [ 83.7605327, 21.0782083 ] ] } },
{ "type": "Feature", "properties": { "@osmId": "way/22828836", "@snapshotTimestamp": "2019-01-01T00:00:00Z" }, "geometry": { "type": "LineString", "coordinates": [ [ 83.5522693, 21.0444482 ], [ 83.673, 21.1104 ] ] } },
{ "type": "Feature", "properties": { "@osmId": "way/218284657", "@snapshotTimestamp": "2019-01-01T00:00:00Z" }, "geometry": { "type": "LineString", "coordinates": [ [ 83.5514703, 21.0394306 ], [ 83.5625112, 21.1170704 ] ] } },
{ "type": "Feature", "properties": { "@osmId": "way/577141976", "@snapshotTimestamp": "2019-01-01T00:00:00Z" }, "geometry": { "type": "LineString", "coordinates": [ [ 83.7605327, 21.0782083 ], [ 83.6747371, 21.1070584 ], [ 83.6416118, 21.1439847 ] ] } },
{ "type": "Feature", "properties": { "@osmId": "way/218284646", "@snapshotTimestamp": "2019-01-01T00:00:00Z" }, "geometry": { "type": "LineString", "coordinates": [ [ 83.5625112, 21.1170704 ], [ 83.5629354, 21.1179979 ] ] } },
{ "type": "Feature", "properties": { "@osmId": "way/218284653", "@snapshotTimestamp": "2019-01-01T00:00:00Z" }, "geometry": { "type": "LineString", "coordinates": [ [ 83.5629354, 21.1179979 ], [ 83.5782944, 21.1660728 ] ] } },
{ "type": "Feature", "properties": { "@osmId": "way/218081901", "@snapshotTimestamp": "2019-01-01T00:00:00Z" }, "geometry": { "type": "LineString", "coordinates": [ [ 82.5270531, 20.8348916 ], [ 82.5267557, 20.8352844 ] ] } },
{ "type": "Feature", "properties": { "@osmId": "way/218081906", "@snapshotTimestamp": "2019-01-01T00:00:00Z" }, "geometry": { "type": "LineString", "coordinates": [ [ 82.5267557, 20.8352844 ], [ 82.5175104, 20.8524185 ] ] } },
{ "type": "Feature", "properties": { "@osmId": "way/640864058", "@snapshotTimestamp": "2019-01-01T00:00:00Z" }, "geometry": { "type": "LineString", "coordinates": [ [ 82.5175104, 20.8524185 ], [ 82.5174548, 20.852492 ] ] } },
{ "type": "Feature", "properties": { "@osmId": "way/640864059", "@snapshotTimestamp": "2019-01-01T00:00:00Z" }, "geometry": { "type": "LineString", "coordinates": [ [ 82.5174548, 20.852492 ], [ 82.5163458, 20.8539592 ] ] } },
{ "type": "Feature", "properties": { "@osmId": "way/240654611", "@snapshotTimestamp": "2019-01-01T00:00:00Z" }, "geometry": { "type": "LineString", "coordinates": [ [ 82.5163458, 20.8539592 ], [ 82.5080251, 20.8847854 ] ] } },
{ "type": "Feature", "properties": { "@osmId": "way/640864063", "@snapshotTimestamp": "2019-01-01T00:00:00Z" }, "geometry": { "type": "LineString", "coordinates": [ [ 82.5080251, 20.8847854 ], [ 82.5080697, 20.884911 ] ] } },
{ "type": "Feature", "properties": { "@osmId": "way/640864064", "@snapshotTimestamp": "2019-01-01T00:00:00Z" }, "geometry": { "type": "LineString", "coordinates": [ [ 82.5080697, 20.884911 ], [ 82.5116, 20.8946743 ] ] } },
{ "type": "Feature", "properties": { "@osmId": "way/543839115", "@snapshotTimestamp": "2019-01-01T00:00:00Z" }, "geometry": { "type": "LineString", "coordinates": [ [ 82.5116, 20.8946743 ], [ 82.5057134, 20.9139879 ] ] } },
{ "type": "Feature", "properties": { "@osmId": "way/388483238", "@snapshotTimestamp": "2019-01-01T00:00:00Z" }, "geometry": { "type": "LineString", "coordinates": [ [ 82.5057134, 20.9139879 ], [ 82.505565467091557, 20.91843072930374 ] ] } },
{ "type": "Feature", "properties": { "@osmId": "way/635540452", "@snapshotTimestamp": "2019-01-01T00:00:00Z" }, "geometry": { "type": "LineString", "coordinates": [ [ 83.4645083, 20.7027281 ], [ 83.4604944, 20.7013741 ] ] } },
{ "type": "Feature", "properties": { "@osmId": "way/335191082", "@snapshotTimestamp": "2019-01-01T00:00:00Z" }, "geometry": { "type": "LineString", "coordinates": [ [ 83.4645083, 20.7027281 ], [ 83.4692653, 20.7032072 ] ] } },
{ "type": "Feature", "properties": { "@osmId": "way/335191234", "@snapshotTimestamp": "2019-01-01T00:00:00Z" }, "geometry": { "type": "LineString", "coordinates": [ [ 83.4686114, 20.7028229 ], [ 83.4737847, 20.7062878 ] ] } },
{ "type": "Feature", "properties": { "@osmId": "way/635540462", "@snapshotTimestamp": "2019-01-01T00:00:00Z" }, "geometry": { "type": "LineString", "coordinates": [ [ 83.4317946, 20.7194245 ], [ 83.3647822, 20.6907951 ] ] } },
{ "type": "Feature", "properties": { "@osmId": "way/232864956", "@snapshotTimestamp": "2019-01-01T00:00:00Z" }, "geometry": { "type": "LineString", "coordinates": [ [ 83.140406, 20.7066916 ], [ 83.1964062, 20.7133551 ] ] } },
{ "type": "Feature", "properties": { "@osmId": "way/232864953", "@snapshotTimestamp": "2019-01-01T00:00:00Z" }, "geometry": { "type": "LineString", "coordinates": [ [ 83.1964062, 20.7133551 ], [ 83.196826, 20.7133875 ] ] } },
{ "type": "Feature", "properties": { "@osmId": "way/232864959", "@snapshotTimestamp": "2019-01-01T00:00:00Z" }, "geometry": { "type": "LineString", "coordinates": [ [ 83.196826, 20.7133875 ], [ 83.3026039, 20.7193779 ] ] } },
{ "type": "Feature", "properties": { "@osmId": "way/232864950", "@snapshotTimestamp": "2019-01-01T00:00:00Z" }, "geometry": { "type": "LineString", "coordinates": [ [ 83.3026039, 20.7193779 ], [ 83.3035233, 20.7196318 ] ] } },
{ "type": "Feature", "properties": { "@osmId": "way/232864962", "@snapshotTimestamp": "2019-01-01T00:00:00Z" }, "geometry": { "type": "LineString", "coordinates": [ [ 83.3035233, 20.7196318 ], [ 83.4191093, 20.7340556 ], [ 83.4862898, 20.7049895 ] ] } },
{ "type": "Feature", "properties": { "@osmId": "way/232743988", "@snapshotTimestamp": "2019-01-01T00:00:00Z" }, "geometry": { "type": "LineString", "coordinates": [ [ 83.2063782, 21.0731359 ], [ 83.1412771, 21.0444736 ] ] } },
{ "type": "Feature", "properties": { "@osmId": "way/232743974", "@snapshotTimestamp": "2019-01-01T00:00:00Z" }, "geometry": { "type": "LineString", "coordinates": [ [ 83.1408795, 21.0445003 ], [ 83.1042855, 21.0167704 ] ] } },
{ "type": "Feature", "properties": { "@osmId": "way/22829008", "@snapshotTimestamp": "2019-01-01T00:00:00Z" }, "geometry": { "type": "LineString", "coordinates": [ [ 83.0605349, 21.0015587 ], [ 83.0270687, 21.0647964 ] ] } },
{ "type": "Feature", "properties": { "@osmId": "way/232743975", "@snapshotTimestamp": "2019-01-01T00:00:00Z" }, "geometry": { "type": "LineString", "coordinates": [ [ 83.1412771, 21.0444736 ], [ 83.1408795, 21.0445003 ] ] } },
{ "type": "Feature", "properties": { "@osmId": "way/330010082", "@snapshotTimestamp": "2019-01-01T00:00:00Z" }, "geometry": { "type": "LineString", "coordinates": [ [ 83.0237904, 21.06993 ], [ 83.0269568, 21.0904505 ] ] } },
{ "type": "Feature", "properties": { "@osmId": "way/330009746", "@snapshotTimestamp": "2019-01-01T00:00:00Z" }, "geometry": { "type": "LineString", "coordinates": [ [ 83.0270687, 21.0647964 ], [ 82.944784, 21.1202035 ] ] } },
{ "type": "Feature", "properties": { "@osmId": "way/330010083", "@snapshotTimestamp": "2019-01-01T00:00:00Z" }, "geometry": { "type": "LineString", "coordinates": [ [ 83.0272393, 21.1018975 ], [ 83.0287334, 21.0927355 ] ] } },
{ "type": "Feature", "properties": { "@osmId": "way/263079734", "@snapshotTimestamp": "2019-01-01T00:00:00Z" }, "geometry": { "type": "LineString", "coordinates": [ [ 83.0272393, 21.1018975 ], [ 83.028772643151683, 21.135181227021839 ] ] } },
{ "type": "Feature", "properties": { "@osmId": "way/330009749", "@snapshotTimestamp": "2019-01-01T00:00:00Z" }, "geometry": { "type": "LineString", "coordinates": [ [ 82.944784, 21.1202035 ], [ 82.9417013, 21.1214287 ] ] } },
{ "type": "Feature", "properties": { "@osmId": "way/330009750", "@snapshotTimestamp": "2019-01-01T00:00:00Z" }, "geometry": { "type": "LineString", "coordinates": [ [ 82.9417013, 21.1214287 ], [ 82.901048966798541, 21.165444145826729 ] ] } },
{ "type": "Feature", "properties": { "@osmId": "way/232743978", "@snapshotTimestamp": "2019-01-01T00:00:00Z" }, "geometry": { "type": "LineString", "coordinates": [ [ 83.2065385, 21.0732272 ], [ 83.2063782, 21.0731359 ] ] } },
{ "type": "Feature", "properties": { "@osmId": "way/232743972", "@snapshotTimestamp": "2019-01-01T00:00:00Z" }, "geometry": { "type": "LineString", "coordinates": [ [ 83.2382938, 21.0850752 ], [ 83.2065385, 21.0732272 ] ] } },
{ "type": "Feature", "properties": { "@osmId": "way/232743977", "@snapshotTimestamp": "2019-01-01T00:00:00Z" }, "geometry": { "type": "LineString", "coordinates": [ [ 83.2386011, 21.0852293 ], [ 83.2382938, 21.0850752 ] ] } },
{ "type": "Feature", "properties": { "@osmId": "way/232743992", "@snapshotTimestamp": "2019-01-01T00:00:00Z" }, "geometry": { "type": "LineString", "coordinates": [ [ 83.2553712, 21.1395161 ], [ 83.2386011, 21.0852293 ] ] } },
{ "type": "Feature", "properties": { "@osmId": "way/232743979", "@snapshotTimestamp": "2019-01-01T00:00:00Z" }, "geometry": { "type": "LineString", "coordinates": [ [ 83.2554648, 21.1397816 ], [ 83.2553712, 21.1395161 ] ] } },
{ "type": "Feature", "properties": { "@osmId": "way/232743991", "@snapshotTimestamp": "2019-01-01T00:00:00Z" }, "geometry": { "type": "LineString", "coordinates": [ [ 83.2913995, 21.1951326 ], [ 83.2554648, 21.1397816 ] ] } },
{ "type": "Feature", "properties": { "@osmId": "way/232743982", "@snapshotTimestamp": "2019-01-01T00:00:00Z" }, "geometry": { "type": "LineString", "coordinates": [ [ 83.2916219, 21.1952635 ], [ 83.2913995, 21.1951326 ] ] } },
{ "type": "Feature", "properties": { "@osmId": "way/232744002", "@snapshotTimestamp": "2019-01-01T00:00:00Z" }, "geometry": { "type": "LineString", "coordinates": [ [ 83.2982457, 21.1988086 ], [ 83.2916219, 21.1952635 ] ] } },
{ "type": "Feature", "properties": { "@osmId": "way/232743981", "@snapshotTimestamp": "2019-01-01T00:00:00Z" }, "geometry": { "type": "LineString", "coordinates": [ [ 83.2988158, 21.1988244 ], [ 83.2982457, 21.1988086 ] ] } },
{ "type": "Feature", "properties": { "@osmId": "way/548841278", "@snapshotTimestamp": "2019-01-01T00:00:00Z" }, "geometry": { "type": "LineString", "coordinates": [ [ 83.4947795, 21.2428072 ], [ 83.4771345, 21.2509495 ] ] } },
{ "type": "Feature", "properties": { "@osmId": "way/232743971", "@snapshotTimestamp": "2019-01-01T00:00:00Z" }, "geometry": { "type": "LineString", "coordinates": [ [ 83.3973496, 21.3006958 ], [ 83.2988158, 21.1988244 ] ] } },
{ "type": "Feature", "properties": { "@osmId": "way/548841277", "@snapshotTimestamp": "2019-01-01T00:00:00Z" }, "geometry": { "type": "LineString", "coordinates": [ [ 83.4771345, 21.2509495 ], [ 83.4759329, 21.251002 ] ] } },
{ "type": "Feature", "properties": { "@osmId": "way/194637128", "@snapshotTimestamp": "2019-01-01T00:00:00Z" }, "geometry": { "type": "LineString", "coordinates": [ [ 83.4759329, 21.251002 ], [ 83.4010826, 21.3009497 ] ] } },
{ "type": "Feature", "properties": { "@osmId": "way/566389915", "@snapshotTimestamp": "2019-01-01T00:00:00Z" }, "geometry": { "type": "LineString", "coordinates": [ [ 83.4081288, 21.3029918 ], [ 83.4074126, 21.3027769 ] ] } },
{ "type": "Feature", "properties": { "@osmId": "way/217485704", "@snapshotTimestamp": "2019-01-01T00:00:00Z" }, "geometry": { "type": "LineString", "coordinates": [ [ 83.4073915, 21.3028793 ], [ 83.4080618, 21.3030843 ] ] } },
{ "type": "Feature", "properties": { "@osmId": "way/566389916", "@snapshotTimestamp": "2019-01-01T00:00:00Z" }, "geometry": { "type": "LineString", "coordinates": [ [ 83.4074126, 21.3027769 ], [ 83.262507536024245, 21.307612696287741 ] ] } },
{ "type": "Feature", "properties": { "@osmId": "way/240639318", "@snapshotTimestamp": "2019-01-01T00:00:00Z" }, "geometry": { "type": "LineString", "coordinates": [ [ 83.262197866430469, 21.307743031907325 ], [ 83.4073915, 21.3028793 ] ] } },
{ "type": "Feature", "properties": { "@osmId": "way/326739928", "@snapshotTimestamp": "2019-01-01T00:00:00Z" }, "geometry": { "type": "LineString", "coordinates": [ [ 83.3879284, 21.3071687 ], [ 83.374325066495288, 21.346240793661572 ] ] } },
{ "type": "Feature", "properties": { "@osmId": "way/217803052", "@snapshotTimestamp": "2019-01-01T00:00:00Z" }, "geometry": { "type": "LineString", "coordinates": [ [ 83.476882907777522, 21.779136588413056 ], [ 83.4776976, 21.7794324 ] ] } },
{ "type": "Feature", "properties": { "@osmId": "way/343263687", "@snapshotTimestamp": "2019-01-01T00:00:00Z" }, "geometry": { "type": "LineString", "coordinates": [ [ 84.828643, 19.2983708 ], [ 84.841599, 19.3054517 ] ] } },
{ "type": "Feature", "properties": { "@osmId": "way/636960080", "@snapshotTimestamp": "2019-01-01T00:00:00Z" }, "geometry": { "type": "LineString", "coordinates": [ [ 84.8423621, 19.3057539 ], [ 84.8416724, 19.3053367 ] ] } },
{ "type": "Feature", "properties": { "@osmId": "way/636960079", "@snapshotTimestamp": "2019-01-01T00:00:00Z" }, "geometry": { "type": "LineString", "coordinates": [ [ 84.841599, 19.3054517 ], [ 84.8423704, 19.3059276 ] ] } },
{ "type": "Feature", "properties": { "@osmId": "way/636960081", "@snapshotTimestamp": "2019-01-01T00:00:00Z" }, "geometry": { "type": "LineString", "coordinates": [ [ 84.8452157, 19.3075487 ], [ 84.8423621, 19.3057539 ] ] } },
{ "type": "Feature", "properties": { "@osmId": "way/636960082", "@snapshotTimestamp": "2019-01-01T00:00:00Z" }, "geometry": { "type": "LineString", "coordinates": [ [ 84.8423704, 19.3059276 ], [ 84.8451592, 19.3076924 ] ] } },
{ "type": "Feature", "properties": { "@osmId": "way/218616303", "@snapshotTimestamp": "2019-01-01T00:00:00Z" }, "geometry": { "type": "LineString", "coordinates": [ [ 84.8456607, 19.3078295 ], [ 84.8452157, 19.3075487 ] ] } },
{ "type": "Feature", "properties": { "@osmId": "way/218616295", "@snapshotTimestamp": "2019-01-01T00:00:00Z" }, "geometry": { "type": "LineString", "coordinates": [ [ 84.8451592, 19.3076924 ], [ 84.8455659, 19.307939 ] ] } },
{ "type": "Feature", "properties": { "@osmId": "way/240697410", "@snapshotTimestamp": "2019-01-01T00:00:00Z" }, "geometry": { "type": "LineString", "coordinates": [ [ 84.8456705, 19.3075646 ], [ 84.8417732, 19.3130377 ] ] } },
{ "type": "Feature", "properties": { "@osmId": "way/345045517", "@snapshotTimestamp": "2019-01-01T00:00:00Z" }, "geometry": { "type": "LineString", "coordinates": [ [ 84.8369447, 19.3120384 ], [ 84.8232779, 19.3088257 ] ] } },
{ "type": "Feature", "properties": { "@osmId": "way/345045518", "@snapshotTimestamp": "2019-01-01T00:00:00Z" }, "geometry": { "type": "LineString", "coordinates": [ [ 84.8371744, 19.3120972 ], [ 84.8369447, 19.3120384 ] ] } },
{ "type": "Feature", "properties": { "@osmId": "way/238575578", "@snapshotTimestamp": "2019-01-01T00:00:00Z" }, "geometry": { "type": "LineString", "coordinates": [ [ 84.795006, 19.3076986 ], [ 84.7932988, 19.3089446 ] ] } },
{ "type": "Feature", "properties": { "@osmId": "way/225689039", "@snapshotTimestamp": "2019-01-01T00:00:00Z" }, "geometry": { "type": "LineString", "coordinates": [ [ 84.7935174, 19.3110908 ], [ 84.797416, 19.3068339 ] ] } },
{ "type": "Feature", "properties": { "@osmId": "way/238575577", "@snapshotTimestamp": "2019-01-01T00:00:00Z" }, "geometry": { "type": "LineString", "coordinates": [ [ 84.7932988, 19.3089446 ], [ 84.7928562, 19.3091744 ] ] } },
{ "type": "Feature", "properties": { "@osmId": "way/238575576", "@snapshotTimestamp": "2019-01-01T00:00:00Z" }, "geometry": { "type": "LineString", "coordinates": [ [ 84.7929056, 19.3092187 ], [ 84.7932988, 19.3089446 ] ] } },
{ "type": "Feature", "properties": { "@osmId": "way/343679460", "@snapshotTimestamp": "2019-01-01T00:00:00Z" }, "geometry": { "type": "LineString", "coordinates": [ [ 84.7684778, 19.3073525 ], [ 84.7728397, 19.3110221 ] ] } },
{ "type": "Feature", "properties": { "@osmId": "way/238575589", "@snapshotTimestamp": "2019-01-01T00:00:00Z" }, "geometry": { "type": "LineString", "coordinates": [ [ 84.7929056, 19.3092187 ], [ 84.7928562, 19.3091744 ], [ 84.7928114, 19.3092132 ], [ 84.7928505, 19.309263 ], [ 84.7929056, 19.3092187 ] ] } },
{ "type": "Feature", "properties": { "@osmId": "way/225689043", "@snapshotTimestamp": "2019-01-01T00:00:00Z" }, "geometry": { "type": "LineString", "coordinates": [ [ 84.7928505, 19.309263 ], [ 84.7935174, 19.3110908 ] ] } },
{ "type": "Feature", "properties": { "@osmId": "way/343270557", "@snapshotTimestamp": "2019-01-01T00:00:00Z" }, "geometry": { "type": "LineString", "coordinates": [ [ 84.8088092, 19.3062839 ], [ 84.7942235, 19.3149522 ] ] } },
{ "type": "Feature", "properties": { "@osmId": "way/196476107", "@snapshotTimestamp": "2019-01-01T00:00:00Z" }, "geometry": { "type": "LineString", "coordinates": [ [ 84.7942235, 19.3149522 ], [ 84.7935174, 19.3110908 ] ] } },
{ "type": "Feature", "properties": { "@osmId": "way/134541641", "@snapshotTimestamp": "2019-01-01T00:00:00Z" }, "geometry": { "type": "LineString", "coordinates": [ [ 84.7708695, 19.3207293 ], [ 84.7728397, 19.3110221 ] ] } },
{ "type": "Feature", "properties": { "@osmId": "way/240751163", "@snapshotTimestamp": "2019-01-01T00:00:00Z" }, "geometry": { "type": "LineString", "coordinates": [ [ 84.7942235, 19.3149522 ], [ 84.7843731, 19.3193311 ] ] } },
{ "type": "Feature", "properties": { "@osmId": "way/134540530", "@snapshotTimestamp": "2019-01-01T00:00:00Z" }, "geometry": { "type": "LineString", "coordinates": [ [ 84.7843731, 19.3193311 ], [ 84.7708695, 19.3207293 ] ] } },
{ "type": "Feature", "properties": { "@osmId": "way/232113664", "@snapshotTimestamp": "2019-01-01T00:00:00Z" }, "geometry": { "type": "LineString", "coordinates": [ [ 84.7695196, 19.3239831 ], [ 84.7434953, 19.3536036 ] ] } },
{ "type": "Feature", "properties": { "@osmId": "way/232113662", "@snapshotTimestamp": "2019-01-01T00:00:00Z" }, "geometry": { "type": "LineString", "coordinates": [ [ 84.7434953, 19.3536036 ], [ 84.7432447, 19.353828 ] ] } },
{ "type": "Feature", "properties": { "@osmId": "way/232113666", "@snapshotTimestamp": "2019-01-01T00:00:00Z" }, "geometry": { "type": "LineString", "coordinates": [ [ 84.7432447, 19.353828 ], [ 84.7180173, 19.362029 ] ] } },
{ "type": "Feature", "properties": { "@osmId": "way/218098884", "@snapshotTimestamp": "2019-01-01T00:00:00Z" }, "geometry": { "type": "LineString", "coordinates": [ [ 84.7708695, 19.3207293 ], [ 84.7508863, 19.4033273 ] ] } },
{ "type": "Feature", "properties": { "@osmId": "way/238039681", "@snapshotTimestamp": "2019-01-01T00:00:00Z" }, "geometry": { "type": "LineString", "coordinates": [ [ 84.6958464, 19.3777305 ], [ 84.6915252, 19.3900496 ] ] } },
{ "type": "Feature", "properties": { "@osmId": "way/238039660", "@snapshotTimestamp": "2019-01-01T00:00:00Z" }, "geometry": { "type": "LineString", "coordinates": [ [ 84.6915252, 19.3900496 ], [ 84.6915265, 19.3903212 ] ] } },
{ "type": "Feature", "properties": { "@osmId": "way/238039682", "@snapshotTimestamp": "2019-01-01T00:00:00Z" }, "geometry": { "type": "LineString", "coordinates": [ [ 84.6915265, 19.3903212 ], [ 84.6800023, 19.402309 ] ] } },
{ "type": "Feature", "properties": { "@osmId": "way/292827955", "@snapshotTimestamp": "2019-01-01T00:00:00Z" }, "geometry": { "type": "LineString", "coordinates": [ [ 84.7508863, 19.4033273 ], [ 84.7508744, 19.4035086 ] ] } },
{ "type": "Feature", "properties": { "@osmId": "way/232113670", "@snapshotTimestamp": "2019-01-01T00:00:00Z" }, "geometry": { "type": "LineString", "coordinates": [ [ 84.5882531, 19.3697079 ], [ 84.5635368, 19.3793015 ] ] } },
{ "type": "Feature", "properties": { "@osmId": "way/240480022", "@snapshotTimestamp": "2019-01-01T00:00:00Z" }, "geometry": { "type": "LineString", "coordinates": [ [ 84.6442956, 19.371819 ], [ 84.6441458, 19.3847118 ] ] } },
{ "type": "Feature", "properties": { "@osmId": "way/573435636", "@snapshotTimestamp": "2019-01-01T00:00:00Z" }, "geometry": { "type": "LineString", "coordinates": [ [ 84.5640523, 19.377741 ], [ 84.5635368, 19.3793015 ] ] } },
{ "type": "Feature", "properties": { "@osmId": "way/22830871", "@snapshotTimestamp": "2019-01-01T00:00:00Z" }, "geometry": { "type": "LineString", "coordinates": [ [ 84.5635368, 19.3793015 ], [ 84.5604201, 19.3838857 ] ] } },
{ "type": "Feature", "properties": { "@osmId": "way/232113658", "@snapshotTimestamp": "2019-01-01T00:00:00Z" }, "geometry": { "type": "LineString", "coordinates": [ [ 84.5604201, 19.3838857 ], [ 84.560314, 19.384057 ] ] } },
{ "type": "Feature", "properties": { "@osmId": "way/240480061", "@snapshotTimestamp": "2019-01-01T00:00:00Z" }, "geometry": { "type": "LineString", "coordinates": [ [ 84.6441458, 19.3847118 ], [ 84.6439326, 19.3922025 ] ] } },
{ "type": "Feature", "properties": { "@osmId": "way/232113671", "@snapshotTimestamp": "2019-01-01T00:00:00Z" }, "geometry": { "type": "LineString", "coordinates": [ [ 84.560314, 19.384057 ], [ 84.5274935, 19.402621 ] ] } },
{ "type": "Feature", "properties": { "@osmId": "way/240480100", "@snapshotTimestamp": "2019-01-01T00:00:00Z" }, "geometry": { "type": "LineString", "coordinates": [ [ 84.6439326, 19.3922025 ], [ 84.6448148, 19.4038886 ] ] } },
{ "type": "Feature", "properties": { "@osmId": "way/232113654", "@snapshotTimestamp": "2019-01-01T00:00:00Z" }, "geometry": { "type": "LineString", "coordinates": [ [ 84.5274935, 19.402621 ], [ 84.5257928, 19.4039191 ] ] } },
{ "type": "Feature", "properties": { "@osmId": "way/292827953", "@snapshotTimestamp": "2019-01-01T00:00:00Z" }, "geometry": { "type": "LineString", "coordinates": [ [ 84.6448148, 19.4038886 ], [ 84.644808, 19.4041597 ] ] } },
{ "type": "Feature", "properties": { "@osmId": "way/292827954", "@snapshotTimestamp": "2019-01-01T00:00:00Z" }, "geometry": { "type": "LineString", "coordinates": [ [ 84.644808, 19.4041597 ], [ 84.6459303, 19.4057821 ] ] } },
{ "type": "Feature", "properties": { "@osmId": "way/239840147", "@snapshotTimestamp": "2019-01-01T00:00:00Z" }, "geometry": { "type": "LineString", "coordinates": [ [ 84.6451307, 19.4061793 ], [ 84.6459303, 19.4057821 ] ] } },
{ "type": "Feature", "properties": { "@osmId": "way/239840144", "@snapshotTimestamp": "2019-01-01T00:00:00Z" }, "geometry": { "type": "LineString", "coordinates": [ [ 84.6332445, 19.4068783 ], [ 84.6451307, 19.4061793 ] ] } },
{ "type": "Feature", "properties": { "@osmId": "way/288973420", "@snapshotTimestamp": "2019-01-01T00:00:00Z" }, "geometry": { "type": "LineString", "coordinates": [ [ 84.5635368, 19.3793015 ], [ 84.581924, 19.4414153 ] ] } },
{ "type": "Feature", "properties": { "@osmId": "way/259154881", "@snapshotTimestamp": "2019-01-01T00:00:00Z" }, "geometry": { "type": "LineString", "coordinates": [ [ 84.6353404, 19.4202011 ], [ 84.6332445, 19.4068783 ] ] } },
{ "type": "Feature", "properties": { "@osmId": "way/259154880", "@snapshotTimestamp": "2019-01-01T00:00:00Z" }, "geometry": { "type": "LineString", "coordinates": [ [ 84.6352138, 19.4202598 ], [ 84.6353404, 19.4202011 ] ] } },
{ "type": "Feature", "properties": { "@osmId": "way/238045376", "@snapshotTimestamp": "2019-01-01T00:00:00Z" }, "geometry": { "type": "LineString", "coordinates": [ [ 84.5006576, 19.4168584 ], [ 84.5075026, 19.4272836 ] ] } },
{ "type": "Feature", "properties": { "@osmId": "way/238045371", "@snapshotTimestamp": "2019-01-01T00:00:00Z" }, "geometry": { "type": "LineString", "coordinates": [ [ 84.5075026, 19.4272836 ], [ 84.5719555, 19.4340524 ] ] } },
{ "type": "Feature", "properties": { "@osmId": "way/239840137", "@snapshotTimestamp": "2019-01-01T00:00:00Z" }, "geometry": { "type": "LineString", "coordinates": [ [ 84.6444209, 19.4446161 ], [ 84.6352138, 19.4202598 ] ] } },
{ "type": "Feature", "properties": { "@osmId": "way/232113669", "@snapshotTimestamp": "2019-01-01T00:00:00Z" }, "geometry": { "type": "LineString", "coordinates": [ [ 84.5257928, 19.4039191 ], [ 84.440852, 19.4619572 ] ] } },
{ "type": "Feature", "properties": { "@osmId": "way/238039670", "@snapshotTimestamp": "2019-01-01T00:00:00Z" }, "geometry": { "type": "LineString", "coordinates": [ [ 84.6800023, 19.402309 ], [ 84.6738874, 19.4101777 ] ] } },
{ "type": "Feature", "properties": { "@osmId": "way/238039673", "@snapshotTimestamp": "2019-01-01T00:00:00Z" }, "geometry": { "type": "LineString", "coordinates": [ [ 84.6738874, 19.4101777 ], [ 84.6759067, 19.4274818 ] ] } },
{ "type": "Feature", "properties": { "@osmId": "way/238039677", "@snapshotTimestamp": "2019-01-01T00:00:00Z" }, "geometry": { "type": "LineString", "coordinates": [ [ 84.6759067, 19.4274818 ], [ 84.6669213, 19.4324468 ] ] } },
{ "type": "Feature", "properties": { "@osmId": "way/238039657", "@snapshotTimestamp": "2019-01-01T00:00:00Z" }, "geometry": { "type": "LineString", "coordinates": [ [ 84.6669213, 19.4324468 ], [ 84.6666472, 19.4325822 ] ] } },
{ "type": "Feature", "properties": { "@osmId": "way/238039665", "@snapshotTimestamp": "2019-01-01T00:00:00Z" }, "geometry": { "type": "LineString", "coordinates": [ [ 84.6666472, 19.4325822 ], [ 84.661886, 19.4335962 ] ] } },
{ "type": "Feature", "properties": { "@osmId": "way/238039659", "@snapshotTimestamp": "2019-01-01T00:00:00Z" }, "geometry": { "type": "LineString", "coordinates": [ [ 84.661886, 19.4335962 ], [ 84.6615511, 19.4335974 ] ] } },
{ "type": "Feature", "properties": { "@osmId": "way/292827956", "@snapshotTimestamp": "2019-01-01T00:00:00Z" }, "geometry": { "type": "LineString", "coordinates": [ [ 84.7508744, 19.4035086 ], [ 84.7447884, 19.4839177 ] ] } },
{ "type": "Feature", "properties": { "@osmId": "way/237915064", "@snapshotTimestamp": "2019-01-01T00:00:00Z" }, "geometry": { "type": "LineString", "coordinates": [ [ 84.7447884, 19.4839177 ], [ 84.8148575, 19.473418 ] ] } },
{ "type": "Feature", "properties": { "@osmId": "way/237915050", "@snapshotTimestamp": "2019-01-01T00:00:00Z" }, "geometry": { "type": "LineString", "coordinates": [ [ 84.7447884, 19.4839177 ], [ 84.7345635, 19.4911148 ] ] } },
{ "type": "Feature", "properties": { "@osmId": "way/218122274", "@snapshotTimestamp": "2019-01-01T00:00:00Z" }, "geometry": { "type": "LineString", "coordinates": [ [ 84.7345635, 19.4911148 ], [ 84.7334812, 19.4919281 ] ] } },
{ "type": "Feature", "properties": { "@osmId": "way/238045379", "@snapshotTimestamp": "2019-01-01T00:00:00Z" }, "geometry": { "type": "LineString", "coordinates": [ [ 84.5719555, 19.4340524 ], [ 84.5807056, 19.4426508 ] ] } },
{ "type": "Feature", "properties": { "@osmId": "way/238039680", "@snapshotTimestamp": "2019-01-01T00:00:00Z" }, "geometry": { "type": "LineString", "coordinates": [ [ 84.6615511, 19.4335974 ], [ 84.6520868, 19.4473157 ] ] } },
{ "type": "Feature", "properties": { "@osmId": "way/232147222", "@snapshotTimestamp": "2019-01-01T00:00:00Z" }, "geometry": { "type": "LineString", "coordinates": [ [ 84.581924, 19.4414153 ], [ 84.5810214, 19.4423295 ] ] } },
{ "type": "Feature", "properties": { "@osmId": "way/238039656", "@snapshotTimestamp": "2019-01-01T00:00:00Z" }, "geometry": { "type": "LineString", "coordinates": [ [ 84.6520868, 19.4473157 ], [ 84.6520118, 19.4484467 ] ] } },
{ "type": "Feature", "properties": { "@osmId": "way/238039663", "@snapshotTimestamp": "2019-01-01T00:00:00Z" }, "geometry": { "type": "LineString", "coordinates": [ [ 84.6520118, 19.4484467 ], [ 84.6521616, 19.4497064 ] ] } },
{ "type": "Feature", "properties": { "@osmId": "way/232113669", "@snapshotTimestamp": "2019-01-01T00:00:00Z" }, "geometry": { "type": "LineString", "coordinates": [ [ 84.440852, 19.4619572 ], [ 84.4230974, 19.4847797 ] ] } },
{ "type": "Feature", "properties": { "@osmId": "way/232147227", "@snapshotTimestamp": "2019-01-01T00:00:00Z" }, "geometry": { "type": "LineString", "coordinates": [ [ 84.5810214, 19.4423295 ], [ 84.6054476, 19.5092952 ] ] } },
{ "type": "Feature", "properties": { "@osmId": "way/232113663", "@snapshotTimestamp": "2019-01-01T00:00:00Z" }, "geometry": { "type": "LineString", "coordinates": [ [ 84.4230974, 19.4847797 ], [ 84.4232385, 19.4850095 ] ] } },
{ "type": "Feature", "properties": { "@osmId": "way/237915058", "@snapshotTimestamp": "2019-01-01T00:00:00Z" }, "geometry": { "type": "LineString", "coordinates": [ [ 84.6516478, 19.5043457 ], [ 84.6518716, 19.5043943 ] ] } },
{ "type": "Feature", "properties": { "@osmId": "way/237915063", "@snapshotTimestamp": "2019-01-01T00:00:00Z" }, "geometry": { "type": "LineString", "coordinates": [ [ 84.6186993, 19.5141 ], [ 84.6516478, 19.5043457 ] ] } },
{ "type": "Feature", "properties": { "@osmId": "way/218122277", "@snapshotTimestamp": "2019-01-01T00:00:00Z" }, "geometry": { "type": "LineString", "coordinates": [ [ 84.7334812, 19.4919281 ], [ 84.7240509, 19.5004109 ] ] } },
{ "type": "Feature", "properties": { "@osmId": "way/237915066", "@snapshotTimestamp": "2019-01-01T00:00:00Z" }, "geometry": { "type": "LineString", "coordinates": [ [ 84.6518716, 19.5043943 ], [ 84.7240509, 19.5004109 ] ] } },
{ "type": "Feature", "properties": { "@osmId": "way/237915045", "@snapshotTimestamp": "2019-01-01T00:00:00Z" }, "geometry": { "type": "LineString", "coordinates": [ [ 84.7240509, 19.5004109 ], [ 84.6671818, 19.6011294 ] ] } },
{ "type": "Feature", "properties": { "@osmId": "way/22830843", "@snapshotTimestamp": "2019-01-01T00:00:00Z" }, "geometry": { "type": "LineString", "coordinates": [ [ 84.7717183, 19.5762922 ], [ 84.743999, 19.5885228 ] ] } },
{ "type": "Feature", "properties": { "@osmId": "way/229502656", "@snapshotTimestamp": "2019-01-01T00:00:00Z" }, "geometry": { "type": "LineString", "coordinates": [ [ 84.743999, 19.5885228 ], [ 84.7436963, 19.5889136 ] ] } },
{ "type": "Feature", "properties": { "@osmId": "way/229502661", "@snapshotTimestamp": "2019-01-01T00:00:00Z" }, "geometry": { "type": "LineString", "coordinates": [ [ 84.7436963, 19.5889136 ], [ 84.7215375, 19.6007076 ] ] } },
{ "type": "Feature", "properties": { "@osmId": "way/229502655", "@snapshotTimestamp": "2019-01-01T00:00:00Z" }, "geometry": { "type": "LineString", "coordinates": [ [ 84.7215375, 19.6007076 ], [ 84.7200493, 19.6014286 ] ] } },
{ "type": "Feature", "properties": { "@osmId": "way/177954806", "@snapshotTimestamp": "2019-01-01T00:00:00Z" }, "geometry": { "type": "LineString", "coordinates": [ [ 84.6671818, 19.6011294 ], [ 84.6687292, 19.6023373 ] ] } },
{ "type": "Feature", "properties": { "@osmId": "way/177954804", "@snapshotTimestamp": "2019-01-01T00:00:00Z" }, "geometry": { "type": "LineString", "coordinates": [ [ 84.6687292, 19.6023373 ], [ 84.670617, 19.603831 ] ] } },
{ "type": "Feature", "properties": { "@osmId": "way/229502658", "@snapshotTimestamp": "2019-01-01T00:00:00Z" }, "geometry": { "type": "LineString", "coordinates": [ [ 84.670617, 19.603831 ], [ 84.6708538, 19.6041483 ] ] } },
{ "type": "Feature", "properties": { "@osmId": "way/232147224", "@snapshotTimestamp": "2019-01-01T00:00:00Z" }, "geometry": { "type": "LineString", "coordinates": [ [ 84.6054476, 19.5092952 ], [ 84.6056092, 19.5099884 ] ] } },
{ "type": "Feature", "properties": { "@osmId": "way/237915057", "@snapshotTimestamp": "2019-01-01T00:00:00Z" }, "geometry": { "type": "LineString", "coordinates": [ [ 84.6184285, 19.5140482 ], [ 84.6186993, 19.5141 ] ] } },
{ "type": "Feature", "properties": { "@osmId": "way/232147229", "@snapshotTimestamp": "2019-01-01T00:00:00Z" }, "geometry": { "type": "LineString", "coordinates": [ [ 84.6056092, 19.5099884 ], [ 84.613853, 19.5252187 ] ] } },
{ "type": "Feature", "properties": { "@osmId": "way/232147226", "@snapshotTimestamp": "2019-01-01T00:00:00Z" }, "geometry": { "type": "LineString", "coordinates": [ [ 84.613853, 19.5252187 ], [ 84.6141074, 19.525458 ] ] } },
{ "type": "Feature", "properties": { "@osmId": "way/232147215", "@snapshotTimestamp": "2019-01-01T00:00:00Z" }, "geometry": { "type": "LineString", "coordinates": [ [ 84.6141074, 19.525458 ], [ 84.6249185, 19.5636307 ] ] } },
{ "type": "Feature", "properties": { "@osmId": "way/232147218", "@snapshotTimestamp": "2019-01-01T00:00:00Z" }, "geometry": { "type": "LineString", "coordinates": [ [ 84.6249185, 19.5636307 ], [ 84.6249218, 19.5637214 ] ] } },
{ "type": "Feature", "properties": { "@osmId": "way/373852196", "@snapshotTimestamp": "2019-01-01T00:00:00Z" }, "geometry": { "type": "LineString", "coordinates": [ [ 84.4408844, 19.6306477 ], [ 84.5825253, 19.5561364 ], [ 84.6184285, 19.5140482 ] ] } },
{ "type": "Feature", "properties": { "@osmId": "way/232147216", "@snapshotTimestamp": "2019-01-01T00:00:00Z" }, "geometry": { "type": "LineString", "coordinates": [ [ 84.6249218, 19.5637214 ], [ 84.6325029, 19.5995456 ] ] } },
{ "type": "Feature", "properties": { "@osmId": "way/561680925", "@snapshotTimestamp": "2019-01-01T00:00:00Z" }, "geometry": { "type": "LineString", "coordinates": [ [ 84.6544284, 19.6115144 ], [ 84.6582155, 19.624225 ] ] } },
{ "type": "Feature", "properties": { "@osmId": "way/373852193", "@snapshotTimestamp": "2019-01-01T00:00:00Z" }, "geometry": { "type": "LineString", "coordinates": [ [ 84.440852, 19.6307232 ], [ 84.4408844, 19.6306477 ] ] } },
{ "type": "Feature", "properties": { "@osmId": "way/237915065", "@snapshotTimestamp": "2019-01-01T00:00:00Z" }, "geometry": { "type": "LineString", "coordinates": [ [ 84.8148575, 19.473418 ], [ 84.8356214, 19.497443 ], [ 84.8769809, 19.4811243 ] ] } },
{ "type": "Feature", "properties": { "@osmId": "way/237915054", "@snapshotTimestamp": "2019-01-01T00:00:00Z" }, "geometry": { "type": "LineString", "coordinates": [ [ 84.8769809, 19.4811243 ], [ 84.866532, 19.5031442 ] ] } },
{ "type": "Feature", "properties": { "@osmId": "way/232517557", "@snapshotTimestamp": "2019-01-01T00:00:00Z" }, "geometry": { "type": "LineString", "coordinates": [ [ 84.866532, 19.5031442 ], [ 84.8652039, 19.5056479 ] ] } },
{ "type": "Feature", "properties": { "@osmId": "way/232517559", "@snapshotTimestamp": "2019-01-01T00:00:00Z" }, "geometry": { "type": "LineString", "coordinates": [ [ 84.8652039, 19.5056479 ], [ 84.8796221, 19.5216076 ] ] } },
{ "type": "Feature", "properties": { "@osmId": "way/166337283", "@snapshotTimestamp": "2019-01-01T00:00:00Z" }, "geometry": { "type": "LineString", "coordinates": [ [ 84.8796221, 19.5216076 ], [ 84.7717183, 19.5762922 ] ] } },
{ "type": "Feature", "properties": { "@osmId": "way/22830805", "@snapshotTimestamp": "2019-01-01T00:00:00Z" }, "geometry": { "type": "LineString", "coordinates": [ [ 84.9387893, 19.6213419 ], [ 84.8295302, 19.6140911 ], [ 84.7717183, 19.5762922 ] ] } },
{ "type": "Feature", "properties": { "@osmId": "way/229502653", "@snapshotTimestamp": "2019-01-01T00:00:00Z" }, "geometry": { "type": "LineString", "coordinates": [ [ 84.9627571, 19.6197769 ], [ 84.9387893, 19.6213419 ] ] } },
{ "type": "Feature", "properties": { "@osmId": "way/237751339", "@snapshotTimestamp": "2019-01-01T00:00:00Z" }, "geometry": { "type": "LineString", "coordinates": [ [ 84.8221401, 19.6751402 ], [ 84.8612282, 19.6203794 ] ] } },
{ "type": "Feature", "properties": { "@osmId": "way/237751333", "@snapshotTimestamp": "2019-01-01T00:00:00Z" }, "geometry": { "type": "LineString", "coordinates": [ [ 84.8220968, 19.6753132 ], [ 84.8221401, 19.6751402 ] ] } },
{ "type": "Feature", "properties": { "@osmId": "way/237596018", "@snapshotTimestamp": "2019-01-01T00:00:00Z" }, "geometry": { "type": "LineString", "coordinates": [ [ 84.8166537, 19.7776529 ], [ 84.8352287, 19.7537862 ], [ 84.8180124, 19.6856707 ] ] } },
{ "type": "Feature", "properties": { "@osmId": "way/229076035", "@snapshotTimestamp": "2019-01-01T00:00:00Z" }, "geometry": { "type": "LineString", "coordinates": [ [ 84.841543, 19.3131715 ], [ 84.8371744, 19.3120972 ] ] } },
{ "type": "Feature", "properties": { "@osmId": "way/84730850", "@snapshotTimestamp": "2019-01-01T00:00:00Z" }, "geometry": { "type": "LineString", "coordinates": [ [ 84.8417732, 19.3130377 ], [ 84.841543, 19.3131715 ] ] } },
{ "type": "Feature", "properties": { "@osmId": "way/229076045", "@snapshotTimestamp": "2019-01-01T00:00:00Z" }, "geometry": { "type": "LineString", "coordinates": [ [ 84.8417634, 19.313254 ], [ 84.8417732, 19.3130377 ] ] } },
{ "type": "Feature", "properties": { "@osmId": "way/218616302", "@snapshotTimestamp": "2019-01-01T00:00:00Z" }, "geometry": { "type": "LineString", "coordinates": [ [ 84.865118, 19.3214251 ], [ 84.8456607, 19.3078295 ] ] } },
{ "type": "Feature", "properties": { "@osmId": "way/218616301", "@snapshotTimestamp": "2019-01-01T00:00:00Z" }, "geometry": { "type": "LineString", "coordinates": [ [ 84.8455659, 19.307939 ], [ 84.8651541, 19.3215174 ] ] } },
{ "type": "Feature", "properties": { "@osmId": "way/343273934", "@snapshotTimestamp": "2019-01-01T00:00:00Z" }, "geometry": { "type": "LineString", "coordinates": [ [ 84.8665894, 19.3221417 ], [ 84.841543, 19.3131715 ] ] } },
{ "type": "Feature", "properties": { "@osmId": "way/232517552", "@snapshotTimestamp": "2019-01-01T00:00:00Z" }, "geometry": { "type": "LineString", "coordinates": [ [ 84.8666591, 19.3219948 ], [ 84.8665894, 19.3221417 ] ] } },
{ "type": "Feature", "properties": { "@osmId": "way/478381597", "@snapshotTimestamp": "2019-01-01T00:00:00Z" }, "geometry": { "type": "LineString", "coordinates": [ [ 84.879761, 19.3258475 ], [ 84.8752435, 19.3248182 ] ] } },
{ "type": "Feature", "properties": { "@osmId": "way/478381598", "@snapshotTimestamp": "2019-01-01T00:00:00Z" }, "geometry": { "type": "LineString", "coordinates": [ [ 84.8752325, 19.3249062 ], [ 84.8795555, 19.3258933 ] ] } },
{ "type": "Feature", "properties": { "@osmId": "way/218616300", "@snapshotTimestamp": "2019-01-01T00:00:00Z" }, "geometry": { "type": "LineString", "coordinates": [ [ 84.9634294, 19.3493734 ], [ 84.865118, 19.3214251 ] ] } },
{ "type": "Feature", "properties": { "@osmId": "way/218616299", "@snapshotTimestamp": "2019-01-01T00:00:00Z" }, "geometry": { "type": "LineString", "coordinates": [ [ 84.9700391, 19.3514276 ], [ 84.9634294, 19.3493734 ] ] } },
{ "type": "Feature", "properties": { "@osmId": "way/218616296", "@snapshotTimestamp": "2019-01-01T00:00:00Z" }, "geometry": { "type": "LineString", "coordinates": [ [ 84.9640996, 19.3497766 ], [ 84.9696249, 19.3515702 ] ] } },
{ "type": "Feature", "properties": { "@osmId": "way/354246365", "@snapshotTimestamp": "2019-01-01T00:00:00Z" }, "geometry": { "type": "LineString", "coordinates": [ [ 84.9804516, 19.3535445 ], [ 84.9853975, 19.3521577 ] ] } },
{ "type": "Feature", "properties": { "@osmId": "way/553097129", "@snapshotTimestamp": "2019-01-01T00:00:00Z" }, "geometry": { "type": "LineString", "coordinates": [ [ 84.9835669, 19.3554793 ], [ 84.982769, 19.3529068 ] ] } },
{ "type": "Feature", "properties": { "@osmId": "way/553097132", "@snapshotTimestamp": "2019-01-01T00:00:00Z" }, "geometry": { "type": "LineString", "coordinates": [ [ 84.9838513, 19.3566686 ], [ 84.9870399, 19.3551775 ] ] } },
{ "type": "Feature", "properties": { "@osmId": "way/553097130", "@snapshotTimestamp": "2019-01-01T00:00:00Z" }, "geometry": { "type": "LineString", "coordinates": [ [ 84.9835669, 19.3554793 ], [ 84.9838513, 19.3566686 ] ] } },
{ "type": "Feature", "properties": { "@osmId": "way/553094185", "@snapshotTimestamp": "2019-01-01T00:00:00Z" }, "geometry": { "type": "LineString", "coordinates": [ [ 84.9835147, 19.3573997 ], [ 84.9838513, 19.3566686 ] ] } },
{ "type": "Feature", "properties": { "@osmId": "way/45022098", "@snapshotTimestamp": "2019-01-01T00:00:00Z" }, "geometry": { "type": "LineString", "coordinates": [ [ 85.0362823, 19.3810122 ], [ 84.9700391, 19.3514276 ] ] } },
{ "type": "Feature", "properties": { "@osmId": "way/218593905", "@snapshotTimestamp": "2019-01-01T00:00:00Z" }, "geometry": { "type": "LineString", "coordinates": [ [ 84.9696249, 19.3515702 ], [ 85.0363092, 19.3813378 ] ] } },
{ "type": "Feature", "properties": { "@osmId": "way/237915069", "@snapshotTimestamp": "2019-01-01T00:00:00Z" }, "geometry": { "type": "LineString", "coordinates": [ [ 85.026161, 19.3860468 ], [ 84.9904356, 19.3605693 ] ] } },
{ "type": "Feature", "properties": { "@osmId": "way/258631461", "@snapshotTimestamp": "2019-01-01T00:00:00Z" }, "geometry": { "type": "LineString", "coordinates": [ [ 84.8651541, 19.3215174 ], [ 84.9640996, 19.3497766 ] ] } },
{ "type": "Feature", "properties": { "@osmId": "way/343273935", "@snapshotTimestamp": "2019-01-01T00:00:00Z" }, "geometry": { "type": "LineString", "coordinates": [ [ 84.8665894, 19.3221417 ], [ 84.8718403, 19.3531717 ] ] } },
{ "type": "Feature", "properties": { "@osmId": "way/232517553", "@snapshotTimestamp": "2019-01-01T00:00:00Z" }, "geometry": { "type": "LineString", "coordinates": [ [ 84.8718403, 19.3531717 ], [ 84.8719236, 19.3533885 ] ] } },
{ "type": "Feature", "properties": { "@osmId": "way/232517550", "@snapshotTimestamp": "2019-01-01T00:00:00Z" }, "geometry": { "type": "LineString", "coordinates": [ [ 84.8719236, 19.3533885 ], [ 84.8789878, 19.3846049 ] ] } },
{ "type": "Feature", "properties": { "@osmId": "way/232517556", "@snapshotTimestamp": "2019-01-01T00:00:00Z" }, "geometry": { "type": "LineString", "coordinates": [ [ 84.8789878, 19.3846049 ], [ 84.8789647, 19.384779 ] ] } },
{ "type": "Feature", "properties": { "@osmId": "way/232517558", "@snapshotTimestamp": "2019-01-01T00:00:00Z" }, "geometry": { "type": "LineString", "coordinates": [ [ 84.8789647, 19.384779 ], [ 84.8782552, 19.4757082 ] ] } },
{ "type": "Feature", "properties": { "@osmId": "way/237915059", "@snapshotTimestamp": "2019-01-01T00:00:00Z" }, "geometry": { "type": "LineString", "coordinates": [ [ 84.8771149, 19.4798426 ], [ 84.935437, 19.4837445 ], [ 85.026161, 19.3860468 ] ] } },
{ "type": "Feature", "properties": { "@osmId": "way/232517554", "@snapshotTimestamp": "2019-01-01T00:00:00Z" }, "geometry": { "type": "LineString", "coordinates": [ [ 84.8782552, 19.4757082 ], [ 84.8780652, 19.4759913 ] ] } },
{ "type": "Feature", "properties": { "@osmId": "way/232517551", "@snapshotTimestamp": "2019-01-01T00:00:00Z" }, "geometry": { "type": "LineString", "coordinates": [ [ 84.8780652, 19.4759913 ], [ 84.8771149, 19.4798426 ] ] } },
{ "type": "Feature", "properties": { "@osmId": "way/237915055", "@snapshotTimestamp": "2019-01-01T00:00:00Z" }, "geometry": { "type": "LineString", "coordinates": [ [ 84.8771149, 19.4798426 ], [ 84.8769809, 19.4811243 ] ] } },
{ "type": "Feature", "properties": { "@osmId": "way/45009643", "@snapshotTimestamp": "2019-01-01T00:00:00Z" }, "geometry": { "type": "LineString", "coordinates": [ [ 85.0408758, 19.3836968 ], [ 85.0362823, 19.3810122 ] ] } },
{ "type": "Feature", "properties": { "@osmId": "way/218595330", "@snapshotTimestamp": "2019-01-01T00:00:00Z" }, "geometry": { "type": "LineString", "coordinates": [ [ 85.0363092, 19.3813378 ], [ 85.0408162, 19.383959 ] ] } },
{ "type": "Feature", "properties": { "@osmId": "way/168244380", "@snapshotTimestamp": "2019-01-01T00:00:00Z" }, "geometry": { "type": "LineString", "coordinates": [ [ 85.0882, 19.5035368 ], [ 85.063827, 19.39005 ], [ 85.0408758, 19.3836968 ] ] } },
{ "type": "Feature", "properties": { "@osmId": "way/218595329", "@snapshotTimestamp": "2019-01-01T00:00:00Z" }, "geometry": { "type": "LineString", "coordinates": [ [ 85.0408162, 19.383959 ], [ 85.0636923, 19.3900832 ], [ 85.0858557, 19.5064289 ] ] } },
{ "type": "Feature", "properties": { "@osmId": "way/86133548", "@snapshotTimestamp": "2019-01-01T00:00:00Z" }, "geometry": { "type": "LineString", "coordinates": [ [ 85.0794299, 19.4489024 ], [ 85.0976807, 19.4519341 ] ] } },
{ "type": "Feature", "properties": { "@osmId": "way/292510734", "@snapshotTimestamp": "2019-01-01T00:00:00Z" }, "geometry": { "type": "LineString", "coordinates": [ [ 85.0976807, 19.4519341 ], [ 85.1396514, 19.4666509 ] ] } },
{ "type": "Feature", "properties": { "@osmId": "way/397359089", "@snapshotTimestamp": "2019-01-01T00:00:00Z" }, "geometry": { "type": "LineString", "coordinates": [ [ 85.1396514, 19.4666509 ], [ 85.1399876, 19.4666886 ] ] } },
{ "type": "Feature", "properties": { "@osmId": "way/232512556", "@snapshotTimestamp": "2019-01-01T00:00:00Z" }, "geometry": { "type": "LineString", "coordinates": [ [ 85.0750275, 19.4279903 ], [ 85.0325825, 19.4337575 ], [ 84.981027, 19.498364 ], [ 84.8796221, 19.5216076 ] ] } },
{ "type": "Feature", "properties": { "@osmId": "way/397359068", "@snapshotTimestamp": "2019-01-01T00:00:00Z" }, "geometry": { "type": "LineString", "coordinates": [ [ 85.1399876, 19.4666886 ], [ 85.2235943, 19.5264421 ] ] } },
{ "type": "Feature", "properties": { "@osmId": "way/168244379", "@snapshotTimestamp": "2019-01-01T00:00:00Z" }, "geometry": { "type": "LineString", "coordinates": [ [ 85.0858502, 19.5066301 ], [ 85.0882, 19.5035368 ] ] } },
{ "type": "Feature", "properties": { "@osmId": "way/238744363", "@snapshotTimestamp": "2019-01-01T00:00:00Z" }, "geometry": { "type": "LineString", "coordinates": [ [ 85.0858557, 19.5064289 ], [ 85.0853999, 19.5066855 ] ] } },
{ "type": "Feature", "properties": { "@osmId": "way/168244378", "@snapshotTimestamp": "2019-01-01T00:00:00Z" }, "geometry": { "type": "LineString", "coordinates": [ [ 85.0853945, 19.5068821 ], [ 85.0858502, 19.5066301 ] ] } },
{ "type": "Feature", "properties": { "@osmId": "way/86125228", "@snapshotTimestamp": "2019-01-01T00:00:00Z" }, "geometry": { "type": "LineString", "coordinates": [ [ 85.0898942, 19.5386545 ], [ 85.0882, 19.5035368 ] ] } },
{ "type": "Feature", "properties": { "@osmId": "way/86125195", "@snapshotTimestamp": "2019-01-01T00:00:00Z" }, "geometry": { "type": "LineString", "coordinates": [ [ 85.0898942, 19.5386545 ], [ 85.0853945, 19.5068821 ] ] } },
{ "type": "Feature", "properties": { "@osmId": "way/238744361", "@snapshotTimestamp": "2019-01-01T00:00:00Z" }, "geometry": { "type": "LineString", "coordinates": [ [ 85.0853999, 19.5066855 ], [ 85.1141117, 19.6034934 ] ] } },
{ "type": "Feature", "properties": { "@osmId": "way/292510727", "@snapshotTimestamp": "2019-01-01T00:00:00Z" }, "geometry": { "type": "LineString", "coordinates": [ [ 85.1169842, 19.6041453 ], [ 85.0898942, 19.5386545 ] ] } },
{ "type": "Feature", "properties": { "@osmId": "way/86128182", "@snapshotTimestamp": "2019-01-01T00:00:00Z" }, "geometry": { "type": "LineString", "coordinates": [ [ 85.0678556, 19.6041809 ], [ 85.0907485, 19.5573819 ] ] } },
{ "type": "Feature", "properties": { "@osmId": "way/22830800", "@snapshotTimestamp": "2019-01-01T00:00:00Z" }, "geometry": { "type": "LineString", "coordinates": [ [ 85.1161387, 19.6023552 ], [ 85.1143195, 19.6034771 ] ] } },
{ "type": "Feature", "properties": { "@osmId": "way/229502657", "@snapshotTimestamp": "2019-01-01T00:00:00Z" }, "geometry": { "type": "LineString", "coordinates": [ [ 85.1143195, 19.6034771 ], [ 85.1142021, 19.6035762 ] ] } },
{ "type": "Feature", "properties": { "@osmId": "way/229502650", "@snapshotTimestamp": "2019-01-01T00:00:00Z" }, "geometry": { "type": "LineString", "coordinates": [ [ 85.1141117, 19.6034934 ], [ 85.1143518, 19.60358 ] ] } },
{ "type": "Feature", "properties": { "@osmId": "way/86133552", "@snapshotTimestamp": "2019-01-01T00:00:00Z" }, "geometry": { "type": "LineString", "coordinates": [ [ 85.2235943, 19.5264421 ], [ 85.2426214, 19.5528952 ] ] } },
{ "type": "Feature", "properties": { "@osmId": "way/397359053", "@snapshotTimestamp": "2019-01-01T00:00:00Z" }, "geometry": { "type": "LineString", "coordinates": [ [ 85.2426214, 19.5528952 ], [ 85.2633477, 19.6342837 ] ] } },
{ "type": "Feature", "properties": { "@osmId": "way/397452066", "@snapshotTimestamp": "2019-01-01T00:00:00Z" }, "geometry": { "type": "LineString", "coordinates": [ [ 85.3424412, 19.6233967 ], [ 85.3181003, 19.625197 ] ] } },
{ "type": "Feature", "properties": { "@osmId": "way/397452123", "@snapshotTimestamp": "2019-01-01T00:00:00Z" }, "geometry": { "type": "LineString", "coordinates": [ [ 85.3181003, 19.625197 ], [ 85.3178007, 19.6251496 ] ] } },
{ "type": "Feature", "properties": { "@osmId": "way/86133549", "@snapshotTimestamp": "2019-01-01T00:00:00Z" }, "geometry": { "type": "LineString", "coordinates": [ [ 85.3178007, 19.6251496 ], [ 85.2633477, 19.6342837 ] ] } },
{ "type": "Feature", "properties": { "@osmId": "way/86133547", "@snapshotTimestamp": "2019-01-01T00:00:00Z" }, "geometry": { "type": "LineString", "coordinates": [ [ 85.3424412, 19.6233967 ], [ 85.3723324, 19.6607635 ] ] } },
{ "type": "Feature", "properties": { "@osmId": "way/397452143", "@snapshotTimestamp": "2019-01-01T00:00:00Z" }, "geometry": { "type": "LineString", "coordinates": [ [ 85.3723324, 19.6607635 ], [ 85.3725496, 19.6610083 ] ] } },
{ "type": "Feature", "properties": { "@osmId": "way/219118257", "@snapshotTimestamp": "2019-01-01T00:00:00Z" }, "geometry": { "type": "LineString", "coordinates": [ [ 85.4433982, 19.6671744 ], [ 85.4379528, 19.6663888 ] ] } },
{ "type": "Feature", "properties": { "@osmId": "way/397452326", "@snapshotTimestamp": "2019-01-01T00:00:00Z" }, "geometry": { "type": "LineString", "coordinates": [ [ 85.3725496, 19.6610083 ], [ 85.4052154, 19.6793924 ] ] } },
{ "type": "Feature", "properties": { "@osmId": "way/219118256", "@snapshotTimestamp": "2019-01-01T00:00:00Z" }, "geometry": { "type": "LineString", "coordinates": [ [ 85.5066468, 19.704621 ], [ 85.4433982, 19.6671744 ] ] } },
{ "type": "Feature", "properties": { "@osmId": "way/229502651", "@snapshotTimestamp": "2019-01-01T00:00:00Z" }, "geometry": { "type": "LineString", "coordinates": [ [ 85.1143518, 19.60358 ], [ 85.1164211, 19.6047764 ] ] } },
{ "type": "Feature", "properties": { "@osmId": "way/292510724", "@snapshotTimestamp": "2019-01-01T00:00:00Z" }, "geometry": { "type": "LineString", "coordinates": [ [ 85.1173161, 19.6049533 ], [ 85.1169842, 19.6041453 ] ] } },
{ "type": "Feature", "properties": { "@osmId": "way/292510725", "@snapshotTimestamp": "2019-01-01T00:00:00Z" }, "geometry": { "type": "LineString", "coordinates": [ [ 85.1164211, 19.6047764 ], [ 85.1168436, 19.6051752 ] ] } },
{ "type": "Feature", "properties": { "@osmId": "way/229502660", "@snapshotTimestamp": "2019-01-01T00:00:00Z" }, "geometry": { "type": "LineString", "coordinates": [ [ 85.1142021, 19.6035762 ], [ 84.9631373, 19.6197611 ] ] } },
{ "type": "Feature", "properties": { "@osmId": "way/229502654", "@snapshotTimestamp": "2019-01-01T00:00:00Z" }, "geometry": { "type": "LineString", "coordinates": [ [ 84.9631373, 19.6197611 ], [ 84.9627571, 19.6197769 ] ] } },
{ "type": "Feature", "properties": { "@osmId": "way/291958565", "@snapshotTimestamp": "2019-01-01T00:00:00Z" }, "geometry": { "type": "LineString", "coordinates": [ [ 85.1399617, 19.6379474 ], [ 85.1173161, 19.6049533 ] ] } },
{ "type": "Feature", "properties": { "@osmId": "way/292510726", "@snapshotTimestamp": "2019-01-01T00:00:00Z" }, "geometry": { "type": "LineString", "coordinates": [ [ 85.1168436, 19.6051752 ], [ 85.1398575, 19.6380293 ] ] } },
{ "type": "Feature", "properties": { "@osmId": "way/291958570", "@snapshotTimestamp": "2019-01-01T00:00:00Z" }, "geometry": { "type": "LineString", "coordinates": [ [ 85.1403478, 19.6384187 ], [ 85.1399617, 19.6379474 ] ] } },
{ "type": "Feature", "properties": { "@osmId": "way/291958569", "@snapshotTimestamp": "2019-01-01T00:00:00Z" }, "geometry": { "type": "LineString", "coordinates": [ [ 85.1398575, 19.6380293 ], [ 85.1402497, 19.6385105 ] ] } },
{ "type": "Feature", "properties": { "@osmId": "way/218593904", "@snapshotTimestamp": "2019-01-01T00:00:00Z" }, "geometry": { "type": "LineString", "coordinates": [ [ 85.1846194, 19.7354993 ], [ 85.1403478, 19.6384187 ] ] } },
{ "type": "Feature", "properties": { "@osmId": "way/219118258", "@snapshotTimestamp": "2019-01-01T00:00:00Z" }, "geometry": { "type": "LineString", "coordinates": [ [ 85.5073352, 19.7053291 ], [ 85.5066468, 19.704621 ] ] } },
{ "type": "Feature", "properties": { "@osmId": "way/90646354", "@snapshotTimestamp": "2019-01-01T00:00:00Z" }, "geometry": { "type": "LineString", "coordinates": [ [ 85.267653, 19.8176196 ], [ 85.1802506, 19.7024283 ] ] } },
{ "type": "Feature", "properties": { "@osmId": "way/636960084", "@snapshotTimestamp": "2019-01-01T00:00:00Z" }, "geometry": { "type": "LineString", "coordinates": [ [ 85.2161193, 19.7846998 ], [ 85.1845595, 19.7358998 ] ] } },
{ "type": "Feature", "properties": { "@osmId": "way/636960086", "@snapshotTimestamp": "2019-01-01T00:00:00Z" }, "geometry": { "type": "LineString", "coordinates": [ [ 85.1843995, 19.7359259 ], [ 85.2159293, 19.784863 ] ] } },
{ "type": "Feature", "properties": { "@osmId": "way/636960091", "@snapshotTimestamp": "2019-01-01T00:00:00Z" }, "geometry": { "type": "LineString", "coordinates": [ [ 85.2166817, 19.7850321 ], [ 85.2161193, 19.7846998 ] ] } },
{ "type": "Feature", "properties": { "@osmId": "way/636960093", "@snapshotTimestamp": "2019-01-01T00:00:00Z" }, "geometry": { "type": "LineString", "coordinates": [ [ 85.2159293, 19.784863 ], [ 85.2165458, 19.7851996 ] ] } },
{ "type": "Feature", "properties": { "@osmId": "way/636960099", "@snapshotTimestamp": "2019-01-01T00:00:00Z" }, "geometry": { "type": "LineString", "coordinates": [ [ 85.268341, 19.818178 ], [ 85.2166817, 19.7850321 ] ] } },
{ "type": "Feature", "properties": { "@osmId": "way/636960096", "@snapshotTimestamp": "2019-01-01T00:00:00Z" }, "geometry": { "type": "LineString", "coordinates": [ [ 85.2165458, 19.7851996 ], [ 85.271215, 19.8225249 ] ] } },
{ "type": "Feature", "properties": { "@osmId": "way/218572656", "@snapshotTimestamp": "2019-01-01T00:00:00Z" }, "geometry": { "type": "LineString", "coordinates": [ [ 85.2716738, 19.8226532 ], [ 85.268341, 19.818178 ] ] } },
{ "type": "Feature", "properties": { "@osmId": "way/26755563", "@snapshotTimestamp": "2019-01-01T00:00:00Z" }, "geometry": { "type": "LineString", "coordinates": [ [ 85.271215, 19.8225249 ], [ 85.3716277, 19.9058327 ] ] } },
{ "type": "Feature", "properties": { "@osmId": "way/291958571", "@snapshotTimestamp": "2019-01-01T00:00:00Z" }, "geometry": { "type": "LineString", "coordinates": [ [ 85.1402497, 19.6385105 ], [ 85.1844907, 19.7355321 ] ] } },
{ "type": "Feature", "properties": { "@osmId": "way/569584009", "@snapshotTimestamp": "2019-01-01T00:00:00Z" }, "geometry": { "type": "LineString", "coordinates": [ [ 85.1803142, 19.7035678 ], [ 85.1800041, 19.7004826 ] ] } },
{ "type": "Feature", "properties": { "@osmId": "way/569584004", "@snapshotTimestamp": "2019-01-01T00:00:00Z" }, "geometry": { "type": "LineString", "coordinates": [ [ 85.1802506, 19.7024283 ], [ 85.1799984, 19.7024535 ] ] } },
{ "type": "Feature", "properties": { "@osmId": "way/569584006", "@snapshotTimestamp": "2019-01-01T00:00:00Z" }, "geometry": { "type": "LineString", "coordinates": [ [ 85.1799984, 19.7024535 ], [ 85.179944, 19.7024554 ] ] } },
{ "type": "Feature", "properties": { "@osmId": "way/289993023", "@snapshotTimestamp": "2019-01-01T00:00:00Z" }, "geometry": { "type": "LineString", "coordinates": [ [ 85.1848073, 19.7110833 ], [ 85.184848, 19.7111126 ] ] } },
{ "type": "Feature", "properties": { "@osmId": "way/636960083", "@snapshotTimestamp": "2019-01-01T00:00:00Z" }, "geometry": { "type": "LineString", "coordinates": [ [ 85.1845595, 19.7358998 ], [ 85.1846194, 19.7354993 ] ] } },
{ "type": "Feature", "properties": { "@osmId": "way/636960085", "@snapshotTimestamp": "2019-01-01T00:00:00Z" }, "geometry": { "type": "LineString", "coordinates": [ [ 85.1844907, 19.7355321 ], [ 85.1843995, 19.7359259 ] ] } },
{ "type": "Feature", "properties": { "@osmId": "way/22828799", "@snapshotTimestamp": "2019-01-01T00:00:00Z" }, "geometry": { "type": "LineString", "coordinates": [ [ 85.0021672, 20.0016266 ], [ 85.0742524, 20.0225851 ] ] } },
{ "type": "Feature", "properties": { "@osmId": "way/22828798", "@snapshotTimestamp": "2019-01-01T00:00:00Z" }, "geometry": { "type": "LineString", "coordinates": [ [ 85.0742524, 20.0225851 ], [ 85.1042027, 20.1270498 ] ] } },
{ "type": "Feature", "properties": { "@osmId": "way/22828793", "@snapshotTimestamp": "2019-01-01T00:00:00Z" }, "geometry": { "type": "LineString", "coordinates": [ [ 85.1049044, 20.1270851 ], [ 85.1101598, 20.1593784 ] ] } },
{ "type": "Feature", "properties": { "@osmId": "way/90633281", "@snapshotTimestamp": "2019-01-01T00:00:00Z" }, "geometry": { "type": "LineString", "coordinates": [ [ 85.7094401, 19.8046498 ], [ 85.610146, 19.7860125 ], [ 85.5073352, 19.7053291 ] ] } },
{ "type": "Feature", "properties": { "@osmId": "way/111810115", "@snapshotTimestamp": "2019-01-01T00:00:00Z" }, "geometry": { "type": "LineString", "coordinates": [ [ 85.8065354, 19.8142053 ], [ 85.7094401, 19.8046498 ] ] } },
{ "type": "Feature", "properties": { "@osmId": "way/229145686", "@snapshotTimestamp": "2019-01-01T00:00:00Z" }, "geometry": { "type": "LineString", "coordinates": [ [ 85.8113501, 19.8955172 ], [ 85.6215484, 19.9703888 ] ] } },
{ "type": "Feature", "properties": { "@osmId": "way/314064333", "@snapshotTimestamp": "2019-01-01T00:00:00Z" }, "geometry": { "type": "LineString", "coordinates": [ [ 85.6215484, 19.9703888 ], [ 85.6210093, 19.9705561 ] ] } },
{ "type": "Feature", "properties": { "@osmId": "way/314064334", "@snapshotTimestamp": "2019-01-01T00:00:00Z" }, "geometry": { "type": "LineString", "coordinates": [ [ 85.6210093, 19.9705561 ], [ 85.6172361, 19.9716406 ] ] } },
{ "type": "Feature", "properties": { "@osmId": "way/314064332", "@snapshotTimestamp": "2019-01-01T00:00:00Z" }, "geometry": { "type": "LineString", "coordinates": [ [ 85.6172361, 19.9716406 ], [ 85.6164449, 19.9718891 ] ] } },
{ "type": "Feature", "properties": { "@osmId": "way/323856329", "@snapshotTimestamp": "2019-01-01T00:00:00Z" }, "geometry": { "type": "LineString", "coordinates": [ [ 85.7594514, 20.0466241 ], [ 85.8249385, 19.9792415 ] ] } },
{ "type": "Feature", "properties": { "@osmId": "way/657833447", "@snapshotTimestamp": "2019-01-01T00:00:00Z" }, "geometry": { "type": "LineString", "coordinates": [ [ 85.7594514, 20.0466241 ], [ 85.7423413, 20.0764618 ], [ 85.6771957, 20.0881621 ] ] } },
{ "type": "Feature", "properties": { "@osmId": "way/657815815", "@snapshotTimestamp": "2019-01-01T00:00:00Z" }, "geometry": { "type": "LineString", "coordinates": [ [ 85.82305, 20.1172012 ], [ 85.7701029, 20.0339329 ] ] } },
{ "type": "Feature", "properties": { "@osmId": "way/657835949", "@snapshotTimestamp": "2019-01-01T00:00:00Z" }, "geometry": { "type": "LineString", "coordinates": [ [ 85.6753564, 20.0884144 ], [ 85.6771957, 20.0881621 ] ] } },
{ "type": "Feature", "properties": { "@osmId": "way/258626119", "@snapshotTimestamp": "2019-01-01T00:00:00Z" }, "geometry": { "type": "LineString", "coordinates": [ [ 84.6708538, 19.6041483 ], [ 84.6722375, 19.6057327 ] ] } },
{ "type": "Feature", "properties": { "@osmId": "way/258626118", "@snapshotTimestamp": "2019-01-01T00:00:00Z" }, "geometry": { "type": "LineString", "coordinates": [ [ 84.6722375, 19.6057327 ], [ 84.6724892, 19.60609 ] ] } },
{ "type": "Feature", "properties": { "@osmId": "way/177954807", "@snapshotTimestamp": "2019-01-01T00:00:00Z" }, "geometry": { "type": "LineString", "coordinates": [ [ 84.6728521, 19.6062813 ], [ 84.6724892, 19.60609 ] ] } },
{ "type": "Feature", "properties": { "@osmId": "way/177954808", "@snapshotTimestamp": "2019-01-01T00:00:00Z" }, "geometry": { "type": "LineString", "coordinates": [ [ 84.7200493, 19.6014286 ], [ 84.6808566, 19.6115822 ] ] } },
{ "type": "Feature", "properties": { "@osmId": "way/166337285", "@snapshotTimestamp": "2019-01-01T00:00:00Z" }, "geometry": { "type": "LineString", "coordinates": [ [ 84.670617, 19.603831 ], [ 84.6636844, 19.6100677 ] ] } },
{ "type": "Feature", "properties": { "@osmId": "way/177954805", "@snapshotTimestamp": "2019-01-01T00:00:00Z" }, "geometry": { "type": "LineString", "coordinates": [ [ 84.6756199, 19.607712 ], [ 84.6728521, 19.6062813 ] ] } },
{ "type": "Feature", "properties": { "@osmId": "way/229502659", "@snapshotTimestamp": "2019-01-01T00:00:00Z" }, "geometry": { "type": "LineString", "coordinates": [ [ 84.6808566, 19.6115822 ], [ 84.6756199, 19.607712 ] ] } },
{ "type": "Feature", "properties": { "@osmId": "way/574704107", "@snapshotTimestamp": "2019-01-01T00:00:00Z" }, "geometry": { "type": "LineString", "coordinates": [ [ 84.6636844, 19.6100677 ], [ 84.6544284, 19.6115144 ] ] } },
{ "type": "Feature", "properties": { "@osmId": "way/166337288", "@snapshotTimestamp": "2019-01-01T00:00:00Z" }, "geometry": { "type": "LineString", "coordinates": [ [ 84.6636844, 19.6100677 ], [ 84.6660242, 19.614481 ] ] } },
{ "type": "Feature", "properties": { "@osmId": "way/86140237", "@snapshotTimestamp": "2019-01-01T00:00:00Z" }, "geometry": { "type": "LineString", "coordinates": [ [ 84.6808566, 19.6115822 ], [ 84.7089501, 19.7384735 ] ] } },
{ "type": "Feature", "properties": { "@osmId": "way/373852193", "@snapshotTimestamp": "2019-01-01T00:00:00Z" }, "geometry": { "type": "LineString", "coordinates": [ [ 84.4407492, 19.6309627 ], [ 84.440852, 19.6307232 ] ] } },
{ "type": "Feature", "properties": { "@osmId": "way/232597462", "@snapshotTimestamp": "2019-01-01T00:00:00Z" }, "geometry": { "type": "LineString", "coordinates": [ [ 84.6671818, 19.6011294 ], [ 84.6206396, 19.6051686 ], [ 84.5692569, 19.665574 ] ] } },
{ "type": "Feature", "properties": { "@osmId": "way/373852195", "@snapshotTimestamp": "2019-01-01T00:00:00Z" }, "geometry": { "type": "LineString", "coordinates": [ [ 84.4182146, 19.6430375 ], [ 84.4407492, 19.6309627 ] ] } },
{ "type": "Feature", "properties": { "@osmId": "way/373852194", "@snapshotTimestamp": "2019-01-01T00:00:00Z" }, "geometry": { "type": "LineString", "coordinates": [ [ 84.4178936, 19.643105 ], [ 84.4182146, 19.6430375 ] ] } },
{ "type": "Feature", "properties": { "@osmId": "way/232597476", "@snapshotTimestamp": "2019-01-01T00:00:00Z" }, "geometry": { "type": "LineString", "coordinates": [ [ 84.6724892, 19.60609 ], [ 84.6422844, 19.6488988 ], [ 84.6395741, 19.7197339 ] ] } },
{ "type": "Feature", "properties": { "@osmId": "way/240697418", "@snapshotTimestamp": "2019-01-01T00:00:00Z" }, "geometry": { "type": "LineString", "coordinates": [ [ 84.5692569, 19.665574 ], [ 84.5690246, 19.6653719 ] ] } },
{ "type": "Feature", "properties": { "@osmId": "way/237915061", "@snapshotTimestamp": "2019-01-01T00:00:00Z" }, "geometry": { "type": "LineString", "coordinates": [ [ 84.4403445, 19.7286015 ], [ 84.4178936, 19.643105 ] ] } },
{ "type": "Feature", "properties": { "@osmId": "way/240697445", "@snapshotTimestamp": "2019-01-01T00:00:00Z" }, "geometry": { "type": "LineString", "coordinates": [ [ 84.5690246, 19.6653719 ], [ 84.4865181, 19.7455415 ], [ 84.440852, 19.7505576 ] ] } },
{ "type": "Feature", "properties": { "@osmId": "way/232597473", "@snapshotTimestamp": "2019-01-01T00:00:00Z" }, "geometry": { "type": "LineString", "coordinates": [ [ 84.6395741, 19.7197339 ], [ 84.6396409, 19.7200443 ] ] } },
{ "type": "Feature", "properties": { "@osmId": "way/237915056", "@snapshotTimestamp": "2019-01-01T00:00:00Z" }, "geometry": { "type": "LineString", "coordinates": [ [ 84.4407692, 19.7286824 ], [ 84.4403445, 19.7286015 ] ] } },
{ "type": "Feature", "properties": { "@osmId": "way/237915060", "@snapshotTimestamp": "2019-01-01T00:00:00Z" }, "geometry": { "type": "LineString", "coordinates": [ [ 84.440852, 19.7499899 ], [ 84.440852, 19.7286969 ] ] } },
{ "type": "Feature", "properties": { "@osmId": "way/237915060", "@snapshotTimestamp": "2019-01-01T00:00:00Z" }, "geometry": { "type": "MultiLineString", "coordinates": [ [ [ 84.4408009, 19.7503409 ], [ 84.440852, 19.7499899 ] ], [ [ 84.440852, 19.7286969 ], [ 84.4407692, 19.7286824 ] ] ] } },
{ "type": "Feature", "properties": { "@osmId": "way/218122273", "@snapshotTimestamp": "2019-01-01T00:00:00Z" }, "geometry": { "type": "LineString", "coordinates": [ [ 84.4403801, 19.7504703 ], [ 84.438676, 19.7505486 ] ] } },
{ "type": "Feature", "properties": { "@osmId": "way/240697445", "@snapshotTimestamp": "2019-01-01T00:00:00Z" }, "geometry": { "type": "LineString", "coordinates": [ [ 84.440852, 19.7505576 ], [ 84.4403801, 19.7504703 ] ] } },
{ "type": "Feature", "properties": { "@osmId": "way/232597474", "@snapshotTimestamp": "2019-01-01T00:00:00Z" }, "geometry": { "type": "LineString", "coordinates": [ [ 84.6396409, 19.7200443 ], [ 84.6064144, 19.7873791 ] ] } },
{ "type": "Feature", "properties": { "@osmId": "way/218122288", "@snapshotTimestamp": "2019-01-01T00:00:00Z" }, "geometry": { "type": "LineString", "coordinates": [ [ 84.438676, 19.7505486 ], [ 84.4277804, 19.7612282 ] ] } },
{ "type": "Feature", "properties": { "@osmId": "way/232597468", "@snapshotTimestamp": "2019-01-01T00:00:00Z" }, "geometry": { "type": "LineString", "coordinates": [ [ 84.6064144, 19.7873791 ], [ 84.6063229, 19.7876088 ] ] } },
{ "type": "Feature", "properties": { "@osmId": "way/232597464", "@snapshotTimestamp": "2019-01-01T00:00:00Z" }, "geometry": { "type": "LineString", "coordinates": [ [ 84.6063229, 19.7876088 ], [ 84.5972097, 19.8319142 ] ] } },
{ "type": "Feature", "properties": { "@osmId": "way/232597470", "@snapshotTimestamp": "2019-01-01T00:00:00Z" }, "geometry": { "type": "LineString", "coordinates": [ [ 84.5972097, 19.8319142 ], [ 84.5971652, 19.8324087 ] ] } },
{ "type": "Feature", "properties": { "@osmId": "way/177954691", "@snapshotTimestamp": "2019-01-01T00:00:00Z" }, "geometry": { "type": "LineString", "coordinates": [ [ 84.5971652, 19.8324087 ], [ 84.5834948, 19.8690488 ] ] } },
{ "type": "Feature", "properties": { "@osmId": "way/237751341", "@snapshotTimestamp": "2019-01-01T00:00:00Z" }, "geometry": { "type": "LineString", "coordinates": [ [ 84.8181022, 19.6853159 ], [ 84.8220968, 19.6753132 ] ] } },
{ "type": "Feature", "properties": { "@osmId": "way/237751334", "@snapshotTimestamp": "2019-01-01T00:00:00Z" }, "geometry": { "type": "LineString", "coordinates": [ [ 84.8180124, 19.6856707 ], [ 84.8181022, 19.6853159 ] ] } },
{ "type": "Feature", "properties": { "@osmId": "way/237596011", "@snapshotTimestamp": "2019-01-01T00:00:00Z" }, "geometry": { "type": "LineString", "coordinates": [ [ 84.8166537, 19.7776529 ], [ 84.8158877, 19.7778171 ] ] } },
{ "type": "Feature", "properties": { "@osmId": "way/237596019", "@snapshotTimestamp": "2019-01-01T00:00:00Z" }, "geometry": { "type": "LineString", "coordinates": [ [ 84.8158877, 19.7778171 ], [ 84.790815, 19.8127809 ] ] } },
{ "type": "Feature", "properties": { "@osmId": "way/247054105", "@snapshotTimestamp": "2019-01-01T00:00:00Z" }, "geometry": { "type": "LineString", "coordinates": [ [ 84.6455992, 19.8656792 ], [ 84.6725186, 19.7742817 ], [ 84.7089501, 19.7384735 ] ] } },
{ "type": "Feature", "properties": { "@osmId": "way/22828762", "@snapshotTimestamp": "2019-01-01T00:00:00Z" }, "geometry": { "type": "LineString", "coordinates": [ [ 84.7089501, 19.7384735 ], [ 84.8445531, 19.8764407 ] ] } },
{ "type": "Feature", "properties": { "@osmId": "way/229283896", "@snapshotTimestamp": "2019-01-01T00:00:00Z" }, "geometry": { "type": "LineString", "coordinates": [ [ 84.6387076, 19.8824476 ], [ 84.7193739, 19.92317 ] ] } },
{ "type": "Feature", "properties": { "@osmId": "way/229283888", "@snapshotTimestamp": "2019-01-01T00:00:00Z" }, "geometry": { "type": "LineString", "coordinates": [ [ 84.7193739, 19.92317 ], [ 84.7195562, 19.9234215 ] ] } },
{ "type": "Feature", "properties": { "@osmId": "way/229283893", "@snapshotTimestamp": "2019-01-01T00:00:00Z" }, "geometry": { "type": "LineString", "coordinates": [ [ 84.7195562, 19.9234215 ], [ 84.7427299, 19.9469152 ] ] } },
{ "type": "Feature", "properties": { "@osmId": "way/229283889", "@snapshotTimestamp": "2019-01-01T00:00:00Z" }, "geometry": { "type": "LineString", "coordinates": [ [ 84.7427299, 19.9469152 ], [ 84.7429954, 19.9469857 ] ] } },
{ "type": "Feature", "properties": { "@osmId": "way/247054104", "@snapshotTimestamp": "2019-01-01T00:00:00Z" }, "geometry": { "type": "LineString", "coordinates": [ [ 84.645377, 19.8662672 ], [ 84.6455992, 19.8656792 ] ] } },
{ "type": "Feature", "properties": { "@osmId": "way/229283897", "@snapshotTimestamp": "2019-01-01T00:00:00Z" }, "geometry": { "type": "LineString", "coordinates": [ [ 84.6387076, 19.8824476 ], [ 84.645377, 19.8662672 ] ] } },
{ "type": "Feature", "properties": { "@osmId": "way/229283886", "@snapshotTimestamp": "2019-01-01T00:00:00Z" }, "geometry": { "type": "LineString", "coordinates": [ [ 84.6136495, 19.9081232 ], [ 84.6387076, 19.8824476 ] ] } },
{ "type": "Feature", "properties": { "@osmId": "way/232597475", "@snapshotTimestamp": "2019-01-01T00:00:00Z" }, "geometry": { "type": "LineString", "coordinates": [ [ 84.5834948, 19.8690488 ], [ 84.5683589, 19.9238156 ] ] } },
{ "type": "Feature", "properties": { "@osmId": "way/229283892", "@snapshotTimestamp": "2019-01-01T00:00:00Z" }, "geometry": { "type": "LineString", "coordinates": [ [ 84.6132083, 19.9083441 ], [ 84.6136495, 19.9081232 ] ] } },
{ "type": "Feature", "properties": { "@osmId": "way/229283895", "@snapshotTimestamp": "2019-01-01T00:00:00Z" }, "geometry": { "type": "LineString", "coordinates": [ [ 84.6006744, 19.9171084 ], [ 84.6132083, 19.9083441 ] ] } },
{ "type": "Feature", "properties": { "@osmId": "way/229283891", "@snapshotTimestamp": "2019-01-01T00:00:00Z" }, "geometry": { "type": "LineString", "coordinates": [ [ 84.5991551, 19.9174114 ], [ 84.6006744, 19.9171084 ] ] } },
{ "type": "Feature", "properties": { "@osmId": "way/247586339", "@snapshotTimestamp": "2019-01-01T00:00:00Z" }, "geometry": { "type": "LineString", "coordinates": [ [ 84.5962615, 19.9196819 ], [ 84.5991551, 19.9174114 ] ] } },
{ "type": "Feature", "properties": { "@osmId": "way/247586338", "@snapshotTimestamp": "2019-01-01T00:00:00Z" }, "geometry": { "type": "LineString", "coordinates": [ [ 84.5961615, 19.9197967 ], [ 84.5962615, 19.9196819 ] ] } },
{ "type": "Feature", "properties": { "@osmId": "way/232597481", "@snapshotTimestamp": "2019-01-01T00:00:00Z" }, "geometry": { "type": "LineString", "coordinates": [ [ 84.5674153, 19.9233069 ], [ 84.5679398, 19.9241556 ] ] } },
{ "type": "Feature", "properties": { "@osmId": "way/229502665", "@snapshotTimestamp": "2019-01-01T00:00:00Z" }, "geometry": { "type": "LineString", "coordinates": [ [ 84.8445531, 19.8764407 ], [ 84.8448473, 19.8766357 ] ] } },
{ "type": "Feature", "properties": { "@osmId": "way/229502667", "@snapshotTimestamp": "2019-01-01T00:00:00Z" }, "geometry": { "type": "LineString", "coordinates": [ [ 84.8448473, 19.8766357 ], [ 84.9006362, 19.9207055 ] ] } },
{ "type": "Feature", "properties": { "@osmId": "way/229502663", "@snapshotTimestamp": "2019-01-01T00:00:00Z" }, "geometry": { "type": "LineString", "coordinates": [ [ 84.9006362, 19.9207055 ], [ 84.9007961, 19.9208412 ] ] } },
{ "type": "Feature", "properties": { "@osmId": "way/229502666", "@snapshotTimestamp": "2019-01-01T00:00:00Z" }, "geometry": { "type": "LineString", "coordinates": [ [ 84.9007961, 19.9208412 ], [ 84.9124626, 19.9405978 ] ] } },
{ "type": "Feature", "properties": { "@osmId": "way/229502664", "@snapshotTimestamp": "2019-01-01T00:00:00Z" }, "geometry": { "type": "LineString", "coordinates": [ [ 84.9124626, 19.9405978 ], [ 84.9126068, 19.9406966 ] ] } },
{ "type": "Feature", "properties": { "@osmId": "way/229502662", "@snapshotTimestamp": "2019-01-01T00:00:00Z" }, "geometry": { "type": "LineString", "coordinates": [ [ 84.9124626, 19.9405978 ], [ 84.9124384, 19.9407123 ] ] } },
{ "type": "Feature", "properties": { "@osmId": "way/229502652", "@snapshotTimestamp": "2019-01-01T00:00:00Z" }, "geometry": { "type": "LineString", "coordinates": [ [ 84.9124384, 19.9407123 ], [ 84.9126068, 19.9406966 ] ] } },
{ "type": "Feature", "properties": { "@osmId": "way/229502668", "@snapshotTimestamp": "2019-01-01T00:00:00Z" }, "geometry": { "type": "LineString", "coordinates": [ [ 84.9126068, 19.9406966 ], [ 84.9133596, 19.9407565 ] ] } },
{ "type": "Feature", "properties": { "@osmId": "way/229513573", "@snapshotTimestamp": "2019-01-01T00:00:00Z" }, "geometry": { "type": "LineString", "coordinates": [ [ 84.9133596, 19.9407565 ], [ 84.9136901, 19.9407791 ] ] } },
{ "type": "Feature", "properties": { "@osmId": "way/229513574", "@snapshotTimestamp": "2019-01-01T00:00:00Z" }, "geometry": { "type": "LineString", "coordinates": [ [ 84.9136901, 19.9407791 ], [ 84.9241593, 19.953977 ] ] } },
{ "type": "Feature", "properties": { "@osmId": "way/232597479", "@snapshotTimestamp": "2019-01-01T00:00:00Z" }, "geometry": { "type": "LineString", "coordinates": [ [ 84.5683589, 19.9238156 ], [ 84.5679398, 19.9241556 ] ] } },
{ "type": "Feature", "properties": { "@osmId": "way/22828913", "@snapshotTimestamp": "2019-01-01T00:00:00Z" }, "geometry": { "type": "LineString", "coordinates": [ [ 84.5815804, 19.9285098 ], [ 84.5961615, 19.9197967 ] ] } },
{ "type": "Feature", "properties": { "@osmId": "way/291308010", "@snapshotTimestamp": "2019-01-01T00:00:00Z" }, "geometry": { "type": "LineString", "coordinates": [ [ 84.5683589, 19.9238156 ], [ 84.5763571, 19.925376 ] ] } },
{ "type": "Feature", "properties": { "@osmId": "way/218122270", "@snapshotTimestamp": "2019-01-01T00:00:00Z" }, "geometry": { "type": "LineString", "coordinates": [ [ 84.5763571, 19.925376 ], [ 84.5770263, 19.9255054 ] ] } },
{ "type": "Feature", "properties": { "@osmId": "way/232597477", "@snapshotTimestamp": "2019-01-01T00:00:00Z" }, "geometry": { "type": "LineString", "coordinates": [ [ 84.5679398, 19.9241556 ], [ 84.5713096, 19.9365454 ] ] } },
{ "type": "Feature", "properties": { "@osmId": "way/229319287", "@snapshotTimestamp": "2019-01-01T00:00:00Z" }, "geometry": { "type": "LineString", "coordinates": [ [ 84.5830938, 19.9287051 ], [ 84.5925048, 19.9370105 ] ] } },
{ "type": "Feature", "properties": { "@osmId": "way/218122242", "@snapshotTimestamp": "2019-01-01T00:00:00Z" }, "geometry": { "type": "LineString", "coordinates": [ [ 84.5770263, 19.9255054 ], [ 84.5784619, 19.9446202 ] ] } },
{ "type": "Feature", "properties": { "@osmId": "way/232597471", "@snapshotTimestamp": "2019-01-01T00:00:00Z" }, "geometry": { "type": "LineString", "coordinates": [ [ 84.5713096, 19.9365454 ], [ 84.5722076, 19.9367419 ] ] } },
{ "type": "Feature", "properties": { "@osmId": "way/247586344", "@snapshotTimestamp": "2019-01-01T00:00:00Z" }, "geometry": { "type": "LineString", "coordinates": [ [ 84.5925048, 19.9370105 ], [ 84.5927443, 19.9371272 ] ] } },
{ "type": "Feature", "properties": { "@osmId": "way/232597465", "@snapshotTimestamp": "2019-01-01T00:00:00Z" }, "geometry": { "type": "LineString", "coordinates": [ [ 84.5722076, 19.9367419 ], [ 84.5778521, 19.9445799 ] ] } },
{ "type": "Feature", "properties": { "@osmId": "way/232597478", "@snapshotTimestamp": "2019-01-01T00:00:00Z" }, "geometry": { "type": "LineString", "coordinates": [ [ 84.5778521, 19.9445799 ], [ 84.5784619, 19.9446202 ] ] } },
{ "type": "Feature", "properties": { "@osmId": "way/232597480", "@snapshotTimestamp": "2019-01-01T00:00:00Z" }, "geometry": { "type": "LineString", "coordinates": [ [ 84.5778521, 19.9445799 ], [ 84.5782892, 19.9454169 ] ] } },
{ "type": "Feature", "properties": { "@osmId": "way/247586347", "@snapshotTimestamp": "2019-01-01T00:00:00Z" }, "geometry": { "type": "LineString", "coordinates": [ [ 84.5927443, 19.9371272 ], [ 84.6290012, 19.9729337 ], [ 84.6271411, 20.0181787 ] ] } },
{ "type": "Feature", "properties": { "@osmId": "way/291308009", "@snapshotTimestamp": "2019-01-01T00:00:00Z" }, "geometry": { "type": "LineString", "coordinates": [ [ 84.5784619, 19.9446202 ], [ 84.4692457, 20.0847968 ] ] } },
{ "type": "Feature", "properties": { "@osmId": "way/229319291", "@snapshotTimestamp": "2019-01-01T00:00:00Z" }, "geometry": { "type": "LineString", "coordinates": [ [ 84.6271411, 20.0181787 ], [ 84.6272634, 20.018911 ] ] } },
{ "type": "Feature", "properties": { "@osmId": "way/259021712", "@snapshotTimestamp": "2019-01-01T00:00:00Z" }, "geometry": { "type": "LineString", "coordinates": [ [ 84.6272634, 20.018911 ], [ 84.6309974, 20.0230177 ] ] } },
{ "type": "Feature", "properties": { "@osmId": "way/259021710", "@snapshotTimestamp": "2019-01-01T00:00:00Z" }, "geometry": { "type": "LineString", "coordinates": [ [ 84.626512, 20.0145481 ], [ 84.6083393, 20.0642966 ] ] } },
{ "type": "Feature", "properties": { "@osmId": "way/259021709", "@snapshotTimestamp": "2019-01-01T00:00:00Z" }, "geometry": { "type": "LineString", "coordinates": [ [ 84.6083393, 20.0642966 ], [ 84.6085054, 20.0647974 ] ] } },
{ "type": "Feature", "properties": { "@osmId": "way/259021706", "@snapshotTimestamp": "2019-01-01T00:00:00Z" }, "geometry": { "type": "LineString", "coordinates": [ [ 84.6085054, 20.0647974 ], [ 84.5923591, 20.0827537 ] ] } },
{ "type": "Feature", "properties": { "@osmId": "way/259021708", "@snapshotTimestamp": "2019-01-01T00:00:00Z" }, "geometry": { "type": "LineString", "coordinates": [ [ 84.5923591, 20.0827537 ], [ 84.5918565, 20.0825608 ] ] } },
{ "type": "Feature", "properties": { "@osmId": "way/229283894", "@snapshotTimestamp": "2019-01-01T00:00:00Z" }, "geometry": { "type": "LineString", "coordinates": [ [ 84.7429954, 19.9469857 ], [ 84.7793955, 19.9659053 ] ] } },
{ "type": "Feature", "properties": { "@osmId": "way/229283890", "@snapshotTimestamp": "2019-01-01T00:00:00Z" }, "geometry": { "type": "LineString", "coordinates": [ [ 84.7793955, 19.9659053 ], [ 84.7799755, 19.9651432 ] ] } },
{ "type": "Feature", "properties": { "@osmId": "way/229319303", "@snapshotTimestamp": "2019-01-01T00:00:00Z" }, "geometry": { "type": "LineString", "coordinates": [ [ 84.6272634, 20.018911 ], [ 84.6956855, 20.1089815 ] ] } },
{ "type": "Feature", "properties": { "@osmId": "way/247586343", "@snapshotTimestamp": "2019-01-01T00:00:00Z" }, "geometry": { "type": "LineString", "coordinates": [ [ 84.6956855, 20.1089815 ], [ 84.6957237, 20.1091188 ] ] } },
{ "type": "Feature", "properties": { "@osmId": "way/247586341", "@snapshotTimestamp": "2019-01-01T00:00:00Z" }, "geometry": { "type": "LineString", "coordinates": [ [ 84.6957237, 20.1091188 ], [ 84.7094267, 20.1207621 ] ] } },
{ "type": "Feature", "properties": { "@osmId": "way/229319295", "@snapshotTimestamp": "2019-01-01T00:00:00Z" }, "geometry": { "type": "LineString", "coordinates": [ [ 84.7094267, 20.1207621 ], [ 84.7097095, 20.1211325 ] ] } },
{ "type": "Feature", "properties": { "@osmId": "way/229319309", "@snapshotTimestamp": "2019-01-01T00:00:00Z" }, "geometry": { "type": "LineString", "coordinates": [ [ 84.7097095, 20.1211325 ], [ 84.7115811, 20.1234996 ] ] } },
{ "type": "Feature", "properties": { "@osmId": "way/229319301", "@snapshotTimestamp": "2019-01-01T00:00:00Z" }, "geometry": { "type": "LineString", "coordinates": [ [ 84.7115811, 20.1234996 ], [ 84.711829, 20.1236701 ] ] } },
{ "type": "Feature", "properties": { "@osmId": "way/229319305", "@snapshotTimestamp": "2019-01-01T00:00:00Z" }, "geometry": { "type": "LineString", "coordinates": [ [ 84.711829, 20.1236701 ], [ 84.730904, 20.1352855 ] ] } },
{ "type": "Feature", "properties": { "@osmId": "way/229319297", "@snapshotTimestamp": "2019-01-01T00:00:00Z" }, "geometry": { "type": "LineString", "coordinates": [ [ 84.730904, 20.1352855 ], [ 84.7310506, 20.1353412 ] ] } },
{ "type": "Feature", "properties": { "@osmId": "way/229319285", "@snapshotTimestamp": "2019-01-01T00:00:00Z" }, "geometry": { "type": "LineString", "coordinates": [ [ 84.7310506, 20.1353412 ], [ 84.7363204, 20.1403196 ] ] } },
{ "type": "Feature", "properties": { "@osmId": "way/247586345", "@snapshotTimestamp": "2019-01-01T00:00:00Z" }, "geometry": { "type": "LineString", "coordinates": [ [ 84.7363204, 20.1403196 ], [ 84.7364712, 20.1404956 ] ] } },
{ "type": "Feature", "properties": { "@osmId": "way/247586346", "@snapshotTimestamp": "2019-01-01T00:00:00Z" }, "geometry": { "type": "LineString", "coordinates": [ [ 84.7364712, 20.1404956 ], [ 84.7378524, 20.1421205 ] ] } },
{ "type": "Feature", "properties": { "@osmId": "way/229319294", "@snapshotTimestamp": "2019-01-01T00:00:00Z" }, "geometry": { "type": "LineString", "coordinates": [ [ 84.7378524, 20.1421205 ], [ 84.7380165, 20.1423664 ] ] } },
{ "type": "Feature", "properties": { "@osmId": "way/229319307", "@snapshotTimestamp": "2019-01-01T00:00:00Z" }, "geometry": { "type": "LineString", "coordinates": [ [ 84.7380165, 20.1423664 ], [ 84.7520126, 20.1754617 ] ] } },
{ "type": "Feature", "properties": { "@osmId": "way/229319293", "@snapshotTimestamp": "2019-01-01T00:00:00Z" }, "geometry": { "type": "LineString", "coordinates": [ [ 84.7520126, 20.1754617 ], [ 84.752278, 20.1754158 ] ] } },
{ "type": "Feature", "properties": { "@osmId": "way/229319308", "@snapshotTimestamp": "2019-01-01T00:00:00Z" }, "geometry": { "type": "LineString", "coordinates": [ [ 84.752278, 20.1754158 ], [ 84.7537434, 20.188653 ] ] } },
{ "type": "Feature", "properties": { "@osmId": "way/229319308", "@snapshotTimestamp": "2019-01-01T00:00:00Z" }, "geometry": { "type": "LineString", "coordinates": [ [ 84.7537434, 20.188653 ], [ 84.7531018, 20.2040013 ] ] } },
{ "type": "Feature", "properties": { "@osmId": "way/229319296", "@snapshotTimestamp": "2019-01-01T00:00:00Z" }, "geometry": { "type": "LineString", "coordinates": [ [ 84.7531018, 20.2040013 ], [ 84.7533708, 20.2041258 ] ] } },
{ "type": "Feature", "properties": { "@osmId": "way/229319289", "@snapshotTimestamp": "2019-01-01T00:00:00Z" }, "geometry": { "type": "LineString", "coordinates": [ [ 84.7533708, 20.2041258 ], [ 84.8079907, 20.2203961 ], [ 84.8176628, 20.2448615 ] ] } },
{ "type": "Feature", "properties": { "@osmId": "way/218571906", "@snapshotTimestamp": "2019-01-01T00:00:00Z" }, "geometry": { "type": "LineString", "coordinates": [ [ 85.3716685, 19.9057299 ], [ 85.2716738, 19.8226532 ] ] } },
{ "type": "Feature", "properties": { "@osmId": "way/218571910", "@snapshotTimestamp": "2019-01-01T00:00:00Z" }, "geometry": { "type": "LineString", "coordinates": [ [ 85.3721011, 19.9060088 ], [ 85.3716685, 19.9057299 ] ] } },
{ "type": "Feature", "properties": { "@osmId": "way/218571909", "@snapshotTimestamp": "2019-01-01T00:00:00Z" }, "geometry": { "type": "LineString", "coordinates": [ [ 85.3716277, 19.9058327 ], [ 85.3719918, 19.9060683 ] ] } },
{ "type": "Feature", "properties": { "@osmId": "way/22828405", "@snapshotTimestamp": "2019-01-01T00:00:00Z" }, "geometry": { "type": "LineString", "coordinates": [ [ 85.4083654, 19.9425148 ], [ 85.4063904, 19.9471901 ] ] } },
{ "type": "Feature", "properties": { "@osmId": "way/218558328", "@snapshotTimestamp": "2019-01-01T00:00:00Z" }, "geometry": { "type": "LineString", "coordinates": [ [ 85.4063904, 19.9471901 ], [ 85.4062562, 19.9475026 ] ] } },
{ "type": "Feature", "properties": { "@osmId": "way/218557127", "@snapshotTimestamp": "2019-01-01T00:00:00Z" }, "geometry": { "type": "LineString", "coordinates": [ [ 85.5126211, 20.0269339 ], [ 85.3721011, 19.9060088 ] ] } },
{ "type": "Feature", "properties": { "@osmId": "way/218571911", "@snapshotTimestamp": "2019-01-01T00:00:00Z" }, "geometry": { "type": "LineString", "coordinates": [ [ 85.3719918, 19.9060683 ], [ 85.5124324, 20.0271353 ] ] } },
{ "type": "Feature", "properties": { "@osmId": "way/314064335", "@snapshotTimestamp": "2019-01-01T00:00:00Z" }, "geometry": { "type": "LineString", "coordinates": [ [ 85.6164449, 19.9718891 ], [ 85.5482201, 19.9836024 ], [ 85.529935, 20.007446 ] ] } },
{ "type": "Feature", "properties": { "@osmId": "way/598546940", "@snapshotTimestamp": "2019-01-01T00:00:00Z" }, "geometry": { "type": "MultiLineString", "coordinates": [ [ [ 85.5254872, 20.0139189 ], [ 85.529935, 20.007446 ] ], [ [ 85.529935, 20.007446 ], [ 85.529935, 20.0069694 ], [ 85.5299246, 20.0072546 ], [ 85.529935, 20.007446 ] ] ] } },
{ "type": "Feature", "properties": { "@osmId": "way/218557128", "@snapshotTimestamp": "2019-01-01T00:00:00Z" }, "geometry": { "type": "LineString", "coordinates": [ [ 85.5135075, 20.0278085 ], [ 85.5126211, 20.0269339 ] ] } },
{ "type": "Feature", "properties": { "@osmId": "way/218557129", "@snapshotTimestamp": "2019-01-01T00:00:00Z" }, "geometry": { "type": "LineString", "coordinates": [ [ 85.5124324, 20.0271353 ], [ 85.5132898, 20.027959 ] ] } },
{ "type": "Feature", "properties": { "@osmId": "way/561558602", "@snapshotTimestamp": "2019-01-01T00:00:00Z" }, "geometry": { "type": "LineString", "coordinates": [ [ 85.5132898, 20.027959 ], [ 85.5605225, 20.0811557 ] ] } },
{ "type": "Feature", "properties": { "@osmId": "way/86143438", "@snapshotTimestamp": "2019-01-01T00:00:00Z" }, "geometry": { "type": "LineString", "coordinates": [ [ 85.6170133, 20.1678315 ], [ 85.5135075, 20.0278085 ] ] } },
{ "type": "Feature", "properties": { "@osmId": "way/218557130", "@snapshotTimestamp": "2019-01-01T00:00:00Z" }, "geometry": { "type": "LineString", "coordinates": [ [ 85.5132898, 20.027959 ], [ 85.6169667, 20.1679094 ] ] } },
{ "type": "Feature", "properties": { "@osmId": "way/623883695", "@snapshotTimestamp": "2019-01-01T00:00:00Z" }, "geometry": { "type": "LineString", "coordinates": [ [ 85.3116221, 20.1720275 ], [ 85.1775302, 20.1503474 ] ] } },
{ "type": "Feature", "properties": { "@osmId": "way/640983832", "@snapshotTimestamp": "2019-01-01T00:00:00Z" }, "geometry": { "type": "LineString", "coordinates": [ [ 85.3116221, 20.1720275 ], [ 85.3954201, 20.188653 ] ] } },
{ "type": "Feature", "properties": { "@osmId": "way/640983832", "@snapshotTimestamp": "2019-01-01T00:00:00Z" }, "geometry": { "type": "LineString", "coordinates": [ [ 85.3954201, 20.188653 ], [ 85.4842106, 20.2136152 ] ] } },
{ "type": "Feature", "properties": { "@osmId": "way/218284674", "@snapshotTimestamp": "2019-01-01T00:00:00Z" }, "geometry": { "type": "MultiLineString", "coordinates": [ [ [ 85.5137996, 20.2195608 ], [ 85.6097009, 20.188653 ] ], [ [ 85.6389737, 20.188653 ], [ 85.6468254, 20.191637 ] ] ] } },
{ "type": "Feature", "properties": { "@osmId": "way/644549164", "@snapshotTimestamp": "2019-01-01T00:00:00Z" }, "geometry": { "type": "LineString", "coordinates": [ [ 85.4842106, 20.2136152 ], [ 85.4844408, 20.2137245 ] ] } },
{ "type": "Feature", "properties": { "@osmId": "way/644549163", "@snapshotTimestamp": "2019-01-01T00:00:00Z" }, "geometry": { "type": "LineString", "coordinates": [ [ 85.4844408, 20.2137245 ], [ 85.5132328, 20.2195901 ] ] } },
{ "type": "Feature", "properties": { "@osmId": "way/657837953", "@snapshotTimestamp": "2019-01-01T00:00:00Z" }, "geometry": { "type": "LineString", "coordinates": [ [ 85.664294, 20.103046 ], [ 85.6753564, 20.0884144 ] ] } },
{ "type": "Feature", "properties": { "@osmId": "way/563847722", "@snapshotTimestamp": "2019-01-01T00:00:00Z" }, "geometry": { "type": "LineString", "coordinates": [ [ 85.6412861, 20.1373061 ], [ 85.664294, 20.103046 ] ] } },
{ "type": "Feature", "properties": { "@osmId": "way/236074201", "@snapshotTimestamp": "2019-01-01T00:00:00Z" }, "geometry": { "type": "LineString", "coordinates": [ [ 85.7755037, 20.1345079 ], [ 85.7752384, 20.1346276 ] ] } },
{ "type": "Feature", "properties": { "@osmId": "way/236074205", "@snapshotTimestamp": "2019-01-01T00:00:00Z" }, "geometry": { "type": "LineString", "coordinates": [ [ 85.7752384, 20.1346276 ], [ 85.7691303, 20.1379056 ] ] } },
{ "type": "Feature", "properties": { "@osmId": "way/236074203", "@snapshotTimestamp": "2019-01-01T00:00:00Z" }, "geometry": { "type": "LineString", "coordinates": [ [ 85.7691303, 20.1379056 ], [ 85.7684577, 20.1391402 ] ] } },
{ "type": "Feature", "properties": { "@osmId": "way/623472217", "@snapshotTimestamp": "2019-01-01T00:00:00Z" }, "geometry": { "type": "LineString", "coordinates": [ [ 85.6404907, 20.1404904 ], [ 85.6412861, 20.1373061 ] ] } },
{ "type": "Feature", "properties": { "@osmId": "way/623472216", "@snapshotTimestamp": "2019-01-01T00:00:00Z" }, "geometry": { "type": "LineString", "coordinates": [ [ 85.6402913, 20.1416249 ], [ 85.6404907, 20.1404904 ] ] } },
{ "type": "Feature", "properties": { "@osmId": "way/236074204", "@snapshotTimestamp": "2019-01-01T00:00:00Z" }, "geometry": { "type": "LineString", "coordinates": [ [ 85.7684577, 20.1391402 ], [ 85.7116117, 20.1560751 ] ] } },
{ "type": "Feature", "properties": { "@osmId": "way/621537201", "@snapshotTimestamp": "2019-01-01T00:00:00Z" }, "geometry": { "type": "LineString", "coordinates": [ [ 85.6446719, 20.1415979 ], [ 85.6247796, 20.1626599 ] ] } },
{ "type": "Feature", "properties": { "@osmId": "way/228033521", "@snapshotTimestamp": "2019-01-01T00:00:00Z" }, "geometry": { "type": "LineString", "coordinates": [ [ 85.7116117, 20.1560751 ], [ 85.7113302, 20.1563109 ] ] } },
{ "type": "Feature", "properties": { "@osmId": "way/617845586", "@snapshotTimestamp": "2019-01-01T00:00:00Z" }, "geometry": { "type": "LineString", "coordinates": [ [ 85.6058722, 20.1590906 ], [ 85.6057248, 20.1587226 ] ] } },
{ "type": "Feature", "properties": { "@osmId": "way/617845595", "@snapshotTimestamp": "2019-01-01T00:00:00Z" }, "geometry": { "type": "LineString", "coordinates": [ [ 85.617047, 20.1678728 ], [ 85.6247796, 20.1626599 ] ] } },
{ "type": "Feature", "properties": { "@osmId": "way/617845584", "@snapshotTimestamp": "2019-01-01T00:00:00Z" }, "geometry": { "type": "LineString", "coordinates": [ [ 85.6132353, 20.1723189 ], [ 85.6058722, 20.1590906 ] ] } },
{ "type": "Feature", "properties": { "@osmId": "way/617845570", "@snapshotTimestamp": "2019-01-01T00:00:00Z" }, "geometry": { "type": "LineString", "coordinates": [ [ 85.6059194, 20.1585758 ], [ 85.6140943, 20.1735026 ] ] } },
{ "type": "Feature", "properties": { "@osmId": "way/636960106", "@snapshotTimestamp": "2019-01-01T00:00:00Z" }, "geometry": { "type": "LineString", "coordinates": [ [ 85.6170887, 20.1678943 ], [ 85.6170133, 20.1678315 ] ] } },
{ "type": "Feature", "properties": { "@osmId": "way/636960112", "@snapshotTimestamp": "2019-01-01T00:00:00Z" }, "geometry": { "type": "LineString", "coordinates": [ [ 85.6171508, 20.1679447 ], [ 85.6170887, 20.1678943 ] ] } },
{ "type": "Feature", "properties": { "@osmId": "way/636960103", "@snapshotTimestamp": "2019-01-01T00:00:00Z" }, "geometry": { "type": "LineString", "coordinates": [ [ 85.6169667, 20.1679094 ], [ 85.6170339, 20.1679668 ] ] } },
{ "type": "Feature", "properties": { "@osmId": "way/636960113", "@snapshotTimestamp": "2019-01-01T00:00:00Z" }, "geometry": { "type": "LineString", "coordinates": [ [ 85.6180854, 20.1687012 ], [ 85.6171508, 20.1679447 ] ] } },
{ "type": "Feature", "properties": { "@osmId": "way/636960109", "@snapshotTimestamp": "2019-01-01T00:00:00Z" }, "geometry": { "type": "LineString", "coordinates": [ [ 85.6170339, 20.1679668 ], [ 85.6180723, 20.1688104 ] ] } },
{ "type": "Feature", "properties": { "@osmId": "way/617845581", "@snapshotTimestamp": "2019-01-01T00:00:00Z" }, "geometry": { "type": "LineString", "coordinates": [ [ 85.6140028, 20.1657847 ], [ 85.613327, 20.1722832 ] ] } },
{ "type": "Feature", "properties": { "@osmId": "way/617845580", "@snapshotTimestamp": "2019-01-01T00:00:00Z" }, "geometry": { "type": "LineString", "coordinates": [ [ 85.6135447, 20.1727107 ], [ 85.6141409, 20.1656348 ] ] } },
{ "type": "Feature", "properties": { "@osmId": "way/619512697", "@snapshotTimestamp": "2019-01-01T00:00:00Z" }, "geometry": { "type": "LineString", "coordinates": [ [ 85.6108657, 20.1700231 ], [ 85.6109561, 20.1699674 ] ] } },
{ "type": "Feature", "properties": { "@osmId": "way/377572016", "@snapshotTimestamp": "2019-01-01T00:00:00Z" }, "geometry": { "type": "LineString", "coordinates": [ [ 85.617047, 20.1678728 ], [ 85.6142452, 20.1737236 ] ] } },
{ "type": "Feature", "properties": { "@osmId": "way/618567012", "@snapshotTimestamp": "2019-01-01T00:00:00Z" }, "geometry": { "type": "LineString", "coordinates": [ [ 85.6142814, 20.1737303 ], [ 85.6168894, 20.1680747 ] ] } },
{ "type": "Feature", "properties": { "@osmId": "way/228033522", "@snapshotTimestamp": "2019-01-01T00:00:00Z" }, "geometry": { "type": "LineString", "coordinates": [ [ 85.7113302, 20.1563109 ], [ 85.6448245, 20.1858156 ] ] } },
{ "type": "Feature", "properties": { "@osmId": "way/624536126", "@snapshotTimestamp": "2019-01-01T00:00:00Z" }, "geometry": { "type": "LineString", "coordinates": [ [ 85.6322973, 20.1736043 ], [ 85.6180854, 20.1687012 ] ] } },
{ "type": "Feature", "properties": { "@osmId": "way/624536134", "@snapshotTimestamp": "2019-01-01T00:00:00Z" }, "geometry": { "type": "LineString", "coordinates": [ [ 85.6180723, 20.1688104 ], [ 85.6322508, 20.1737266 ] ] } },
{ "type": "Feature", "properties": { "@osmId": "way/620571467", "@snapshotTimestamp": "2019-01-01T00:00:00Z" }, "geometry": { "type": "LineString", "coordinates": [ [ 85.6133834, 20.1723336 ], [ 85.6132297, 20.172405 ] ] } },
{ "type": "Feature", "properties": { "@osmId": "way/617845583", "@snapshotTimestamp": "2019-01-01T00:00:00Z" }, "geometry": { "type": "LineString", "coordinates": [ [ 85.6133904, 20.17244 ], [ 85.6132924, 20.1724658 ] ] } },
{ "type": "Feature", "properties": { "@osmId": "way/620574292", "@snapshotTimestamp": "2019-01-01T00:00:00Z" }, "geometry": { "type": "LineString", "coordinates": [ [ 85.6142452, 20.1737236 ], [ 85.6140943, 20.1735026 ] ] } },
{ "type": "Feature", "properties": { "@osmId": "way/620574288", "@snapshotTimestamp": "2019-01-01T00:00:00Z" }, "geometry": { "type": "LineString", "coordinates": [ [ 85.6140943, 20.1735026 ], [ 85.6141721, 20.1737563 ] ] } },
{ "type": "Feature", "properties": { "@osmId": "way/624536128", "@snapshotTimestamp": "2019-01-01T00:00:00Z" }, "geometry": { "type": "LineString", "coordinates": [ [ 85.6327148, 20.1737052 ], [ 85.6322973, 20.1736043 ] ] } },
{ "type": "Feature", "properties": { "@osmId": "way/620574290", "@snapshotTimestamp": "2019-01-01T00:00:00Z" }, "geometry": { "type": "LineString", "coordinates": [ [ 85.6143118, 20.1738219 ], [ 85.6141721, 20.1737563 ] ] } },
{ "type": "Feature", "properties": { "@osmId": "way/624536131", "@snapshotTimestamp": "2019-01-01T00:00:00Z" }, "geometry": { "type": "LineString", "coordinates": [ [ 85.6322508, 20.1737266 ], [ 85.6326865, 20.1738308 ] ] } },
{ "type": "Feature", "properties": { "@osmId": "way/617845579", "@snapshotTimestamp": "2019-01-01T00:00:00Z" }, "geometry": { "type": "LineString", "coordinates": [ [ 85.6141721, 20.1737563 ], [ 85.6143118, 20.1738219 ] ] } },
{ "type": "Feature", "properties": { "@osmId": "way/620574295", "@snapshotTimestamp": "2019-01-01T00:00:00Z" }, "geometry": { "type": "LineString", "coordinates": [ [ 85.6142594, 20.1738629 ], [ 85.6150502, 20.1752562 ] ] } },
{ "type": "Feature", "properties": { "@osmId": "way/617845577", "@snapshotTimestamp": "2019-01-01T00:00:00Z" }, "geometry": { "type": "LineString", "coordinates": [ [ 85.6131125, 20.1753492 ], [ 85.6142201, 20.173865 ] ] } },
{ "type": "Feature", "properties": { "@osmId": "way/622812217", "@snapshotTimestamp": "2019-01-01T00:00:00Z" }, "geometry": { "type": "LineString", "coordinates": [ [ 85.6431133, 20.1822787 ], [ 85.6287911, 20.1727593 ] ] } },
{ "type": "Feature", "properties": { "@osmId": "way/377572018", "@snapshotTimestamp": "2019-01-01T00:00:00Z" }, "geometry": { "type": "LineString", "coordinates": [ [ 85.6234029, 20.1714421 ], [ 85.6244799, 20.185255 ] ] } },
{ "type": "Feature", "properties": { "@osmId": "way/617845573", "@snapshotTimestamp": "2019-01-01T00:00:00Z" }, "geometry": { "type": "LineString", "coordinates": [ [ 85.6203624, 20.1833918 ], [ 85.6143118, 20.1738219 ] ] } },
{ "type": "Feature", "properties": { "@osmId": "way/617845578", "@snapshotTimestamp": "2019-01-01T00:00:00Z" }, "geometry": { "type": "LineString", "coordinates": [ [ 85.6150502, 20.1752562 ], [ 85.6208434, 20.1842542 ] ] } },
{ "type": "Feature", "properties": { "@osmId": "way/237807544", "@snapshotTimestamp": "2019-01-01T00:00:00Z" }, "geometry": { "type": "LineString", "coordinates": [ [ 85.6444975, 20.1858206 ], [ 85.6327148, 20.1737052 ] ] } },
{ "type": "Feature", "properties": { "@osmId": "way/258631460", "@snapshotTimestamp": "2019-01-01T00:00:00Z" }, "geometry": { "type": "LineString", "coordinates": [ [ 85.6326865, 20.1738308 ], [ 85.6443984, 20.1858493 ] ] } },
{ "type": "Feature", "properties": { "@osmId": "way/618567013", "@snapshotTimestamp": "2019-01-01T00:00:00Z" }, "geometry": { "type": "LineString", "coordinates": [ [ 85.6141696, 20.1738061 ], [ 85.6119102, 20.1878969 ] ] } },
{ "type": "Feature", "properties": { "@osmId": "way/378081480", "@snapshotTimestamp": "2019-01-01T00:00:00Z" }, "geometry": { "type": "LineString", "coordinates": [ [ 85.6118401, 20.187199 ], [ 85.6131125, 20.1753492 ] ] } },
{ "type": "Feature", "properties": { "@osmId": "way/619933819", "@snapshotTimestamp": "2019-01-01T00:00:00Z" }, "geometry": { "type": "LineString", "coordinates": [ [ 85.6225651, 20.1836055 ], [ 85.6239171, 20.1830443 ] ] } },
{ "type": "Feature", "properties": { "@osmId": "way/620571470", "@snapshotTimestamp": "2019-01-01T00:00:00Z" }, "geometry": { "type": "LineString", "coordinates": [ [ 85.6212777, 20.1847076 ], [ 85.6203624, 20.1833918 ] ] } },
{ "type": "Feature", "properties": { "@osmId": "way/602565095", "@snapshotTimestamp": "2019-01-01T00:00:00Z" }, "geometry": { "type": "LineString", "coordinates": [ [ 85.6225651, 20.1836055 ], [ 85.6213306, 20.1847278 ] ] } },
{ "type": "Feature", "properties": { "@osmId": "way/620571469", "@snapshotTimestamp": "2019-01-01T00:00:00Z" }, "geometry": { "type": "LineString", "coordinates": [ [ 85.6208434, 20.1842542 ], [ 85.6212095, 20.1847379 ] ] } },
{ "type": "Feature", "properties": { "@osmId": "way/620571471", "@snapshotTimestamp": "2019-01-01T00:00:00Z" }, "geometry": { "type": "LineString", "coordinates": [ [ 85.6213306, 20.1847278 ], [ 85.6212095, 20.1847379 ] ] } },
{ "type": "Feature", "properties": { "@osmId": "way/620571468", "@snapshotTimestamp": "2019-01-01T00:00:00Z" }, "geometry": { "type": "LineString", "coordinates": [ [ 85.6212655, 20.1848823 ], [ 85.6213306, 20.1847278 ] ] } },
{ "type": "Feature", "properties": { "@osmId": "way/617845572", "@snapshotTimestamp": "2019-01-01T00:00:00Z" }, "geometry": { "type": "LineString", "coordinates": [ [ 85.6212095, 20.1847379 ], [ 85.6212655, 20.1848823 ] ] } },
{ "type": "Feature", "properties": { "@osmId": "way/378081475", "@snapshotTimestamp": "2019-01-01T00:00:00Z" }, "geometry": { "type": "LineString", "coordinates": [ [ 85.622056, 20.1858801 ], [ 85.6213265, 20.1848766 ] ] } },
{ "type": "Feature", "properties": { "@osmId": "way/622056111", "@snapshotTimestamp": "2019-01-01T00:00:00Z" }, "geometry": { "type": "LineString", "coordinates": [ [ 85.6439183, 20.1849575 ], [ 85.6441317, 20.1860109 ] ] } },
{ "type": "Feature", "properties": { "@osmId": "way/622056108", "@snapshotTimestamp": "2019-01-01T00:00:00Z" }, "geometry": { "type": "LineString", "coordinates": [ [ 85.6447698, 20.1857585 ], [ 85.6445666, 20.185469 ] ] } },
{ "type": "Feature", "properties": { "@osmId": "way/378081478", "@snapshotTimestamp": "2019-01-01T00:00:00Z" }, "geometry": { "type": "LineString", "coordinates": [ [ 85.6246029, 20.1859767 ], [ 85.6244799, 20.185255 ] ] } },
{ "type": "Feature", "properties": { "@osmId": "way/622056106", "@snapshotTimestamp": "2019-01-01T00:00:00Z" }, "geometry": { "type": "LineString", "coordinates": [ [ 85.644721, 20.1859604 ], [ 85.644646, 20.1858244 ] ] } },
{ "type": "Feature", "properties": { "@osmId": "way/237807543", "@snapshotTimestamp": "2019-01-01T00:00:00Z" }, "geometry": { "type": "LineString", "coordinates": [ [ 85.6445765, 20.1860305 ], [ 85.6444975, 20.1858206 ] ] } },
{ "type": "Feature", "properties": { "@osmId": "way/622056115", "@snapshotTimestamp": "2019-01-01T00:00:00Z" }, "geometry": { "type": "LineString", "coordinates": [ [ 85.644646, 20.1858244 ], [ 85.6441416, 20.186053 ] ] } },
{ "type": "Feature", "properties": { "@osmId": "way/237807545", "@snapshotTimestamp": "2019-01-01T00:00:00Z" }, "geometry": { "type": "LineString", "coordinates": [ [ 85.6443984, 20.1858493 ], [ 85.6444773, 20.1860621 ] ] } },
{ "type": "Feature", "properties": { "@osmId": "way/622056113", "@snapshotTimestamp": "2019-01-01T00:00:00Z" }, "geometry": { "type": "LineString", "coordinates": [ [ 85.6441644, 20.1860793 ], [ 85.6446696, 20.1859166 ] ] } },
{ "type": "Feature", "properties": { "@osmId": "way/618312782", "@snapshotTimestamp": "2019-01-01T00:00:00Z" }, "geometry": { "type": "LineString", "coordinates": [ [ 85.6223041, 20.186223 ], [ 85.622056, 20.1858801 ] ] } },
{ "type": "Feature", "properties": { "@osmId": "way/622056120", "@snapshotTimestamp": "2019-01-01T00:00:00Z" }, "geometry": { "type": "LineString", "coordinates": [ [ 85.6441317, 20.1860109 ], [ 85.6436347, 20.1862283 ] ] } },
{ "type": "Feature", "properties": { "@osmId": "way/622056110", "@snapshotTimestamp": "2019-01-01T00:00:00Z" }, "geometry": { "type": "LineString", "coordinates": [ [ 85.6449088, 20.1863645 ], [ 85.644823, 20.1859226 ] ] } },
{ "type": "Feature", "properties": { "@osmId": "way/618312786", "@snapshotTimestamp": "2019-01-01T00:00:00Z" }, "geometry": { "type": "LineString", "coordinates": [ [ 85.6222371, 20.1862559 ], [ 85.6221635, 20.1860432 ] ] } },
{ "type": "Feature", "properties": { "@osmId": "way/622056118", "@snapshotTimestamp": "2019-01-01T00:00:00Z" }, "geometry": { "type": "LineString", "coordinates": [ [ 85.6436347, 20.1862283 ], [ 85.6441644, 20.1860793 ] ] } },
{ "type": "Feature", "properties": { "@osmId": "way/618312784", "@snapshotTimestamp": "2019-01-01T00:00:00Z" }, "geometry": { "type": "LineString", "coordinates": [ [ 85.6223275, 20.1862469 ], [ 85.6224994, 20.1862967 ] ] } },
{ "type": "Feature", "properties": { "@osmId": "way/618312780", "@snapshotTimestamp": "2019-01-01T00:00:00Z" }, "geometry": { "type": "LineString", "coordinates": [ [ 85.622285, 20.1863367 ], [ 85.622342, 20.186299 ], [ 85.6223041, 20.186223 ], [ 85.6222371, 20.1862559 ], [ 85.622285, 20.1863367 ] ] } },
{ "type": "Feature", "properties": { "@osmId": "way/622056116", "@snapshotTimestamp": "2019-01-01T00:00:00Z" }, "geometry": { "type": "LineString", "coordinates": [ [ 85.6441416, 20.186053 ], [ 85.6444712, 20.1865582 ] ] } },
{ "type": "Feature", "properties": { "@osmId": "way/618312787", "@snapshotTimestamp": "2019-01-01T00:00:00Z" }, "geometry": { "type": "LineString", "coordinates": [ [ 85.6222108, 20.1863808 ], [ 85.6222399, 20.1863037 ] ] } },
{ "type": "Feature", "properties": { "@osmId": "way/218284674", "@snapshotTimestamp": "2019-01-01T00:00:00Z" }, "geometry": { "type": "LineString", "coordinates": [ [ 85.6097009, 20.188653 ], [ 85.6389737, 20.188653 ] ] } },
{ "type": "Feature", "properties": { "@osmId": "way/218533005", "@snapshotTimestamp": "2019-01-01T00:00:00Z" }, "geometry": { "type": "LineString", "coordinates": [ [ 85.6378434, 20.1884048 ], [ 85.6436347, 20.1862283 ] ] } },
{ "type": "Feature", "properties": { "@osmId": "way/86143435", "@snapshotTimestamp": "2019-01-01T00:00:00Z" }, "geometry": { "type": "LineString", "coordinates": [ [ 85.6455618, 20.188653 ], [ 85.6445765, 20.1860305 ] ] } },
{ "type": "Feature", "properties": { "@osmId": "way/237807546", "@snapshotTimestamp": "2019-01-01T00:00:00Z" }, "geometry": { "type": "LineString", "coordinates": [ [ 85.6444773, 20.1860621 ], [ 85.6454558, 20.188653 ] ] } },
{ "type": "Feature", "properties": { "@osmId": "way/618567030", "@snapshotTimestamp": "2019-01-01T00:00:00Z" }, "geometry": { "type": "LineString", "coordinates": [ [ 85.6120212, 20.1879761 ], [ 85.6118401, 20.187199 ] ] } },
{ "type": "Feature", "properties": { "@osmId": "way/26754397", "@snapshotTimestamp": "2019-01-01T00:00:00Z" }, "geometry": { "type": "LineString", "coordinates": [ [ 85.7909193, 20.188653 ], [ 85.7904982, 20.186895 ] ] } },
{ "type": "Feature", "properties": { "@osmId": "way/618567032", "@snapshotTimestamp": "2019-01-01T00:00:00Z" }, "geometry": { "type": "LineString", "coordinates": [ [ 85.6119077, 20.1879443 ], [ 85.6119527, 20.1879257 ] ] } },
{ "type": "Feature", "properties": { "@osmId": "way/618567029", "@snapshotTimestamp": "2019-01-01T00:00:00Z" }, "geometry": { "type": "LineString", "coordinates": [ [ 85.6118503, 20.1880282 ], [ 85.6119102, 20.1878969 ] ] } },
{ "type": "Feature", "properties": { "@osmId": "way/86143435", "@snapshotTimestamp": "2019-01-01T00:00:00Z" }, "geometry": { "type": "LineString", "coordinates": [ [ 85.6472396, 20.1916684 ], [ 85.6455618, 20.188653 ] ] } },
{ "type": "Feature", "properties": { "@osmId": "way/237807546", "@snapshotTimestamp": "2019-01-01T00:00:00Z" }, "geometry": { "type": "LineString", "coordinates": [ [ 85.6454558, 20.188653 ], [ 85.6471638, 20.1917463 ] ] } },
{ "type": "Feature", "properties": { "@osmId": "way/218533009", "@snapshotTimestamp": "2019-01-01T00:00:00Z" }, "geometry": { "type": "LineString", "coordinates": [ [ 85.6923488, 20.2089616 ], [ 85.773791, 20.2445355 ] ] } },
{ "type": "Feature", "properties": { "@osmId": "way/286065168", "@snapshotTimestamp": "2019-01-01T00:00:00Z" }, "geometry": { "type": "LineString", "coordinates": [ [ 85.7737884, 20.2444466 ], [ 85.7396518, 20.2313801 ] ] } },
{ "type": "Feature", "properties": { "@osmId": "way/286065164", "@snapshotTimestamp": "2019-01-01T00:00:00Z" }, "geometry": { "type": "LineString", "coordinates": [ [ 85.7825436, 20.2472946 ], [ 85.7737884, 20.2444466 ] ] } },
{ "type": "Feature", "properties": { "@osmId": "way/286065172", "@snapshotTimestamp": "2019-01-01T00:00:00Z" }, "geometry": { "type": "LineString", "coordinates": [ [ 85.773791, 20.2445355 ], [ 85.7824673, 20.247359 ] ] } },
{ "type": "Feature", "properties": { "@osmId": "way/44948644", "@snapshotTimestamp": "2019-01-01T00:00:00Z" }, "geometry": { "type": "LineString", "coordinates": [ [ 85.7891081, 20.2593598 ], [ 85.7825436, 20.2472946 ] ] } },
{ "type": "Feature", "properties": { "@osmId": "way/286065167", "@snapshotTimestamp": "2019-01-01T00:00:00Z" }, "geometry": { "type": "LineString", "coordinates": [ [ 85.7824673, 20.247359 ], [ 85.7890273, 20.2593985 ] ] } },
{ "type": "Feature", "properties": { "@osmId": "way/230574625", "@snapshotTimestamp": "2019-01-01T00:00:00Z" }, "geometry": { "type": "LineString", "coordinates": [ [ 85.7947762, 20.257387 ], [ 85.8040428, 20.2539369 ] ] } },
{ "type": "Feature", "properties": { "@osmId": "way/252236396", "@snapshotTimestamp": "2019-01-01T00:00:00Z" }, "geometry": { "type": "LineString", "coordinates": [ [ 85.7947762, 20.257387 ], [ 85.7890803, 20.2593005 ] ] } },
{ "type": "Feature", "properties": { "@osmId": "way/252236395", "@snapshotTimestamp": "2019-01-01T00:00:00Z" }, "geometry": { "type": "LineString", "coordinates": [ [ 85.7891081, 20.2593598 ], [ 85.7947762, 20.257387 ] ] } },
{ "type": "Feature", "properties": { "@osmId": "way/230574629", "@snapshotTimestamp": "2019-01-01T00:00:00Z" }, "geometry": { "type": "LineString", "coordinates": [ [ 85.7858191, 20.253589 ], [ 85.7912261, 20.2644315 ] ] } },
{ "type": "Feature", "properties": { "@osmId": "way/364407190", "@snapshotTimestamp": "2019-01-01T00:00:00Z" }, "geometry": { "type": "LineString", "coordinates": [ [ 85.8271472, 20.2442765 ], [ 85.8262774, 20.2432752 ] ] } },
{ "type": "Feature", "properties": { "@osmId": "way/90617087", "@snapshotTimestamp": "2019-01-01T00:00:00Z" }, "geometry": { "type": "LineString", "coordinates": [ [ 85.8040428, 20.2539369 ], [ 85.8113385, 20.2372022 ] ] } },
{ "type": "Feature", "properties": { "@osmId": "way/478819186", "@snapshotTimestamp": "2019-01-01T00:00:00Z" }, "geometry": { "type": "LineString", "coordinates": [ [ 85.8264136, 20.246929 ], [ 85.8271472, 20.2442765 ] ] } },
{ "type": "Feature", "properties": { "@osmId": "way/26755008", "@snapshotTimestamp": "2019-01-01T00:00:00Z" }, "geometry": { "type": "LineString", "coordinates": [ [ 85.8248431, 20.2526459 ], [ 85.8264136, 20.246929 ] ] } },
{ "type": "Feature", "properties": { "@osmId": "way/26764948", "@snapshotTimestamp": "2019-01-01T00:00:00Z" }, "geometry": { "type": "LineString", "coordinates": [ [ 85.8262581, 20.2555774 ], [ 85.8248431, 20.2526459 ] ] } },
{ "type": "Feature", "properties": { "@osmId": "way/364407184", "@snapshotTimestamp": "2019-01-01T00:00:00Z" }, "geometry": { "type": "LineString", "coordinates": [ [ 85.8262581, 20.2555774 ], [ 85.8315545, 20.2549239 ] ] } },
{ "type": "Feature", "properties": { "@osmId": "way/26764919", "@snapshotTimestamp": "2019-01-01T00:00:00Z" }, "geometry": { "type": "LineString", "coordinates": [ [ 85.8262581, 20.2555774 ], [ 85.8231006, 20.2572665 ] ] } },
{ "type": "Feature", "properties": { "@osmId": "way/478247543", "@snapshotTimestamp": "2019-01-01T00:00:00Z" }, "geometry": { "type": "LineString", "coordinates": [ [ 85.8231006, 20.2572665 ], [ 85.8228489, 20.2573847 ] ] } },
{ "type": "Feature", "properties": { "@osmId": "way/478247544", "@snapshotTimestamp": "2019-01-01T00:00:00Z" }, "geometry": { "type": "LineString", "coordinates": [ [ 85.8229022, 20.2574603 ], [ 85.8231006, 20.2572665 ] ] } },
{ "type": "Feature", "properties": { "@osmId": "way/478247549", "@snapshotTimestamp": "2019-01-01T00:00:00Z" }, "geometry": { "type": "LineString", "coordinates": [ [ 85.8227994, 20.257528 ], [ 85.8229022, 20.2574603 ] ] } },
{ "type": "Feature", "properties": { "@osmId": "way/367932817", "@snapshotTimestamp": "2019-01-01T00:00:00Z" }, "geometry": { "type": "LineString", "coordinates": [ [ 85.8460809, 20.2446989 ], [ 85.8464154, 20.2446622 ] ] } },
{ "type": "Feature", "properties": { "@osmId": "way/367932805", "@snapshotTimestamp": "2019-01-01T00:00:00Z" }, "geometry": { "type": "LineString", "coordinates": [ [ 85.8457275, 20.2447349 ], [ 85.8460809, 20.2446989 ] ] } },
{ "type": "Feature", "properties": { "@osmId": "way/26755410", "@snapshotTimestamp": "2019-01-01T00:00:00Z" }, "geometry": { "type": "LineString", "coordinates": [ [ 85.8457275, 20.2447349 ], [ 85.8360127, 20.2452771 ] ] } },
{ "type": "Feature", "properties": { "@osmId": "way/658700019", "@snapshotTimestamp": "2019-01-01T00:00:00Z" }, "geometry": { "type": "LineString", "coordinates": [ [ 85.8407953, 20.2573733 ], [ 85.8411786, 20.238739 ] ] } },
{ "type": "Feature", "properties": { "@osmId": "way/174418041", "@snapshotTimestamp": "2019-01-01T00:00:00Z" }, "geometry": { "type": "LineString", "coordinates": [ [ 85.8360127, 20.2452771 ], [ 85.836351, 20.2526487 ] ] } },
{ "type": "Feature", "properties": { "@osmId": "way/478371819", "@snapshotTimestamp": "2019-01-01T00:00:00Z" }, "geometry": { "type": "LineString", "coordinates": [ [ 85.8411786, 20.238739 ], [ 85.8454978, 20.2636528 ] ] } },
{ "type": "Feature", "properties": { "@osmId": "way/174417954", "@snapshotTimestamp": "2019-01-01T00:00:00Z" }, "geometry": { "type": "LineString", "coordinates": [ [ 85.836351, 20.2526487 ], [ 85.8357866, 20.2527538 ] ] } },
{ "type": "Feature", "properties": { "@osmId": "way/478820600", "@snapshotTimestamp": "2019-01-01T00:00:00Z" }, "geometry": { "type": "LineString", "coordinates": [ [ 85.83629, 20.25358 ], [ 85.836351, 20.2526487 ] ] } },
{ "type": "Feature", "properties": { "@osmId": "way/230927120", "@snapshotTimestamp": "2019-01-01T00:00:00Z" }, "geometry": { "type": "LineString", "coordinates": [ [ 85.8357866, 20.2527538 ], [ 85.8338411, 20.2537441 ] ] } },
{ "type": "Feature", "properties": { "@osmId": "way/478820601", "@snapshotTimestamp": "2019-01-01T00:00:00Z" }, "geometry": { "type": "LineString", "coordinates": [ [ 85.8366367, 20.2538326 ], [ 85.83629, 20.25358 ] ] } },
{ "type": "Feature", "properties": { "@osmId": "way/45009653", "@snapshotTimestamp": "2019-01-01T00:00:00Z" }, "geometry": { "type": "LineString", "coordinates": [ [ 85.8659122, 20.2026715 ], [ 85.8619962, 20.2021782 ] ] } },
{ "type": "Feature", "properties": { "@osmId": "way/478260908", "@snapshotTimestamp": "2019-01-01T00:00:00Z" }, "geometry": { "type": "LineString", "coordinates": [ [ 85.8502731, 20.2066177 ], [ 85.8578896, 20.1993543 ] ] } },
{ "type": "Feature", "properties": { "@osmId": "way/568707031", "@snapshotTimestamp": "2019-01-01T00:00:00Z" }, "geometry": { "type": "LineString", "coordinates": [ [ 85.8502731, 20.2066177 ], [ 85.8578896, 20.1993543 ] ] } },
{ "type": "Feature", "properties": { "@osmId": "way/45009693", "@snapshotTimestamp": "2019-01-01T00:00:00Z" }, "geometry": { "type": "LineString", "coordinates": [ [ 85.8782825, 20.2033059 ], [ 85.8786955, 20.2032067 ] ] } },
{ "type": "Feature", "properties": { "@osmId": "way/45009694", "@snapshotTimestamp": "2019-01-01T00:00:00Z" }, "geometry": { "type": "LineString", "coordinates": [ [ 85.8782825, 20.2033059 ], [ 85.8659122, 20.2026715 ] ] } },
{ "type": "Feature", "properties": { "@osmId": "way/478254540", "@snapshotTimestamp": "2019-01-01T00:00:00Z" }, "geometry": { "type": "LineString", "coordinates": [ [ 85.8538803, 20.2138043 ], [ 85.8534545, 20.2143057 ] ] } },
{ "type": "Feature", "properties": { "@osmId": "way/478811049", "@snapshotTimestamp": "2019-01-01T00:00:00Z" }, "geometry": { "type": "LineString", "coordinates": [ [ 85.8600069, 20.2425394 ], [ 85.8536154, 20.2133214 ] ] } },
{ "type": "Feature", "properties": { "@osmId": "way/367555141", "@snapshotTimestamp": "2019-01-01T00:00:00Z" }, "geometry": { "type": "LineString", "coordinates": [ [ 85.8544799, 20.243854 ], [ 85.8600069, 20.2425394 ] ] } },
{ "type": "Feature", "properties": { "@osmId": "way/605579941", "@snapshotTimestamp": "2019-01-01T00:00:00Z" }, "geometry": { "type": "LineString", "coordinates": [ [ 85.8718004, 20.274674 ], [ 85.8600069, 20.2425394 ] ] } },
{ "type": "Feature", "properties": { "@osmId": "way/464260872", "@snapshotTimestamp": "2019-01-01T00:00:00Z" }, "geometry": { "type": "LineString", "coordinates": [ [ 85.8535256, 20.2134564 ], [ 85.8727752, 20.3098921 ] ] } },
{ "type": "Feature", "properties": { "@osmId": "way/478820599", "@snapshotTimestamp": "2019-01-01T00:00:00Z" }, "geometry": { "type": "LineString", "coordinates": [ [ 85.83841, 20.25469 ], [ 85.8366367, 20.2538326 ] ] } },
{ "type": "Feature", "properties": { "@osmId": "way/230927116", "@snapshotTimestamp": "2019-01-01T00:00:00Z" }, "geometry": { "type": "LineString", "coordinates": [ [ 85.8338411, 20.2537441 ], [ 85.8320342, 20.2549532 ] ] } },
{ "type": "Feature", "properties": { "@osmId": "way/478249499", "@snapshotTimestamp": "2019-01-01T00:00:00Z" }, "geometry": { "type": "LineString", "coordinates": [ [ 85.8318115, 20.2551001 ], [ 85.8315545, 20.2549239 ] ] } },
{ "type": "Feature", "properties": { "@osmId": "way/230927119", "@snapshotTimestamp": "2019-01-01T00:00:00Z" }, "geometry": { "type": "LineString", "coordinates": [ [ 85.8320342, 20.2549532 ], [ 85.8318115, 20.2551001 ] ] } },
{ "type": "Feature", "properties": { "@osmId": "way/478250388", "@snapshotTimestamp": "2019-01-01T00:00:00Z" }, "geometry": { "type": "LineString", "coordinates": [ [ 85.8318969, 20.2552408 ], [ 85.8320342, 20.2549532 ] ] } },
{ "type": "Feature", "properties": { "@osmId": "way/478249498", "@snapshotTimestamp": "2019-01-01T00:00:00Z" }, "geometry": { "type": "LineString", "coordinates": [ [ 85.8315545, 20.2549239 ], [ 85.8317228, 20.2552883 ] ] } },
{ "type": "Feature", "properties": { "@osmId": "way/26755276", "@snapshotTimestamp": "2019-01-01T00:00:00Z" }, "geometry": { "type": "LineString", "coordinates": [ [ 85.8402383, 20.2563624 ], [ 85.83841, 20.25469 ] ] } },
{ "type": "Feature", "properties": { "@osmId": "way/478372942", "@snapshotTimestamp": "2019-01-01T00:00:00Z" }, "geometry": { "type": "LineString", "coordinates": [ [ 85.8398194, 20.2559142 ], [ 85.8403122, 20.255871 ] ] } },
{ "type": "Feature", "properties": { "@osmId": "way/170090970", "@snapshotTimestamp": "2019-01-01T00:00:00Z" }, "geometry": { "type": "LineString", "coordinates": [ [ 85.8360199, 20.2605884 ], [ 85.8318115, 20.2551001 ] ] } },
{ "type": "Feature", "properties": { "@osmId": "way/463853054", "@snapshotTimestamp": "2019-01-01T00:00:00Z" }, "geometry": { "type": "LineString", "coordinates": [ [ 85.8317228, 20.2552883 ], [ 85.8358938, 20.2607984 ] ] } },
{ "type": "Feature", "properties": { "@osmId": "way/170090974", "@snapshotTimestamp": "2019-01-01T00:00:00Z" }, "geometry": { "type": "LineString", "coordinates": [ [ 85.8414967, 20.2581897 ], [ 85.8391834, 20.2598022 ] ] } },
{ "type": "Feature", "properties": { "@osmId": "way/466600300", "@snapshotTimestamp": "2019-01-01T00:00:00Z" }, "geometry": { "type": "LineString", "coordinates": [ [ 85.8392252, 20.2598843 ], [ 85.8415654, 20.2582623 ] ] } },
{ "type": "Feature", "properties": { "@osmId": "way/466600301", "@snapshotTimestamp": "2019-01-01T00:00:00Z" }, "geometry": { "type": "LineString", "coordinates": [ [ 85.8391834, 20.2598022 ], [ 85.8387864, 20.2600484 ] ] } },
{ "type": "Feature", "properties": { "@osmId": "way/466600299", "@snapshotTimestamp": "2019-01-01T00:00:00Z" }, "geometry": { "type": "LineString", "coordinates": [ [ 85.8388512, 20.2601213 ], [ 85.8392252, 20.2598843 ] ] } },
{ "type": "Feature", "properties": { "@osmId": "way/478372781", "@snapshotTimestamp": "2019-01-01T00:00:00Z" }, "geometry": { "type": "LineString", "coordinates": [ [ 85.845587, 20.2635817 ], [ 85.8407953, 20.2573733 ] ] } },
{ "type": "Feature", "properties": { "@osmId": "way/466600302", "@snapshotTimestamp": "2019-01-01T00:00:00Z" }, "geometry": { "type": "LineString", "coordinates": [ [ 85.8387864, 20.2600484 ], [ 85.8365717, 20.2612113 ] ] } },
{ "type": "Feature", "properties": { "@osmId": "way/279088742", "@snapshotTimestamp": "2019-01-01T00:00:00Z" }, "geometry": { "type": "LineString", "coordinates": [ [ 85.8360199, 20.2605884 ], [ 85.8358938, 20.2607984 ] ] } },
{ "type": "Feature", "properties": { "@osmId": "way/279088746", "@snapshotTimestamp": "2019-01-01T00:00:00Z" }, "geometry": { "type": "LineString", "coordinates": [ [ 85.8369579, 20.2616769 ], [ 85.8388512, 20.2601213 ] ] } },
{ "type": "Feature", "properties": { "@osmId": "way/279088748", "@snapshotTimestamp": "2019-01-01T00:00:00Z" }, "geometry": { "type": "LineString", "coordinates": [ [ 85.8365717, 20.2612113 ], [ 85.8360199, 20.2605884 ] ] } },
{ "type": "Feature", "properties": { "@osmId": "way/464647317", "@snapshotTimestamp": "2019-01-01T00:00:00Z" }, "geometry": { "type": "LineString", "coordinates": [ [ 85.8358938, 20.2607984 ], [ 85.8363084, 20.2613502 ] ] } },
{ "type": "Feature", "properties": { "@osmId": "way/26755555", "@snapshotTimestamp": "2019-01-01T00:00:00Z" }, "geometry": { "type": "LineString", "coordinates": [ [ 85.8318115, 20.2551001 ], [ 85.8248432, 20.2601509 ] ] } },
{ "type": "Feature", "properties": { "@osmId": "way/478249500", "@snapshotTimestamp": "2019-01-01T00:00:00Z" }, "geometry": { "type": "LineString", "coordinates": [ [ 85.8249058, 20.2602306 ], [ 85.8318969, 20.2552408 ] ] } },
{ "type": "Feature", "properties": { "@osmId": "way/478247547", "@snapshotTimestamp": "2019-01-01T00:00:00Z" }, "geometry": { "type": "LineString", "coordinates": [ [ 85.8227994, 20.257528 ], [ 85.8249058, 20.2602306 ] ] } },
{ "type": "Feature", "properties": { "@osmId": "way/292050680", "@snapshotTimestamp": "2019-01-01T00:00:00Z" }, "geometry": { "type": "LineString", "coordinates": [ [ 85.8298268, 20.2663179 ], [ 85.8229022, 20.2574603 ] ] } },
{ "type": "Feature", "properties": { "@osmId": "way/478247546", "@snapshotTimestamp": "2019-01-01T00:00:00Z" }, "geometry": { "type": "LineString", "coordinates": [ [ 85.8228489, 20.2573847 ], [ 85.8108121, 20.2670091 ] ] } },
{ "type": "Feature", "properties": { "@osmId": "way/478247200", "@snapshotTimestamp": "2019-01-01T00:00:00Z" }, "geometry": { "type": "LineString", "coordinates": [ [ 85.8108664, 20.2671111 ], [ 85.8227994, 20.257528 ] ] } },
{ "type": "Feature", "properties": { "@osmId": "way/478249501", "@snapshotTimestamp": "2019-01-01T00:00:00Z" }, "geometry": { "type": "LineString", "coordinates": [ [ 85.8249058, 20.2602306 ], [ 85.8297189, 20.2663811 ] ] } },
{ "type": "Feature", "properties": { "@osmId": "way/292050685", "@snapshotTimestamp": "2019-01-01T00:00:00Z" }, "geometry": { "type": "LineString", "coordinates": [ [ 85.8276372, 20.2637086 ], [ 85.8277328, 20.2636365 ] ] } },
{ "type": "Feature", "properties": { "@osmId": "way/170090972", "@snapshotTimestamp": "2019-01-01T00:00:00Z" }, "geometry": { "type": "LineString", "coordinates": [ [ 85.8298897, 20.2665874 ], [ 85.8310443, 20.2657526 ] ] } },
{ "type": "Feature", "properties": { "@osmId": "way/26764960", "@snapshotTimestamp": "2019-01-01T00:00:00Z" }, "geometry": { "type": "LineString", "coordinates": [ [ 85.8297189, 20.2663811 ], [ 85.8298897, 20.2665874 ] ] } },
{ "type": "Feature", "properties": { "@osmId": "way/463852499", "@snapshotTimestamp": "2019-01-01T00:00:00Z" }, "geometry": { "type": "LineString", "coordinates": [ [ 85.8363084, 20.2613502 ], [ 85.83668, 20.2618761 ] ] } },
{ "type": "Feature", "properties": { "@osmId": "way/279088741", "@snapshotTimestamp": "2019-01-01T00:00:00Z" }, "geometry": { "type": "LineString", "coordinates": [ [ 85.8384692, 20.2602496 ], [ 85.8345762, 20.2630535 ] ] } },
{ "type": "Feature", "properties": { "@osmId": "way/279088738", "@snapshotTimestamp": "2019-01-01T00:00:00Z" }, "geometry": { "type": "LineString", "coordinates": [ [ 85.83467, 20.2631875 ], [ 85.8385414, 20.260355 ] ] } },
{ "type": "Feature", "properties": { "@osmId": "way/279088740", "@snapshotTimestamp": "2019-01-01T00:00:00Z" }, "geometry": { "type": "LineString", "coordinates": [ [ 85.8347724, 20.2631677 ], [ 85.83668, 20.2618761 ] ] } },
{ "type": "Feature", "properties": { "@osmId": "way/478371820", "@snapshotTimestamp": "2019-01-01T00:00:00Z" }, "geometry": { "type": "LineString", "coordinates": [ [ 85.845587, 20.2635817 ], [ 85.8454978, 20.2636528 ] ] } },
{ "type": "Feature", "properties": { "@osmId": "way/219116708", "@snapshotTimestamp": "2019-01-01T00:00:00Z" }, "geometry": { "type": "LineString", "coordinates": [ [ 85.8454978, 20.2636528 ], [ 85.8456403, 20.2637986 ] ] } },
{ "type": "Feature", "properties": { "@osmId": "way/279088743", "@snapshotTimestamp": "2019-01-01T00:00:00Z" }, "geometry": { "type": "LineString", "coordinates": [ [ 85.8363631, 20.2615942 ], [ 85.8297189, 20.2663811 ] ] } },
{ "type": "Feature", "properties": { "@osmId": "way/466600308", "@snapshotTimestamp": "2019-01-01T00:00:00Z" }, "geometry": { "type": "LineString", "coordinates": [ [ 85.8322518, 20.2648853 ], [ 85.8347724, 20.2631677 ] ] } },
{ "type": "Feature", "properties": { "@osmId": "way/463852810", "@snapshotTimestamp": "2019-01-01T00:00:00Z" }, "geometry": { "type": "LineString", "coordinates": [ [ 85.8410077, 20.2682172 ], [ 85.8365717, 20.2612113 ] ] } },
{ "type": "Feature", "properties": { "@osmId": "way/279088747", "@snapshotTimestamp": "2019-01-01T00:00:00Z" }, "geometry": { "type": "LineString", "coordinates": [ [ 85.83668, 20.2618761 ], [ 85.8406382, 20.2682164 ] ] } },
{ "type": "Feature", "properties": { "@osmId": "way/218526268", "@snapshotTimestamp": "2019-01-01T00:00:00Z" }, "geometry": { "type": "LineString", "coordinates": [ [ 85.7911507, 20.2642271 ], [ 85.78591, 20.2537497 ] ] } },
{ "type": "Feature", "properties": { "@osmId": "way/218526251", "@snapshotTimestamp": "2019-01-01T00:00:00Z" }, "geometry": { "type": "LineString", "coordinates": [ [ 85.7935951, 20.2708972 ], [ 85.7891081, 20.2593598 ] ] } },
{ "type": "Feature", "properties": { "@osmId": "way/26755741", "@snapshotTimestamp": "2019-01-01T00:00:00Z" }, "geometry": { "type": "LineString", "coordinates": [ [ 85.7890273, 20.2593985 ], [ 85.7934853, 20.2709516 ] ] } },
{ "type": "Feature", "properties": { "@osmId": "way/230574632", "@snapshotTimestamp": "2019-01-01T00:00:00Z" }, "geometry": { "type": "LineString", "coordinates": [ [ 85.7847008, 20.2657291 ], [ 85.7842485, 20.2689706 ] ] } },
{ "type": "Feature", "properties": { "@osmId": "way/464845715", "@snapshotTimestamp": "2019-01-01T00:00:00Z" }, "geometry": { "type": "LineString", "coordinates": [ [ 85.7839165, 20.2714884 ], [ 85.7847008, 20.2657291 ] ] } },
{ "type": "Feature", "properties": { "@osmId": "way/232511043", "@snapshotTimestamp": "2019-01-01T00:00:00Z" }, "geometry": { "type": "LineString", "coordinates": [ [ 85.7842485, 20.2689706 ], [ 85.7839165, 20.2714884 ] ] } },
{ "type": "Feature", "properties": { "@osmId": "way/218526250", "@snapshotTimestamp": "2019-01-01T00:00:00Z" }, "geometry": { "type": "LineString", "coordinates": [ [ 85.7943727, 20.2731314 ], [ 85.7935951, 20.2708972 ] ] } },
{ "type": "Feature", "properties": { "@osmId": "way/218526248", "@snapshotTimestamp": "2019-01-01T00:00:00Z" }, "geometry": { "type": "LineString", "coordinates": [ [ 85.7934853, 20.2709516 ], [ 85.7942731, 20.2731676 ] ] } },
{ "type": "Feature", "properties": { "@osmId": "way/280421141", "@snapshotTimestamp": "2019-01-01T00:00:00Z" }, "geometry": { "type": "LineString", "coordinates": [ [ 85.7955094, 20.2757564 ], [ 85.7943727, 20.2731314 ] ] } },
{ "type": "Feature", "properties": { "@osmId": "way/218526246", "@snapshotTimestamp": "2019-01-01T00:00:00Z" }, "geometry": { "type": "LineString", "coordinates": [ [ 85.7942731, 20.2731676 ], [ 85.795416, 20.2758029 ] ] } },
{ "type": "Feature", "properties": { "@osmId": "way/478247199", "@snapshotTimestamp": "2019-01-01T00:00:00Z" }, "geometry": { "type": "LineString", "coordinates": [ [ 85.8108664, 20.2671111 ], [ 85.8108121, 20.2670091 ] ] } },
{ "type": "Feature", "properties": { "@osmId": "way/26754165", "@snapshotTimestamp": "2019-01-01T00:00:00Z" }, "geometry": { "type": "LineString", "coordinates": [ [ 85.8297189, 20.2663811 ], [ 85.8223187, 20.2699425 ] ] } },
{ "type": "Feature", "properties": { "@osmId": "way/279091485", "@snapshotTimestamp": "2019-01-01T00:00:00Z" }, "geometry": { "type": "LineString", "coordinates": [ [ 85.8224074, 20.2700792 ], [ 85.8298897, 20.2665874 ] ] } },
{ "type": "Feature", "properties": { "@osmId": "way/292054984", "@snapshotTimestamp": "2019-01-01T00:00:00Z" }, "geometry": { "type": "LineString", "coordinates": [ [ 85.81288, 20.26967 ], [ 85.8108664, 20.2671111 ] ] } },
{ "type": "Feature", "properties": { "@osmId": "way/26755414", "@snapshotTimestamp": "2019-01-01T00:00:00Z" }, "geometry": { "type": "LineString", "coordinates": [ [ 85.8217852, 20.2700158 ], [ 85.813408, 20.2697453 ] ] } },
{ "type": "Feature", "properties": { "@osmId": "way/292054986", "@snapshotTimestamp": "2019-01-01T00:00:00Z" }, "geometry": { "type": "LineString", "coordinates": [ [ 85.8131017, 20.2696944 ], [ 85.81288, 20.26967 ] ] } },
{ "type": "Feature", "properties": { "@osmId": "way/292054981", "@snapshotTimestamp": "2019-01-01T00:00:00Z" }, "geometry": { "type": "LineString", "coordinates": [ [ 85.813408, 20.2697453 ], [ 85.8132135, 20.2697067 ] ] } },
{ "type": "Feature", "properties": { "@osmId": "way/292054985", "@snapshotTimestamp": "2019-01-01T00:00:00Z" }, "geometry": { "type": "LineString", "coordinates": [ [ 85.81288, 20.26967 ], [ 85.8130474, 20.2697837 ] ] } },
{ "type": "Feature", "properties": { "@osmId": "way/292054987", "@snapshotTimestamp": "2019-01-01T00:00:00Z" }, "geometry": { "type": "LineString", "coordinates": [ [ 85.8132486, 20.2697783 ], [ 85.8131596, 20.2696845 ], [ 85.8130474, 20.2697837 ], [ 85.8131516, 20.2698727 ], [ 85.8132486, 20.2697783 ] ] } },
{ "type": "Feature", "properties": { "@osmId": "way/292054983", "@snapshotTimestamp": "2019-01-01T00:00:00Z" }, "geometry": { "type": "LineString", "coordinates": [ [ 85.8132325, 20.2698296 ], [ 85.813408, 20.2697453 ] ] } },
{ "type": "Feature", "properties": { "@osmId": "way/26755549", "@snapshotTimestamp": "2019-01-01T00:00:00Z" }, "geometry": { "type": "LineString", "coordinates": [ [ 85.8399553, 20.2964606 ], [ 85.8487932, 20.2957575 ] ] } },
{ "type": "Feature", "properties": { "@osmId": "way/279958946", "@snapshotTimestamp": "2019-01-01T00:00:00Z" }, "geometry": { "type": "LineString", "coordinates": [ [ 85.8487903, 20.2956295 ], [ 85.8285518, 20.2968052 ] ] } },
{ "type": "Feature", "properties": { "@osmId": "way/658513342", "@snapshotTimestamp": "2019-01-01T00:00:00Z" }, "geometry": { "type": "LineString", "coordinates": [ [ 85.8509925, 20.2972602 ], [ 85.8515606, 20.2955255 ] ] } },
{ "type": "Feature", "properties": { "@osmId": "way/218526245", "@snapshotTimestamp": "2019-01-01T00:00:00Z" }, "geometry": { "type": "LineString", "coordinates": [ [ 85.8285816, 20.2969384 ], [ 85.8399553, 20.2964606 ] ] } },
{ "type": "Feature", "properties": { "@osmId": "way/658512829", "@snapshotTimestamp": "2019-01-01T00:00:00Z" }, "geometry": { "type": "LineString", "coordinates": [ [ 85.8509925, 20.2972602 ], [ 85.8487879, 20.3030004 ] ] } },
{ "type": "Feature", "properties": { "@osmId": "way/658512830", "@snapshotTimestamp": "2019-01-01T00:00:00Z" }, "geometry": { "type": "LineString", "coordinates": [ [ 85.8487879, 20.3030004 ], [ 85.8509925, 20.2972602 ] ] } },
{ "type": "Feature", "properties": { "@osmId": "way/26754491", "@snapshotTimestamp": "2019-01-01T00:00:00Z" }, "geometry": { "type": "LineString", "coordinates": [ [ 85.8332191, 20.29715 ], [ 85.8341128, 20.3117661 ] ] } },
{ "type": "Feature", "properties": { "@osmId": "way/26754213", "@snapshotTimestamp": "2019-01-01T00:00:00Z" }, "geometry": { "type": "LineString", "coordinates": [ [ 85.8434244, 20.3129182 ], [ 85.8487879, 20.3030004 ] ] } },
{ "type": "Feature", "properties": { "@osmId": "way/315882035", "@snapshotTimestamp": "2019-01-01T00:00:00Z" }, "geometry": { "type": "LineString", "coordinates": [ [ 85.8447421, 20.3159163 ], [ 85.8434244, 20.3129182 ] ] } },
{ "type": "Feature", "properties": { "@osmId": "way/315882033", "@snapshotTimestamp": "2019-01-01T00:00:00Z" }, "geometry": { "type": "LineString", "coordinates": [ [ 85.8351252, 20.3172108 ], [ 85.8447421, 20.3159163 ] ] } },
{ "type": "Feature", "properties": { "@osmId": "way/44948784", "@snapshotTimestamp": "2019-01-01T00:00:00Z" }, "geometry": { "type": "LineString", "coordinates": [ [ 85.825016, 20.2953555 ], [ 85.8223154, 20.2936674 ] ] } },
{ "type": "Feature", "properties": { "@osmId": "way/26755523", "@snapshotTimestamp": "2019-01-01T00:00:00Z" }, "geometry": { "type": "LineString", "coordinates": [ [ 85.8245453, 20.2952148 ], [ 85.8285816, 20.2969384 ] ] } },
{ "type": "Feature", "properties": { "@osmId": "way/218526252", "@snapshotTimestamp": "2019-01-01T00:00:00Z" }, "geometry": { "type": "LineString", "coordinates": [ [ 85.8285518, 20.2968052 ], [ 85.825016, 20.2953555 ] ] } },
{ "type": "Feature", "properties": { "@osmId": "way/279717600", "@snapshotTimestamp": "2019-01-01T00:00:00Z" }, "geometry": { "type": "LineString", "coordinates": [ [ 85.8247124, 20.2955303 ], [ 85.8196131, 20.2968464 ] ] } },
{ "type": "Feature", "properties": { "@osmId": "way/218526282", "@snapshotTimestamp": "2019-01-01T00:00:00Z" }, "geometry": { "type": "LineString", "coordinates": [ [ 85.8196131, 20.2968464 ], [ 85.8245702, 20.2960542 ] ] } },
{ "type": "Feature", "properties": { "@osmId": "way/464283097", "@snapshotTimestamp": "2019-01-01T00:00:00Z" }, "geometry": { "type": "LineString", "coordinates": [ [ 85.8247124, 20.2955303 ], [ 85.8235865, 20.2993139 ] ] } },
{ "type": "Feature", "properties": { "@osmId": "way/300173739", "@snapshotTimestamp": "2019-01-01T00:00:00Z" }, "geometry": { "type": "LineString", "coordinates": [ [ 85.8203343, 20.3147426 ], [ 85.8248071, 20.295578 ] ] } },
{ "type": "Feature", "properties": { "@osmId": "way/26764975", "@snapshotTimestamp": "2019-01-01T00:00:00Z" }, "geometry": { "type": "LineString", "coordinates": [ [ 85.82022, 20.31475 ], [ 85.8341128, 20.3117661 ] ] } },
{ "type": "Feature", "properties": { "@osmId": "way/26754248", "@snapshotTimestamp": "2019-01-01T00:00:00Z" }, "geometry": { "type": "LineString", "coordinates": [ [ 85.8203899, 20.3199933 ], [ 85.8351252, 20.3172108 ] ] } },
{ "type": "Feature", "properties": { "@osmId": "way/300173742", "@snapshotTimestamp": "2019-01-01T00:00:00Z" }, "geometry": { "type": "LineString", "coordinates": [ [ 85.82022, 20.31475 ], [ 85.8320828, 20.3682212 ] ] } },
{ "type": "Feature", "properties": { "@osmId": "way/477801434", "@snapshotTimestamp": "2019-01-01T00:00:00Z" }, "geometry": { "type": "LineString", "coordinates": [ [ 85.7993515, 20.2796347 ], [ 85.7954432, 20.2756475 ] ] } },
{ "type": "Feature", "properties": { "@osmId": "way/477801433", "@snapshotTimestamp": "2019-01-01T00:00:00Z" }, "geometry": { "type": "LineString", "coordinates": [ [ 85.7988841, 20.2800129 ], [ 85.8038438, 20.2757541 ] ] } },
{ "type": "Feature", "properties": { "@osmId": "way/477805430", "@snapshotTimestamp": "2019-01-01T00:00:00Z" }, "geometry": { "type": "LineString", "coordinates": [ [ 85.8035774, 20.2757749 ], [ 85.7988841, 20.2800129 ] ] } },
{ "type": "Feature", "properties": { "@osmId": "way/573399120", "@snapshotTimestamp": "2019-01-01T00:00:00Z" }, "geometry": { "type": "LineString", "coordinates": [ [ 85.827019, 20.4114968 ], [ 85.7532594, 20.3570993 ], [ 85.6705126, 20.221561 ] ] } },
{ "type": "Feature", "properties": { "@osmId": "way/227918067", "@snapshotTimestamp": "2019-01-01T00:00:00Z" }, "geometry": { "type": "LineString", "coordinates": [ [ 85.7659364, 20.3678723 ], [ 85.7839165, 20.2714884 ] ] } },
{ "type": "Feature", "properties": { "@osmId": "way/561468942", "@snapshotTimestamp": "2019-01-01T00:00:00Z" }, "geometry": { "type": "LineString", "coordinates": [ [ 85.6051516, 20.4103757 ], [ 85.6044866, 20.4152273 ] ] } },
{ "type": "Feature", "properties": { "@osmId": "way/387295552", "@snapshotTimestamp": "2019-01-01T00:00:00Z" }, "geometry": { "type": "LineString", "coordinates": [ [ 85.6096984, 20.4137957 ], [ 85.6510024, 20.4411643 ], [ 85.7319252, 20.4212927 ] ] } },
{ "type": "Feature", "properties": { "@osmId": "way/44948331", "@snapshotTimestamp": "2019-01-01T00:00:00Z" }, "geometry": { "type": "LineString", "coordinates": [ [ 85.7319252, 20.4212927 ], [ 85.7896621, 20.4497345 ] ] } },
{ "type": "Feature", "properties": { "@osmId": "way/315126276", "@snapshotTimestamp": "2019-01-01T00:00:00Z" }, "geometry": { "type": "LineString", "coordinates": [ [ 85.7696398, 20.434401 ], [ 85.7450907, 20.445052 ] ] } },
{ "type": "Feature", "properties": { "@osmId": "way/489991569", "@snapshotTimestamp": "2019-01-01T00:00:00Z" }, "geometry": { "type": "LineString", "coordinates": [ [ 85.7452712, 20.4457487 ], [ 85.7451979, 20.4457863 ] ] } },
{ "type": "Feature", "properties": { "@osmId": "way/44947105", "@snapshotTimestamp": "2019-01-01T00:00:00Z" }, "geometry": { "type": "LineString", "coordinates": [ [ 85.8808784, 20.3193022 ], [ 85.8813154, 20.319722 ] ] } },
{ "type": "Feature", "properties": { "@osmId": "way/464267621", "@snapshotTimestamp": "2019-01-01T00:00:00Z" }, "geometry": { "type": "LineString", "coordinates": [ [ 85.8894669, 20.3591427 ], [ 85.8813987, 20.3196537 ] ] } },
{ "type": "Feature", "properties": { "@osmId": "way/44947113", "@snapshotTimestamp": "2019-01-01T00:00:00Z" }, "geometry": { "type": "LineString", "coordinates": [ [ 85.8813154, 20.319722 ], [ 85.8895131, 20.3597829 ] ] } },
{ "type": "Feature", "properties": { "@osmId": "way/594010119", "@snapshotTimestamp": "2019-01-01T00:00:00Z" }, "geometry": { "type": "LineString", "coordinates": [ [ 85.8737634, 20.3108869 ], [ 85.8600887, 20.3780251 ] ] } },
{ "type": "Feature", "properties": { "@osmId": "way/594262194", "@snapshotTimestamp": "2019-01-01T00:00:00Z" }, "geometry": { "type": "LineString", "coordinates": [ [ 85.8914715, 20.3622976 ], [ 85.8915081, 20.3623146 ] ] } },
{ "type": "Feature", "properties": { "@osmId": "way/237771718", "@snapshotTimestamp": "2019-01-01T00:00:00Z" }, "geometry": { "type": "LineString", "coordinates": [ [ 85.8914715, 20.3622976 ], [ 85.8910638, 20.3629154 ] ] } },
{ "type": "Feature", "properties": { "@osmId": "way/464265158", "@snapshotTimestamp": "2019-01-01T00:00:00Z" }, "geometry": { "type": "LineString", "coordinates": [ [ 85.8911129, 20.3630118 ], [ 85.8914217, 20.362505 ] ] } },
{ "type": "Feature", "properties": { "@osmId": "way/464266284", "@snapshotTimestamp": "2019-01-01T00:00:00Z" }, "geometry": { "type": "LineString", "coordinates": [ [ 85.8910638, 20.3629154 ], [ 85.8907792, 20.3630311 ] ] } },
{ "type": "Feature", "properties": { "@osmId": "way/464266282", "@snapshotTimestamp": "2019-01-01T00:00:00Z" }, "geometry": { "type": "LineString", "coordinates": [ [ 85.8908351, 20.3631392 ], [ 85.8911129, 20.3630118 ] ] } },
{ "type": "Feature", "properties": { "@osmId": "way/464265507", "@snapshotTimestamp": "2019-01-01T00:00:00Z" }, "geometry": { "type": "LineString", "coordinates": [ [ 85.889113, 20.358148 ], [ 85.8907588, 20.3694363 ] ] } },
{ "type": "Feature", "properties": { "@osmId": "way/464283100", "@snapshotTimestamp": "2019-01-01T00:00:00Z" }, "geometry": { "type": "LineString", "coordinates": [ [ 85.8322448, 20.3683851 ], [ 85.8203343, 20.3147426 ] ] } },
{ "type": "Feature", "properties": { "@osmId": "way/464281430", "@snapshotTimestamp": "2019-01-01T00:00:00Z" }, "geometry": { "type": "LineString", "coordinates": [ [ 85.8321468, 20.3702114 ], [ 85.8279921, 20.3781121 ] ] } },
{ "type": "Feature", "properties": { "@osmId": "way/464281425", "@snapshotTimestamp": "2019-01-01T00:00:00Z" }, "geometry": { "type": "LineString", "coordinates": [ [ 85.8269205, 20.3955238 ], [ 85.8323094, 20.3709485 ] ] } },
{ "type": "Feature", "properties": { "@osmId": "way/464281012", "@snapshotTimestamp": "2019-01-01T00:00:00Z" }, "geometry": { "type": "LineString", "coordinates": [ [ 85.8279921, 20.3781121 ], [ 85.8268203, 20.3955664 ] ] } },
{ "type": "Feature", "properties": { "@osmId": "way/300427510", "@snapshotTimestamp": "2019-01-01T00:00:00Z" }, "geometry": { "type": "LineString", "coordinates": [ [ 85.8269575, 20.3955324 ], [ 85.8268061, 20.3955901 ], [ 85.8268631, 20.395727 ], [ 85.8270107, 20.3956834 ], [ 85.8269575, 20.3955324 ] ] } },
{ "type": "Feature", "properties": { "@osmId": "way/464281015", "@snapshotTimestamp": "2019-01-01T00:00:00Z" }, "geometry": { "type": "LineString", "coordinates": [ [ 85.8293266, 20.3979839 ], [ 85.8270238, 20.39565 ] ] } },
{ "type": "Feature", "properties": { "@osmId": "way/300427509", "@snapshotTimestamp": "2019-01-01T00:00:00Z" }, "geometry": { "type": "LineString", "coordinates": [ [ 85.8269159, 20.3957411 ], [ 85.8292926, 20.3980572 ] ] } },
{ "type": "Feature", "properties": { "@osmId": "way/464281014", "@snapshotTimestamp": "2019-01-01T00:00:00Z" }, "geometry": { "type": "LineString", "coordinates": [ [ 85.8292926, 20.3980572 ], [ 85.8293266, 20.3979839 ] ] } },
{ "type": "Feature", "properties": { "@osmId": "way/315126270", "@snapshotTimestamp": "2019-01-01T00:00:00Z" }, "geometry": { "type": "LineString", "coordinates": [ [ 85.8291841, 20.3979484 ], [ 85.8270831, 20.4114791 ] ] } },
{ "type": "Feature", "properties": { "@osmId": "way/315126271", "@snapshotTimestamp": "2019-01-01T00:00:00Z" }, "geometry": { "type": "LineString", "coordinates": [ [ 85.8272098, 20.4115708 ], [ 85.8292926, 20.3980572 ] ] } },
{ "type": "Feature", "properties": { "@osmId": "way/464281431", "@snapshotTimestamp": "2019-01-01T00:00:00Z" }, "geometry": { "type": "LineString", "coordinates": [ [ 85.8320828, 20.3682212 ], [ 85.8321954, 20.3694721 ] ] } },
{ "type": "Feature", "properties": { "@osmId": "way/464281428", "@snapshotTimestamp": "2019-01-01T00:00:00Z" }, "geometry": { "type": "LineString", "coordinates": [ [ 85.8324782, 20.3695359 ], [ 85.8322448, 20.3683851 ] ] } },
{ "type": "Feature", "properties": { "@osmId": "way/464281429", "@snapshotTimestamp": "2019-01-01T00:00:00Z" }, "geometry": { "type": "LineString", "coordinates": [ [ 85.8321954, 20.3694721 ], [ 85.8321468, 20.3702114 ] ] } },
{ "type": "Feature", "properties": { "@osmId": "way/464281427", "@snapshotTimestamp": "2019-01-01T00:00:00Z" }, "geometry": { "type": "LineString", "coordinates": [ [ 85.8324495, 20.3702132 ], [ 85.8324782, 20.3695359 ] ] } },
{ "type": "Feature", "properties": { "@osmId": "way/464281426", "@snapshotTimestamp": "2019-01-01T00:00:00Z" }, "geometry": { "type": "LineString", "coordinates": [ [ 85.8323094, 20.3709485 ], [ 85.8324495, 20.3702132 ] ] } },
{ "type": "Feature", "properties": { "@osmId": "way/312566662", "@snapshotTimestamp": "2019-01-01T00:00:00Z" }, "geometry": { "type": "LineString", "coordinates": [ [ 85.8321139, 20.370937 ], [ 85.8323094, 20.3709485 ] ] } },
{ "type": "Feature", "properties": { "@osmId": "way/658512805", "@snapshotTimestamp": "2019-01-01T00:00:00Z" }, "geometry": { "type": "LineString", "coordinates": [ [ 85.8600887, 20.3780251 ], [ 85.8459127, 20.3976518 ] ] } },
{ "type": "Feature", "properties": { "@osmId": "way/44946732", "@snapshotTimestamp": "2019-01-01T00:00:00Z" }, "geometry": { "type": "LineString", "coordinates": [ [ 85.8393054, 20.4382937 ], [ 85.8296011, 20.4162266 ] ] } },
{ "type": "Feature", "properties": { "@osmId": "way/44948490", "@snapshotTimestamp": "2019-01-01T00:00:00Z" }, "geometry": { "type": "LineString", "coordinates": [ [ 85.8516553, 20.4356049 ], [ 85.8395712, 20.4384481 ] ] } },
{ "type": "Feature", "properties": { "@osmId": "way/573111767", "@snapshotTimestamp": "2019-01-01T00:00:00Z" }, "geometry": { "type": "LineString", "coordinates": [ [ 85.8393886, 20.4382674 ], [ 85.8392218, 20.4384531 ], [ 85.8393843, 20.4385981 ], [ 85.839574, 20.4384288 ], [ 85.8393886, 20.4382674 ] ] } },
{ "type": "Feature", "properties": { "@osmId": "way/44948487", "@snapshotTimestamp": "2019-01-01T00:00:00Z" }, "geometry": { "type": "LineString", "coordinates": [ [ 85.8765696, 20.4292815 ], [ 85.8623354, 20.4401577 ] ] } },
{ "type": "Feature", "properties": { "@osmId": "way/44948488", "@snapshotTimestamp": "2019-01-01T00:00:00Z" }, "geometry": { "type": "LineString", "coordinates": [ [ 85.8596854, 20.4389915 ], [ 85.8516553, 20.4356049 ] ] } },
{ "type": "Feature", "properties": { "@osmId": "way/44948486", "@snapshotTimestamp": "2019-01-01T00:00:00Z" }, "geometry": { "type": "LineString", "coordinates": [ [ 85.8623354, 20.4401577 ], [ 85.8596854, 20.4389915 ] ] } },
{ "type": "Feature", "properties": { "@osmId": "way/218501319", "@snapshotTimestamp": "2019-01-01T00:00:00Z" }, "geometry": { "type": "LineString", "coordinates": [ [ 85.8937686, 20.4427464 ], [ 85.8875754, 20.4373135 ] ] } },
{ "type": "Feature", "properties": { "@osmId": "way/22062295", "@snapshotTimestamp": "2019-01-01T00:00:00Z" }, "geometry": { "type": "LineString", "coordinates": [ [ 85.8870722, 20.437694 ], [ 85.8932622, 20.44311 ] ] } },
{ "type": "Feature", "properties": { "@osmId": "way/218501314", "@snapshotTimestamp": "2019-01-01T00:00:00Z" }, "geometry": { "type": "LineString", "coordinates": [ [ 85.8941854, 20.4431805 ], [ 85.8937686, 20.4427464 ] ] } },
{ "type": "Feature", "properties": { "@osmId": "way/44946739", "@snapshotTimestamp": "2019-01-01T00:00:00Z" }, "geometry": { "type": "LineString", "coordinates": [ [ 85.8943643, 20.443401 ], [ 85.8941854, 20.4431805 ] ] } },
{ "type": "Feature", "properties": { "@osmId": "way/218501306", "@snapshotTimestamp": "2019-01-01T00:00:00Z" }, "geometry": { "type": "LineString", "coordinates": [ [ 85.8932622, 20.44311 ], [ 85.8937636, 20.4435382 ] ] } },
{ "type": "Feature", "properties": { "@osmId": "way/573120498", "@snapshotTimestamp": "2019-01-01T00:00:00Z" }, "geometry": { "type": "LineString", "coordinates": [ [ 85.8949879, 20.4439328 ], [ 85.8936824, 20.4438333 ] ] } },
{ "type": "Feature", "properties": { "@osmId": "way/218501304", "@snapshotTimestamp": "2019-01-01T00:00:00Z" }, "geometry": { "type": "LineString", "coordinates": [ [ 85.8937636, 20.4435382 ], [ 85.8940212, 20.4437709 ] ] } },
{ "type": "Feature", "properties": { "@osmId": "way/573399121", "@snapshotTimestamp": "2019-01-01T00:00:00Z" }, "geometry": { "type": "LineString", "coordinates": [ [ 85.827003, 20.411505 ], [ 85.8269876, 20.4116845 ], [ 85.82718, 20.4116838 ], [ 85.8271632, 20.4115046 ], [ 85.827003, 20.411505 ] ] } },
{ "type": "Feature", "properties": { "@osmId": "way/234379771", "@snapshotTimestamp": "2019-01-01T00:00:00Z" }, "geometry": { "type": "LineString", "coordinates": [ [ 85.8291714, 20.41542 ], [ 85.8271462, 20.4117087 ] ] } },
{ "type": "Feature", "properties": { "@osmId": "way/44946731", "@snapshotTimestamp": "2019-01-01T00:00:00Z" }, "geometry": { "type": "LineString", "coordinates": [ [ 85.8296011, 20.4162266 ], [ 85.8291714, 20.41542 ] ] } },
{ "type": "Feature", "properties": { "@osmId": "way/44948466", "@snapshotTimestamp": "2019-01-01T00:00:00Z" }, "geometry": { "type": "LineString", "coordinates": [ [ 85.7901094, 20.4503179 ], [ 85.8392393, 20.4385073 ] ] } },
{ "type": "Feature", "properties": { "@osmId": "way/576316079", "@snapshotTimestamp": "2019-01-01T00:00:00Z" }, "geometry": { "type": "LineString", "coordinates": [ [ 85.7806966, 20.4791815 ], [ 85.8529995, 20.4676611 ] ] } },
{ "type": "Feature", "properties": { "@osmId": "way/90613690", "@snapshotTimestamp": "2019-01-01T00:00:00Z" }, "geometry": { "type": "LineString", "coordinates": [ [ 85.8331126, 20.4753324 ], [ 85.822709, 20.4791882 ] ] } },
{ "type": "Feature", "properties": { "@osmId": "way/90613700", "@snapshotTimestamp": "2019-01-01T00:00:00Z" }, "geometry": { "type": "LineString", "coordinates": [ [ 85.8211965, 20.4756771 ], [ 85.8243806, 20.4830687 ] ] } },
{ "type": "Feature", "properties": { "@osmId": "way/459730376", "@snapshotTimestamp": "2019-01-01T00:00:00Z" }, "geometry": { "type": "LineString", "coordinates": [ [ 85.8244905, 20.4831502 ], [ 85.8213361, 20.4756389 ] ] } },
{ "type": "Feature", "properties": { "@osmId": "way/459720440", "@snapshotTimestamp": "2019-01-01T00:00:00Z" }, "geometry": { "type": "LineString", "coordinates": [ [ 85.8183069, 20.4814626 ], [ 85.8169346, 20.4776672 ] ] } },
{ "type": "Feature", "properties": { "@osmId": "way/90613708", "@snapshotTimestamp": "2019-01-01T00:00:00Z" }, "geometry": { "type": "LineString", "coordinates": [ [ 85.8168603, 20.4777152 ], [ 85.8182227, 20.4814897 ] ] } },
{ "type": "Feature", "properties": { "@osmId": "way/459558821", "@snapshotTimestamp": "2019-01-01T00:00:00Z" }, "geometry": { "type": "LineString", "coordinates": [ [ 85.8394991, 20.4385683 ], [ 85.8426971, 20.4429143 ] ] } },
{ "type": "Feature", "properties": { "@osmId": "way/459559249", "@snapshotTimestamp": "2019-01-01T00:00:00Z" }, "geometry": { "type": "LineString", "coordinates": [ [ 85.8426971, 20.4429143 ], [ 85.8538958, 20.4660688 ] ] } },
{ "type": "Feature", "properties": { "@osmId": "way/573113466", "@snapshotTimestamp": "2019-01-01T00:00:00Z" }, "geometry": { "type": "LineString", "coordinates": [ [ 85.8504198, 20.4749296 ], [ 85.8545757, 20.4669148 ] ] } },
{ "type": "Feature", "properties": { "@osmId": "way/459737748", "@snapshotTimestamp": "2019-01-01T00:00:00Z" }, "geometry": { "type": "LineString", "coordinates": [ [ 85.8504198, 20.4749296 ], [ 85.8438737, 20.4710941 ] ] } },
{ "type": "Feature", "properties": { "@osmId": "way/459738464", "@snapshotTimestamp": "2019-01-01T00:00:00Z" }, "geometry": { "type": "LineString", "coordinates": [ [ 85.8437468, 20.4711423 ], [ 85.8503859, 20.4750965 ] ] } },
{ "type": "Feature", "properties": { "@osmId": "way/342961228", "@snapshotTimestamp": "2019-01-01T00:00:00Z" }, "geometry": { "type": "LineString", "coordinates": [ [ 85.8451941, 20.471746 ], [ 85.8401194, 20.4745746 ] ] } },
{ "type": "Feature", "properties": { "@osmId": "way/90613686", "@snapshotTimestamp": "2019-01-01T00:00:00Z" }, "geometry": { "type": "LineString", "coordinates": [ [ 85.8394339, 20.471992 ], [ 85.8401194, 20.4745746 ] ] } },
{ "type": "Feature", "properties": { "@osmId": "way/459738485", "@snapshotTimestamp": "2019-01-01T00:00:00Z" }, "geometry": { "type": "LineString", "coordinates": [ [ 85.850463, 20.4750019 ], [ 85.8504198, 20.4749296 ] ] } },
{ "type": "Feature", "properties": { "@osmId": "way/77355955", "@snapshotTimestamp": "2019-01-01T00:00:00Z" }, "geometry": { "type": "LineString", "coordinates": [ [ 85.8423129, 20.4857421 ], [ 85.8561918, 20.4642187 ] ] } },
{ "type": "Feature", "properties": { "@osmId": "way/77356853", "@snapshotTimestamp": "2019-01-01T00:00:00Z" }, "geometry": { "type": "LineString", "coordinates": [ [ 85.8533947, 20.4733568 ], [ 85.8518685, 20.4774142 ] ] } },
{ "type": "Feature", "properties": { "@osmId": "way/459552417", "@snapshotTimestamp": "2019-01-01T00:00:00Z" }, "geometry": { "type": "LineString", "coordinates": [ [ 85.8922478, 20.4675233 ], [ 85.8968035, 20.4655616 ] ] } },
{ "type": "Feature", "properties": { "@osmId": "way/573113463", "@snapshotTimestamp": "2019-01-01T00:00:00Z" }, "geometry": { "type": "LineString", "coordinates": [ [ 85.8543638, 20.4665605 ], [ 85.8544845, 20.4669174 ], [ 85.8549211, 20.4666113 ], [ 85.8547018, 20.4663897 ], [ 85.8543638, 20.4665605 ] ] } },
{ "type": "Feature", "properties": { "@osmId": "way/573113470", "@snapshotTimestamp": "2019-01-01T00:00:00Z" }, "geometry": { "type": "LineString", "coordinates": [ [ 85.8550625, 20.4669326 ], [ 85.8549211, 20.4666113 ] ] } },
{ "type": "Feature", "properties": { "@osmId": "way/573113465", "@snapshotTimestamp": "2019-01-01T00:00:00Z" }, "geometry": { "type": "LineString", "coordinates": [ [ 85.8542941, 20.4667138 ], [ 85.8529995, 20.4676611 ] ] } },
{ "type": "Feature", "properties": { "@osmId": "way/573113467", "@snapshotTimestamp": "2019-01-01T00:00:00Z" }, "geometry": { "type": "LineString", "coordinates": [ [ 85.8529995, 20.4676611 ], [ 85.8545757, 20.4669148 ] ] } },
{ "type": "Feature", "properties": { "@osmId": "way/44948324", "@snapshotTimestamp": "2019-01-01T00:00:00Z" }, "geometry": { "type": "LineString", "coordinates": [ [ 85.8921965, 20.4674651 ], [ 85.891723, 20.4676033 ] ] } },
{ "type": "Feature", "properties": { "@osmId": "way/459552416", "@snapshotTimestamp": "2019-01-01T00:00:00Z" }, "geometry": { "type": "LineString", "coordinates": [ [ 85.8917431, 20.467665 ], [ 85.8922478, 20.4675233 ] ] } },
{ "type": "Feature", "properties": { "@osmId": "way/459552212", "@snapshotTimestamp": "2019-01-01T00:00:00Z" }, "geometry": { "type": "LineString", "coordinates": [ [ 85.891723, 20.4676033 ], [ 85.8916452, 20.4676262 ] ] } },
{ "type": "Feature", "properties": { "@osmId": "way/489505523", "@snapshotTimestamp": "2019-01-01T00:00:00Z" }, "geometry": { "type": "LineString", "coordinates": [ [ 85.8916452, 20.4676262 ], [ 85.8914471, 20.4677171 ] ] } },
{ "type": "Feature", "properties": { "@osmId": "way/459551760", "@snapshotTimestamp": "2019-01-01T00:00:00Z" }, "geometry": { "type": "LineString", "coordinates": [ [ 85.8914471, 20.4677171 ], [ 85.8917431, 20.467665 ] ] } },
{ "type": "Feature", "properties": { "@osmId": "way/218284658", "@snapshotTimestamp": "2019-01-01T00:00:00Z" }, "geometry": { "type": "LineString", "coordinates": [ [ 85.0079848, 20.1650117 ], [ 85.1018069, 20.1269304 ], [ 85.1769422, 20.1507614 ] ] } },
{ "type": "Feature", "properties": { "@osmId": "way/218284666", "@snapshotTimestamp": "2019-01-01T00:00:00Z" }, "geometry": { "type": "LineString", "coordinates": [ [ 85.1769422, 20.1507614 ], [ 85.1775302, 20.1503474 ] ] } },
{ "type": "Feature", "properties": { "@osmId": "way/485105902", "@snapshotTimestamp": "2019-01-01T00:00:00Z" }, "geometry": { "type": "LineString", "coordinates": [ [ 85.1101598, 20.1593784 ], [ 85.1100259, 20.1603003 ] ] } },
{ "type": "Feature", "properties": { "@osmId": "way/485105903", "@snapshotTimestamp": "2019-01-01T00:00:00Z" }, "geometry": { "type": "LineString", "coordinates": [ [ 85.1100259, 20.1603003 ], [ 85.1110958, 20.1694977 ] ] } },
{ "type": "Feature", "properties": { "@osmId": "way/218284673", "@snapshotTimestamp": "2019-01-01T00:00:00Z" }, "geometry": { "type": "LineString", "coordinates": [ [ 85.0085408, 20.1663002 ], [ 85.0079848, 20.1650117 ] ] } },
{ "type": "Feature", "properties": { "@osmId": "way/485105901", "@snapshotTimestamp": "2019-01-01T00:00:00Z" }, "geometry": { "type": "LineString", "coordinates": [ [ 85.1110958, 20.1694977 ], [ 85.1112118, 20.1701683 ] ] } },
{ "type": "Feature", "properties": { "@osmId": "way/485105900", "@snapshotTimestamp": "2019-01-01T00:00:00Z" }, "geometry": { "type": "LineString", "coordinates": [ [ 85.1112118, 20.1701683 ], [ 85.112923, 20.182036 ] ] } },
{ "type": "Feature", "properties": { "@osmId": "way/218284662", "@snapshotTimestamp": "2019-01-01T00:00:00Z" }, "geometry": { "type": "LineString", "coordinates": [ [ 84.9895794, 20.188653 ], [ 85.0085408, 20.1663002 ] ] } },
{ "type": "Feature", "properties": { "@osmId": "way/485098932", "@snapshotTimestamp": "2019-01-01T00:00:00Z" }, "geometry": { "type": "LineString", "coordinates": [ [ 85.1136701, 20.188653 ], [ 85.112923, 20.182036 ] ] } },
{ "type": "Feature", "properties": { "@osmId": "way/485098932", "@snapshotTimestamp": "2019-01-01T00:00:00Z" }, "geometry": { "type": "LineString", "coordinates": [ [ 85.1737598, 20.2630146 ], [ 85.1136701, 20.188653 ] ] } },
{ "type": "Feature", "properties": { "@osmId": "way/636960125", "@snapshotTimestamp": "2019-01-01T00:00:00Z" }, "geometry": { "type": "LineString", "coordinates": [ [ 85.6473556, 20.1917671 ], [ 85.6472396, 20.1916684 ] ] } },
{ "type": "Feature", "properties": { "@osmId": "way/636960123", "@snapshotTimestamp": "2019-01-01T00:00:00Z" }, "geometry": { "type": "LineString", "coordinates": [ [ 85.6471638, 20.1917463 ], [ 85.6472998, 20.1918749 ] ] } },
{ "type": "Feature", "properties": { "@osmId": "way/636960129", "@snapshotTimestamp": "2019-01-01T00:00:00Z" }, "geometry": { "type": "LineString", "coordinates": [ [ 85.6474599, 20.1918559 ], [ 85.6473556, 20.1917671 ] ] } },
{ "type": "Feature", "properties": { "@osmId": "way/22828371", "@snapshotTimestamp": "2019-01-01T00:00:00Z" }, "geometry": { "type": "LineString", "coordinates": [ [ 85.6589644, 20.1972133 ], [ 85.6590758, 20.1977926 ] ] } },
{ "type": "Feature", "properties": { "@osmId": "way/218533008", "@snapshotTimestamp": "2019-01-01T00:00:00Z" }, "geometry": { "type": "LineString", "coordinates": [ [ 85.6920958, 20.2088094 ], [ 85.6474599, 20.1918559 ] ] } },
{ "type": "Feature", "properties": { "@osmId": "way/258631462", "@snapshotTimestamp": "2019-01-01T00:00:00Z" }, "geometry": { "type": "LineString", "coordinates": [ [ 85.6472998, 20.1918749 ], [ 85.6920311, 20.2088903 ] ] } },
{ "type": "Feature", "properties": { "@osmId": "way/218533007", "@snapshotTimestamp": "2019-01-01T00:00:00Z" }, "geometry": { "type": "LineString", "coordinates": [ [ 85.6923921, 20.208883 ], [ 85.6920958, 20.2088094 ] ] } },
{ "type": "Feature", "properties": { "@osmId": "way/218533006", "@snapshotTimestamp": "2019-01-01T00:00:00Z" }, "geometry": { "type": "LineString", "coordinates": [ [ 85.6920311, 20.2088903 ], [ 85.6923488, 20.2089616 ] ] } },
{ "type": "Feature", "properties": { "@osmId": "way/218533015", "@snapshotTimestamp": "2019-01-01T00:00:00Z" }, "geometry": { "type": "LineString", "coordinates": [ [ 85.6590758, 20.1977926 ], [ 85.6705126, 20.221561 ] ] } },
{ "type": "Feature", "properties": { "@osmId": "way/45009645", "@snapshotTimestamp": "2019-01-01T00:00:00Z" }, "geometry": { "type": "LineString", "coordinates": [ [ 85.7396518, 20.2313801 ], [ 85.6923921, 20.208883 ] ] } },
{ "type": "Feature", "properties": { "@osmId": "way/640983829", "@snapshotTimestamp": "2019-01-01T00:00:00Z" }, "geometry": { "type": "LineString", "coordinates": [ [ 85.5132328, 20.2195901 ], [ 85.5137996, 20.2195608 ] ] } },
{ "type": "Feature", "properties": { "@osmId": "way/644549162", "@snapshotTimestamp": "2019-01-01T00:00:00Z" }, "geometry": { "type": "LineString", "coordinates": [ [ 85.4994993, 20.2205835 ], [ 85.494774, 20.2218668 ] ] } },
{ "type": "Feature", "properties": { "@osmId": "way/644549161", "@snapshotTimestamp": "2019-01-01T00:00:00Z" }, "geometry": { "type": "LineString", "coordinates": [ [ 85.494774, 20.2218668 ], [ 85.4944347, 20.2220657 ] ] } },
{ "type": "Feature", "properties": { "@osmId": "way/296217385", "@snapshotTimestamp": "2019-01-01T00:00:00Z" }, "geometry": { "type": "LineString", "coordinates": [ [ 85.4799751, 20.2287947 ], [ 85.5152988, 20.2616474 ] ] } },
{ "type": "Feature", "properties": { "@osmId": "way/296217384", "@snapshotTimestamp": "2019-01-01T00:00:00Z" }, "geometry": { "type": "LineString", "coordinates": [ [ 85.4944347, 20.2220657 ], [ 85.3286258, 20.3001127 ], [ 85.1712206, 20.2613956 ] ] } },
{ "type": "Feature", "properties": { "@osmId": "way/22828398", "@snapshotTimestamp": "2019-01-01T00:00:00Z" }, "geometry": { "type": "LineString", "coordinates": [ [ 85.5152988, 20.2616474 ], [ 85.5248206, 20.309846 ] ] } },
{ "type": "Feature", "properties": { "@osmId": "way/484925759", "@snapshotTimestamp": "2019-01-01T00:00:00Z" }, "geometry": { "type": "LineString", "coordinates": [ [ 85.2433812, 20.3382587 ], [ 85.3269913, 20.2997623 ] ] } },
{ "type": "Feature", "properties": { "@osmId": "way/484924441", "@snapshotTimestamp": "2019-01-01T00:00:00Z" }, "geometry": { "type": "LineString", "coordinates": [ [ 85.2021885, 20.3585323 ], [ 85.2433812, 20.3382587 ] ] } },
{ "type": "Feature", "properties": { "@osmId": "way/484922623", "@snapshotTimestamp": "2019-01-01T00:00:00Z" }, "geometry": { "type": "LineString", "coordinates": [ [ 85.2008713, 20.3591917 ], [ 85.2021885, 20.3585323 ] ] } },
{ "type": "Feature", "properties": { "@osmId": "way/478393572", "@snapshotTimestamp": "2019-01-01T00:00:00Z" }, "geometry": { "type": "LineString", "coordinates": [ [ 85.2724468, 20.3692433 ], [ 85.2795722, 20.3769122 ] ] } },
{ "type": "Feature", "properties": { "@osmId": "way/387298716", "@snapshotTimestamp": "2019-01-01T00:00:00Z" }, "geometry": { "type": "LineString", "coordinates": [ [ 85.1737598, 20.2630146 ], [ 85.1759457, 20.2861461 ] ] } },
{ "type": "Feature", "properties": { "@osmId": "way/485102256", "@snapshotTimestamp": "2019-01-01T00:00:00Z" }, "geometry": { "type": "LineString", "coordinates": [ [ 85.1759457, 20.2861461 ], [ 85.1689288, 20.3259238 ] ] } },
{ "type": "Feature", "properties": { "@osmId": "way/485102257", "@snapshotTimestamp": "2019-01-01T00:00:00Z" }, "geometry": { "type": "LineString", "coordinates": [ [ 85.1689288, 20.3259238 ], [ 85.1683802, 20.3276163 ] ] } },
{ "type": "Feature", "properties": { "@osmId": "way/485102258", "@snapshotTimestamp": "2019-01-01T00:00:00Z" }, "geometry": { "type": "LineString", "coordinates": [ [ 85.1683802, 20.3276163 ], [ 85.1889026, 20.3614643 ] ] } },
{ "type": "Feature", "properties": { "@osmId": "way/485105111", "@snapshotTimestamp": "2019-01-01T00:00:00Z" }, "geometry": { "type": "LineString", "coordinates": [ [ 85.1675272, 20.3471826 ], [ 85.1676926, 20.3613716 ] ] } },
{ "type": "Feature", "properties": { "@osmId": "way/484922622", "@snapshotTimestamp": "2019-01-01T00:00:00Z" }, "geometry": { "type": "LineString", "coordinates": [ [ 85.112254, 20.378296 ], [ 85.2008713, 20.3591917 ] ] } },
{ "type": "Feature", "properties": { "@osmId": "way/22829011", "@snapshotTimestamp": "2019-01-01T00:00:00Z" }, "geometry": { "type": "LineString", "coordinates": [ [ 84.985393, 20.362456 ], [ 85.0497596, 20.3962229 ] ] } },
{ "type": "Feature", "properties": { "@osmId": "way/22828909", "@snapshotTimestamp": "2019-01-01T00:00:00Z" }, "geometry": { "type": "LineString", "coordinates": [ [ 85.0497596, 20.3962229 ], [ 85.112254, 20.378296 ], [ 85.1153579, 20.3974844 ] ] } },
{ "type": "Feature", "properties": { "@osmId": "way/382801657", "@snapshotTimestamp": "2019-01-01T00:00:00Z" }, "geometry": { "type": "LineString", "coordinates": [ [ 85.1153579, 20.3974844 ], [ 85.1218636, 20.4105083 ] ] } },
{ "type": "Feature", "properties": { "@osmId": "way/334470208", "@snapshotTimestamp": "2019-01-01T00:00:00Z" }, "geometry": { "type": "LineString", "coordinates": [ [ 85.1732497, 20.4061189 ], [ 85.1696583, 20.4061726 ] ] } },
{ "type": "Feature", "properties": { "@osmId": "way/478393841", "@snapshotTimestamp": "2019-01-01T00:00:00Z" }, "geometry": { "type": "LineString", "coordinates": [ [ 85.2795722, 20.3769122 ], [ 85.2802317, 20.3776838 ] ] } },
{ "type": "Feature", "properties": { "@osmId": "way/478393840", "@snapshotTimestamp": "2019-01-01T00:00:00Z" }, "geometry": { "type": "LineString", "coordinates": [ [ 85.2802317, 20.3776838 ], [ 85.2888331, 20.3894418 ] ] } },
{ "type": "Feature", "properties": { "@osmId": "way/478393842", "@snapshotTimestamp": "2019-01-01T00:00:00Z" }, "geometry": { "type": "LineString", "coordinates": [ [ 85.2888331, 20.3894418 ], [ 85.2888665, 20.3894905 ] ] } },
{ "type": "Feature", "properties": { "@osmId": "way/478393843", "@snapshotTimestamp": "2019-01-01T00:00:00Z" }, "geometry": { "type": "LineString", "coordinates": [ [ 85.2888665, 20.3894905 ], [ 85.2947393, 20.3973471 ] ] } },
{ "type": "Feature", "properties": { "@osmId": "way/478393845", "@snapshotTimestamp": "2019-01-01T00:00:00Z" }, "geometry": { "type": "LineString", "coordinates": [ [ 85.2947393, 20.3973471 ], [ 85.2948676, 20.3974971 ] ] } },
{ "type": "Feature", "properties": { "@osmId": "way/478393844", "@snapshotTimestamp": "2019-01-01T00:00:00Z" }, "geometry": { "type": "LineString", "coordinates": [ [ 85.2948676, 20.3974971 ], [ 85.3035474, 20.4098114 ] ] } },
{ "type": "Feature", "properties": { "@osmId": "way/317636809", "@snapshotTimestamp": "2019-01-01T00:00:00Z" }, "geometry": { "type": "LineString", "coordinates": [ [ 85.5926097, 20.4035577 ], [ 85.5936083, 20.4038047 ] ] } },
{ "type": "Feature", "properties": { "@osmId": "way/22828401", "@snapshotTimestamp": "2019-01-01T00:00:00Z" }, "geometry": { "type": "LineString", "coordinates": [ [ 85.3035474, 20.4098114 ], [ 85.2341273, 20.4089321 ] ] } },
{ "type": "Feature", "properties": { "@osmId": "way/317636808", "@snapshotTimestamp": "2019-01-01T00:00:00Z" }, "geometry": { "type": "LineString", "coordinates": [ [ 85.5936083, 20.4038047 ], [ 85.6096984, 20.4137957 ] ] } },
{ "type": "Feature", "properties": { "@osmId": "way/478392723", "@snapshotTimestamp": "2019-01-01T00:00:00Z" }, "geometry": { "type": "LineString", "coordinates": [ [ 85.2341273, 20.4089321 ], [ 85.2336528, 20.4089501 ] ] } },
{ "type": "Feature", "properties": { "@osmId": "way/334364719", "@snapshotTimestamp": "2019-01-01T00:00:00Z" }, "geometry": { "type": "LineString", "coordinates": [ [ 85.1778417, 20.4081988 ], [ 85.1732497, 20.4061189 ] ] } },
{ "type": "Feature", "properties": { "@osmId": "way/333751950", "@snapshotTimestamp": "2019-01-01T00:00:00Z" }, "geometry": { "type": "LineString", "coordinates": [ [ 85.1955225, 20.4197272 ], [ 85.1778417, 20.4081988 ] ] } },
{ "type": "Feature", "properties": { "@osmId": "way/333755622", "@snapshotTimestamp": "2019-01-01T00:00:00Z" }, "geometry": { "type": "LineString", "coordinates": [ [ 85.1696583, 20.4061726 ], [ 85.1629113, 20.4301883 ] ] } },
{ "type": "Feature", "properties": { "@osmId": "way/382801634", "@snapshotTimestamp": "2019-01-01T00:00:00Z" }, "geometry": { "type": "LineString", "coordinates": [ [ 85.1228249, 20.412294 ], [ 85.1396832, 20.4450134 ] ] } },
{ "type": "Feature", "properties": { "@osmId": "way/478392724", "@snapshotTimestamp": "2019-01-01T00:00:00Z" }, "geometry": { "type": "LineString", "coordinates": [ [ 85.2336528, 20.4089501 ], [ 85.0844537, 20.4640751 ] ] } },
{ "type": "Feature", "properties": { "@osmId": "way/382801656", "@snapshotTimestamp": "2019-01-01T00:00:00Z" }, "geometry": { "type": "LineString", "coordinates": [ [ 85.1218636, 20.4105083 ], [ 85.0905411, 20.4246713 ], [ 85.0844537, 20.4640751 ] ] } },
{ "type": "Feature", "properties": { "@osmId": "way/382844717", "@snapshotTimestamp": "2019-01-01T00:00:00Z" }, "geometry": { "type": "LineString", "coordinates": [ [ 85.0489043, 20.4419371 ], [ 85.073582, 20.4596526 ] ] } },
{ "type": "Feature", "properties": { "@osmId": "way/495105556", "@snapshotTimestamp": "2019-01-01T00:00:00Z" }, "geometry": { "type": "LineString", "coordinates": [ [ 85.0774923, 20.4545681 ], [ 85.0791573, 20.4553762 ] ] } },
{ "type": "Feature", "properties": { "@osmId": "way/495105559", "@snapshotTimestamp": "2019-01-01T00:00:00Z" }, "geometry": { "type": "LineString", "coordinates": [ [ 85.0774923, 20.4545681 ], [ 85.0773322, 20.4563421 ] ] } },
{ "type": "Feature", "properties": { "@osmId": "way/382844415", "@snapshotTimestamp": "2019-01-01T00:00:00Z" }, "geometry": { "type": "LineString", "coordinates": [ [ 85.0762982, 20.4591514 ], [ 85.0795587, 20.4558086 ] ] } },
{ "type": "Feature", "properties": { "@osmId": "way/478393573", "@snapshotTimestamp": "2019-01-01T00:00:00Z" }, "geometry": { "type": "LineString", "coordinates": [ [ 85.3030533, 20.4098524 ], [ 85.303106, 20.4096906 ] ] } },
{ "type": "Feature", "properties": { "@osmId": "way/22828400", "@snapshotTimestamp": "2019-01-01T00:00:00Z" }, "geometry": { "type": "LineString", "coordinates": [ [ 85.3035474, 20.4098114 ], [ 85.3258859, 20.4142818 ] ] } },
{ "type": "Feature", "properties": { "@osmId": "way/235921520", "@snapshotTimestamp": "2019-01-01T00:00:00Z" }, "geometry": { "type": "LineString", "coordinates": [ [ 85.3258859, 20.4142818 ], [ 85.3262492, 20.4144389 ] ] } },
{ "type": "Feature", "properties": { "@osmId": "way/576686274", "@snapshotTimestamp": "2019-01-01T00:00:00Z" }, "geometry": { "type": "LineString", "coordinates": [ [ 85.6044866, 20.4152273 ], [ 85.6003672, 20.4336786 ] ] } },
{ "type": "Feature", "properties": { "@osmId": "way/235921518", "@snapshotTimestamp": "2019-01-01T00:00:00Z" }, "geometry": { "type": "LineString", "coordinates": [ [ 85.3262492, 20.4144389 ], [ 85.5185695, 20.4638804 ] ] } },
{ "type": "Feature", "properties": { "@osmId": "way/576686275", "@snapshotTimestamp": "2019-01-01T00:00:00Z" }, "geometry": { "type": "LineString", "coordinates": [ [ 85.6003672, 20.4336786 ], [ 85.5948992, 20.4625333 ] ] } },
{ "type": "Feature", "properties": { "@osmId": "way/576686277", "@snapshotTimestamp": "2019-01-01T00:00:00Z" }, "geometry": { "type": "LineString", "coordinates": [ [ 85.5948992, 20.4625333 ], [ 85.5941241, 20.463906 ] ] } },
{ "type": "Feature", "properties": { "@osmId": "way/576686276", "@snapshotTimestamp": "2019-01-01T00:00:00Z" }, "geometry": { "type": "LineString", "coordinates": [ [ 85.5941241, 20.463906 ], [ 85.5809767, 20.4849215 ] ] } },
{ "type": "Feature", "properties": { "@osmId": "way/22828408", "@snapshotTimestamp": "2019-01-01T00:00:00Z" }, "geometry": { "type": "LineString", "coordinates": [ [ 85.5185695, 20.4638804 ], [ 85.6202158, 20.5142367 ] ] } },
{ "type": "Feature", "properties": { "@osmId": "way/485388117", "@snapshotTimestamp": "2019-01-01T00:00:00Z" }, "geometry": { "type": "LineString", "coordinates": [ [ 85.6004459, 20.5155329 ], [ 85.599907, 20.5156543 ] ] } },
{ "type": "Feature", "properties": { "@osmId": "way/485388120", "@snapshotTimestamp": "2019-01-01T00:00:00Z" }, "geometry": { "type": "LineString", "coordinates": [ [ 85.599907, 20.5156543 ], [ 85.5089206, 20.5474009 ] ] } },
{ "type": "Feature", "properties": { "@osmId": "way/315133360", "@snapshotTimestamp": "2019-01-01T00:00:00Z" }, "geometry": { "type": "LineString", "coordinates": [ [ 85.5089206, 20.5474009 ], [ 85.5085613, 20.5476944 ] ] } },
{ "type": "Feature", "properties": { "@osmId": "way/315133367", "@snapshotTimestamp": "2019-01-01T00:00:00Z" }, "geometry": { "type": "LineString", "coordinates": [ [ 85.5085613, 20.5476944 ], [ 85.4408099, 20.5765715 ] ] } },
{ "type": "Feature", "properties": { "@osmId": "way/594077058", "@snapshotTimestamp": "2019-01-01T00:00:00Z" }, "geometry": { "type": "LineString", "coordinates": [ [ 85.5779573, 20.5156285 ], [ 85.5931071, 20.6355943 ] ] } },
{ "type": "Feature", "properties": { "@osmId": "way/315133363", "@snapshotTimestamp": "2019-01-01T00:00:00Z" }, "geometry": { "type": "LineString", "coordinates": [ [ 85.4408099, 20.5765715 ], [ 85.4407492, 20.5767193 ] ] } },
{ "type": "Feature", "properties": { "@osmId": "way/315133365", "@snapshotTimestamp": "2019-01-01T00:00:00Z" }, "geometry": { "type": "LineString", "coordinates": [ [ 85.4407492, 20.5767193 ], [ 85.4056339, 20.5873789 ] ] } },
{ "type": "Feature", "properties": { "@osmId": "way/315133361", "@snapshotTimestamp": "2019-01-01T00:00:00Z" }, "geometry": { "type": "LineString", "coordinates": [ [ 85.4056339, 20.5873789 ], [ 85.4051445, 20.587572 ] ] } },
{ "type": "Feature", "properties": { "@osmId": "way/315133358", "@snapshotTimestamp": "2019-01-01T00:00:00Z" }, "geometry": { "type": "LineString", "coordinates": [ [ 85.4051445, 20.587572 ], [ 85.3957854, 20.58837 ] ] } },
{ "type": "Feature", "properties": { "@osmId": "way/315133364", "@snapshotTimestamp": "2019-01-01T00:00:00Z" }, "geometry": { "type": "LineString", "coordinates": [ [ 85.3957854, 20.58837 ], [ 85.3955817, 20.5884438 ] ] } },
{ "type": "Feature", "properties": { "@osmId": "way/593743590", "@snapshotTimestamp": "2019-01-01T00:00:00Z" }, "geometry": { "type": "LineString", "coordinates": [ [ 85.5820629, 20.6418457 ], [ 85.5300099, 20.6189638 ], [ 85.4908778, 20.5639375 ] ] } },
{ "type": "Feature", "properties": { "@osmId": "way/382844718", "@snapshotTimestamp": "2019-01-01T00:00:00Z" }, "geometry": { "type": "LineString", "coordinates": [ [ 85.073582, 20.4596526 ], [ 85.0762605, 20.4598365 ] ] } },
{ "type": "Feature", "properties": { "@osmId": "way/382844166", "@snapshotTimestamp": "2019-01-01T00:00:00Z" }, "geometry": { "type": "LineString", "coordinates": [ [ 85.0844537, 20.4640751 ], [ 85.0762982, 20.4591514 ] ] } },
{ "type": "Feature", "properties": { "@osmId": "way/382844287", "@snapshotTimestamp": "2019-01-01T00:00:00Z" }, "geometry": { "type": "LineString", "coordinates": [ [ 85.0762982, 20.4591514 ], [ 85.0708428, 20.4655252 ] ] } },
{ "type": "Feature", "properties": { "@osmId": "way/382841026", "@snapshotTimestamp": "2019-01-01T00:00:00Z" }, "geometry": { "type": "LineString", "coordinates": [ [ 84.8873644, 20.5039905 ], [ 84.9316497, 20.5348322 ], [ 85.0844537, 20.4640751 ] ] } },
{ "type": "Feature", "properties": { "@osmId": "way/22828232", "@snapshotTimestamp": "2019-01-01T00:00:00Z" }, "geometry": { "type": "LineString", "coordinates": [ [ 85.0844537, 20.4640751 ], [ 85.1103298, 20.5375444 ], [ 85.1952039, 20.6082415 ] ] } },
{ "type": "Feature", "properties": { "@osmId": "way/236042695", "@snapshotTimestamp": "2019-01-01T00:00:00Z" }, "geometry": { "type": "LineString", "coordinates": [ [ 85.1952039, 20.6082415 ], [ 85.1640747, 20.6545051 ], [ 85.1805191, 20.6924296 ] ] } },
{ "type": "Feature", "properties": { "@osmId": "way/315444890", "@snapshotTimestamp": "2019-01-01T00:00:00Z" }, "geometry": { "type": "LineString", "coordinates": [ [ 85.1797771, 20.6927398 ], [ 85.1774154, 20.6947198 ] ] } },
{ "type": "Feature", "properties": { "@osmId": "way/315444894", "@snapshotTimestamp": "2019-01-01T00:00:00Z" }, "geometry": { "type": "LineString", "coordinates": [ [ 85.1774154, 20.6947198 ], [ 85.1767786, 20.6947256 ] ] } },
{ "type": "Feature", "properties": { "@osmId": "way/577275177", "@snapshotTimestamp": "2019-01-01T00:00:00Z" }, "geometry": { "type": "LineString", "coordinates": [ [ 85.1805191, 20.6924296 ], [ 85.1772189, 20.6999817 ] ] } },
{ "type": "Feature", "properties": { "@osmId": "way/237640702", "@snapshotTimestamp": "2019-01-01T00:00:00Z" }, "geometry": { "type": "LineString", "coordinates": [ [ 85.1772189, 20.6999817 ], [ 85.1767978, 20.7009553 ] ] } },
{ "type": "Feature", "properties": { "@osmId": "way/315133366", "@snapshotTimestamp": "2019-01-01T00:00:00Z" }, "geometry": { "type": "LineString", "coordinates": [ [ 85.3955817, 20.5884438 ], [ 85.3554466, 20.5944136 ], [ 85.3050653, 20.6491692 ] ] } },
{ "type": "Feature", "properties": { "@osmId": "way/22828367", "@snapshotTimestamp": "2019-01-01T00:00:00Z" }, "geometry": { "type": "LineString", "coordinates": [ [ 85.1952039, 20.6082415 ], [ 85.2688003, 20.6387094 ], [ 85.2801125, 20.6667759 ] ] } },
{ "type": "Feature", "properties": { "@osmId": "way/452089352", "@snapshotTimestamp": "2019-01-01T00:00:00Z" }, "geometry": { "type": "LineString", "coordinates": [ [ 85.5902517, 20.6471963 ], [ 85.5930276, 20.6356221 ] ] } },
{ "type": "Feature", "properties": { "@osmId": "way/452103454", "@snapshotTimestamp": "2019-01-01T00:00:00Z" }, "geometry": { "type": "LineString", "coordinates": [ [ 85.5820629, 20.6418457 ], [ 85.5891497, 20.6458902 ] ] } },
{ "type": "Feature", "properties": { "@osmId": "way/315133362", "@snapshotTimestamp": "2019-01-01T00:00:00Z" }, "geometry": { "type": "LineString", "coordinates": [ [ 85.3050653, 20.6491692 ], [ 85.3049305, 20.6493932 ] ] } },
{ "type": "Feature", "properties": { "@osmId": "way/452083262", "@snapshotTimestamp": "2019-01-01T00:00:00Z" }, "geometry": { "type": "LineString", "coordinates": [ [ 85.5942268, 20.6543779 ], [ 85.5953041, 20.6488792 ] ] } },
{ "type": "Feature", "properties": { "@osmId": "way/71928285", "@snapshotTimestamp": "2019-01-01T00:00:00Z" }, "geometry": { "type": "LineString", "coordinates": [ [ 85.6187072, 20.6383733 ], [ 85.5763696, 20.6868117 ] ] } },
{ "type": "Feature", "properties": { "@osmId": "way/452101239", "@snapshotTimestamp": "2019-01-01T00:00:00Z" }, "geometry": { "type": "LineString", "coordinates": [ [ 85.5979419, 20.6630529 ], [ 85.5960555, 20.6645178 ] ] } },
{ "type": "Feature", "properties": { "@osmId": "way/452101815", "@snapshotTimestamp": "2019-01-01T00:00:00Z" }, "geometry": { "type": "LineString", "coordinates": [ [ 85.5987485, 20.6648032 ], [ 85.59954, 20.6667168 ] ] } },
{ "type": "Feature", "properties": { "@osmId": "way/219066466", "@snapshotTimestamp": "2019-01-01T00:00:00Z" }, "geometry": { "type": "LineString", "coordinates": [ [ 85.5735943, 20.6661984 ], [ 85.5734711, 20.6666144 ] ] } },
{ "type": "Feature", "properties": { "@osmId": "way/247020583", "@snapshotTimestamp": "2019-01-01T00:00:00Z" }, "geometry": { "type": "LineString", "coordinates": [ [ 84.9241593, 19.953977 ], [ 84.9241634, 19.9540803 ] ] } },
{ "type": "Feature", "properties": { "@osmId": "way/229283887", "@snapshotTimestamp": "2019-01-01T00:00:00Z" }, "geometry": { "type": "LineString", "coordinates": [ [ 84.7799755, 19.9651432 ], [ 84.8629133, 19.9729387 ], [ 84.9124384, 19.9407123 ] ] } },
{ "type": "Feature", "properties": { "@osmId": "way/247020584", "@snapshotTimestamp": "2019-01-01T00:00:00Z" }, "geometry": { "type": "LineString", "coordinates": [ [ 84.9204433, 20.014958 ], [ 84.9320535, 19.9910188 ], [ 84.9742735, 20.0215836 ], [ 85.0021672, 20.0016266 ] ] } },
{ "type": "Feature", "properties": { "@osmId": "way/229319300", "@snapshotTimestamp": "2019-01-01T00:00:00Z" }, "geometry": { "type": "LineString", "coordinates": [ [ 84.8215143, 20.2519229 ], [ 84.8215523, 20.2521969 ] ] } },
{ "type": "Feature", "properties": { "@osmId": "way/218284662", "@snapshotTimestamp": "2019-01-01T00:00:00Z" }, "geometry": { "type": "LineString", "coordinates": [ [ 84.8543508, 20.3293703 ], [ 84.934619, 20.3136378 ], [ 84.9895794, 20.188653 ] ] } },
{ "type": "Feature", "properties": { "@osmId": "way/229319292", "@snapshotTimestamp": "2019-01-01T00:00:00Z" }, "geometry": { "type": "LineString", "coordinates": [ [ 84.82254, 20.2735376 ], [ 84.8228371, 20.2740156 ] ] } },
{ "type": "Feature", "properties": { "@osmId": "way/229319304", "@snapshotTimestamp": "2019-01-01T00:00:00Z" }, "geometry": { "type": "LineString", "coordinates": [ [ 84.8228371, 20.2740156 ], [ 84.8562195, 20.3232994 ] ] } },
{ "type": "Feature", "properties": { "@osmId": "way/218284665", "@snapshotTimestamp": "2019-01-01T00:00:00Z" }, "geometry": { "type": "LineString", "coordinates": [ [ 84.8545931, 20.3299049 ], [ 84.8543508, 20.3293703 ] ] } },
{ "type": "Feature", "properties": { "@osmId": "way/22829012", "@snapshotTimestamp": "2019-01-01T00:00:00Z" }, "geometry": { "type": "LineString", "coordinates": [ [ 84.8473742, 20.3327011 ], [ 84.985393, 20.362456 ] ] } },
{ "type": "Feature", "properties": { "@osmId": "way/237761516", "@snapshotTimestamp": "2019-01-01T00:00:00Z" }, "geometry": { "type": "LineString", "coordinates": [ [ 84.9477044, 20.7015503 ], [ 84.8674096, 20.7228793 ], [ 84.845011, 20.6959066 ], [ 84.8505755, 20.6510545 ], [ 84.7820612, 20.5994017 ] ] } },
{ "type": "Feature", "properties": { "@osmId": "way/232597472", "@snapshotTimestamp": "2019-01-01T00:00:00Z" }, "geometry": { "type": "LineString", "coordinates": [ [ 84.4692457, 20.0847968 ], [ 84.4690143, 20.0849478 ] ] } },
{ "type": "Feature", "properties": { "@osmId": "way/259021707", "@snapshotTimestamp": "2019-01-01T00:00:00Z" }, "geometry": { "type": "LineString", "coordinates": [ [ 84.5918565, 20.0825608 ], [ 84.5683795, 20.0925022 ] ] } },
{ "type": "Feature", "properties": { "@osmId": "way/232597466", "@snapshotTimestamp": "2019-01-01T00:00:00Z" }, "geometry": { "type": "MultiLineString", "coordinates": [ [ [ 84.4690143, 20.0849478 ], [ 84.440852, 20.1182921 ] ], [ [ 84.440852, 20.1277132 ], [ 84.440852, 20.1282933 ] ], [ [ 84.440852, 20.1283315 ], [ 84.440852, 20.129741 ] ] ] } },
{ "type": "Feature", "properties": { "@osmId": "way/232597466", "@snapshotTimestamp": "2019-01-01T00:00:00Z" }, "geometry": { "type": "MultiLineString", "coordinates": [ [ [ 84.440852, 20.1182921 ], [ 84.440852, 20.1277132 ] ], [ [ 84.440852, 20.1282933 ], [ 84.440852, 20.1283315 ] ], [ [ 84.440852, 20.129741 ], [ 84.414763, 20.1642287 ] ] ] } },
{ "type": "Feature", "properties": { "@osmId": "way/22828879", "@snapshotTimestamp": "2019-01-01T00:00:00Z" }, "geometry": { "type": "LineString", "coordinates": [ [ 84.414763, 20.1642287 ], [ 84.3980296, 20.188653 ] ] } },
{ "type": "Feature", "properties": { "@osmId": "way/577267553", "@snapshotTimestamp": "2019-01-01T00:00:00Z" }, "geometry": { "type": "LineString", "coordinates": [ [ 84.440852, 20.4230713 ], [ 84.4433199, 20.4234561 ] ] } },
{ "type": "Feature", "properties": { "@osmId": "way/577269550", "@snapshotTimestamp": "2019-01-01T00:00:00Z" }, "geometry": { "type": "LineString", "coordinates": [ [ 84.4433199, 20.4234561 ], [ 84.443623, 20.4234561 ] ] } },
{ "type": "Feature", "properties": { "@osmId": "way/577269551", "@snapshotTimestamp": "2019-01-01T00:00:00Z" }, "geometry": { "type": "LineString", "coordinates": [ [ 84.443623, 20.4234561 ], [ 84.5059553, 20.4491109 ] ] } },
{ "type": "Feature", "properties": { "@osmId": "way/218284676", "@snapshotTimestamp": "2019-01-01T00:00:00Z" }, "geometry": { "type": "LineString", "coordinates": [ [ 84.440852, 20.528705 ], [ 84.5102222, 20.4442482 ], [ 84.590858, 20.411955 ], [ 84.5881245, 20.3953453 ], [ 84.7232433, 20.4063471 ] ] } },
{ "type": "Feature", "properties": { "@osmId": "way/22828916", "@snapshotTimestamp": "2019-01-01T00:00:00Z" }, "geometry": { "type": "LineString", "coordinates": [ [ 84.4224961, 20.5838287 ], [ 84.440852, 20.5890717 ] ] } },
{ "type": "Feature", "properties": { "@osmId": "way/229319299", "@snapshotTimestamp": "2019-01-01T00:00:00Z" }, "geometry": { "type": "LineString", "coordinates": [ [ 84.8176628, 20.2448615 ], [ 84.8178157, 20.2449748 ] ] } },
{ "type": "Feature", "properties": { "@osmId": "way/229319302", "@snapshotTimestamp": "2019-01-01T00:00:00Z" }, "geometry": { "type": "LineString", "coordinates": [ [ 84.8178157, 20.2449748 ], [ 84.8192232, 20.2503339 ] ] } },
{ "type": "Feature", "properties": { "@osmId": "way/229319298", "@snapshotTimestamp": "2019-01-01T00:00:00Z" }, "geometry": { "type": "LineString", "coordinates": [ [ 84.8192232, 20.2503339 ], [ 84.8193048, 20.2504425 ] ] } },
{ "type": "Feature", "properties": { "@osmId": "way/229319286", "@snapshotTimestamp": "2019-01-01T00:00:00Z" }, "geometry": { "type": "LineString", "coordinates": [ [ 84.8193048, 20.2504425 ], [ 84.8215143, 20.2519229 ] ] } },
{ "type": "Feature", "properties": { "@osmId": "way/229319306", "@snapshotTimestamp": "2019-01-01T00:00:00Z" }, "geometry": { "type": "LineString", "coordinates": [ [ 84.8215523, 20.2521969 ], [ 84.82254, 20.2735376 ] ] } },
{ "type": "Feature", "properties": { "@osmId": "way/291306800", "@snapshotTimestamp": "2019-01-01T00:00:00Z" }, "geometry": { "type": "LineString", "coordinates": [ [ 84.7504023, 20.3939257 ], [ 84.8545931, 20.3299049 ] ] } },
{ "type": "Feature", "properties": { "@osmId": "way/291306801", "@snapshotTimestamp": "2019-01-01T00:00:00Z" }, "geometry": { "type": "LineString", "coordinates": [ [ 84.7499238, 20.39459 ], [ 84.7504023, 20.3939257 ] ] } },
{ "type": "Feature", "properties": { "@osmId": "way/291306802", "@snapshotTimestamp": "2019-01-01T00:00:00Z" }, "geometry": { "type": "LineString", "coordinates": [ [ 84.7232433, 20.4063471 ], [ 84.7499238, 20.39459 ] ] } },
{ "type": "Feature", "properties": { "@osmId": "way/487904255", "@snapshotTimestamp": "2019-01-01T00:00:00Z" }, "geometry": { "type": "LineString", "coordinates": [ [ 84.6941576, 20.632169 ], [ 84.7237035, 20.6179991 ] ] } },
{ "type": "Feature", "properties": { "@osmId": "way/487904254", "@snapshotTimestamp": "2019-01-01T00:00:00Z" }, "geometry": { "type": "LineString", "coordinates": [ [ 84.693479, 20.6324626 ], [ 84.6941576, 20.632169 ] ] } },
{ "type": "Feature", "properties": { "@osmId": "way/22828916", "@snapshotTimestamp": "2019-01-01T00:00:00Z" }, "geometry": { "type": "LineString", "coordinates": [ [ 84.440852, 20.5890717 ], [ 84.5312, 20.5823 ], [ 84.612, 20.6267 ], [ 84.7820612, 20.5994017 ] ] } },
{ "type": "Feature", "properties": { "@osmId": "way/487904252", "@snapshotTimestamp": "2019-01-01T00:00:00Z" }, "geometry": { "type": "LineString", "coordinates": [ [ 84.6484528, 20.6417174 ], [ 84.6487854, 20.641622 ] ] } },
{ "type": "Feature", "properties": { "@osmId": "way/487904251", "@snapshotTimestamp": "2019-01-01T00:00:00Z" }, "geometry": { "type": "LineString", "coordinates": [ [ 84.630777, 20.6513279 ], [ 84.6484528, 20.6417174 ] ] } },
{ "type": "Feature", "properties": { "@osmId": "way/487904250", "@snapshotTimestamp": "2019-01-01T00:00:00Z" }, "geometry": { "type": "LineString", "coordinates": [ [ 84.6306295, 20.6514409 ], [ 84.630777, 20.6513279 ] ] } },
{ "type": "Feature", "properties": { "@osmId": "way/487904249", "@snapshotTimestamp": "2019-01-01T00:00:00Z" }, "geometry": { "type": "LineString", "coordinates": [ [ 84.6183584, 20.6618715 ], [ 84.6306295, 20.6514409 ] ] } },
{ "type": "Feature", "properties": { "@osmId": "way/487904248", "@snapshotTimestamp": "2019-01-01T00:00:00Z" }, "geometry": { "type": "LineString", "coordinates": [ [ 84.6175349, 20.6627536 ], [ 84.6183584, 20.6618715 ] ] } },
{ "type": "Feature", "properties": { "@osmId": "way/487901532", "@snapshotTimestamp": "2019-01-01T00:00:00Z" }, "geometry": { "type": "LineString", "coordinates": [ [ 84.617323, 20.6629946 ], [ 84.6175349, 20.6627536 ] ] } },
{ "type": "Feature", "properties": { "@osmId": "way/487901531", "@snapshotTimestamp": "2019-01-01T00:00:00Z" }, "geometry": { "type": "LineString", "coordinates": [ [ 84.6095527, 20.6741672 ], [ 84.617323, 20.6629946 ] ] } },
{ "type": "Feature", "properties": { "@osmId": "way/487900472", "@snapshotTimestamp": "2019-01-01T00:00:00Z" }, "geometry": { "type": "LineString", "coordinates": [ [ 84.6093381, 20.6743931 ], [ 84.6095527, 20.6741672 ] ] } },
{ "type": "Feature", "properties": { "@osmId": "way/487900471", "@snapshotTimestamp": "2019-01-01T00:00:00Z" }, "geometry": { "type": "LineString", "coordinates": [ [ 84.5996687, 20.6837029 ], [ 84.6093381, 20.6743931 ] ] } },
{ "type": "Feature", "properties": { "@osmId": "way/487900470", "@snapshotTimestamp": "2019-01-01T00:00:00Z" }, "geometry": { "type": "LineString", "coordinates": [ [ 84.5994391, 20.6839248 ], [ 84.5996687, 20.6837029 ] ] } },
{ "type": "Feature", "properties": { "@osmId": "way/487900469", "@snapshotTimestamp": "2019-01-01T00:00:00Z" }, "geometry": { "type": "LineString", "coordinates": [ [ 84.5941247, 20.6895738 ], [ 84.5994391, 20.6839248 ] ] } },
{ "type": "Feature", "properties": { "@osmId": "way/487900468", "@snapshotTimestamp": "2019-01-01T00:00:00Z" }, "geometry": { "type": "LineString", "coordinates": [ [ 84.5938912, 20.6897835 ], [ 84.5941247, 20.6895738 ] ] } },
{ "type": "Feature", "properties": { "@osmId": "way/487900467", "@snapshotTimestamp": "2019-01-01T00:00:00Z" }, "geometry": { "type": "LineString", "coordinates": [ [ 84.5915655, 20.6918237 ], [ 84.5938912, 20.6897835 ] ] } },
{ "type": "Feature", "properties": { "@osmId": "way/487900466", "@snapshotTimestamp": "2019-01-01T00:00:00Z" }, "geometry": { "type": "LineString", "coordinates": [ [ 84.5913507, 20.6919897 ], [ 84.5915655, 20.6918237 ] ] } },
{ "type": "Feature", "properties": { "@osmId": "way/487900465", "@snapshotTimestamp": "2019-01-01T00:00:00Z" }, "geometry": { "type": "LineString", "coordinates": [ [ 84.57653, 20.7036485 ], [ 84.5913507, 20.6919897 ] ] } },
{ "type": "Feature", "properties": { "@osmId": "way/487900464", "@snapshotTimestamp": "2019-01-01T00:00:00Z" }, "geometry": { "type": "LineString", "coordinates": [ [ 84.5756234, 20.7045066 ], [ 84.57653, 20.7036485 ] ] } },
{ "type": "Feature", "properties": { "@osmId": "way/487900463", "@snapshotTimestamp": "2019-01-01T00:00:00Z" }, "geometry": { "type": "LineString", "coordinates": [ [ 84.5381741, 20.7225937 ], [ 84.5756234, 20.7045066 ] ] } },
{ "type": "Feature", "properties": { "@osmId": "way/237625726", "@snapshotTimestamp": "2019-01-01T00:00:00Z" }, "geometry": { "type": "LineString", "coordinates": [ [ 84.5381741, 20.7225937 ], [ 84.5111166, 20.7398907 ] ] } },
{ "type": "Feature", "properties": { "@osmId": "way/237625714", "@snapshotTimestamp": "2019-01-01T00:00:00Z" }, "geometry": { "type": "LineString", "coordinates": [ [ 84.5496429, 20.7535925 ], [ 84.5381741, 20.7225937 ] ] } },
{ "type": "Feature", "properties": { "@osmId": "way/237625721", "@snapshotTimestamp": "2019-01-01T00:00:00Z" }, "geometry": { "type": "LineString", "coordinates": [ [ 84.5111166, 20.7398907 ], [ 84.5098042, 20.7402633 ] ] } },
{ "type": "Feature", "properties": { "@osmId": "way/237625727", "@snapshotTimestamp": "2019-01-01T00:00:00Z" }, "geometry": { "type": "LineString", "coordinates": [ [ 84.5098042, 20.7402633 ], [ 84.4863137, 20.7505446 ] ] } },
{ "type": "Feature", "properties": { "@osmId": "way/237625725", "@snapshotTimestamp": "2019-01-01T00:00:00Z" }, "geometry": { "type": "LineString", "coordinates": [ [ 84.4863137, 20.7505446 ], [ 84.4859856, 20.7507484 ] ] } },
{ "type": "Feature", "properties": { "@osmId": "way/237625723", "@snapshotTimestamp": "2019-01-01T00:00:00Z" }, "geometry": { "type": "LineString", "coordinates": [ [ 84.549682, 20.7536825 ], [ 84.5496429, 20.7535925 ] ] } },
{ "type": "Feature", "properties": { "@osmId": "way/237625715", "@snapshotTimestamp": "2019-01-01T00:00:00Z" }, "geometry": { "type": "LineString", "coordinates": [ [ 84.4859856, 20.7507484 ], [ 84.4765078, 20.7568213 ] ] } },
{ "type": "Feature", "properties": { "@osmId": "way/237625720", "@snapshotTimestamp": "2019-01-01T00:00:00Z" }, "geometry": { "type": "LineString", "coordinates": [ [ 84.4765078, 20.7568213 ], [ 84.476339, 20.7568542 ] ] } },
{ "type": "Feature", "properties": { "@osmId": "way/237625728", "@snapshotTimestamp": "2019-01-01T00:00:00Z" }, "geometry": { "type": "LineString", "coordinates": [ [ 84.476339, 20.7568542 ], [ 84.4485662, 20.7654082 ] ] } },
{ "type": "Feature", "properties": { "@osmId": "way/237625724", "@snapshotTimestamp": "2019-01-01T00:00:00Z" }, "geometry": { "type": "LineString", "coordinates": [ [ 84.4485662, 20.7654082 ], [ 84.4481886, 20.7654874 ] ] } },
{ "type": "Feature", "properties": { "@osmId": "way/237625732", "@snapshotTimestamp": "2019-01-01T00:00:00Z" }, "geometry": { "type": "LineString", "coordinates": [ [ 84.4481886, 20.7654874 ], [ 84.440852, 20.7740345 ] ] } },
{ "type": "Feature", "properties": { "@osmId": "way/237625733", "@snapshotTimestamp": "2019-01-01T00:00:00Z" }, "geometry": { "type": "LineString", "coordinates": [ [ 84.6183722, 20.809175 ], [ 84.56719, 20.7880672 ], [ 84.549682, 20.7536825 ] ] } },
{ "type": "Feature", "properties": { "@osmId": "way/237625730", "@snapshotTimestamp": "2019-01-01T00:00:00Z" }, "geometry": { "type": "LineString", "coordinates": [ [ 84.3556564, 20.8809948 ], [ 84.3221431, 20.8636496 ], [ 84.3221804, 20.8794288 ] ] } },
{ "type": "Feature", "properties": { "@osmId": "way/549070837", "@snapshotTimestamp": "2019-01-01T00:00:00Z" }, "geometry": { "type": "LineString", "coordinates": [ [ 84.1068783, 20.8710401 ], [ 84.1483346, 20.877491 ], [ 84.1540933, 20.89929 ] ] } },
{ "type": "Feature", "properties": { "@osmId": "way/134540572", "@snapshotTimestamp": "2019-01-01T00:00:00Z" }, "geometry": { "type": "LineString", "coordinates": [ [ 84.3137135, 20.8662714 ], [ 84.3064505, 20.9351507 ] ] } },
{ "type": "Feature", "properties": { "@osmId": "way/293017875", "@snapshotTimestamp": "2019-01-01T00:00:00Z" }, "geometry": { "type": "LineString", "coordinates": [ [ 84.3064505, 20.9351507 ], [ 84.3065419, 20.9358863 ] ] } },
{ "type": "Feature", "properties": { "@osmId": "way/293017876", "@snapshotTimestamp": "2019-01-01T00:00:00Z" }, "geometry": { "type": "LineString", "coordinates": [ [ 84.3065419, 20.9358863 ], [ 84.3371161, 20.9944953 ], [ 84.3352471, 21.0604505 ] ] } },
{ "type": "Feature", "properties": { "@osmId": "way/90989985", "@snapshotTimestamp": "2019-01-01T00:00:00Z" }, "geometry": { "type": "LineString", "coordinates": [ [ 84.3352471, 21.0604505 ], [ 84.3412655, 21.0717778 ] ] } },
{ "type": "Feature", "properties": { "@osmId": "way/635009427", "@snapshotTimestamp": "2019-01-01T00:00:00Z" }, "geometry": { "type": "LineString", "coordinates": [ [ 84.3891513, 21.0706198 ], [ 84.3578339, 21.0753724 ] ] } },
{ "type": "Feature", "properties": { "@osmId": "way/635009426", "@snapshotTimestamp": "2019-01-01T00:00:00Z" }, "geometry": { "type": "LineString", "coordinates": [ [ 84.389207, 21.0710098 ], [ 84.3891513, 21.0706198 ] ] } },
{ "type": "Feature", "properties": { "@osmId": "way/293017884", "@snapshotTimestamp": "2019-01-01T00:00:00Z" }, "geometry": { "type": "LineString", "coordinates": [ [ 84.3412655, 21.0717778 ], [ 84.3395863, 21.0718128 ] ] } },
{ "type": "Feature", "properties": { "@osmId": "way/240675505", "@snapshotTimestamp": "2019-01-01T00:00:00Z" }, "geometry": { "type": "LineString", "coordinates": [ [ 84.3395863, 21.0718128 ], [ 84.3386682, 21.0718138 ] ] } },
{ "type": "Feature", "properties": { "@osmId": "way/487904253", "@snapshotTimestamp": "2019-01-01T00:00:00Z" }, "geometry": { "type": "LineString", "coordinates": [ [ 84.6487854, 20.641622 ], [ 84.693479, 20.6324626 ] ] } },
{ "type": "Feature", "properties": { "@osmId": "way/237625717", "@snapshotTimestamp": "2019-01-01T00:00:00Z" }, "geometry": { "type": "LineString", "coordinates": [ [ 84.6886821, 20.8723279 ], [ 84.6886084, 20.8720106 ] ] } },
{ "type": "Feature", "properties": { "@osmId": "way/237625731", "@snapshotTimestamp": "2019-01-01T00:00:00Z" }, "geometry": { "type": "LineString", "coordinates": [ [ 84.7452131, 20.9206156 ], [ 84.6886821, 20.8723279 ] ] } },
{ "type": "Feature", "properties": { "@osmId": "way/219070854", "@snapshotTimestamp": "2019-01-01T00:00:00Z" }, "geometry": { "type": "LineString", "coordinates": [ [ 84.9037766, 20.8634197 ], [ 84.87298, 20.8936556 ], [ 84.7253702, 20.9300179 ] ] } },
{ "type": "Feature", "properties": { "@osmId": "way/237625722", "@snapshotTimestamp": "2019-01-01T00:00:00Z" }, "geometry": { "type": "LineString", "coordinates": [ [ 84.7456047, 20.9208278 ], [ 84.7452131, 20.9206156 ] ] } },
{ "type": "Feature", "properties": { "@osmId": "way/90989969", "@snapshotTimestamp": "2019-01-01T00:00:00Z" }, "geometry": { "type": "LineString", "coordinates": [ [ 84.7491523, 20.9227789 ], [ 84.7456047, 20.9208278 ] ] } },
{ "type": "Feature", "properties": { "@osmId": "way/640945504", "@snapshotTimestamp": "2019-01-01T00:00:00Z" }, "geometry": { "type": "LineString", "coordinates": [ [ 84.7253702, 20.9300179 ], [ 84.7251876, 20.9301382 ] ] } },
{ "type": "Feature", "properties": { "@osmId": "way/640945505", "@snapshotTimestamp": "2019-01-01T00:00:00Z" }, "geometry": { "type": "LineString", "coordinates": [ [ 84.7251876, 20.9301382 ], [ 84.6971172, 20.9431466 ] ] } },
{ "type": "Feature", "properties": { "@osmId": "way/635009431", "@snapshotTimestamp": "2019-01-01T00:00:00Z" }, "geometry": { "type": "LineString", "coordinates": [ [ 84.6971172, 20.9431466 ], [ 84.6969331, 20.9433765 ] ] } },
{ "type": "Feature", "properties": { "@osmId": "way/217808305", "@snapshotTimestamp": "2019-01-01T00:00:00Z" }, "geometry": { "type": "LineString", "coordinates": [ [ 84.8669428, 21.1889618 ], [ 84.8049636, 21.2083486 ], [ 84.7102598, 21.3477684 ], [ 84.662933, 21.3461669 ] ] } },
{ "type": "Feature", "properties": { "@osmId": "way/237625732", "@snapshotTimestamp": "2019-01-01T00:00:00Z" }, "geometry": { "type": "LineString", "coordinates": [ [ 84.440852, 20.7740345 ], [ 84.3906167, 20.8149062 ] ] } },
{ "type": "Feature", "properties": { "@osmId": "way/237625716", "@snapshotTimestamp": "2019-01-01T00:00:00Z" }, "geometry": { "type": "LineString", "coordinates": [ [ 84.61898, 20.8093944 ], [ 84.6183722, 20.809175 ] ] } },
{ "type": "Feature", "properties": { "@osmId": "way/237625734", "@snapshotTimestamp": "2019-01-01T00:00:00Z" }, "geometry": { "type": "LineString", "coordinates": [ [ 84.6886084, 20.8720106 ], [ 84.61898, 20.8093944 ] ] } },
{ "type": "Feature", "properties": { "@osmId": "way/635009430", "@snapshotTimestamp": "2019-01-01T00:00:00Z" }, "geometry": { "type": "LineString", "coordinates": [ [ 84.6969331, 20.9433765 ], [ 84.6090975, 20.9684871 ] ] } },
{ "type": "Feature", "properties": { "@osmId": "way/635009428", "@snapshotTimestamp": "2019-01-01T00:00:00Z" }, "geometry": { "type": "LineString", "coordinates": [ [ 84.6090975, 20.9684871 ], [ 84.6084874, 20.9685422 ] ] } },
{ "type": "Feature", "properties": { "@osmId": "way/635009429", "@snapshotTimestamp": "2019-01-01T00:00:00Z" }, "geometry": { "type": "LineString", "coordinates": [ [ 84.6084874, 20.9685422 ], [ 84.474736, 21.0165551 ], [ 84.440852, 21.0567651 ] ] } },
{ "type": "Feature", "properties": { "@osmId": "way/635009429", "@snapshotTimestamp": "2019-01-01T00:00:00Z" }, "geometry": { "type": "LineString", "coordinates": [ [ 84.440852, 21.0567651 ], [ 84.389207, 21.0710098 ] ] } },
{ "type": "Feature", "properties": { "@osmId": "way/274121979", "@snapshotTimestamp": "2019-01-01T00:00:00Z" }, "geometry": { "type": "LineString", "coordinates": [ [ 84.440852, 21.1743455 ], [ 84.3624482, 21.0801243 ] ] } },
{ "type": "Feature", "properties": { "@osmId": "way/274121979", "@snapshotTimestamp": "2019-01-01T00:00:00Z" }, "geometry": { "type": "LineString", "coordinates": [ [ 84.5044093, 21.2273967 ], [ 84.440852, 21.1743455 ] ] } },
{ "type": "Feature", "properties": { "@osmId": "way/274121975", "@snapshotTimestamp": "2019-01-01T00:00:00Z" }, "geometry": { "type": "LineString", "coordinates": [ [ 84.5048523, 21.2277171 ], [ 84.5044093, 21.2273967 ] ] } },
{ "type": "Feature", "properties": { "@osmId": "way/274121974", "@snapshotTimestamp": "2019-01-01T00:00:00Z" }, "geometry": { "type": "LineString", "coordinates": [ [ 84.5441412, 21.2655901 ], [ 84.5048523, 21.2277171 ] ] } },
{ "type": "Feature", "properties": { "@osmId": "way/274121976", "@snapshotTimestamp": "2019-01-01T00:00:00Z" }, "geometry": { "type": "LineString", "coordinates": [ [ 84.5444493, 21.2669926 ], [ 84.5441412, 21.2655901 ] ] } },
{ "type": "Feature", "properties": { "@osmId": "way/274121980", "@snapshotTimestamp": "2019-01-01T00:00:00Z" }, "geometry": { "type": "LineString", "coordinates": [ [ 84.5661427, 21.2734244 ], [ 84.5444493, 21.2669926 ] ] } },
{ "type": "Feature", "properties": { "@osmId": "way/274121977", "@snapshotTimestamp": "2019-01-01T00:00:00Z" }, "geometry": { "type": "LineString", "coordinates": [ [ 84.5663156, 21.2729361 ], [ 84.5661427, 21.2734244 ] ] } },
{ "type": "Feature", "properties": { "@osmId": "way/274121978", "@snapshotTimestamp": "2019-01-01T00:00:00Z" }, "geometry": { "type": "LineString", "coordinates": [ [ 84.6698008, 21.3420272 ], [ 84.5663156, 21.2729361 ] ] } },
{ "type": "Feature", "properties": { "@osmId": "way/240640963", "@snapshotTimestamp": "2019-01-01T00:00:00Z" }, "geometry": { "type": "LineString", "coordinates": [ [ 84.440852, 21.5346896 ], [ 84.5413806, 21.5177847 ], [ 84.6041607, 21.5448638 ] ] } },
{ "type": "Feature", "properties": { "@osmId": "way/640855294", "@snapshotTimestamp": "2019-01-01T00:00:00Z" }, "geometry": { "type": "LineString", "coordinates": [ [ 84.3962976, 21.536264 ], [ 84.4177089, 21.5367467 ] ] } },
{ "type": "Feature", "properties": { "@osmId": "way/640855293", "@snapshotTimestamp": "2019-01-01T00:00:00Z" }, "geometry": { "type": "LineString", "coordinates": [ [ 84.4177089, 21.5367467 ], [ 84.4179287, 21.5370012 ] ] } },
{ "type": "Feature", "properties": { "@osmId": "way/240640963", "@snapshotTimestamp": "2019-01-01T00:00:00Z" }, "geometry": { "type": "LineString", "coordinates": [ [ 84.4179287, 21.5370012 ], [ 84.440852, 21.5346896 ] ] } },
{ "type": "Feature", "properties": { "@osmId": "way/217771645", "@snapshotTimestamp": "2019-01-01T00:00:00Z" }, "geometry": { "type": "LineString", "coordinates": [ [ 84.6041607, 21.5448638 ], [ 84.6081936, 21.5481278 ] ] } },
{ "type": "Feature", "properties": { "@osmId": "way/90613699", "@snapshotTimestamp": "2019-01-01T00:00:00Z" }, "geometry": { "type": "LineString", "coordinates": [ [ 85.8401194, 20.4745746 ], [ 85.8340885, 20.4773307 ] ] } },
{ "type": "Feature", "properties": { "@osmId": "way/462049948", "@snapshotTimestamp": "2019-01-01T00:00:00Z" }, "geometry": { "type": "LineString", "coordinates": [ [ 85.8401194, 20.4745746 ], [ 85.841843, 20.4780861 ] ] } },
{ "type": "Feature", "properties": { "@osmId": "way/90613707", "@snapshotTimestamp": "2019-01-01T00:00:00Z" }, "geometry": { "type": "LineString", "coordinates": [ [ 85.8464719, 20.4724305 ], [ 85.8359752, 20.4809838 ] ] } },
{ "type": "Feature", "properties": { "@osmId": "way/90613693", "@snapshotTimestamp": "2019-01-01T00:00:00Z" }, "geometry": { "type": "LineString", "coordinates": [ [ 85.831939, 20.472743 ], [ 85.8359752, 20.4809838 ] ] } },
{ "type": "Feature", "properties": { "@osmId": "way/77356937", "@snapshotTimestamp": "2019-01-01T00:00:00Z" }, "geometry": { "type": "LineString", "coordinates": [ [ 85.8518005, 20.4787157 ], [ 85.8503859, 20.4750965 ] ] } },
{ "type": "Feature", "properties": { "@osmId": "way/90613702", "@snapshotTimestamp": "2019-01-01T00:00:00Z" }, "geometry": { "type": "LineString", "coordinates": [ [ 85.8373745, 20.4758473 ], [ 85.8392484, 20.4794666 ] ] } },
{ "type": "Feature", "properties": { "@osmId": "way/459747302", "@snapshotTimestamp": "2019-01-01T00:00:00Z" }, "geometry": { "type": "LineString", "coordinates": [ [ 85.8478237, 20.4731862 ], [ 85.8283692, 20.4818572 ] ] } },
{ "type": "Feature", "properties": { "@osmId": "way/459743809", "@snapshotTimestamp": "2019-01-01T00:00:00Z" }, "geometry": { "type": "LineString", "coordinates": [ [ 85.8253487, 20.4833414 ], [ 85.8479114, 20.473235 ] ] } },
{ "type": "Feature", "properties": { "@osmId": "way/322998686", "@snapshotTimestamp": "2019-01-01T00:00:00Z" }, "geometry": { "type": "LineString", "coordinates": [ [ 85.845789, 20.4809631 ], [ 85.8417689, 20.4781774 ] ] } },
{ "type": "Feature", "properties": { "@osmId": "way/489714141", "@snapshotTimestamp": "2019-01-01T00:00:00Z" }, "geometry": { "type": "LineString", "coordinates": [ [ 85.8627652, 20.4777747 ], [ 85.8388652, 20.4854748 ] ] } },
{ "type": "Feature", "properties": { "@osmId": "way/315126273", "@snapshotTimestamp": "2019-01-01T00:00:00Z" }, "geometry": { "type": "LineString", "coordinates": [ [ 85.7451979, 20.4457863 ], [ 85.735064, 20.4535504 ] ] } },
{ "type": "Feature", "properties": { "@osmId": "way/44948465", "@snapshotTimestamp": "2019-01-01T00:00:00Z" }, "geometry": { "type": "LineString", "coordinates": [ [ 85.7896621, 20.4497345 ], [ 85.7901094, 20.4503179 ] ] } },
{ "type": "Feature", "properties": { "@osmId": "way/489991570", "@snapshotTimestamp": "2019-01-01T00:00:00Z" }, "geometry": { "type": "LineString", "coordinates": [ [ 85.7019855, 20.4553331 ], [ 85.7293248, 20.4578163 ] ] } },
{ "type": "Feature", "properties": { "@osmId": "way/489991568", "@snapshotTimestamp": "2019-01-01T00:00:00Z" }, "geometry": { "type": "LineString", "coordinates": [ [ 85.7729727, 20.4686128 ], [ 85.7452712, 20.4457487 ] ] } },
{ "type": "Feature", "properties": { "@osmId": "way/322931812", "@snapshotTimestamp": "2019-01-01T00:00:00Z" }, "geometry": { "type": "LineString", "coordinates": [ [ 85.7729727, 20.4686128 ], [ 85.7783984, 20.4703952 ] ] } },
{ "type": "Feature", "properties": { "@osmId": "way/322931811", "@snapshotTimestamp": "2019-01-01T00:00:00Z" }, "geometry": { "type": "LineString", "coordinates": [ [ 85.7741161, 20.4696128 ], [ 85.7783984, 20.4703952 ] ] } },
{ "type": "Feature", "properties": { "@osmId": "way/77356042", "@snapshotTimestamp": "2019-01-01T00:00:00Z" }, "geometry": { "type": "LineString", "coordinates": [ [ 85.7783984, 20.4703952 ], [ 85.7784888, 20.470953 ] ] } },
{ "type": "Feature", "properties": { "@osmId": "way/576316078", "@snapshotTimestamp": "2019-01-01T00:00:00Z" }, "geometry": { "type": "LineString", "coordinates": [ [ 85.7784888, 20.470953 ], [ 85.7806966, 20.4791815 ] ] } },
{ "type": "Feature", "properties": { "@osmId": "way/315126272", "@snapshotTimestamp": "2019-01-01T00:00:00Z" }, "geometry": { "type": "LineString", "coordinates": [ [ 85.735064, 20.4535504 ], [ 85.7019855, 20.4553331 ], [ 85.6293766, 20.5164173 ] ] } },
{ "type": "Feature", "properties": { "@osmId": "way/459565814", "@snapshotTimestamp": "2019-01-01T00:00:00Z" }, "geometry": { "type": "LineString", "coordinates": [ [ 85.8011457, 20.489621 ], [ 85.7994993, 20.4827638 ] ] } },
{ "type": "Feature", "properties": { "@osmId": "way/459730378", "@snapshotTimestamp": "2019-01-01T00:00:00Z" }, "geometry": { "type": "LineString", "coordinates": [ [ 85.8231143, 20.4799179 ], [ 85.8230347, 20.4799444 ] ] } },
{ "type": "Feature", "properties": { "@osmId": "way/459730379", "@snapshotTimestamp": "2019-01-01T00:00:00Z" }, "geometry": { "type": "LineString", "coordinates": [ [ 85.8230759, 20.48004 ], [ 85.8231548, 20.4800142 ] ] } },
{ "type": "Feature", "properties": { "@osmId": "way/90613710", "@snapshotTimestamp": "2019-01-01T00:00:00Z" }, "geometry": { "type": "LineString", "coordinates": [ [ 85.823517, 20.481064 ], [ 85.8353571, 20.4797701 ] ] } },
{ "type": "Feature", "properties": { "@osmId": "way/90613704", "@snapshotTimestamp": "2019-01-01T00:00:00Z" }, "geometry": { "type": "LineString", "coordinates": [ [ 85.8230347, 20.4799444 ], [ 85.8139246, 20.4828707 ] ] } },
{ "type": "Feature", "properties": { "@osmId": "way/90613712", "@snapshotTimestamp": "2019-01-01T00:00:00Z" }, "geometry": { "type": "LineString", "coordinates": [ [ 85.8139246, 20.4828707 ], [ 85.8133588, 20.4800443 ] ] } },
{ "type": "Feature", "properties": { "@osmId": "way/459723379", "@snapshotTimestamp": "2019-01-01T00:00:00Z" }, "geometry": { "type": "LineString", "coordinates": [ [ 85.8183382, 20.4815574 ], [ 85.8183069, 20.4814626 ] ] } },
{ "type": "Feature", "properties": { "@osmId": "way/459722431", "@snapshotTimestamp": "2019-01-01T00:00:00Z" }, "geometry": { "type": "LineString", "coordinates": [ [ 85.8138568, 20.4829935 ], [ 85.8230759, 20.48004 ] ] } },
{ "type": "Feature", "properties": { "@osmId": "way/459723377", "@snapshotTimestamp": "2019-01-01T00:00:00Z" }, "geometry": { "type": "LineString", "coordinates": [ [ 85.8182227, 20.4814897 ], [ 85.8182568, 20.4815835 ] ] } },
{ "type": "Feature", "properties": { "@osmId": "way/459747301", "@snapshotTimestamp": "2019-01-01T00:00:00Z" }, "geometry": { "type": "LineString", "coordinates": [ [ 85.8283692, 20.4818572 ], [ 85.8254662, 20.4832884 ] ] } },
{ "type": "Feature", "properties": { "@osmId": "way/459722002", "@snapshotTimestamp": "2019-01-01T00:00:00Z" }, "geometry": { "type": "LineString", "coordinates": [ [ 85.8139246, 20.4828707 ], [ 85.8138367, 20.4828989 ] ] } },
{ "type": "Feature", "properties": { "@osmId": "way/459724598", "@snapshotTimestamp": "2019-01-01T00:00:00Z" }, "geometry": { "type": "LineString", "coordinates": [ [ 85.8215997, 20.4849271 ], [ 85.8201275, 20.4808775 ] ] } },
{ "type": "Feature", "properties": { "@osmId": "way/90613698", "@snapshotTimestamp": "2019-01-01T00:00:00Z" }, "geometry": { "type": "LineString", "coordinates": [ [ 85.8200279, 20.4809095 ], [ 85.8214857, 20.4849553 ] ] } },
{ "type": "Feature", "properties": { "@osmId": "way/459727533", "@snapshotTimestamp": "2019-01-01T00:00:00Z" }, "geometry": { "type": "LineString", "coordinates": [ [ 85.8255478, 20.4830569 ], [ 85.8254477, 20.4830579 ] ] } },
{ "type": "Feature", "properties": { "@osmId": "way/461841644", "@snapshotTimestamp": "2019-01-01T00:00:00Z" }, "geometry": { "type": "LineString", "coordinates": [ [ 85.8254477, 20.4830579 ], [ 85.8243806, 20.4830687 ] ] } },
{ "type": "Feature", "properties": { "@osmId": "way/461841643", "@snapshotTimestamp": "2019-01-01T00:00:00Z" }, "geometry": { "type": "LineString", "coordinates": [ [ 85.8254477, 20.4830579 ], [ 85.8254244, 20.4831304 ] ] } },
{ "type": "Feature", "properties": { "@osmId": "way/489987051", "@snapshotTimestamp": "2019-01-01T00:00:00Z" }, "geometry": { "type": "LineString", "coordinates": [ [ 85.8243806, 20.4830687 ], [ 85.8244164, 20.4831518 ] ] } },
{ "type": "Feature", "properties": { "@osmId": "way/459727807", "@snapshotTimestamp": "2019-01-01T00:00:00Z" }, "geometry": { "type": "LineString", "coordinates": [ [ 85.8254244, 20.4831304 ], [ 85.825523, 20.4831273 ] ] } },
{ "type": "Feature", "properties": { "@osmId": "way/489987052", "@snapshotTimestamp": "2019-01-01T00:00:00Z" }, "geometry": { "type": "LineString", "coordinates": [ [ 85.8244164, 20.4831518 ], [ 85.8254244, 20.4831304 ] ] } },
{ "type": "Feature", "properties": { "@osmId": "way/459777874", "@snapshotTimestamp": "2019-01-01T00:00:00Z" }, "geometry": { "type": "LineString", "coordinates": [ [ 85.8254662, 20.4832884 ], [ 85.8255478, 20.4830569 ] ] } },
{ "type": "Feature", "properties": { "@osmId": "way/90613697", "@snapshotTimestamp": "2019-01-01T00:00:00Z" }, "geometry": { "type": "LineString", "coordinates": [ [ 85.8254244, 20.4831304 ], [ 85.8253755, 20.4832668 ] ] } },
{ "type": "Feature", "properties": { "@osmId": "way/489987050", "@snapshotTimestamp": "2019-01-01T00:00:00Z" }, "geometry": { "type": "LineString", "coordinates": [ [ 85.8243806, 20.4830687 ], [ 85.8209067, 20.4833591 ] ] } },
{ "type": "Feature", "properties": { "@osmId": "way/459777875", "@snapshotTimestamp": "2019-01-01T00:00:00Z" }, "geometry": { "type": "LineString", "coordinates": [ [ 85.8254662, 20.4832884 ], [ 85.8253755, 20.4832668 ] ] } },
{ "type": "Feature", "properties": { "@osmId": "way/459726832", "@snapshotTimestamp": "2019-01-01T00:00:00Z" }, "geometry": { "type": "LineString", "coordinates": [ [ 85.8209318, 20.4834291 ], [ 85.8244164, 20.4831518 ] ] } },
{ "type": "Feature", "properties": { "@osmId": "way/459719060", "@snapshotTimestamp": "2019-01-01T00:00:00Z" }, "geometry": { "type": "LineString", "coordinates": [ [ 85.8132458, 20.4801148 ], [ 85.8163483, 20.4866465 ] ] } },
{ "type": "Feature", "properties": { "@osmId": "way/459566916", "@snapshotTimestamp": "2019-01-01T00:00:00Z" }, "geometry": { "type": "LineString", "coordinates": [ [ 85.8053378, 20.4829536 ], [ 85.7997323, 20.4841464 ] ] } },
{ "type": "Feature", "properties": { "@osmId": "way/459566970", "@snapshotTimestamp": "2019-01-01T00:00:00Z" }, "geometry": { "type": "LineString", "coordinates": [ [ 85.7997502, 20.484221 ], [ 85.8053566, 20.4830331 ] ] } },
{ "type": "Feature", "properties": { "@osmId": "way/459706650", "@snapshotTimestamp": "2019-01-01T00:00:00Z" }, "geometry": { "type": "LineString", "coordinates": [ [ 85.8059296, 20.4854584 ], [ 85.8050886, 20.4818989 ] ] } },
{ "type": "Feature", "properties": { "@osmId": "way/459706559", "@snapshotTimestamp": "2019-01-01T00:00:00Z" }, "geometry": { "type": "LineString", "coordinates": [ [ 85.8049724, 20.4819147 ], [ 85.8058486, 20.4854755 ] ] } },
{ "type": "Feature", "properties": { "@osmId": "way/459736608", "@snapshotTimestamp": "2019-01-01T00:00:00Z" }, "geometry": { "type": "LineString", "coordinates": [ [ 85.8208033, 20.4827774 ], [ 85.8145931, 20.4847736 ] ] } },
{ "type": "Feature", "properties": { "@osmId": "way/459736609", "@snapshotTimestamp": "2019-01-01T00:00:00Z" }, "geometry": { "type": "LineString", "coordinates": [ [ 85.8146593, 20.4848443 ], [ 85.820827, 20.482844 ] ] } },
{ "type": "Feature", "properties": { "@osmId": "way/459777876", "@snapshotTimestamp": "2019-01-01T00:00:00Z" }, "geometry": { "type": "LineString", "coordinates": [ [ 85.8253755, 20.4832668 ], [ 85.8248237, 20.4848044 ] ] } },
{ "type": "Feature", "properties": { "@osmId": "way/459727752", "@snapshotTimestamp": "2019-01-01T00:00:00Z" }, "geometry": { "type": "LineString", "coordinates": [ [ 85.8247928, 20.4851986 ], [ 85.8254662, 20.4832884 ] ] } },
{ "type": "Feature", "properties": { "@osmId": "way/459565593", "@snapshotTimestamp": "2019-01-01T00:00:00Z" }, "geometry": { "type": "LineString", "coordinates": [ [ 85.8164335, 20.4865863 ], [ 85.8139246, 20.4828707 ] ] } },
{ "type": "Feature", "properties": { "@osmId": "way/459565676", "@snapshotTimestamp": "2019-01-01T00:00:00Z" }, "geometry": { "type": "LineString", "coordinates": [ [ 85.8102964, 20.4885107 ], [ 85.8086246, 20.4814187 ] ] } },
{ "type": "Feature", "properties": { "@osmId": "way/459565594", "@snapshotTimestamp": "2019-01-01T00:00:00Z" }, "geometry": { "type": "LineString", "coordinates": [ [ 85.8085439, 20.4814297 ], [ 85.8102107, 20.4885013 ] ] } },
{ "type": "Feature", "properties": { "@osmId": "way/459726831", "@snapshotTimestamp": "2019-01-01T00:00:00Z" }, "geometry": { "type": "LineString", "coordinates": [ [ 85.8248237, 20.4848044 ], [ 85.8246944, 20.4851449 ] ] } },
{ "type": "Feature", "properties": { "@osmId": "way/459565831", "@snapshotTimestamp": "2019-01-01T00:00:00Z" }, "geometry": { "type": "LineString", "coordinates": [ [ 85.8093831, 20.4846362 ], [ 85.8003074, 20.4865443 ] ] } },
{ "type": "Feature", "properties": { "@osmId": "way/459565849", "@snapshotTimestamp": "2019-01-01T00:00:00Z" }, "geometry": { "type": "LineString", "coordinates": [ [ 85.8003302, 20.4866396 ], [ 85.8094042, 20.4847255 ] ] } },
{ "type": "Feature", "properties": { "@osmId": "way/90613687", "@snapshotTimestamp": "2019-01-01T00:00:00Z" }, "geometry": { "type": "LineString", "coordinates": [ [ 85.8343556, 20.4872063 ], [ 85.8248237, 20.4848044 ] ] } },
{ "type": "Feature", "properties": { "@osmId": "way/459570340", "@snapshotTimestamp": "2019-01-01T00:00:00Z" }, "geometry": { "type": "LineString", "coordinates": [ [ 85.7971515, 20.4840376 ], [ 85.8102964, 20.4885107 ] ] } },
{ "type": "Feature", "properties": { "@osmId": "way/459565728", "@snapshotTimestamp": "2019-01-01T00:00:00Z" }, "geometry": { "type": "LineString", "coordinates": [ [ 85.7994088, 20.4827977 ], [ 85.801044, 20.4896153 ] ] } },
{ "type": "Feature", "properties": { "@osmId": "way/459719033", "@snapshotTimestamp": "2019-01-01T00:00:00Z" }, "geometry": { "type": "LineString", "coordinates": [ [ 85.8164335, 20.4865863 ], [ 85.7814476, 20.4822061 ] ] } },
{ "type": "Feature", "properties": { "@osmId": "way/461358270", "@snapshotTimestamp": "2019-01-01T00:00:00Z" }, "geometry": { "type": "LineString", "coordinates": [ [ 85.736381, 20.5063355 ], [ 85.8052767, 20.5081447 ] ] } },
{ "type": "Feature", "properties": { "@osmId": "way/22828368", "@snapshotTimestamp": "2019-01-01T00:00:00Z" }, "geometry": { "type": "LineString", "coordinates": [ [ 85.6202158, 20.5142367 ], [ 85.6004459, 20.5155329 ] ] } },
{ "type": "Feature", "properties": { "@osmId": "way/461357043", "@snapshotTimestamp": "2019-01-01T00:00:00Z" }, "geometry": { "type": "LineString", "coordinates": [ [ 85.6336648, 20.5200671 ], [ 85.736381, 20.5063355 ] ] } },
{ "type": "Feature", "properties": { "@osmId": "way/461342851", "@snapshotTimestamp": "2019-01-01T00:00:00Z" }, "geometry": { "type": "LineString", "coordinates": [ [ 85.6336648, 20.5200671 ], [ 85.6293766, 20.5164173 ] ] } },
{ "type": "Feature", "properties": { "@osmId": "way/22828548", "@snapshotTimestamp": "2019-01-01T00:00:00Z" }, "geometry": { "type": "LineString", "coordinates": [ [ 85.6202158, 20.5142367 ], [ 85.6288992, 20.5278323 ] ] } },
{ "type": "Feature", "properties": { "@osmId": "way/235921519", "@snapshotTimestamp": "2019-01-01T00:00:00Z" }, "geometry": { "type": "LineString", "coordinates": [ [ 85.6288992, 20.5278323 ], [ 85.6293356, 20.5281808 ] ] } },
{ "type": "Feature", "properties": { "@osmId": "way/219066468", "@snapshotTimestamp": "2019-01-01T00:00:00Z" }, "geometry": { "type": "LineString", "coordinates": [ [ 85.8402358, 20.5202106 ], [ 85.7534683, 20.556009 ] ] } },
{ "type": "Feature", "properties": { "@osmId": "way/235921521", "@snapshotTimestamp": "2019-01-01T00:00:00Z" }, "geometry": { "type": "LineString", "coordinates": [ [ 85.6293356, 20.5281808 ], [ 85.7154651, 20.5647699 ] ] } },
{ "type": "Feature", "properties": { "@osmId": "way/77355726", "@snapshotTimestamp": "2019-01-01T00:00:00Z" }, "geometry": { "type": "LineString", "coordinates": [ [ 85.8359752, 20.4809838 ], [ 85.8388652, 20.4854748 ] ] } },
{ "type": "Feature", "properties": { "@osmId": "way/459737747", "@snapshotTimestamp": "2019-01-01T00:00:00Z" }, "geometry": { "type": "LineString", "coordinates": [ [ 85.8504198, 20.4749296 ], [ 85.8389995, 20.4918913 ] ] } },
{ "type": "Feature", "properties": { "@osmId": "way/90613694", "@snapshotTimestamp": "2019-01-01T00:00:00Z" }, "geometry": { "type": "LineString", "coordinates": [ [ 85.8343556, 20.4872063 ], [ 85.8388652, 20.4854748 ] ] } },
{ "type": "Feature", "properties": { "@osmId": "way/77355702", "@snapshotTimestamp": "2019-01-01T00:00:00Z" }, "geometry": { "type": "LineString", "coordinates": [ [ 85.8316694, 20.4889527 ], [ 85.8343556, 20.4872063 ] ] } },
{ "type": "Feature", "properties": { "@osmId": "way/471785229", "@snapshotTimestamp": "2019-01-01T00:00:00Z" }, "geometry": { "type": "LineString", "coordinates": [ [ 85.8391316, 20.4919062 ], [ 85.8423129, 20.4857421 ] ] } },
{ "type": "Feature", "properties": { "@osmId": "way/471785230", "@snapshotTimestamp": "2019-01-01T00:00:00Z" }, "geometry": { "type": "LineString", "coordinates": [ [ 85.8390699, 20.491865 ], [ 85.8389865, 20.4919122 ], [ 85.8390375, 20.4920095 ], [ 85.8391377, 20.4919544 ], [ 85.8390699, 20.491865 ] ] } },
{ "type": "Feature", "properties": { "@osmId": "way/219066463", "@snapshotTimestamp": "2019-01-01T00:00:00Z" }, "geometry": { "type": "LineString", "coordinates": [ [ 85.8406409, 20.5202564 ], [ 85.8402358, 20.5202106 ] ] } },
{ "type": "Feature", "properties": { "@osmId": "way/44947253", "@snapshotTimestamp": "2019-01-01T00:00:00Z" }, "geometry": { "type": "LineString", "coordinates": [ [ 85.8658574, 20.523147 ], [ 85.8406409, 20.5202564 ] ] } },
{ "type": "Feature", "properties": { "@osmId": "way/178743942", "@snapshotTimestamp": "2019-01-01T00:00:00Z" }, "geometry": { "type": "LineString", "coordinates": [ [ 85.8578968, 20.8511244 ], [ 85.8400101, 20.8134251 ] ] } },
{ "type": "Feature", "properties": { "@osmId": "way/178743943", "@snapshotTimestamp": "2019-01-01T00:00:00Z" }, "geometry": { "type": "LineString", "coordinates": [ [ 85.8320696, 20.8844396 ], [ 85.8551462, 20.8663509 ] ] } },
{ "type": "Feature", "properties": { "@osmId": "way/219066465", "@snapshotTimestamp": "2019-01-01T00:00:00Z" }, "geometry": { "type": "LineString", "coordinates": [ [ 85.7534683, 20.556009 ], [ 85.7532701, 20.5560904 ] ] } },
{ "type": "Feature", "properties": { "@osmId": "way/219066462", "@snapshotTimestamp": "2019-01-01T00:00:00Z" }, "geometry": { "type": "LineString", "coordinates": [ [ 85.7532701, 20.5560904 ], [ 85.7240305, 20.5628051 ] ] } },
{ "type": "Feature", "properties": { "@osmId": "way/121808442", "@snapshotTimestamp": "2019-01-01T00:00:00Z" }, "geometry": { "type": "LineString", "coordinates": [ [ 85.7240305, 20.5628051 ], [ 85.7189152, 20.564018 ] ] } },
{ "type": "Feature", "properties": { "@osmId": "way/219066464", "@snapshotTimestamp": "2019-01-01T00:00:00Z" }, "geometry": { "type": "LineString", "coordinates": [ [ 85.7189152, 20.564018 ], [ 85.7184371, 20.5641222 ] ] } },
{ "type": "Feature", "properties": { "@osmId": "way/219066467", "@snapshotTimestamp": "2019-01-01T00:00:00Z" }, "geometry": { "type": "LineString", "coordinates": [ [ 85.7184371, 20.5641222 ], [ 85.7154651, 20.5647699 ] ] } },
{ "type": "Feature", "properties": { "@osmId": "way/146694003", "@snapshotTimestamp": "2019-01-01T00:00:00Z" }, "geometry": { "type": "LineString", "coordinates": [ [ 85.7154651, 20.5647699 ], [ 85.5735943, 20.6661984 ] ] } },
{ "type": "Feature", "properties": { "@osmId": "way/452110818", "@snapshotTimestamp": "2019-01-01T00:00:00Z" }, "geometry": { "type": "LineString", "coordinates": [ [ 85.6191986, 20.6380329 ], [ 85.6256872, 20.6397395 ] ] } },
{ "type": "Feature", "properties": { "@osmId": "way/593685031", "@snapshotTimestamp": "2019-01-01T00:00:00Z" }, "geometry": { "type": "LineString", "coordinates": [ [ 85.7466241, 20.6991161 ], [ 85.8170701, 20.7925209 ] ] } },
{ "type": "Feature", "properties": { "@osmId": "way/178743926", "@snapshotTimestamp": "2019-01-01T00:00:00Z" }, "geometry": { "type": "LineString", "coordinates": [ [ 85.8320696, 20.8844396 ], [ 85.7975696, 20.9171735 ], [ 85.7425048, 20.921523 ] ] } },
{ "type": "Feature", "properties": { "@osmId": "way/217771614", "@snapshotTimestamp": "2019-01-01T00:00:00Z" }, "geometry": { "type": "LineString", "coordinates": [ [ 85.7417742, 20.9215119 ], [ 85.6838381, 20.9021938 ], [ 85.6292594, 20.9157797 ] ] } },
{ "type": "Feature", "properties": { "@osmId": "way/461279740", "@snapshotTimestamp": "2019-01-01T00:00:00Z" }, "geometry": { "type": "LineString", "coordinates": [ [ 85.8944219, 20.5499314 ], [ 85.9043596, 20.5464029 ] ] } },
{ "type": "Feature", "properties": { "@osmId": "way/461279737", "@snapshotTimestamp": "2019-01-01T00:00:00Z" }, "geometry": { "type": "LineString", "coordinates": [ [ 85.8944219, 20.5499314 ], [ 85.8943112, 20.5498307 ], [ 85.8941721, 20.5499445 ], [ 85.8943044, 20.5500649 ], [ 85.8944219, 20.5499314 ] ] } },
{ "type": "Feature", "properties": { "@osmId": "way/178743971", "@snapshotTimestamp": "2019-01-01T00:00:00Z" }, "geometry": { "type": "LineString", "coordinates": [ [ 85.8400101, 20.8134251 ], [ 85.8919904, 20.799015 ] ] } },
{ "type": "Feature", "properties": { "@osmId": "way/647628488", "@snapshotTimestamp": "2019-01-01T00:00:00Z" }, "geometry": { "type": "LineString", "coordinates": [ [ 85.8598387, 20.8620651 ], [ 85.8578968, 20.8511244 ] ] } },
{ "type": "Feature", "properties": { "@osmId": "way/178743948", "@snapshotTimestamp": "2019-01-01T00:00:00Z" }, "geometry": { "type": "LineString", "coordinates": [ [ 85.8614489, 20.8616342 ], [ 85.8866138, 20.8637169 ] ] } },
{ "type": "Feature", "properties": { "@osmId": "way/647628489", "@snapshotTimestamp": "2019-01-01T00:00:00Z" }, "geometry": { "type": "LineString", "coordinates": [ [ 85.8579746, 20.8635288 ], [ 85.8598387, 20.8620651 ] ] } },
{ "type": "Feature", "properties": { "@osmId": "way/650858252", "@snapshotTimestamp": "2019-01-01T00:00:00Z" }, "geometry": { "type": "LineString", "coordinates": [ [ 85.8551875, 20.8657681 ], [ 85.8614489, 20.8616342 ] ] } },
{ "type": "Feature", "properties": { "@osmId": "way/650858253", "@snapshotTimestamp": "2019-01-01T00:00:00Z" }, "geometry": { "type": "LineString", "coordinates": [ [ 85.8551462, 20.8663509 ], [ 85.8551875, 20.8657681 ] ] } },
{ "type": "Feature", "properties": { "@osmId": "way/217771632", "@snapshotTimestamp": "2019-01-01T00:00:00Z" }, "geometry": { "type": "LineString", "coordinates": [ [ 85.868604, 20.9609135 ], [ 85.8416106, 20.9206656 ] ] } },
{ "type": "Feature", "properties": { "@osmId": "way/178743945", "@snapshotTimestamp": "2019-01-01T00:00:00Z" }, "geometry": { "type": "LineString", "coordinates": [ [ 85.928865, 21.1227876 ], [ 85.8219574, 21.1146496 ] ] } },
{ "type": "Feature", "properties": { "@osmId": "way/315133359", "@snapshotTimestamp": "2019-01-01T00:00:00Z" }, "geometry": { "type": "LineString", "coordinates": [ [ 85.3049305, 20.6493932 ], [ 85.2603174, 20.6815809 ], [ 85.1805191, 20.6924296 ] ] } },
{ "type": "Feature", "properties": { "@osmId": "way/22828329", "@snapshotTimestamp": "2019-01-01T00:00:00Z" }, "geometry": { "type": "LineString", "coordinates": [ [ 85.5874092, 20.6742468 ], [ 85.5990869, 20.6670131 ] ] } },
{ "type": "Feature", "properties": { "@osmId": "way/219066461", "@snapshotTimestamp": "2019-01-01T00:00:00Z" }, "geometry": { "type": "LineString", "coordinates": [ [ 85.5734711, 20.6666144 ], [ 85.574697, 20.6895713 ], [ 85.5411799, 20.6951802 ] ] } },
{ "type": "Feature", "properties": { "@osmId": "way/219066990", "@snapshotTimestamp": "2019-01-01T00:00:00Z" }, "geometry": { "type": "LineString", "coordinates": [ [ 85.5411799, 20.6951802 ], [ 85.5406173, 20.6954306 ] ] } },
{ "type": "Feature", "properties": { "@osmId": "way/277792900", "@snapshotTimestamp": "2019-01-01T00:00:00Z" }, "geometry": { "type": "LineString", "coordinates": [ [ 85.5705624, 20.6921616 ], [ 85.5543867, 20.7369696 ] ] } },
{ "type": "Feature", "properties": { "@osmId": "way/219066993", "@snapshotTimestamp": "2019-01-01T00:00:00Z" }, "geometry": { "type": "LineString", "coordinates": [ [ 85.5406173, 20.6954306 ], [ 85.4912042, 20.7347608 ] ] } },
{ "type": "Feature", "properties": { "@osmId": "way/22828499", "@snapshotTimestamp": "2019-01-01T00:00:00Z" }, "geometry": { "type": "LineString", "coordinates": [ [ 85.2801125, 20.6667759 ], [ 85.3907682, 20.7728494 ] ] } },
{ "type": "Feature", "properties": { "@osmId": "way/219066991", "@snapshotTimestamp": "2019-01-01T00:00:00Z" }, "geometry": { "type": "LineString", "coordinates": [ [ 85.4912042, 20.7347608 ], [ 85.4904991, 20.7349004 ] ] } },
{ "type": "Feature", "properties": { "@osmId": "way/219066989", "@snapshotTimestamp": "2019-01-01T00:00:00Z" }, "geometry": { "type": "LineString", "coordinates": [ [ 85.4904991, 20.7349004 ], [ 85.4752182, 20.73884 ] ] } },
{ "type": "Feature", "properties": { "@osmId": "way/219066992", "@snapshotTimestamp": "2019-01-01T00:00:00Z" }, "geometry": { "type": "LineString", "coordinates": [ [ 85.4752182, 20.73884 ], [ 85.4747641, 20.7389893 ] ] } },
{ "type": "Feature", "properties": { "@osmId": "way/315444896", "@snapshotTimestamp": "2019-01-01T00:00:00Z" }, "geometry": { "type": "LineString", "coordinates": [ [ 85.1767786, 20.6947256 ], [ 85.1214246, 20.7143217 ] ] } },
{ "type": "Feature", "properties": { "@osmId": "way/237640703", "@snapshotTimestamp": "2019-01-01T00:00:00Z" }, "geometry": { "type": "LineString", "coordinates": [ [ 85.1767978, 20.7009553 ], [ 85.1660162, 20.7259789 ] ] } },
{ "type": "Feature", "properties": { "@osmId": "way/315444895", "@snapshotTimestamp": "2019-01-01T00:00:00Z" }, "geometry": { "type": "LineString", "coordinates": [ [ 85.1214246, 20.7143217 ], [ 85.1211561, 20.7145283 ] ] } },
{ "type": "Feature", "properties": { "@osmId": "way/237761519", "@snapshotTimestamp": "2019-01-01T00:00:00Z" }, "geometry": { "type": "LineString", "coordinates": [ [ 84.9668896, 20.7153085 ], [ 84.9619947, 20.713756 ] ] } },
{ "type": "Feature", "properties": { "@osmId": "way/237761508", "@snapshotTimestamp": "2019-01-01T00:00:00Z" }, "geometry": { "type": "LineString", "coordinates": [ [ 84.9670803, 20.7154078 ], [ 84.9668896, 20.7153085 ] ] } },
{ "type": "Feature", "properties": { "@osmId": "way/237761515", "@snapshotTimestamp": "2019-01-01T00:00:00Z" }, "geometry": { "type": "LineString", "coordinates": [ [ 84.9829762, 20.7276651 ], [ 84.9670803, 20.7154078 ] ] } },
{ "type": "Feature", "properties": { "@osmId": "way/237640700", "@snapshotTimestamp": "2019-01-01T00:00:00Z" }, "geometry": { "type": "LineString", "coordinates": [ [ 85.1660162, 20.7259789 ], [ 85.1659342, 20.7261475 ] ] } },
{ "type": "Feature", "properties": { "@osmId": "way/237761512", "@snapshotTimestamp": "2019-01-01T00:00:00Z" }, "geometry": { "type": "LineString", "coordinates": [ [ 84.983078, 20.7278536 ], [ 84.9829762, 20.7276651 ] ] } },
{ "type": "Feature", "properties": { "@osmId": "way/193361384", "@snapshotTimestamp": "2019-01-01T00:00:00Z" }, "geometry": { "type": "LineString", "coordinates": [ [ 85.1659342, 20.7261475 ], [ 85.1449581, 20.759421 ] ] } },
{ "type": "Feature", "properties": { "@osmId": "way/315444891", "@snapshotTimestamp": "2019-01-01T00:00:00Z" }, "geometry": { "type": "LineString", "coordinates": [ [ 85.1211561, 20.7145283 ], [ 85.0269933, 20.7576454 ], [ 85.0143675, 20.7915644 ] ] } },
{ "type": "Feature", "properties": { "@osmId": "way/237761520", "@snapshotTimestamp": "2019-01-01T00:00:00Z" }, "geometry": { "type": "LineString", "coordinates": [ [ 84.9814724, 20.788136 ], [ 84.983078, 20.7278536 ] ] } },
{ "type": "Feature", "properties": { "@osmId": "way/237640699", "@snapshotTimestamp": "2019-01-01T00:00:00Z" }, "geometry": { "type": "LineString", "coordinates": [ [ 85.1449581, 20.759421 ], [ 85.1446713, 20.7597916 ] ] } },
{ "type": "Feature", "properties": { "@osmId": "way/237640704", "@snapshotTimestamp": "2019-01-01T00:00:00Z" }, "geometry": { "type": "LineString", "coordinates": [ [ 85.1446713, 20.7597916 ], [ 85.1158418, 20.8025049 ] ] } },
{ "type": "Feature", "properties": { "@osmId": "way/237761510", "@snapshotTimestamp": "2019-01-01T00:00:00Z" }, "geometry": { "type": "LineString", "coordinates": [ [ 84.9817758, 20.7888166 ], [ 84.9814724, 20.788136 ] ] } },
{ "type": "Feature", "properties": { "@osmId": "way/315444893", "@snapshotTimestamp": "2019-01-01T00:00:00Z" }, "geometry": { "type": "LineString", "coordinates": [ [ 85.0143675, 20.7915644 ], [ 85.0141016, 20.7919 ] ] } },
{ "type": "Feature", "properties": { "@osmId": "way/237761517", "@snapshotTimestamp": "2019-01-01T00:00:00Z" }, "geometry": { "type": "LineString", "coordinates": [ [ 85.0111502, 20.8055414 ], [ 84.9817758, 20.7888166 ] ] } },
{ "type": "Feature", "properties": { "@osmId": "way/315444892", "@snapshotTimestamp": "2019-01-01T00:00:00Z" }, "geometry": { "type": "LineString", "coordinates": [ [ 85.0141016, 20.7919 ], [ 85.0076445, 20.806191 ] ] } },
{ "type": "Feature", "properties": { "@osmId": "way/237640701", "@snapshotTimestamp": "2019-01-01T00:00:00Z" }, "geometry": { "type": "LineString", "coordinates": [ [ 85.1158418, 20.8025049 ], [ 85.1157013, 20.8030778 ] ] } },
{ "type": "Feature", "properties": { "@osmId": "way/640945502", "@snapshotTimestamp": "2019-01-01T00:00:00Z" }, "geometry": { "type": "LineString", "coordinates": [ [ 85.0231028, 20.8121385 ], [ 85.0227671, 20.8118793 ] ] } },
{ "type": "Feature", "properties": { "@osmId": "way/219068923", "@snapshotTimestamp": "2019-01-01T00:00:00Z" }, "geometry": { "type": "LineString", "coordinates": [ [ 85.0227671, 20.8118793 ], [ 84.9636816, 20.8312114 ] ] } },
{ "type": "Feature", "properties": { "@osmId": "way/21420441", "@snapshotTimestamp": "2019-01-01T00:00:00Z" }, "geometry": { "type": "LineString", "coordinates": [ [ 85.5565929, 20.7483249 ], [ 85.5543867, 20.7369696 ] ] } },
{ "type": "Feature", "properties": { "@osmId": "way/219066988", "@snapshotTimestamp": "2019-01-01T00:00:00Z" }, "geometry": { "type": "LineString", "coordinates": [ [ 85.4747641, 20.7389893 ], [ 85.4083899, 20.7700224 ] ] } },
{ "type": "Feature", "properties": { "@osmId": "way/219068904", "@snapshotTimestamp": "2019-01-01T00:00:00Z" }, "geometry": { "type": "LineString", "coordinates": [ [ 85.4083899, 20.7700224 ], [ 85.4077805, 20.7702713 ] ] } },
{ "type": "Feature", "properties": { "@osmId": "way/219068917", "@snapshotTimestamp": "2019-01-01T00:00:00Z" }, "geometry": { "type": "LineString", "coordinates": [ [ 85.4077805, 20.7702713 ], [ 85.3646711, 20.7772241 ] ] } },
{ "type": "Feature", "properties": { "@osmId": "way/219068901", "@snapshotTimestamp": "2019-01-01T00:00:00Z" }, "geometry": { "type": "LineString", "coordinates": [ [ 85.3646711, 20.7772241 ], [ 85.3642852, 20.7772716 ] ] } },
{ "type": "Feature", "properties": { "@osmId": "way/219068914", "@snapshotTimestamp": "2019-01-01T00:00:00Z" }, "geometry": { "type": "LineString", "coordinates": [ [ 85.3642852, 20.7772716 ], [ 85.3432971, 20.7814414 ] ] } },
{ "type": "Feature", "properties": { "@osmId": "way/219068909", "@snapshotTimestamp": "2019-01-01T00:00:00Z" }, "geometry": { "type": "LineString", "coordinates": [ [ 85.3432971, 20.7814414 ], [ 85.3429488, 20.7816675 ] ] } },
{ "type": "Feature", "properties": { "@osmId": "way/219068916", "@snapshotTimestamp": "2019-01-01T00:00:00Z" }, "geometry": { "type": "LineString", "coordinates": [ [ 85.3429488, 20.7816675 ], [ 85.3108011, 20.7906148 ] ] } },
{ "type": "Feature", "properties": { "@osmId": "way/219068911", "@snapshotTimestamp": "2019-01-01T00:00:00Z" }, "geometry": { "type": "LineString", "coordinates": [ [ 85.3108011, 20.7906148 ], [ 85.3101545, 20.7918163 ] ] } },
{ "type": "Feature", "properties": { "@osmId": "way/219068918", "@snapshotTimestamp": "2019-01-01T00:00:00Z" }, "geometry": { "type": "LineString", "coordinates": [ [ 85.3101545, 20.7918163 ], [ 85.2663197, 20.8238054 ] ] } },
{ "type": "Feature", "properties": { "@osmId": "way/237640705", "@snapshotTimestamp": "2019-01-01T00:00:00Z" }, "geometry": { "type": "LineString", "coordinates": [ [ 85.1157013, 20.8030778 ], [ 85.0978557, 20.8378917 ] ] } },
{ "type": "Feature", "properties": { "@osmId": "way/640945503", "@snapshotTimestamp": "2019-01-01T00:00:00Z" }, "geometry": { "type": "LineString", "coordinates": [ [ 85.0825858, 20.8302881 ], [ 85.0231028, 20.8121385 ] ] } },
{ "type": "Feature", "properties": { "@osmId": "way/219068906", "@snapshotTimestamp": "2019-01-01T00:00:00Z" }, "geometry": { "type": "LineString", "coordinates": [ [ 85.0835499, 20.8308924 ], [ 85.0825858, 20.8302881 ] ] } },
{ "type": "Feature", "properties": { "@osmId": "way/640945501", "@snapshotTimestamp": "2019-01-01T00:00:00Z" }, "geometry": { "type": "LineString", "coordinates": [ [ 85.1026884, 20.8402299 ], [ 85.0835499, 20.8308924 ] ] } },
{ "type": "Feature", "properties": { "@osmId": "way/193361385", "@snapshotTimestamp": "2019-01-01T00:00:00Z" }, "geometry": { "type": "LineString", "coordinates": [ [ 85.0965446, 20.8402076 ], [ 85.0978557, 20.8378917 ] ] } },
{ "type": "Feature", "properties": { "@osmId": "way/640945500", "@snapshotTimestamp": "2019-01-01T00:00:00Z" }, "geometry": { "type": "LineString", "coordinates": [ [ 85.1027658, 20.840267 ], [ 85.1026884, 20.8402299 ] ] } },
{ "type": "Feature", "properties": { "@osmId": "way/640945498", "@snapshotTimestamp": "2019-01-01T00:00:00Z" }, "geometry": { "type": "LineString", "coordinates": [ [ 85.1495009, 20.8415429 ], [ 85.1493728, 20.8415801 ] ] } },
{ "type": "Feature", "properties": { "@osmId": "way/640945499", "@snapshotTimestamp": "2019-01-01T00:00:00Z" }, "geometry": { "type": "LineString", "coordinates": [ [ 85.1493728, 20.8415801 ], [ 85.1027658, 20.840267 ] ] } },
{ "type": "Feature", "properties": { "@osmId": "way/574712692", "@snapshotTimestamp": "2019-01-01T00:00:00Z" }, "geometry": { "type": "LineString", "coordinates": [ [ 85.1590119, 20.8443638 ], [ 85.1584749, 20.8446661 ] ] } },
{ "type": "Feature", "properties": { "@osmId": "way/574712691", "@snapshotTimestamp": "2019-01-01T00:00:00Z" }, "geometry": { "type": "LineString", "coordinates": [ [ 85.1584749, 20.8446661 ], [ 85.1591202, 20.8444192 ] ] } },
{ "type": "Feature", "properties": { "@osmId": "way/219068899", "@snapshotTimestamp": "2019-01-01T00:00:00Z" }, "geometry": { "type": "LineString", "coordinates": [ [ 85.2663197, 20.8238054 ], [ 85.2657499, 20.824033 ] ] } },
{ "type": "Feature", "properties": { "@osmId": "way/277792901", "@snapshotTimestamp": "2019-01-01T00:00:00Z" }, "geometry": { "type": "LineString", "coordinates": [ [ 85.5565929, 20.7483249 ], [ 85.5211386, 20.8503877 ], [ 85.543047, 20.9083301 ] ] } },
{ "type": "Feature", "properties": { "@osmId": "way/219068893", "@snapshotTimestamp": "2019-01-01T00:00:00Z" }, "geometry": { "type": "LineString", "coordinates": [ [ 85.2657499, 20.824033 ], [ 85.1495009, 20.8415429 ] ] } },
{ "type": "Feature", "properties": { "@osmId": "way/22828623", "@snapshotTimestamp": "2019-01-01T00:00:00Z" }, "geometry": { "type": "LineString", "coordinates": [ [ 85.2154298, 20.8417767 ], [ 85.214644, 20.865841 ] ] } },
{ "type": "Feature", "properties": { "@osmId": "way/217993655", "@snapshotTimestamp": "2019-01-01T00:00:00Z" }, "geometry": { "type": "LineString", "coordinates": [ [ 85.214644, 20.865841 ], [ 85.214699, 20.8661679 ] ] } },
{ "type": "Feature", "properties": { "@osmId": "way/217993647", "@snapshotTimestamp": "2019-01-01T00:00:00Z" }, "geometry": { "type": "LineString", "coordinates": [ [ 85.214699, 20.8661679 ], [ 85.2192418, 20.9005644 ] ] } },
{ "type": "Feature", "properties": { "@osmId": "way/217993658", "@snapshotTimestamp": "2019-01-01T00:00:00Z" }, "geometry": { "type": "LineString", "coordinates": [ [ 85.2192418, 20.9005644 ], [ 85.2192447, 20.9009487 ] ] } },
{ "type": "Feature", "properties": { "@osmId": "way/277792903", "@snapshotTimestamp": "2019-01-01T00:00:00Z" }, "geometry": { "type": "LineString", "coordinates": [ [ 85.543047, 20.9083301 ], [ 85.5441795, 20.9111072 ] ] } },
{ "type": "Feature", "properties": { "@osmId": "way/217993661", "@snapshotTimestamp": "2019-01-01T00:00:00Z" }, "geometry": { "type": "LineString", "coordinates": [ [ 85.2192447, 20.9009487 ], [ 85.2222895, 20.9206382 ] ] } },
{ "type": "Feature", "properties": { "@osmId": "way/90989994", "@snapshotTimestamp": "2019-01-01T00:00:00Z" }, "geometry": { "type": "LineString", "coordinates": [ [ 85.2449738, 20.9184359 ], [ 85.2362658, 20.9193149 ] ] } },
{ "type": "Feature", "properties": { "@osmId": "way/237761509", "@snapshotTimestamp": "2019-01-01T00:00:00Z" }, "geometry": { "type": "LineString", "coordinates": [ [ 84.9477456, 20.7016942 ], [ 84.9477044, 20.7015503 ] ] } },
{ "type": "Feature", "properties": { "@osmId": "way/237761518", "@snapshotTimestamp": "2019-01-01T00:00:00Z" }, "geometry": { "type": "LineString", "coordinates": [ [ 84.9483155, 20.7043759 ], [ 84.9477456, 20.7016942 ] ] } },
{ "type": "Feature", "properties": { "@osmId": "way/237761513", "@snapshotTimestamp": "2019-01-01T00:00:00Z" }, "geometry": { "type": "LineString", "coordinates": [ [ 84.9484433, 20.7047589 ], [ 84.9483155, 20.7043759 ] ] } },
{ "type": "Feature", "properties": { "@osmId": "way/237761514", "@snapshotTimestamp": "2019-01-01T00:00:00Z" }, "geometry": { "type": "LineString", "coordinates": [ [ 84.9615527, 20.7137135 ], [ 84.9484433, 20.7047589 ] ] } },
{ "type": "Feature", "properties": { "@osmId": "way/237761511", "@snapshotTimestamp": "2019-01-01T00:00:00Z" }, "geometry": { "type": "LineString", "coordinates": [ [ 84.9619947, 20.713756 ], [ 84.9615527, 20.7137135 ] ] } },
{ "type": "Feature", "properties": { "@osmId": "way/626338581", "@snapshotTimestamp": "2019-01-01T00:00:00Z" }, "geometry": { "type": "LineString", "coordinates": [ [ 84.9636816, 20.8312114 ], [ 84.9043783, 20.8631052 ] ] } },
{ "type": "Feature", "properties": { "@osmId": "way/219070853", "@snapshotTimestamp": "2019-01-01T00:00:00Z" }, "geometry": { "type": "LineString", "coordinates": [ [ 84.9043783, 20.8631052 ], [ 84.9037766, 20.8634197 ] ] } },
{ "type": "Feature", "properties": { "@osmId": "way/235642400", "@snapshotTimestamp": "2019-01-01T00:00:00Z" }, "geometry": { "type": "LineString", "coordinates": [ [ 84.9606222, 20.9752583 ], [ 84.9606901, 20.9748176 ] ] } },
{ "type": "Feature", "properties": { "@osmId": "way/235642408", "@snapshotTimestamp": "2019-01-01T00:00:00Z" }, "geometry": { "type": "LineString", "coordinates": [ [ 84.9394854, 21.0055847 ], [ 84.9606222, 20.9752583 ] ] } },
{ "type": "Feature", "properties": { "@osmId": "way/235642390", "@snapshotTimestamp": "2019-01-01T00:00:00Z" }, "geometry": { "type": "LineString", "coordinates": [ [ 84.9394854, 21.0055847 ], [ 84.8821647, 21.0760974 ] ] } },
{ "type": "Feature", "properties": { "@osmId": "way/574712690", "@snapshotTimestamp": "2019-01-01T00:00:00Z" }, "geometry": { "type": "LineString", "coordinates": [ [ 85.1795732, 20.849053 ], [ 85.1580502, 20.8437541 ] ] } },
{ "type": "Feature", "properties": { "@osmId": "way/574712693", "@snapshotTimestamp": "2019-01-01T00:00:00Z" }, "geometry": { "type": "LineString", "coordinates": [ [ 85.1591202, 20.8444192 ], [ 85.1795732, 20.849053 ] ] } },
{ "type": "Feature", "properties": { "@osmId": "way/574712694", "@snapshotTimestamp": "2019-01-01T00:00:00Z" }, "geometry": { "type": "LineString", "coordinates": [ [ 85.1795732, 20.849053 ], [ 85.1830242, 20.8490451 ] ] } },
{ "type": "Feature", "properties": { "@osmId": "way/91003733", "@snapshotTimestamp": "2019-01-01T00:00:00Z" }, "geometry": { "type": "LineString", "coordinates": [ [ 85.1572723, 20.8420943 ], [ 85.1730954, 20.9006338 ] ] } },
{ "type": "Feature", "properties": { "@osmId": "way/478984756", "@snapshotTimestamp": "2019-01-01T00:00:00Z" }, "geometry": { "type": "LineString", "coordinates": [ [ 85.111956, 20.8436519 ], [ 85.1624039, 20.9045715 ] ] } },
{ "type": "Feature", "properties": { "@osmId": "way/235642394", "@snapshotTimestamp": "2019-01-01T00:00:00Z" }, "geometry": { "type": "LineString", "coordinates": [ [ 84.9741131, 20.9503002 ], [ 85.0304894, 20.8753335 ], [ 85.0965446, 20.8402076 ] ] } },
{ "type": "Feature", "properties": { "@osmId": "way/193361381", "@snapshotTimestamp": "2019-01-01T00:00:00Z" }, "geometry": { "type": "LineString", "coordinates": [ [ 85.0965446, 20.8402076 ], [ 85.052368, 20.9638892 ] ] } },
{ "type": "Feature", "properties": { "@osmId": "way/123245115", "@snapshotTimestamp": "2019-01-01T00:00:00Z" }, "geometry": { "type": "LineString", "coordinates": [ [ 85.1730954, 20.9006338 ], [ 85.1624039, 20.9045715 ] ] } },
{ "type": "Feature", "properties": { "@osmId": "way/165015116", "@snapshotTimestamp": "2019-01-01T00:00:00Z" }, "geometry": { "type": "LineString", "coordinates": [ [ 85.1765226, 20.9442758 ], [ 85.1568431, 20.9304384 ], [ 85.1609458, 20.9480194 ] ] } },
{ "type": "Feature", "properties": { "@osmId": "way/396141685", "@snapshotTimestamp": "2019-01-01T00:00:00Z" }, "geometry": { "type": "LineString", "coordinates": [ [ 85.1766853, 20.9442551 ], [ 85.1996894, 20.9407163 ] ] } },
{ "type": "Feature", "properties": { "@osmId": "way/90989943", "@snapshotTimestamp": "2019-01-01T00:00:00Z" }, "geometry": { "type": "LineString", "coordinates": [ [ 85.2362658, 20.9193149 ], [ 85.2222895, 20.9206382 ] ] } },
{ "type": "Feature", "properties": { "@osmId": "way/277792902", "@snapshotTimestamp": "2019-01-01T00:00:00Z" }, "geometry": { "type": "LineString", "coordinates": [ [ 85.5441795, 20.9111072 ], [ 85.5421503, 20.9319786 ] ] } },
{ "type": "Feature", "properties": { "@osmId": "way/240645034", "@snapshotTimestamp": "2019-01-01T00:00:00Z" }, "geometry": { "type": "LineString", "coordinates": [ [ 85.6292594, 20.9157797 ], [ 85.5201358, 20.9311752 ] ] } },
{ "type": "Feature", "properties": { "@osmId": "way/478986742", "@snapshotTimestamp": "2019-01-01T00:00:00Z" }, "geometry": { "type": "LineString", "coordinates": [ [ 85.1730954, 20.9006338 ], [ 85.2377701, 20.9576925 ] ] } },
{ "type": "Feature", "properties": { "@osmId": "way/217771628", "@snapshotTimestamp": "2019-01-01T00:00:00Z" }, "geometry": { "type": "LineString", "coordinates": [ [ 85.5201358, 20.9311752 ], [ 85.5174237, 20.9306161 ] ] } },
{ "type": "Feature", "properties": { "@osmId": "way/217771610", "@snapshotTimestamp": "2019-01-01T00:00:00Z" }, "geometry": { "type": "LineString", "coordinates": [ [ 85.37663, 20.9405068 ], [ 85.3107303, 20.9320557 ] ] } },
{ "type": "Feature", "properties": { "@osmId": "way/217771616", "@snapshotTimestamp": "2019-01-01T00:00:00Z" }, "geometry": { "type": "LineString", "coordinates": [ [ 85.3107303, 20.9320557 ], [ 85.3105031, 20.9323394 ] ] } },
{ "type": "Feature", "properties": { "@osmId": "way/217771638", "@snapshotTimestamp": "2019-01-01T00:00:00Z" }, "geometry": { "type": "LineString", "coordinates": [ [ 85.3105031, 20.9323394 ], [ 85.2723692, 20.9474763 ], [ 85.2449738, 20.9184359 ] ] } },
{ "type": "Feature", "properties": { "@osmId": "way/217771640", "@snapshotTimestamp": "2019-01-01T00:00:00Z" }, "geometry": { "type": "LineString", "coordinates": [ [ 85.2222895, 20.9206382 ], [ 85.2248994, 20.950248 ] ] } },
{ "type": "Feature", "properties": { "@osmId": "way/217771639", "@snapshotTimestamp": "2019-01-01T00:00:00Z" }, "geometry": { "type": "LineString", "coordinates": [ [ 85.5174237, 20.9306161 ], [ 85.4543331, 20.9409668 ] ] } },
{ "type": "Feature", "properties": { "@osmId": "way/235642402", "@snapshotTimestamp": "2019-01-01T00:00:00Z" }, "geometry": { "type": "LineString", "coordinates": [ [ 84.973726, 20.9504429 ], [ 84.9741131, 20.9503002 ] ] } },
{ "type": "Feature", "properties": { "@osmId": "way/91003741", "@snapshotTimestamp": "2019-01-01T00:00:00Z" }, "geometry": { "type": "LineString", "coordinates": [ [ 85.2164918, 20.9630862 ], [ 85.1207441, 20.9475397 ] ] } },
{ "type": "Feature", "properties": { "@osmId": "way/165015115", "@snapshotTimestamp": "2019-01-01T00:00:00Z" }, "geometry": { "type": "LineString", "coordinates": [ [ 85.166862, 20.9641982 ], [ 85.1760907, 20.9444187 ] ] } },
{ "type": "Feature", "properties": { "@osmId": "way/240640947", "@snapshotTimestamp": "2019-01-01T00:00:00Z" }, "geometry": { "type": "LineString", "coordinates": [ [ 85.1207441, 20.9475397 ], [ 85.0323128, 20.9749681 ] ] } },
{ "type": "Feature", "properties": { "@osmId": "way/235642404", "@snapshotTimestamp": "2019-01-01T00:00:00Z" }, "geometry": { "type": "LineString", "coordinates": [ [ 84.9606901, 20.9748176 ], [ 84.973726, 20.9504429 ] ] } },
{ "type": "Feature", "properties": { "@osmId": "way/240640951", "@snapshotTimestamp": "2019-01-01T00:00:00Z" }, "geometry": { "type": "LineString", "coordinates": [ [ 85.0323128, 20.9749681 ], [ 85.0322689, 20.9754087 ] ] } },
{ "type": "Feature", "properties": { "@osmId": "way/240640948", "@snapshotTimestamp": "2019-01-01T00:00:00Z" }, "geometry": { "type": "LineString", "coordinates": [ [ 85.0322689, 20.9754087 ], [ 84.9394854, 21.0055847 ] ] } },
{ "type": "Feature", "properties": { "@osmId": "way/217771643", "@snapshotTimestamp": "2019-01-01T00:00:00Z" }, "geometry": { "type": "LineString", "coordinates": [ [ 85.2164918, 20.9630862 ], [ 85.1570623, 21.0551058 ] ] } },
{ "type": "Feature", "properties": { "@osmId": "way/217993654", "@snapshotTimestamp": "2019-01-01T00:00:00Z" }, "geometry": { "type": "LineString", "coordinates": [ [ 85.1570623, 21.0551058 ], [ 85.1569306, 21.0556959 ] ] } },
{ "type": "Feature", "properties": { "@osmId": "way/217993660", "@snapshotTimestamp": "2019-01-01T00:00:00Z" }, "geometry": { "type": "LineString", "coordinates": [ [ 85.1569306, 21.0556959 ], [ 85.1325375, 21.0723463 ] ] } },
{ "type": "Feature", "properties": { "@osmId": "way/90630376", "@snapshotTimestamp": "2019-01-01T00:00:00Z" }, "geometry": { "type": "LineString", "coordinates": [ [ 85.831756, 19.799989 ], [ 85.8314049, 19.8133959 ] ] } },
{ "type": "Feature", "properties": { "@osmId": "way/90630342", "@snapshotTimestamp": "2019-01-01T00:00:00Z" }, "geometry": { "type": "LineString", "coordinates": [ [ 85.8304224, 19.8176883 ], [ 85.8314049, 19.8133959 ] ] } },
{ "type": "Feature", "properties": { "@osmId": "way/64737404", "@snapshotTimestamp": "2019-01-01T00:00:00Z" }, "geometry": { "type": "LineString", "coordinates": [ [ 85.8314049, 19.8133959 ], [ 85.8400493, 19.818034 ] ] } },
{ "type": "Feature", "properties": { "@osmId": "way/64737402", "@snapshotTimestamp": "2019-01-01T00:00:00Z" }, "geometry": { "type": "LineString", "coordinates": [ [ 85.8327299, 19.8194278 ], [ 85.8314844, 19.8190158 ] ] } },
{ "type": "Feature", "properties": { "@osmId": "way/44949317", "@snapshotTimestamp": "2019-01-01T00:00:00Z" }, "geometry": { "type": "LineString", "coordinates": [ [ 85.8327299, 19.8194278 ], [ 85.8400493, 19.818034 ] ] } },
{ "type": "Feature", "properties": { "@osmId": "way/457958771", "@snapshotTimestamp": "2019-01-01T00:00:00Z" }, "geometry": { "type": "LineString", "coordinates": [ [ 85.832165, 19.820872 ], [ 85.8327299, 19.8194278 ] ] } },
{ "type": "Feature", "properties": { "@osmId": "way/90630367", "@snapshotTimestamp": "2019-01-01T00:00:00Z" }, "geometry": { "type": "LineString", "coordinates": [ [ 85.8400493, 19.818034 ], [ 85.8488728, 19.8238578 ] ] } },
{ "type": "Feature", "properties": { "@osmId": "way/219113471", "@snapshotTimestamp": "2019-01-01T00:00:00Z" }, "geometry": { "type": "LineString", "coordinates": [ [ 85.8368033, 19.8383581 ], [ 85.8314844, 19.8190158 ] ] } },
{ "type": "Feature", "properties": { "@osmId": "way/632273723", "@snapshotTimestamp": "2019-01-01T00:00:00Z" }, "geometry": { "type": "LineString", "coordinates": [ [ 85.836297, 19.853042 ], [ 85.8368033, 19.8383581 ] ] } },
{ "type": "Feature", "properties": { "@osmId": "way/632275040", "@snapshotTimestamp": "2019-01-01T00:00:00Z" }, "geometry": { "type": "LineString", "coordinates": [ [ 85.836297, 19.853042 ], [ 85.8260456, 19.8693334 ] ] } },
{ "type": "Feature", "properties": { "@osmId": "way/323856323", "@snapshotTimestamp": "2019-01-01T00:00:00Z" }, "geometry": { "type": "LineString", "coordinates": [ [ 85.8186501, 19.7932734 ], [ 85.831756, 19.799989 ] ] } },
{ "type": "Feature", "properties": { "@osmId": "way/40014603", "@snapshotTimestamp": "2019-01-01T00:00:00Z" }, "geometry": { "type": "LineString", "coordinates": [ [ 85.8193857, 19.8046368 ], [ 85.8314049, 19.8133959 ] ] } },
{ "type": "Feature", "properties": { "@osmId": "way/478370893", "@snapshotTimestamp": "2019-01-01T00:00:00Z" }, "geometry": { "type": "LineString", "coordinates": [ [ 85.8272987, 19.8146029 ], [ 85.8071691, 19.8136358 ] ] } },
{ "type": "Feature", "properties": { "@osmId": "way/111810116", "@snapshotTimestamp": "2019-01-01T00:00:00Z" }, "geometry": { "type": "LineString", "coordinates": [ [ 85.8071691, 19.8136358 ], [ 85.8065354, 19.8142053 ] ] } },
{ "type": "Feature", "properties": { "@osmId": "way/90633265", "@snapshotTimestamp": "2019-01-01T00:00:00Z" }, "geometry": { "type": "LineString", "coordinates": [ [ 85.8304224, 19.8176883 ], [ 85.8272987, 19.8146029 ] ] } },
{ "type": "Feature", "properties": { "@osmId": "way/457958772", "@snapshotTimestamp": "2019-01-01T00:00:00Z" }, "geometry": { "type": "LineString", "coordinates": [ [ 85.8314844, 19.8190158 ], [ 85.8304224, 19.8176883 ] ] } },
{ "type": "Feature", "properties": { "@osmId": "way/657878006", "@snapshotTimestamp": "2019-01-01T00:00:00Z" }, "geometry": { "type": "LineString", "coordinates": [ [ 85.8074393, 19.8133937 ], [ 85.8362105, 19.853309 ] ] } },
{ "type": "Feature", "properties": { "@osmId": "way/632275036", "@snapshotTimestamp": "2019-01-01T00:00:00Z" }, "geometry": { "type": "LineString", "coordinates": [ [ 85.8260456, 19.8693334 ], [ 85.8256164, 19.8695352 ] ] } },
{ "type": "Feature", "properties": { "@osmId": "way/632275035", "@snapshotTimestamp": "2019-01-01T00:00:00Z" }, "geometry": { "type": "LineString", "coordinates": [ [ 85.8256781, 19.8696512 ], [ 85.8261663, 19.8694242 ] ] } },
{ "type": "Feature", "properties": { "@osmId": "way/632273726", "@snapshotTimestamp": "2019-01-01T00:00:00Z" }, "geometry": { "type": "LineString", "coordinates": [ [ 85.8256164, 19.8695352 ], [ 85.8054784, 19.8953007 ] ] } },
{ "type": "Feature", "properties": { "@osmId": "way/632273740", "@snapshotTimestamp": "2019-01-01T00:00:00Z" }, "geometry": { "type": "LineString", "coordinates": [ [ 85.8055937, 19.8952654 ], [ 85.8256781, 19.8696512 ] ] } },
{ "type": "Feature", "properties": { "@osmId": "way/632275031", "@snapshotTimestamp": "2019-01-01T00:00:00Z" }, "geometry": { "type": "LineString", "coordinates": [ [ 85.8057037, 19.8955277 ], [ 85.8055937, 19.8952654 ] ] } },
{ "type": "Feature", "properties": { "@osmId": "way/632275032", "@snapshotTimestamp": "2019-01-01T00:00:00Z" }, "geometry": { "type": "LineString", "coordinates": [ [ 85.8054784, 19.8953007 ], [ 85.8056125, 19.8956211 ] ] } },
{ "type": "Feature", "properties": { "@osmId": "way/632275034", "@snapshotTimestamp": "2019-01-01T00:00:00Z" }, "geometry": { "type": "LineString", "coordinates": [ [ 85.8114007, 19.9015555 ], [ 85.8057037, 19.8955277 ] ] } },
{ "type": "Feature", "properties": { "@osmId": "way/632275033", "@snapshotTimestamp": "2019-01-01T00:00:00Z" }, "geometry": { "type": "LineString", "coordinates": [ [ 85.8056125, 19.8956211 ], [ 85.8114007, 19.9015555 ] ] } },
{ "type": "Feature", "properties": { "@osmId": "way/632273737", "@snapshotTimestamp": "2019-01-01T00:00:00Z" }, "geometry": { "type": "LineString", "coordinates": [ [ 85.8149895, 19.9058126 ], [ 85.8114007, 19.9015555 ] ] } },
{ "type": "Feature", "properties": { "@osmId": "way/632273735", "@snapshotTimestamp": "2019-01-01T00:00:00Z" }, "geometry": { "type": "LineString", "coordinates": [ [ 85.816108, 19.9071719 ], [ 85.8149895, 19.9058126 ] ] } },
{ "type": "Feature", "properties": { "@osmId": "way/632273732", "@snapshotTimestamp": "2019-01-01T00:00:00Z" }, "geometry": { "type": "LineString", "coordinates": [ [ 85.8168644, 19.9092097 ], [ 85.816108, 19.9071719 ] ] } },
{ "type": "Feature", "properties": { "@osmId": "way/632273746", "@snapshotTimestamp": "2019-01-01T00:00:00Z" }, "geometry": { "type": "LineString", "coordinates": [ [ 85.8251507, 19.9504177 ], [ 85.8168644, 19.9092097 ] ] } },
{ "type": "Feature", "properties": { "@osmId": "way/219116712", "@snapshotTimestamp": "2019-01-01T00:00:00Z" }, "geometry": { "type": "LineString", "coordinates": [ [ 85.8168644, 19.9092097 ], [ 85.8249771, 19.9836463 ] ] } },
{ "type": "Feature", "properties": { "@osmId": "way/219116700", "@snapshotTimestamp": "2019-01-01T00:00:00Z" }, "geometry": { "type": "LineString", "coordinates": [ [ 85.82538, 19.9507888 ], [ 85.8251507, 19.9504177 ] ] } },
{ "type": "Feature", "properties": { "@osmId": "way/478261412", "@snapshotTimestamp": "2019-01-01T00:00:00Z" }, "geometry": { "type": "LineString", "coordinates": [ [ 85.825083, 19.9836924 ], [ 85.82538, 19.9507888 ] ] } },
{ "type": "Feature", "properties": { "@osmId": "way/478261413", "@snapshotTimestamp": "2019-01-01T00:00:00Z" }, "geometry": { "type": "LineString", "coordinates": [ [ 85.8249385, 19.9792415 ], [ 85.8250369, 19.9791991 ] ] } },
{ "type": "Feature", "properties": { "@osmId": "way/219116701", "@snapshotTimestamp": "2019-01-01T00:00:00Z" }, "geometry": { "type": "LineString", "coordinates": [ [ 85.8249771, 19.9836463 ], [ 85.8249326, 19.9838382 ] ] } },
{ "type": "Feature", "properties": { "@osmId": "way/478261411", "@snapshotTimestamp": "2019-01-01T00:00:00Z" }, "geometry": { "type": "LineString", "coordinates": [ [ 85.82506, 19.9838188 ], [ 85.825083, 19.9836924 ] ] } },
{ "type": "Feature", "properties": { "@osmId": "way/219116688", "@snapshotTimestamp": "2019-01-01T00:00:00Z" }, "geometry": { "type": "LineString", "coordinates": [ [ 85.8249326, 19.9838382 ], [ 85.8226359, 19.9958758 ] ] } },
{ "type": "Feature", "properties": { "@osmId": "way/478262043", "@snapshotTimestamp": "2019-01-01T00:00:00Z" }, "geometry": { "type": "LineString", "coordinates": [ [ 85.8227366, 19.9959128 ], [ 85.82506, 19.9838188 ] ] } },
{ "type": "Feature", "properties": { "@osmId": "way/219116705", "@snapshotTimestamp": "2019-01-01T00:00:00Z" }, "geometry": { "type": "LineString", "coordinates": [ [ 85.8226359, 19.9958758 ], [ 85.8225317, 19.9960784 ] ] } },
{ "type": "Feature", "properties": { "@osmId": "way/478262040", "@snapshotTimestamp": "2019-01-01T00:00:00Z" }, "geometry": { "type": "LineString", "coordinates": [ [ 85.8226292, 19.9961278 ], [ 85.8227366, 19.9959128 ] ] } },
{ "type": "Feature", "properties": { "@osmId": "way/219116707", "@snapshotTimestamp": "2019-01-01T00:00:00Z" }, "geometry": { "type": "LineString", "coordinates": [ [ 85.8225317, 19.9960784 ], [ 85.8221093, 19.9970207 ] ] } },
{ "type": "Feature", "properties": { "@osmId": "way/478265506", "@snapshotTimestamp": "2019-01-01T00:00:00Z" }, "geometry": { "type": "LineString", "coordinates": [ [ 85.822217, 19.9970526 ], [ 85.8226292, 19.9961278 ] ] } },
{ "type": "Feature", "properties": { "@osmId": "way/219116699", "@snapshotTimestamp": "2019-01-01T00:00:00Z" }, "geometry": { "type": "LineString", "coordinates": [ [ 85.8221093, 19.9970207 ], [ 85.8220338, 19.9972286 ] ] } },
{ "type": "Feature", "properties": { "@osmId": "way/478265505", "@snapshotTimestamp": "2019-01-01T00:00:00Z" }, "geometry": { "type": "LineString", "coordinates": [ [ 85.8221418, 19.9972564 ], [ 85.822217, 19.9970526 ] ] } },
{ "type": "Feature", "properties": { "@osmId": "way/478265504", "@snapshotTimestamp": "2019-01-01T00:00:00Z" }, "geometry": { "type": "LineString", "coordinates": [ [ 85.8149866, 20.0153415 ], [ 85.8221418, 19.9972564 ] ] } },
{ "type": "Feature", "properties": { "@osmId": "way/302134012", "@snapshotTimestamp": "2019-01-01T00:00:00Z" }, "geometry": { "type": "LineString", "coordinates": [ [ 85.8220338, 19.9972286 ], [ 85.8148866, 20.0153926 ] ] } },
{ "type": "Feature", "properties": { "@osmId": "way/478265503", "@snapshotTimestamp": "2019-01-01T00:00:00Z" }, "geometry": { "type": "LineString", "coordinates": [ [ 85.8151797, 20.0155955 ], [ 85.8149866, 20.0153415 ] ] } },
{ "type": "Feature", "properties": { "@osmId": "way/478265063", "@snapshotTimestamp": "2019-01-01T00:00:00Z" }, "geometry": { "type": "LineString", "coordinates": [ [ 85.8148866, 20.0153926 ], [ 85.8150832, 20.015652 ] ] } },
{ "type": "Feature", "properties": { "@osmId": "way/478267098", "@snapshotTimestamp": "2019-01-01T00:00:00Z" }, "geometry": { "type": "LineString", "coordinates": [ [ 85.8221584, 20.0283447 ], [ 85.8151797, 20.0155955 ] ] } },
{ "type": "Feature", "properties": { "@osmId": "way/478265064", "@snapshotTimestamp": "2019-01-01T00:00:00Z" }, "geometry": { "type": "LineString", "coordinates": [ [ 85.8150832, 20.015652 ], [ 85.8220518, 20.0283885 ] ] } },
{ "type": "Feature", "properties": { "@osmId": "way/478267097", "@snapshotTimestamp": "2019-01-01T00:00:00Z" }, "geometry": { "type": "LineString", "coordinates": [ [ 85.8221987, 20.0284758 ], [ 85.8221584, 20.0283447 ] ] } },
{ "type": "Feature", "properties": { "@osmId": "way/632275044", "@snapshotTimestamp": "2019-01-01T00:00:00Z" }, "geometry": { "type": "LineString", "coordinates": [ [ 85.8261663, 19.8694242 ], [ 85.836297, 19.853042 ] ] } },
{ "type": "Feature", "properties": { "@osmId": "way/229648857", "@snapshotTimestamp": "2019-01-01T00:00:00Z" }, "geometry": { "type": "LineString", "coordinates": [ [ 85.8233368, 19.994287 ], [ 85.8783106, 20.0392546 ] ] } },
{ "type": "Feature", "properties": { "@osmId": "way/277014046", "@snapshotTimestamp": "2019-01-01T00:00:00Z" }, "geometry": { "type": "LineString", "coordinates": [ [ 85.8319067, 20.0727096 ], [ 85.8387333, 20.1327418 ] ] } },
{ "type": "Feature", "properties": { "@osmId": "way/40017365", "@snapshotTimestamp": "2019-01-01T00:00:00Z" }, "geometry": { "type": "LineString", "coordinates": [ [ 85.8582253, 20.188653 ], [ 85.8221987, 20.0284758 ] ] } },
{ "type": "Feature", "properties": { "@osmId": "way/237794160", "@snapshotTimestamp": "2019-01-01T00:00:00Z" }, "geometry": { "type": "LineString", "coordinates": [ [ 85.8368242, 20.1200188 ], [ 85.833178, 20.1149167 ] ] } },
{ "type": "Feature", "properties": { "@osmId": "way/237794166", "@snapshotTimestamp": "2019-01-01T00:00:00Z" }, "geometry": { "type": "LineString", "coordinates": [ [ 85.8368242, 20.1200188 ], [ 85.8631212, 20.1205378 ] ] } },
{ "type": "Feature", "properties": { "@osmId": "way/219116692", "@snapshotTimestamp": "2019-01-01T00:00:00Z" }, "geometry": { "type": "LineString", "coordinates": [ [ 85.8386786, 20.1293035 ], [ 85.8368242, 20.1200188 ] ] } },
{ "type": "Feature", "properties": { "@osmId": "way/219116702", "@snapshotTimestamp": "2019-01-01T00:00:00Z" }, "geometry": { "type": "LineString", "coordinates": [ [ 85.838699, 20.1295524 ], [ 85.8386786, 20.1293035 ] ] } },
{ "type": "Feature", "properties": { "@osmId": "way/302134016", "@snapshotTimestamp": "2019-01-01T00:00:00Z" }, "geometry": { "type": "LineString", "coordinates": [ [ 85.8387333, 20.1327418 ], [ 85.838699, 20.1295524 ] ] } },
{ "type": "Feature", "properties": { "@osmId": "way/44949318", "@snapshotTimestamp": "2019-01-01T00:00:00Z" }, "geometry": { "type": "LineString", "coordinates": [ [ 85.8387333, 20.1327418 ], [ 85.8585742, 20.1750664 ] ] } },
{ "type": "Feature", "properties": { "@osmId": "way/478267096", "@snapshotTimestamp": "2019-01-01T00:00:00Z" }, "geometry": { "type": "LineString", "coordinates": [ [ 85.8220518, 20.0283885 ], [ 85.8220892, 20.0285022 ] ] } },
{ "type": "Feature", "properties": { "@osmId": "way/478267095", "@snapshotTimestamp": "2019-01-01T00:00:00Z" }, "geometry": { "type": "LineString", "coordinates": [ [ 85.8220892, 20.0285022 ], [ 85.8319067, 20.0727096 ] ] } },
{ "type": "Feature", "properties": { "@osmId": "way/40019130", "@snapshotTimestamp": "2019-01-01T00:00:00Z" }, "geometry": { "type": "LineString", "coordinates": [ [ 85.833178, 20.1149167 ], [ 85.828502, 20.1161675 ] ] } },
{ "type": "Feature", "properties": { "@osmId": "way/236074202", "@snapshotTimestamp": "2019-01-01T00:00:00Z" }, "geometry": { "type": "LineString", "coordinates": [ [ 85.828502, 20.1161675 ], [ 85.8282599, 20.1162117 ] ] } },
{ "type": "Feature", "properties": { "@osmId": "way/236074200", "@snapshotTimestamp": "2019-01-01T00:00:00Z" }, "geometry": { "type": "LineString", "coordinates": [ [ 85.8282599, 20.1162117 ], [ 85.7755037, 20.1345079 ] ] } },
{ "type": "Feature", "properties": { "@osmId": "way/26754397", "@snapshotTimestamp": "2019-01-01T00:00:00Z" }, "geometry": { "type": "LineString", "coordinates": [ [ 85.8151607, 20.2294207 ], [ 85.7909193, 20.188653 ] ] } },
{ "type": "Feature", "properties": { "@osmId": "way/620777482", "@snapshotTimestamp": "2019-01-01T00:00:00Z" }, "geometry": { "type": "LineString", "coordinates": [ [ 85.8074719, 20.2338809 ], [ 85.8075922, 20.2326132 ] ] } },
{ "type": "Feature", "properties": { "@osmId": "way/364407161", "@snapshotTimestamp": "2019-01-01T00:00:00Z" }, "geometry": { "type": "LineString", "coordinates": [ [ 85.8148075, 20.2331357 ], [ 85.8113385, 20.2372022 ] ] } },
{ "type": "Feature", "properties": { "@osmId": "way/478819187", "@snapshotTimestamp": "2019-01-01T00:00:00Z" }, "geometry": { "type": "LineString", "coordinates": [ [ 85.8262774, 20.2432752 ], [ 85.8148075, 20.2331357 ] ] } },
{ "type": "Feature", "properties": { "@osmId": "way/26764946", "@snapshotTimestamp": "2019-01-01T00:00:00Z" }, "geometry": { "type": "LineString", "coordinates": [ [ 85.8113385, 20.2372022 ], [ 85.8262615, 20.2475958 ] ] } },
{ "type": "Feature", "properties": { "@osmId": "way/45009582", "@snapshotTimestamp": "2019-01-01T00:00:00Z" }, "geometry": { "type": "LineString", "coordinates": [ [ 85.8585742, 20.1750664 ], [ 85.8580908, 20.188653 ] ] } },
{ "type": "Feature", "properties": { "@osmId": "way/40017365", "@snapshotTimestamp": "2019-01-01T00:00:00Z" }, "geometry": { "type": "LineString", "coordinates": [ [ 85.8596646, 20.1944346 ], [ 85.8582253, 20.188653 ] ] } },
{ "type": "Feature", "properties": { "@osmId": "way/45009582", "@snapshotTimestamp": "2019-01-01T00:00:00Z" }, "geometry": { "type": "LineString", "coordinates": [ [ 85.8580908, 20.188653 ], [ 85.8595536, 20.1944602 ] ] } },
{ "type": "Feature", "properties": { "@osmId": "way/637553261", "@snapshotTimestamp": "2019-01-01T00:00:00Z" }, "geometry": { "type": "LineString", "coordinates": [ [ 85.8597, 20.1946505 ], [ 85.8596646, 20.1944346 ] ] } },
{ "type": "Feature", "properties": { "@osmId": "way/45009583", "@snapshotTimestamp": "2019-01-01T00:00:00Z" }, "geometry": { "type": "LineString", "coordinates": [ [ 85.8595536, 20.1944602 ], [ 85.8595858, 20.1946643 ] ] } },
{ "type": "Feature", "properties": { "@osmId": "way/464262623", "@snapshotTimestamp": "2019-01-01T00:00:00Z" }, "geometry": { "type": "LineString", "coordinates": [ [ 85.8595858, 20.1946643 ], [ 85.8597191, 20.1958661 ] ] } },
{ "type": "Feature", "properties": { "@osmId": "way/637553262", "@snapshotTimestamp": "2019-01-01T00:00:00Z" }, "geometry": { "type": "LineString", "coordinates": [ [ 85.8578896, 20.1993543 ], [ 85.8597, 20.1946505 ] ] } },
{ "type": "Feature", "properties": { "@osmId": "way/45009649", "@snapshotTimestamp": "2019-01-01T00:00:00Z" }, "geometry": { "type": "LineString", "coordinates": [ [ 85.8619962, 20.2021782 ], [ 85.8597523, 20.196983 ] ] } },
{ "type": "Feature", "properties": { "@osmId": "way/478260909", "@snapshotTimestamp": "2019-01-01T00:00:00Z" }, "geometry": { "type": "LineString", "coordinates": [ [ 85.8597191, 20.1958661 ], [ 85.8507358, 20.2078572 ] ] } },
{ "type": "Feature", "properties": { "@osmId": "way/45009553", "@snapshotTimestamp": "2019-01-01T00:00:00Z" }, "geometry": { "type": "LineString", "coordinates": [ [ 85.890728, 20.2007685 ], [ 85.8786955, 20.2032067 ] ] } },
{ "type": "Feature", "properties": { "@osmId": "way/568707030", "@snapshotTimestamp": "2019-01-01T00:00:00Z" }, "geometry": { "type": "LineString", "coordinates": [ [ 85.8508312, 20.2077993 ], [ 85.8502731, 20.2066177 ] ] } },
{ "type": "Feature", "properties": { "@osmId": "way/45009856", "@snapshotTimestamp": "2019-01-01T00:00:00Z" }, "geometry": { "type": "LineString", "coordinates": [ [ 85.8520563, 20.2102082 ], [ 85.8508312, 20.2077993 ] ] } },
{ "type": "Feature", "properties": { "@osmId": "way/291676007", "@snapshotTimestamp": "2019-01-01T00:00:00Z" }, "geometry": { "type": "LineString", "coordinates": [ [ 85.8507358, 20.2078572 ], [ 85.8519373, 20.2102613 ] ] } },
{ "type": "Feature", "properties": { "@osmId": "way/44949024", "@snapshotTimestamp": "2019-01-01T00:00:00Z" }, "geometry": { "type": "LineString", "coordinates": [ [ 85.8530431, 20.2121909 ], [ 85.8520563, 20.2102082 ] ] } },
{ "type": "Feature", "properties": { "@osmId": "way/459228551", "@snapshotTimestamp": "2019-01-01T00:00:00Z" }, "geometry": { "type": "LineString", "coordinates": [ [ 85.8519373, 20.2102613 ], [ 85.8535256, 20.2134564 ] ] } },
{ "type": "Feature", "properties": { "@osmId": "way/374402719", "@snapshotTimestamp": "2019-01-01T00:00:00Z" }, "geometry": { "type": "LineString", "coordinates": [ [ 85.8534134, 20.2129375 ], [ 85.8530431, 20.2121909 ] ] } },
{ "type": "Feature", "properties": { "@osmId": "way/568707032", "@snapshotTimestamp": "2019-01-01T00:00:00Z" }, "geometry": { "type": "LineString", "coordinates": [ [ 85.8536154, 20.2133214 ], [ 85.8534134, 20.2129375 ] ] } },
{ "type": "Feature", "properties": { "@osmId": "way/302134011", "@snapshotTimestamp": "2019-01-01T00:00:00Z" }, "geometry": { "type": "LineString", "coordinates": [ [ 85.8535256, 20.2134564 ], [ 85.8536154, 20.2133214 ] ] } },
{ "type": "Feature", "properties": { "@osmId": "way/478254539", "@snapshotTimestamp": "2019-01-01T00:00:00Z" }, "geometry": { "type": "LineString", "coordinates": [ [ 85.8430548, 20.2251988 ], [ 85.8539198, 20.2138764 ] ] } },
{ "type": "Feature", "properties": { "@osmId": "way/478255405", "@snapshotTimestamp": "2019-01-01T00:00:00Z" }, "geometry": { "type": "LineString", "coordinates": [ [ 85.8534545, 20.2143057 ], [ 85.8430013, 20.2251462 ] ] } },
{ "type": "Feature", "properties": { "@osmId": "way/219116706", "@snapshotTimestamp": "2019-01-01T00:00:00Z" }, "geometry": { "type": "LineString", "coordinates": [ [ 85.8430013, 20.2251462 ], [ 85.8418009, 20.2262689 ] ] } },
{ "type": "Feature", "properties": { "@osmId": "way/478254538", "@snapshotTimestamp": "2019-01-01T00:00:00Z" }, "geometry": { "type": "LineString", "coordinates": [ [ 85.8418697, 20.2263242 ], [ 85.8430548, 20.2251988 ] ] } },
{ "type": "Feature", "properties": { "@osmId": "way/219116686", "@snapshotTimestamp": "2019-01-01T00:00:00Z" }, "geometry": { "type": "LineString", "coordinates": [ [ 85.8418009, 20.2262689 ], [ 85.8416646, 20.2264166 ] ] } },
{ "type": "Feature", "properties": { "@osmId": "way/478254536", "@snapshotTimestamp": "2019-01-01T00:00:00Z" }, "geometry": { "type": "LineString", "coordinates": [ [ 85.8416646, 20.2264166 ], [ 85.8412383, 20.2269669 ] ] } },
{ "type": "Feature", "properties": { "@osmId": "way/478257595", "@snapshotTimestamp": "2019-01-01T00:00:00Z" }, "geometry": { "type": "LineString", "coordinates": [ [ 85.8411978, 20.2369152 ], [ 85.8418697, 20.2263242 ] ] } },
{ "type": "Feature", "properties": { "@osmId": "way/478257594", "@snapshotTimestamp": "2019-01-01T00:00:00Z" }, "geometry": { "type": "LineString", "coordinates": [ [ 85.8412383, 20.2269669 ], [ 85.8412118, 20.2375674 ] ] } },
{ "type": "Feature", "properties": { "@osmId": "way/219116704", "@snapshotTimestamp": "2019-01-01T00:00:00Z" }, "geometry": { "type": "LineString", "coordinates": [ [ 85.8412118, 20.2375674 ], [ 85.8411838, 20.2379722 ] ] } },
{ "type": "Feature", "properties": { "@osmId": "way/219116711", "@snapshotTimestamp": "2019-01-01T00:00:00Z" }, "geometry": { "type": "LineString", "coordinates": [ [ 85.8411838, 20.2379722 ], [ 85.8411786, 20.238739 ] ] } },
{ "type": "Feature", "properties": { "@osmId": "way/367555408", "@snapshotTimestamp": "2019-01-01T00:00:00Z" }, "geometry": { "type": "LineString", "coordinates": [ [ 85.8520119, 20.2440098 ], [ 85.8544799, 20.243854 ] ] } },
{ "type": "Feature", "properties": { "@osmId": "way/367555106", "@snapshotTimestamp": "2019-01-01T00:00:00Z" }, "geometry": { "type": "LineString", "coordinates": [ [ 85.8464154, 20.2446622 ], [ 85.8520119, 20.2440098 ] ] } },
{ "type": "Feature", "properties": { "@osmId": "way/45009514", "@snapshotTimestamp": "2019-01-01T00:00:00Z" }, "geometry": { "type": "LineString", "coordinates": [ [ 85.9004141, 19.8412006 ], [ 85.9020571, 19.8418701 ] ] } },
{ "type": "Feature", "properties": { "@osmId": "way/45009515", "@snapshotTimestamp": "2019-01-01T00:00:00Z" }, "geometry": { "type": "LineString", "coordinates": [ [ 85.9020571, 19.8418701 ], [ 85.9382068, 19.8597317 ] ] } },
{ "type": "Feature", "properties": { "@osmId": "way/45009513", "@snapshotTimestamp": "2019-01-01T00:00:00Z" }, "geometry": { "type": "LineString", "coordinates": [ [ 86.0066124, 19.8539947 ], [ 86.0087864, 19.8541064 ] ] } },
{ "type": "Feature", "properties": { "@osmId": "way/237771696", "@snapshotTimestamp": "2019-01-01T00:00:00Z" }, "geometry": { "type": "LineString", "coordinates": [ [ 85.9383067, 19.8597582 ], [ 86.0066124, 19.8539947 ] ] } },
{ "type": "Feature", "properties": { "@osmId": "way/237771714", "@snapshotTimestamp": "2019-01-01T00:00:00Z" }, "geometry": { "type": "LineString", "coordinates": [ [ 85.9382065, 19.8598095 ], [ 85.9382892, 19.8598116 ], [ 85.9382982, 19.8597397 ], [ 85.9382068, 19.8597317 ], [ 85.9382065, 19.8598095 ] ] } },
{ "type": "Feature", "properties": { "@osmId": "way/237771695", "@snapshotTimestamp": "2019-01-01T00:00:00Z" }, "geometry": { "type": "LineString", "coordinates": [ [ 85.9382492, 19.8598264 ], [ 86.0002735, 19.9245362 ] ] } },
{ "type": "Feature", "properties": { "@osmId": "way/168251694", "@snapshotTimestamp": "2019-01-01T00:00:00Z" }, "geometry": { "type": "LineString", "coordinates": [ [ 86.0002735, 19.9245362 ], [ 86.0009265, 19.9241592 ] ] } },
{ "type": "Feature", "properties": { "@osmId": "way/168251696", "@snapshotTimestamp": "2019-01-01T00:00:00Z" }, "geometry": { "type": "LineString", "coordinates": [ [ 86.0009265, 19.9241592 ], [ 86.0127708, 19.9417598 ] ] } },
{ "type": "Feature", "properties": { "@osmId": "way/168251695", "@snapshotTimestamp": "2019-01-01T00:00:00Z" }, "geometry": { "type": "LineString", "coordinates": [ [ 86.0127708, 19.9417598 ], [ 86.0140556, 19.9438667 ] ] } },
{ "type": "Feature", "properties": { "@osmId": "way/168251697", "@snapshotTimestamp": "2019-01-01T00:00:00Z" }, "geometry": { "type": "LineString", "coordinates": [ [ 86.0140556, 19.9438667 ], [ 86.0150748, 19.9768565 ] ] } },
{ "type": "Feature", "properties": { "@osmId": "way/40017536", "@snapshotTimestamp": "2019-01-01T00:00:00Z" }, "geometry": { "type": "LineString", "coordinates": [ [ 86.0087864, 19.8541064 ], [ 86.1113243, 19.8657079 ], [ 86.0919962, 19.8895289 ] ] } },
{ "type": "Feature", "properties": { "@osmId": "way/168246340", "@snapshotTimestamp": "2019-01-01T00:00:00Z" }, "geometry": { "type": "LineString", "coordinates": [ [ 86.0994056, 19.8910258 ], [ 86.1792634, 19.9407251 ] ] } },
{ "type": "Feature", "properties": { "@osmId": "way/168251693", "@snapshotTimestamp": "2019-01-01T00:00:00Z" }, "geometry": { "type": "LineString", "coordinates": [ [ 86.0919962, 19.8895289 ], [ 86.0164418, 19.9847201 ] ] } },
{ "type": "Feature", "properties": { "@osmId": "way/168246339", "@snapshotTimestamp": "2019-01-01T00:00:00Z" }, "geometry": { "type": "LineString", "coordinates": [ [ 86.1792634, 19.9407251 ], [ 86.1945086, 20.0022335 ] ] } },
{ "type": "Feature", "properties": { "@osmId": "way/168246341", "@snapshotTimestamp": "2019-01-01T00:00:00Z" }, "geometry": { "type": "LineString", "coordinates": [ [ 86.1945086, 20.0022335 ], [ 86.1763707, 20.0117614 ] ] } },
{ "type": "Feature", "properties": { "@osmId": "way/237771708", "@snapshotTimestamp": "2019-01-01T00:00:00Z" }, "geometry": { "type": "LineString", "coordinates": [ [ 86.0590074, 20.0241936 ], [ 86.059207, 20.0243572 ] ] } },
{ "type": "Feature", "properties": { "@osmId": "way/229650657", "@snapshotTimestamp": "2019-01-01T00:00:00Z" }, "geometry": { "type": "LineString", "coordinates": [ [ 86.0074469, 20.0610286 ], [ 86.0989387, 20.0572664 ], [ 86.1763707, 20.0117614 ] ] } },
{ "type": "Feature", "properties": { "@osmId": "way/237771711", "@snapshotTimestamp": "2019-01-01T00:00:00Z" }, "geometry": { "type": "LineString", "coordinates": [ [ 86.059207, 20.0243572 ], [ 86.0826798, 20.0647907 ] ] } },
{ "type": "Feature", "properties": { "@osmId": "way/397452244", "@snapshotTimestamp": "2019-01-01T00:00:00Z" }, "geometry": { "type": "LineString", "coordinates": [ [ 86.1676957, 20.070515 ], [ 86.1396049, 20.0435906 ] ] } },
{ "type": "Feature", "properties": { "@osmId": "way/237771704", "@snapshotTimestamp": "2019-01-01T00:00:00Z" }, "geometry": { "type": "LineString", "coordinates": [ [ 86.0826798, 20.0647907 ], [ 86.0827619, 20.0649418 ] ] } },
{ "type": "Feature", "properties": { "@osmId": "way/219113472", "@snapshotTimestamp": "2019-01-01T00:00:00Z" }, "geometry": { "type": "LineString", "coordinates": [ [ 85.8488728, 19.8238578 ], [ 85.8955182, 19.8394085 ] ] } },
{ "type": "Feature", "properties": { "@osmId": "way/219113473", "@snapshotTimestamp": "2019-01-01T00:00:00Z" }, "geometry": { "type": "LineString", "coordinates": [ [ 85.8955182, 19.8394085 ], [ 85.8977688, 19.8403087 ] ] } },
{ "type": "Feature", "properties": { "@osmId": "way/219113474", "@snapshotTimestamp": "2019-01-01T00:00:00Z" }, "geometry": { "type": "LineString", "coordinates": [ [ 85.8977688, 19.8403087 ], [ 85.9004141, 19.8412006 ] ] } },
{ "type": "Feature", "properties": { "@osmId": "way/241131710", "@snapshotTimestamp": "2019-01-01T00:00:00Z" }, "geometry": { "type": "LineString", "coordinates": [ [ 85.8783106, 20.0392546 ], [ 85.8791795, 20.0390078 ] ] } },
{ "type": "Feature", "properties": { "@osmId": "way/237794169", "@snapshotTimestamp": "2019-01-01T00:00:00Z" }, "geometry": { "type": "LineString", "coordinates": [ [ 85.8646491, 20.1166038 ], [ 85.9269846, 20.088441 ] ] } },
{ "type": "Feature", "properties": { "@osmId": "way/237794165", "@snapshotTimestamp": "2019-01-01T00:00:00Z" }, "geometry": { "type": "LineString", "coordinates": [ [ 85.864601, 20.1167512 ], [ 85.8646491, 20.1166038 ] ] } },
{ "type": "Feature", "properties": { "@osmId": "way/237794167", "@snapshotTimestamp": "2019-01-01T00:00:00Z" }, "geometry": { "type": "LineString", "coordinates": [ [ 85.8644729, 20.1174219 ], [ 85.864601, 20.1167512 ] ] } },
{ "type": "Feature", "properties": { "@osmId": "way/237794163", "@snapshotTimestamp": "2019-01-01T00:00:00Z" }, "geometry": { "type": "LineString", "coordinates": [ [ 85.8643544, 20.1183062 ], [ 85.8644729, 20.1174219 ] ] } },
{ "type": "Feature", "properties": { "@osmId": "way/237794170", "@snapshotTimestamp": "2019-01-01T00:00:00Z" }, "geometry": { "type": "LineString", "coordinates": [ [ 85.8635888, 20.1203664 ], [ 85.8643544, 20.1183062 ] ] } },
{ "type": "Feature", "properties": { "@osmId": "way/237794162", "@snapshotTimestamp": "2019-01-01T00:00:00Z" }, "geometry": { "type": "LineString", "coordinates": [ [ 85.8631212, 20.1205378 ], [ 85.8635888, 20.1203664 ] ] } },
{ "type": "Feature", "properties": { "@osmId": "way/237771692", "@snapshotTimestamp": "2019-01-01T00:00:00Z" }, "geometry": { "type": "LineString", "coordinates": [ [ 86.0150748, 19.9768565 ], [ 86.0150799, 19.9770875 ] ] } },
{ "type": "Feature", "properties": { "@osmId": "way/237771691", "@snapshotTimestamp": "2019-01-01T00:00:00Z" }, "geometry": { "type": "LineString", "coordinates": [ [ 86.0150799, 19.9770875 ], [ 86.0141426, 19.982508 ] ] } },
{ "type": "Feature", "properties": { "@osmId": "way/237771693", "@snapshotTimestamp": "2019-01-01T00:00:00Z" }, "geometry": { "type": "LineString", "coordinates": [ [ 86.0141426, 19.982508 ], [ 86.0154425, 19.9835528 ] ] } },
{ "type": "Feature", "properties": { "@osmId": "way/237771694", "@snapshotTimestamp": "2019-01-01T00:00:00Z" }, "geometry": { "type": "LineString", "coordinates": [ [ 86.0154425, 19.9835528 ], [ 86.0164418, 19.9847201 ] ] } },
{ "type": "Feature", "properties": { "@osmId": "way/237771710", "@snapshotTimestamp": "2019-01-01T00:00:00Z" }, "geometry": { "type": "LineString", "coordinates": [ [ 86.0164418, 19.9847201 ], [ 86.0590074, 20.0241936 ] ] } },
{ "type": "Feature", "properties": { "@osmId": "way/86162280", "@snapshotTimestamp": "2019-01-01T00:00:00Z" }, "geometry": { "type": "LineString", "coordinates": [ [ 86.0164418, 19.9847201 ], [ 86.0076147, 20.0609868 ] ] } },
{ "type": "Feature", "properties": { "@osmId": "way/241131704", "@snapshotTimestamp": "2019-01-01T00:00:00Z" }, "geometry": { "type": "LineString", "coordinates": [ [ 85.8791795, 20.0390078 ], [ 86.0045711, 20.0605267 ] ] } },
{ "type": "Feature", "properties": { "@osmId": "way/237771698", "@snapshotTimestamp": "2019-01-01T00:00:00Z" }, "geometry": { "type": "LineString", "coordinates": [ [ 86.0056455, 20.0607311 ], [ 86.0068686, 20.0609654 ] ] } },
{ "type": "Feature", "properties": { "@osmId": "way/237771701", "@snapshotTimestamp": "2019-01-01T00:00:00Z" }, "geometry": { "type": "LineString", "coordinates": [ [ 86.0068686, 20.0609654 ], [ 86.0076147, 20.0609868 ] ] } },
{ "type": "Feature", "properties": { "@osmId": "way/237794171", "@snapshotTimestamp": "2019-01-01T00:00:00Z" }, "geometry": { "type": "LineString", "coordinates": [ [ 86.0009607, 20.0622097 ], [ 86.0056455, 20.0607311 ] ] } },
{ "type": "Feature", "properties": { "@osmId": "way/397452135", "@snapshotTimestamp": "2019-01-01T00:00:00Z" }, "geometry": { "type": "LineString", "coordinates": [ [ 86.1732175, 20.0754522 ], [ 86.1676957, 20.070515 ] ] } },
{ "type": "Feature", "properties": { "@osmId": "way/237771709", "@snapshotTimestamp": "2019-01-01T00:00:00Z" }, "geometry": { "type": "LineString", "coordinates": [ [ 86.0827619, 20.0649418 ], [ 86.0878382, 20.094156 ] ] } },
{ "type": "Feature", "properties": { "@osmId": "way/397452182", "@snapshotTimestamp": "2019-01-01T00:00:00Z" }, "geometry": { "type": "LineString", "coordinates": [ [ 86.0894927, 20.0963818 ], [ 86.0897443, 20.0724838 ] ] } },
{ "type": "Feature", "properties": { "@osmId": "way/237771706", "@snapshotTimestamp": "2019-01-01T00:00:00Z" }, "geometry": { "type": "LineString", "coordinates": [ [ 86.0878382, 20.094156 ], [ 86.0881766, 20.0942585 ] ] } },
{ "type": "Feature", "properties": { "@osmId": "way/397452167", "@snapshotTimestamp": "2019-01-01T00:00:00Z" }, "geometry": { "type": "LineString", "coordinates": [ [ 86.2048813, 20.188653 ], [ 86.1732175, 20.0754522 ] ] } },
{ "type": "Feature", "properties": { "@osmId": "way/237771713", "@snapshotTimestamp": "2019-01-01T00:00:00Z" }, "geometry": { "type": "LineString", "coordinates": [ [ 86.0881766, 20.0942585 ], [ 86.0289034, 20.188653 ] ] } },
{ "type": "Feature", "properties": { "@osmId": "way/397452156", "@snapshotTimestamp": "2019-01-01T00:00:00Z" }, "geometry": { "type": "LineString", "coordinates": [ [ 86.1207459, 20.1977928 ], [ 86.1179017, 20.197684 ] ] } },
{ "type": "Feature", "properties": { "@osmId": "way/397452290", "@snapshotTimestamp": "2019-01-01T00:00:00Z" }, "geometry": { "type": "LineString", "coordinates": [ [ 86.1179017, 20.197684 ], [ 86.082531, 20.214346 ] ] } },
{ "type": "Feature", "properties": { "@osmId": "way/397452261", "@snapshotTimestamp": "2019-01-01T00:00:00Z" }, "geometry": { "type": "LineString", "coordinates": [ [ 86.1436395, 20.2178413 ], [ 86.1207459, 20.1977928 ] ] } },
{ "type": "Feature", "properties": { "@osmId": "way/397452134", "@snapshotTimestamp": "2019-01-01T00:00:00Z" }, "geometry": { "type": "LineString", "coordinates": [ [ 86.0800688, 20.2112601 ], [ 86.0803836, 20.2115791 ] ] } },
{ "type": "Feature", "properties": { "@osmId": "way/237794161", "@snapshotTimestamp": "2019-01-01T00:00:00Z" }, "geometry": { "type": "LineString", "coordinates": [ [ 86.0008151, 20.0623744 ], [ 86.0009607, 20.0622097 ] ] } },
{ "type": "Feature", "properties": { "@osmId": "way/237794168", "@snapshotTimestamp": "2019-01-01T00:00:00Z" }, "geometry": { "type": "LineString", "coordinates": [ [ 85.9273353, 20.0879936 ], [ 86.0008151, 20.0623744 ] ] } },
{ "type": "Feature", "properties": { "@osmId": "way/237794164", "@snapshotTimestamp": "2019-01-01T00:00:00Z" }, "geometry": { "type": "LineString", "coordinates": [ [ 85.9269846, 20.088441 ], [ 85.9273353, 20.0879936 ] ] } },
{ "type": "Feature", "properties": { "@osmId": "way/584731940", "@snapshotTimestamp": "2019-01-01T00:00:00Z" }, "geometry": { "type": "MultiLineString", "coordinates": [ [ [ 85.9845968, 20.188653 ], [ 85.9964827, 20.188653 ] ], [ [ 86.0102283, 20.188653 ], [ 86.0267124, 20.0919772 ], [ 86.0078741, 20.0607957 ] ] ] } },
{ "type": "Feature", "properties": { "@osmId": "way/605575610", "@snapshotTimestamp": "2019-01-01T00:00:00Z" }, "geometry": { "type": "LineString", "coordinates": [ [ 85.9985816, 20.0648581 ], [ 85.964772, 20.188653 ] ] } },
{ "type": "Feature", "properties": { "@osmId": "way/605575610", "@snapshotTimestamp": "2019-01-01T00:00:00Z" }, "geometry": { "type": "LineString", "coordinates": [ [ 85.964772, 20.188653 ], [ 85.922385, 20.203278 ] ] } },
{ "type": "Feature", "properties": { "@osmId": "way/605575606", "@snapshotTimestamp": "2019-01-01T00:00:00Z" }, "geometry": { "type": "LineString", "coordinates": [ [ 85.922385, 20.203278 ], [ 85.890728, 20.2007685 ] ] } },
{ "type": "Feature", "properties": { "@osmId": "way/237771713", "@snapshotTimestamp": "2019-01-01T00:00:00Z" }, "geometry": { "type": "LineString", "coordinates": [ [ 86.0289034, 20.188653 ], [ 85.9980202, 20.2419354 ] ] } },
{ "type": "Feature", "properties": { "@osmId": "way/397452202", "@snapshotTimestamp": "2019-01-01T00:00:00Z" }, "geometry": { "type": "LineString", "coordinates": [ [ 86.0110888, 20.2222717 ], [ 86.0259707, 20.2245468 ] ] } },
{ "type": "Feature", "properties": { "@osmId": "way/397452149", "@snapshotTimestamp": "2019-01-01T00:00:00Z" }, "geometry": { "type": "LineString", "coordinates": [ [ 86.0259707, 20.2245468 ], [ 86.02853, 20.2258758 ] ] } },
{ "type": "Feature", "properties": { "@osmId": "way/464264628", "@snapshotTimestamp": "2019-01-01T00:00:00Z" }, "geometry": { "type": "LineString", "coordinates": [ [ 85.8747002, 20.3109921 ], [ 85.8729589, 20.3097063 ] ] } },
{ "type": "Feature", "properties": { "@osmId": "way/368712589", "@snapshotTimestamp": "2019-01-01T00:00:00Z" }, "geometry": { "type": "LineString", "coordinates": [ [ 85.878866, 20.3159672 ], [ 85.8858383, 20.3068844 ] ] } },
{ "type": "Feature", "properties": { "@osmId": "way/368712547", "@snapshotTimestamp": "2019-01-01T00:00:00Z" }, "geometry": { "type": "LineString", "coordinates": [ [ 85.8916369, 20.3059764 ], [ 85.8813987, 20.3196537 ] ] } },
{ "type": "Feature", "properties": { "@osmId": "way/196857001", "@snapshotTimestamp": "2019-01-01T00:00:00Z" }, "geometry": { "type": "LineString", "coordinates": [ [ 85.877943, 20.314609 ], [ 85.8745085, 20.3111341 ] ] } },
{ "type": "Feature", "properties": { "@osmId": "way/464264627", "@snapshotTimestamp": "2019-01-01T00:00:00Z" }, "geometry": { "type": "LineString", "coordinates": [ [ 85.8784569, 20.314776 ], [ 85.8747002, 20.3109921 ] ] } },
{ "type": "Feature", "properties": { "@osmId": "way/196857000", "@snapshotTimestamp": "2019-01-01T00:00:00Z" }, "geometry": { "type": "LineString", "coordinates": [ [ 85.8742059, 20.3113352 ], [ 85.8776919, 20.3148626 ] ] } },
{ "type": "Feature", "properties": { "@osmId": "way/464264129", "@snapshotTimestamp": "2019-01-01T00:00:00Z" }, "geometry": { "type": "LineString", "coordinates": [ [ 85.8788152, 20.3158127 ], [ 85.8784569, 20.314776 ] ] } },
{ "type": "Feature", "properties": { "@osmId": "way/44947128", "@snapshotTimestamp": "2019-01-01T00:00:00Z" }, "geometry": { "type": "LineString", "coordinates": [ [ 85.880949, 20.3192221 ], [ 85.877943, 20.314609 ] ] } },
{ "type": "Feature", "properties": { "@osmId": "way/196857002", "@snapshotTimestamp": "2019-01-01T00:00:00Z" }, "geometry": { "type": "LineString", "coordinates": [ [ 85.8776919, 20.3148626 ], [ 85.8808784, 20.3193022 ] ] } },
{ "type": "Feature", "properties": { "@osmId": "way/44947109", "@snapshotTimestamp": "2019-01-01T00:00:00Z" }, "geometry": { "type": "LineString", "coordinates": [ [ 85.8813987, 20.3196537 ], [ 85.880949, 20.3192221 ] ] } },
{ "type": "Feature", "properties": { "@osmId": "way/584731940", "@snapshotTimestamp": "2019-01-01T00:00:00Z" }, "geometry": { "type": "MultiLineString", "coordinates": [ [ [ 85.9130715, 20.272792 ], [ 85.9845968, 20.188653 ] ], [ [ 85.9964827, 20.188653 ], [ 86.0102283, 20.188653 ] ] ] } },
{ "type": "Feature", "properties": { "@osmId": "way/594249294", "@snapshotTimestamp": "2019-01-01T00:00:00Z" }, "geometry": { "type": "LineString", "coordinates": [ [ 85.9980202, 20.2419354 ], [ 85.9975247, 20.2423113 ] ] } },
{ "type": "Feature", "properties": { "@osmId": "way/368869484", "@snapshotTimestamp": "2019-01-01T00:00:00Z" }, "geometry": { "type": "LineString", "coordinates": [ [ 85.8935115, 20.2981347 ], [ 85.9130715, 20.272792 ] ] } },
{ "type": "Feature", "properties": { "@osmId": "way/237771712", "@snapshotTimestamp": "2019-01-01T00:00:00Z" }, "geometry": { "type": "LineString", "coordinates": [ [ 85.9975247, 20.2423113 ], [ 85.913149, 20.3374254 ] ] } },
{ "type": "Feature", "properties": { "@osmId": "way/594262195", "@snapshotTimestamp": "2019-01-01T00:00:00Z" }, "geometry": { "type": "LineString", "coordinates": [ [ 85.913149, 20.3374254 ], [ 85.8914715, 20.3622976 ] ] } },
{ "type": "Feature", "properties": { "@osmId": "way/594262197", "@snapshotTimestamp": "2019-01-01T00:00:00Z" }, "geometry": { "type": "LineString", "coordinates": [ [ 85.8914217, 20.362505 ], [ 85.913149, 20.3374254 ] ] } },
{ "type": "Feature", "properties": { "@osmId": "way/392886105", "@snapshotTimestamp": "2019-01-01T00:00:00Z" }, "geometry": { "type": "LineString", "coordinates": [ [ 86.0155557, 20.4069562 ], [ 86.0054489, 20.4149757 ] ] } },
{ "type": "Feature", "properties": { "@osmId": "way/44948291", "@snapshotTimestamp": "2019-01-01T00:00:00Z" }, "geometry": { "type": "LineString", "coordinates": [ [ 85.9766185, 20.427654 ], [ 86.0054489, 20.4149757 ] ] } },
{ "type": "Feature", "properties": { "@osmId": "way/44948293", "@snapshotTimestamp": "2019-01-01T00:00:00Z" }, "geometry": { "type": "LineString", "coordinates": [ [ 85.9764418, 20.4282576 ], [ 85.9766185, 20.427654 ] ] } },
{ "type": "Feature", "properties": { "@osmId": "way/90612072", "@snapshotTimestamp": "2019-01-01T00:00:00Z" }, "geometry": { "type": "LineString", "coordinates": [ [ 85.9162051, 20.4525811 ], [ 85.9764418, 20.4282576 ] ] } },
{ "type": "Feature", "properties": { "@osmId": "way/397452010", "@snapshotTimestamp": "2019-01-01T00:00:00Z" }, "geometry": { "type": "LineString", "coordinates": [ [ 86.0803836, 20.2115791 ], [ 86.082531, 20.214346 ] ] } },
{ "type": "Feature", "properties": { "@osmId": "way/397452013", "@snapshotTimestamp": "2019-01-01T00:00:00Z" }, "geometry": { "type": "LineString", "coordinates": [ [ 86.02853, 20.2258758 ], [ 86.0800688, 20.2112601 ] ] } },
{ "type": "Feature", "properties": { "@osmId": "way/397452189", "@snapshotTimestamp": "2019-01-01T00:00:00Z" }, "geometry": { "type": "LineString", "coordinates": [ [ 86.1469077, 20.2209073 ], [ 86.1436395, 20.2178413 ] ] } },
{ "type": "Feature", "properties": { "@osmId": "way/397452292", "@snapshotTimestamp": "2019-01-01T00:00:00Z" }, "geometry": { "type": "LineString", "coordinates": [ [ 86.1774813, 20.2528106 ], [ 86.1469077, 20.2209073 ] ] } },
{ "type": "Feature", "properties": { "@osmId": "way/236062154", "@snapshotTimestamp": "2019-01-01T00:00:00Z" }, "geometry": { "type": "LineString", "coordinates": [ [ 86.1783784, 20.2526477 ], [ 86.0192495, 20.3745739 ], [ 86.0155557, 20.4069562 ] ] } },
{ "type": "Feature", "properties": { "@osmId": "way/22828399", "@snapshotTimestamp": "2019-01-01T00:00:00Z" }, "geometry": { "type": "LineString", "coordinates": [ [ 86.2860977, 20.3226852 ], [ 86.0155557, 20.4069562 ] ] } },
{ "type": "Feature", "properties": { "@osmId": "way/599323049", "@snapshotTimestamp": "2019-01-01T00:00:00Z" }, "geometry": { "type": "LineString", "coordinates": [ [ 86.1310679, 20.4761205 ], [ 86.0697348, 20.4829127 ] ] } },
{ "type": "Feature", "properties": { "@osmId": "way/322816371", "@snapshotTimestamp": "2019-01-01T00:00:00Z" }, "geometry": { "type": "LineString", "coordinates": [ [ 86.0695153, 20.482898 ], [ 86.0194811, 20.4832269 ] ] } },
{ "type": "Feature", "properties": { "@osmId": "way/322720285", "@snapshotTimestamp": "2019-01-01T00:00:00Z" }, "geometry": { "type": "LineString", "coordinates": [ [ 86.268323, 20.4887866 ], [ 86.0697348, 20.4829127 ] ] } },
{ "type": "Feature", "properties": { "@osmId": "way/322816373", "@snapshotTimestamp": "2019-01-01T00:00:00Z" }, "geometry": { "type": "LineString", "coordinates": [ [ 86.0697348, 20.4829127 ], [ 86.0695153, 20.482898 ] ] } },
{ "type": "Feature", "properties": { "@osmId": "way/464265156", "@snapshotTimestamp": "2019-01-01T00:00:00Z" }, "geometry": { "type": "LineString", "coordinates": [ [ 85.8909517, 20.369438 ], [ 85.8892949, 20.3584097 ] ] } },
{ "type": "Feature", "properties": { "@osmId": "way/464267619", "@snapshotTimestamp": "2019-01-01T00:00:00Z" }, "geometry": { "type": "LineString", "coordinates": [ [ 85.8909719, 20.3687761 ], [ 85.8894669, 20.3591427 ] ] } },
{ "type": "Feature", "properties": { "@osmId": "way/464267622", "@snapshotTimestamp": "2019-01-01T00:00:00Z" }, "geometry": { "type": "LineString", "coordinates": [ [ 85.8895131, 20.3597829 ], [ 85.8908723, 20.3683074 ] ] } },
{ "type": "Feature", "properties": { "@osmId": "way/464267620", "@snapshotTimestamp": "2019-01-01T00:00:00Z" }, "geometry": { "type": "LineString", "coordinates": [ [ 85.8908723, 20.3683074 ], [ 85.8806608, 20.4021823 ] ] } },
{ "type": "Feature", "properties": { "@osmId": "way/44947108", "@snapshotTimestamp": "2019-01-01T00:00:00Z" }, "geometry": { "type": "LineString", "coordinates": [ [ 85.8808351, 20.4021665 ], [ 85.8909719, 20.3687761 ] ] } },
{ "type": "Feature", "properties": { "@osmId": "way/218501308", "@snapshotTimestamp": "2019-01-01T00:00:00Z" }, "geometry": { "type": "LineString", "coordinates": [ [ 85.8807604, 20.4024186 ], [ 85.8808351, 20.4021665 ] ] } },
{ "type": "Feature", "properties": { "@osmId": "way/44946760", "@snapshotTimestamp": "2019-01-01T00:00:00Z" }, "geometry": { "type": "LineString", "coordinates": [ [ 85.8806608, 20.4021823 ], [ 85.8806048, 20.4024492 ] ] } },
{ "type": "Feature", "properties": { "@osmId": "way/44946759", "@snapshotTimestamp": "2019-01-01T00:00:00Z" }, "geometry": { "type": "LineString", "coordinates": [ [ 85.8875754, 20.4373135 ], [ 85.8807604, 20.4024186 ] ] } },
{ "type": "Feature", "properties": { "@osmId": "way/44947089", "@snapshotTimestamp": "2019-01-01T00:00:00Z" }, "geometry": { "type": "LineString", "coordinates": [ [ 85.8806048, 20.4024492 ], [ 85.8870722, 20.437694 ] ] } },
{ "type": "Feature", "properties": { "@osmId": "way/218501325", "@snapshotTimestamp": "2019-01-01T00:00:00Z" }, "geometry": { "type": "LineString", "coordinates": [ [ 85.8765696, 20.4292815 ], [ 85.8775891, 20.428262 ] ] } },
{ "type": "Feature", "properties": { "@osmId": "way/466600306", "@snapshotTimestamp": "2019-01-01T00:00:00Z" }, "geometry": { "type": "LineString", "coordinates": [ [ 85.8310443, 20.2657526 ], [ 85.8322518, 20.2648853 ] ] } },
{ "type": "Feature", "properties": { "@osmId": "way/456959533", "@snapshotTimestamp": "2019-01-01T00:00:00Z" }, "geometry": { "type": "LineString", "coordinates": [ [ 85.8406382, 20.2682164 ], [ 85.8406647, 20.2684257 ] ] } },
{ "type": "Feature", "properties": { "@osmId": "way/456959531", "@snapshotTimestamp": "2019-01-01T00:00:00Z" }, "geometry": { "type": "LineString", "coordinates": [ [ 85.8410718, 20.2682403 ], [ 85.8406953, 20.2683451 ], [ 85.8407898, 20.2686939 ], [ 85.8411825, 20.2686046 ], [ 85.8410718, 20.2682403 ] ] } },
{ "type": "Feature", "properties": { "@osmId": "way/456959532", "@snapshotTimestamp": "2019-01-01T00:00:00Z" }, "geometry": { "type": "LineString", "coordinates": [ [ 85.8406647, 20.2684257 ], [ 85.8405478, 20.2685538 ] ] } },
{ "type": "Feature", "properties": { "@osmId": "way/456959536", "@snapshotTimestamp": "2019-01-01T00:00:00Z" }, "geometry": { "type": "LineString", "coordinates": [ [ 85.8412403, 20.2690063 ], [ 85.8411547, 20.2686416 ] ] } },
{ "type": "Feature", "properties": { "@osmId": "way/456959534", "@snapshotTimestamp": "2019-01-01T00:00:00Z" }, "geometry": { "type": "LineString", "coordinates": [ [ 85.8398756, 20.2689767 ], [ 85.8407898, 20.2686939 ] ] } },
{ "type": "Feature", "properties": { "@osmId": "way/456959535", "@snapshotTimestamp": "2019-01-01T00:00:00Z" }, "geometry": { "type": "LineString", "coordinates": [ [ 85.8408761, 20.2687281 ], [ 85.8411574, 20.2690783 ] ] } },
{ "type": "Feature", "properties": { "@osmId": "way/464097500", "@snapshotTimestamp": "2019-01-01T00:00:00Z" }, "geometry": { "type": "LineString", "coordinates": [ [ 85.838906, 20.2693458 ], [ 85.8405478, 20.2685538 ] ] } },
{ "type": "Feature", "properties": { "@osmId": "way/478371821", "@snapshotTimestamp": "2019-01-01T00:00:00Z" }, "geometry": { "type": "LineString", "coordinates": [ [ 85.8456403, 20.2637986 ], [ 85.8514793, 20.2742633 ] ] } },
{ "type": "Feature", "properties": { "@osmId": "way/464097499", "@snapshotTimestamp": "2019-01-01T00:00:00Z" }, "geometry": { "type": "LineString", "coordinates": [ [ 85.838906, 20.2693458 ], [ 85.8398756, 20.2689767 ] ] } },
{ "type": "Feature", "properties": { "@osmId": "way/90622231", "@snapshotTimestamp": "2019-01-01T00:00:00Z" }, "geometry": { "type": "LineString", "coordinates": [ [ 85.8385421, 20.2695147 ], [ 85.838906, 20.2693458 ] ] } },
{ "type": "Feature", "properties": { "@osmId": "way/466821396", "@snapshotTimestamp": "2019-01-01T00:00:00Z" }, "geometry": { "type": "LineString", "coordinates": [ [ 85.8298897, 20.2665874 ], [ 85.8334232, 20.2727434 ] ] } },
{ "type": "Feature", "properties": { "@osmId": "way/26755988", "@snapshotTimestamp": "2019-01-01T00:00:00Z" }, "geometry": { "type": "LineString", "coordinates": [ [ 85.8385421, 20.2695147 ], [ 85.83309, 20.27186 ] ] } },
{ "type": "Feature", "properties": { "@osmId": "way/466611136", "@snapshotTimestamp": "2019-01-01T00:00:00Z" }, "geometry": { "type": "LineString", "coordinates": [ [ 85.8351264, 20.2791754 ], [ 85.8298268, 20.2663179 ] ] } },
{ "type": "Feature", "properties": { "@osmId": "way/264726511", "@snapshotTimestamp": "2019-01-01T00:00:00Z" }, "geometry": { "type": "LineString", "coordinates": [ [ 85.8438564, 20.2787839 ], [ 85.8412403, 20.2690063 ] ] } },
{ "type": "Feature", "properties": { "@osmId": "way/219116714", "@snapshotTimestamp": "2019-01-01T00:00:00Z" }, "geometry": { "type": "LineString", "coordinates": [ [ 85.851489, 20.274286 ], [ 85.8514793, 20.2742633 ] ] } },
{ "type": "Feature", "properties": { "@osmId": "way/466615093", "@snapshotTimestamp": "2019-01-01T00:00:00Z" }, "geometry": { "type": "LineString", "coordinates": [ [ 85.8514793, 20.2742633 ], [ 85.851489, 20.274286 ] ] } },
{ "type": "Feature", "properties": { "@osmId": "way/466615094", "@snapshotTimestamp": "2019-01-01T00:00:00Z" }, "geometry": { "type": "LineString", "coordinates": [ [ 85.851489, 20.274286 ], [ 85.8515974, 20.2744302 ] ] } },
{ "type": "Feature", "properties": { "@osmId": "way/466615095", "@snapshotTimestamp": "2019-01-01T00:00:00Z" }, "geometry": { "type": "LineString", "coordinates": [ [ 85.8517255, 20.2744807 ], [ 85.851663, 20.2742556 ] ] } },
{ "type": "Feature", "properties": { "@osmId": "way/466617223", "@snapshotTimestamp": "2019-01-01T00:00:00Z" }, "geometry": { "type": "LineString", "coordinates": [ [ 85.8515316, 20.2743222 ], [ 85.8517255, 20.2744807 ] ] } },
{ "type": "Feature", "properties": { "@osmId": "way/279091483", "@snapshotTimestamp": "2019-01-01T00:00:00Z" }, "geometry": { "type": "LineString", "coordinates": [ [ 85.8275324, 20.2679763 ], [ 85.8246306, 20.2737801 ] ] } },
{ "type": "Feature", "properties": { "@osmId": "way/477805077", "@snapshotTimestamp": "2019-01-01T00:00:00Z" }, "geometry": { "type": "LineString", "coordinates": [ [ 85.8108121, 20.2670091 ], [ 85.8035774, 20.2757749 ] ] } },
{ "type": "Feature", "properties": { "@osmId": "way/26764942", "@snapshotTimestamp": "2019-01-01T00:00:00Z" }, "geometry": { "type": "LineString", "coordinates": [ [ 85.8038438, 20.2757541 ], [ 85.8108664, 20.2671111 ] ] } },
{ "type": "Feature", "properties": { "@osmId": "way/477805681", "@snapshotTimestamp": "2019-01-01T00:00:00Z" }, "geometry": { "type": "LineString", "coordinates": [ [ 85.8054355, 20.2725494 ], [ 85.8053433, 20.2725044 ] ] } },
{ "type": "Feature", "properties": { "@osmId": "way/464650413", "@snapshotTimestamp": "2019-01-01T00:00:00Z" }, "geometry": { "type": "LineString", "coordinates": [ [ 85.822086, 20.2703517 ], [ 85.825451, 20.2755604 ] ] } },
{ "type": "Feature", "properties": { "@osmId": "way/26755301", "@snapshotTimestamp": "2019-01-01T00:00:00Z" }, "geometry": { "type": "LineString", "coordinates": [ [ 85.8246306, 20.2737801 ], [ 85.8175455, 20.2756564 ] ] } },
{ "type": "Feature", "properties": { "@osmId": "way/478215122", "@snapshotTimestamp": "2019-01-01T00:00:00Z" }, "geometry": { "type": "LineString", "coordinates": [ [ 85.8173539, 20.2758065 ], [ 85.8178279, 20.2758254 ] ] } },
{ "type": "Feature", "properties": { "@osmId": "way/26755461", "@snapshotTimestamp": "2019-01-01T00:00:00Z" }, "geometry": { "type": "LineString", "coordinates": [ [ 85.8125161, 20.2800566 ], [ 85.8175455, 20.2756564 ] ] } },
{ "type": "Feature", "properties": { "@osmId": "way/478215121", "@snapshotTimestamp": "2019-01-01T00:00:00Z" }, "geometry": { "type": "LineString", "coordinates": [ [ 85.8174496, 20.2756006 ], [ 85.8088288, 20.2837981 ] ] } },
{ "type": "Feature", "properties": { "@osmId": "way/26764912", "@snapshotTimestamp": "2019-01-01T00:00:00Z" }, "geometry": { "type": "LineString", "coordinates": [ [ 85.8267169, 20.2812783 ], [ 85.8352753, 20.2809673 ] ] } },
{ "type": "Feature", "properties": { "@osmId": "way/26764959", "@snapshotTimestamp": "2019-01-01T00:00:00Z" }, "geometry": { "type": "LineString", "coordinates": [ [ 85.8334232, 20.2727434 ], [ 85.8351264, 20.2791754 ] ] } },
{ "type": "Feature", "properties": { "@osmId": "way/466615090", "@snapshotTimestamp": "2019-01-01T00:00:00Z" }, "geometry": { "type": "LineString", "coordinates": [ [ 85.8506041, 20.2779873 ], [ 85.8517255, 20.2744807 ] ] } },
{ "type": "Feature", "properties": { "@osmId": "way/264726927", "@snapshotTimestamp": "2019-01-01T00:00:00Z" }, "geometry": { "type": "LineString", "coordinates": [ [ 85.8435693, 20.2779421 ], [ 85.836492, 20.2787366 ] ] } },
{ "type": "Feature", "properties": { "@osmId": "way/478061530", "@snapshotTimestamp": "2019-01-01T00:00:00Z" }, "geometry": { "type": "LineString", "coordinates": [ [ 85.8451338, 20.278793 ], [ 85.8506041, 20.2779873 ] ] } },
{ "type": "Feature", "properties": { "@osmId": "way/26754699", "@snapshotTimestamp": "2019-01-01T00:00:00Z" }, "geometry": { "type": "LineString", "coordinates": [ [ 85.8350697, 20.2789555 ], [ 85.8435791, 20.2780314 ] ] } },
{ "type": "Feature", "properties": { "@osmId": "way/466615088", "@snapshotTimestamp": "2019-01-01T00:00:00Z" }, "geometry": { "type": "LineString", "coordinates": [ [ 85.8447271, 20.2788309 ], [ 85.8438564, 20.2787839 ] ] } },
{ "type": "Feature", "properties": { "@osmId": "way/466615089", "@snapshotTimestamp": "2019-01-01T00:00:00Z" }, "geometry": { "type": "LineString", "coordinates": [ [ 85.8447271, 20.2788309 ], [ 85.8451338, 20.278793 ] ] } },
{ "type": "Feature", "properties": { "@osmId": "way/478254522", "@snapshotTimestamp": "2019-01-01T00:00:00Z" }, "geometry": { "type": "LineString", "coordinates": [ [ 85.836492, 20.2787366 ], [ 85.8350601, 20.2789012 ] ] } },
{ "type": "Feature", "properties": { "@osmId": "way/466615087", "@snapshotTimestamp": "2019-01-01T00:00:00Z" }, "geometry": { "type": "LineString", "coordinates": [ [ 85.8438825, 20.2789588 ], [ 85.8447271, 20.2788309 ] ] } },
{ "type": "Feature", "properties": { "@osmId": "way/40016878", "@snapshotTimestamp": "2019-01-01T00:00:00Z" }, "geometry": { "type": "LineString", "coordinates": [ [ 85.8578976, 20.2951492 ], [ 85.845587, 20.2635817 ] ] } },
{ "type": "Feature", "properties": { "@osmId": "way/464650415", "@snapshotTimestamp": "2019-01-01T00:00:00Z" }, "geometry": { "type": "LineString", "coordinates": [ [ 85.8257929, 20.2924123 ], [ 85.8223552, 20.2702549 ] ] } },
{ "type": "Feature", "properties": { "@osmId": "way/26755286", "@snapshotTimestamp": "2019-01-01T00:00:00Z" }, "geometry": { "type": "LineString", "coordinates": [ [ 85.80894, 20.2837081 ], [ 85.8125161, 20.2800566 ] ] } },
{ "type": "Feature", "properties": { "@osmId": "way/280421142", "@snapshotTimestamp": "2019-01-01T00:00:00Z" }, "geometry": { "type": "LineString", "coordinates": [ [ 85.7953582, 20.2757058 ], [ 85.8129904, 20.2882798 ] ] } },
{ "type": "Feature", "properties": { "@osmId": "way/44948707", "@snapshotTimestamp": "2019-01-01T00:00:00Z" }, "geometry": { "type": "LineString", "coordinates": [ [ 85.8176376, 20.29087 ], [ 85.7955094, 20.2757564 ] ] } },
{ "type": "Feature", "properties": { "@osmId": "way/280421140", "@snapshotTimestamp": "2019-01-01T00:00:00Z" }, "geometry": { "type": "LineString", "coordinates": [ [ 85.795416, 20.2758029 ], [ 85.8175631, 20.2909569 ] ] } },
{ "type": "Feature", "properties": { "@osmId": "way/478215119", "@snapshotTimestamp": "2019-01-01T00:00:00Z" }, "geometry": { "type": "LineString", "coordinates": [ [ 85.8088288, 20.2837981 ], [ 85.80894, 20.2837081 ] ] } },
{ "type": "Feature", "properties": { "@osmId": "way/495802463", "@snapshotTimestamp": "2019-01-01T00:00:00Z" }, "geometry": { "type": "LineString", "coordinates": [ [ 85.8131354, 20.2879845 ], [ 85.7993515, 20.2796347 ] ] } },
{ "type": "Feature", "properties": { "@osmId": "way/464650414", "@snapshotTimestamp": "2019-01-01T00:00:00Z" }, "geometry": { "type": "LineString", "coordinates": [ [ 85.825451, 20.2755604 ], [ 85.8256946, 20.2923908 ] ] } },
{ "type": "Feature", "properties": { "@osmId": "way/478215120", "@snapshotTimestamp": "2019-01-01T00:00:00Z" }, "geometry": { "type": "LineString", "coordinates": [ [ 85.8088288, 20.2837981 ], [ 85.8079205, 20.2848121 ] ] } },
{ "type": "Feature", "properties": { "@osmId": "way/280421151", "@snapshotTimestamp": "2019-01-01T00:00:00Z" }, "geometry": { "type": "LineString", "coordinates": [ [ 85.8079205, 20.2848121 ], [ 85.807673, 20.2850486 ] ] } },
{ "type": "Feature", "properties": { "@osmId": "way/478250400", "@snapshotTimestamp": "2019-01-01T00:00:00Z" }, "geometry": { "type": "LineString", "coordinates": [ [ 85.8440246, 20.2806458 ], [ 85.8438564, 20.2787839 ] ] } },
{ "type": "Feature", "properties": { "@osmId": "way/466611137", "@snapshotTimestamp": "2019-01-01T00:00:00Z" }, "geometry": { "type": "LineString", "coordinates": [ [ 85.8351264, 20.2791754 ], [ 85.8352753, 20.2809673 ] ] } },
{ "type": "Feature", "properties": { "@osmId": "way/478250401", "@snapshotTimestamp": "2019-01-01T00:00:00Z" }, "geometry": { "type": "LineString", "coordinates": [ [ 85.8440052, 20.2816666 ], [ 85.8440246, 20.2806458 ] ] } },
{ "type": "Feature", "properties": { "@osmId": "way/26754634", "@snapshotTimestamp": "2019-01-01T00:00:00Z" }, "geometry": { "type": "LineString", "coordinates": [ [ 85.8411574, 20.2690783 ], [ 85.8419818, 20.2961399 ] ] } },
{ "type": "Feature", "properties": { "@osmId": "way/26755771", "@snapshotTimestamp": "2019-01-01T00:00:00Z" }, "geometry": { "type": "LineString", "coordinates": [ [ 85.8352753, 20.2809673 ], [ 85.8349882, 20.2845771 ] ] } },
{ "type": "Feature", "properties": { "@osmId": "way/264726565", "@snapshotTimestamp": "2019-01-01T00:00:00Z" }, "geometry": { "type": "LineString", "coordinates": [ [ 85.8434632, 20.2855152 ], [ 85.8440052, 20.2816666 ] ] } },
{ "type": "Feature", "properties": { "@osmId": "way/466579366", "@snapshotTimestamp": "2019-01-01T00:00:00Z" }, "geometry": { "type": "LineString", "coordinates": [ [ 85.8349882, 20.2845771 ], [ 85.8347149, 20.2865193 ] ] } },
{ "type": "Feature", "properties": { "@osmId": "way/466839444", "@snapshotTimestamp": "2019-01-01T00:00:00Z" }, "geometry": { "type": "LineString", "coordinates": [ [ 85.8347149, 20.2865193 ], [ 85.8430579, 20.2874986 ] ] } },
{ "type": "Feature", "properties": { "@osmId": "way/478251495", "@snapshotTimestamp": "2019-01-01T00:00:00Z" }, "geometry": { "type": "LineString", "coordinates": [ [ 85.842771, 20.2907443 ], [ 85.8434632, 20.2855152 ] ] } },
{ "type": "Feature", "properties": { "@osmId": "way/478251497", "@snapshotTimestamp": "2019-01-01T00:00:00Z" }, "geometry": { "type": "LineString", "coordinates": [ [ 85.8426389, 20.2918387 ], [ 85.842771, 20.2907443 ] ] } },
{ "type": "Feature", "properties": { "@osmId": "way/466839445", "@snapshotTimestamp": "2019-01-01T00:00:00Z" }, "geometry": { "type": "LineString", "coordinates": [ [ 85.8347149, 20.2865193 ], [ 85.8332191, 20.29715 ] ] } },
{ "type": "Feature", "properties": { "@osmId": "way/478251499", "@snapshotTimestamp": "2019-01-01T00:00:00Z" }, "geometry": { "type": "LineString", "coordinates": [ [ 85.8425386, 20.2925691 ], [ 85.8426389, 20.2918387 ] ] } },
{ "type": "Feature", "properties": { "@osmId": "way/26755582", "@snapshotTimestamp": "2019-01-01T00:00:00Z" }, "geometry": { "type": "LineString", "coordinates": [ [ 85.8339351, 20.2920618 ], [ 85.8423284, 20.2930711 ] ] } },
{ "type": "Feature", "properties": { "@osmId": "way/264753947", "@snapshotTimestamp": "2019-01-01T00:00:00Z" }, "geometry": { "type": "LineString", "coordinates": [ [ 85.8423082, 20.2941489 ], [ 85.8425386, 20.2925691 ] ] } },
{ "type": "Feature", "properties": { "@osmId": "way/279959308", "@snapshotTimestamp": "2019-01-01T00:00:00Z" }, "geometry": { "type": "LineString", "coordinates": [ [ 85.8421451, 20.2961298 ], [ 85.8423082, 20.2941489 ] ] } },
{ "type": "Feature", "properties": { "@osmId": "way/218505932", "@snapshotTimestamp": "2019-01-01T00:00:00Z" }, "geometry": { "type": "LineString", "coordinates": [ [ 85.8526117, 20.2953337 ], [ 85.8521773, 20.2953678 ] ] } },
{ "type": "Feature", "properties": { "@osmId": "way/218505930", "@snapshotTimestamp": "2019-01-01T00:00:00Z" }, "geometry": { "type": "LineString", "coordinates": [ [ 85.8521712, 20.2954853 ], [ 85.8526032, 20.2954513 ] ] } },
{ "type": "Feature", "properties": { "@osmId": "way/218505933", "@snapshotTimestamp": "2019-01-01T00:00:00Z" }, "geometry": { "type": "LineString", "coordinates": [ [ 85.8521773, 20.2953678 ], [ 85.8487903, 20.2956295 ] ] } },
{ "type": "Feature", "properties": { "@osmId": "way/279958945", "@snapshotTimestamp": "2019-01-01T00:00:00Z" }, "geometry": { "type": "LineString", "coordinates": [ [ 85.8487932, 20.2957575 ], [ 85.8521712, 20.2954853 ] ] } },
{ "type": "Feature", "properties": { "@osmId": "way/279038115", "@snapshotTimestamp": "2019-01-01T00:00:00Z" }, "geometry": { "type": "LineString", "coordinates": [ [ 85.8419679, 20.2958307 ], [ 85.8417246, 20.2961604 ] ] } },
{ "type": "Feature", "properties": { "@osmId": "way/495802465", "@snapshotTimestamp": "2019-01-01T00:00:00Z" }, "geometry": { "type": "LineString", "coordinates": [ [ 85.8147688, 20.2889626 ], [ 85.8131354, 20.2879845 ] ] } },
{ "type": "Feature", "properties": { "@osmId": "way/495802461", "@snapshotTimestamp": "2019-01-01T00:00:00Z" }, "geometry": { "type": "LineString", "coordinates": [ [ 85.8129904, 20.2882798 ], [ 85.8142951, 20.2890882 ] ] } },
{ "type": "Feature", "properties": { "@osmId": "way/495803333", "@snapshotTimestamp": "2019-01-01T00:00:00Z" }, "geometry": { "type": "LineString", "coordinates": [ [ 85.8181797, 20.2911837 ], [ 85.8147688, 20.2889626 ] ] } },
{ "type": "Feature", "properties": { "@osmId": "way/495802464", "@snapshotTimestamp": "2019-01-01T00:00:00Z" }, "geometry": { "type": "LineString", "coordinates": [ [ 85.8142951, 20.2890882 ], [ 85.8182603, 20.2914052 ] ] } },
{ "type": "Feature", "properties": { "@osmId": "way/26754812", "@snapshotTimestamp": "2019-01-01T00:00:00Z" }, "geometry": { "type": "LineString", "coordinates": [ [ 85.807673, 20.2850486 ], [ 85.8196131, 20.2968464 ] ] } },
{ "type": "Feature", "properties": { "@osmId": "way/218526249", "@snapshotTimestamp": "2019-01-01T00:00:00Z" }, "geometry": { "type": "LineString", "coordinates": [ [ 85.8223154, 20.2936674 ], [ 85.8176376, 20.29087 ] ] } },
{ "type": "Feature", "properties": { "@osmId": "way/280421147", "@snapshotTimestamp": "2019-01-01T00:00:00Z" }, "geometry": { "type": "LineString", "coordinates": [ [ 85.8175631, 20.2909569 ], [ 85.8222417, 20.2937597 ] ] } },
{ "type": "Feature", "properties": { "@osmId": "way/464650412", "@snapshotTimestamp": "2019-01-01T00:00:00Z" }, "geometry": { "type": "LineString", "coordinates": [ [ 85.8256946, 20.2923908 ], [ 85.8247124, 20.2955303 ] ] } },
{ "type": "Feature", "properties": { "@osmId": "way/464283098", "@snapshotTimestamp": "2019-01-01T00:00:00Z" }, "geometry": { "type": "LineString", "coordinates": [ [ 85.8248071, 20.295578 ], [ 85.8257929, 20.2924123 ] ] } },
{ "type": "Feature", "properties": { "@osmId": "way/218526247", "@snapshotTimestamp": "2019-01-01T00:00:00Z" }, "geometry": { "type": "LineString", "coordinates": [ [ 85.8222417, 20.2937597 ], [ 85.8245453, 20.2952148 ] ] } },
{ "type": "Feature", "properties": { "@osmId": "way/466615091", "@snapshotTimestamp": "2019-01-01T00:00:00Z" }, "geometry": { "type": "LineString", "coordinates": [ [ 85.8515974, 20.2744302 ], [ 85.8573726, 20.2942454 ] ] } },
{ "type": "Feature", "properties": { "@osmId": "way/605579942", "@snapshotTimestamp": "2019-01-01T00:00:00Z" }, "geometry": { "type": "LineString", "coordinates": [ [ 85.8729589, 20.3097063 ], [ 85.8718004, 20.274674 ] ] } },
{ "type": "Feature", "properties": { "@osmId": "way/44949028", "@snapshotTimestamp": "2019-01-01T00:00:00Z" }, "geometry": { "type": "LineString", "coordinates": [ [ 85.8573726, 20.2942454 ], [ 85.8573363, 20.2950124 ] ] } },
{ "type": "Feature", "properties": { "@osmId": "way/44948793", "@snapshotTimestamp": "2019-01-01T00:00:00Z" }, "geometry": { "type": "LineString", "coordinates": [ [ 85.8573363, 20.2950124 ], [ 85.8555248, 20.295097 ] ] } },
{ "type": "Feature", "properties": { "@osmId": "way/573401034", "@snapshotTimestamp": "2019-01-01T00:00:00Z" }, "geometry": { "type": "LineString", "coordinates": [ [ 85.8555248, 20.295097 ], [ 85.8526117, 20.2953337 ] ] } },
{ "type": "Feature", "properties": { "@osmId": "way/573401032", "@snapshotTimestamp": "2019-01-01T00:00:00Z" }, "geometry": { "type": "LineString", "coordinates": [ [ 85.855547, 20.2951969 ], [ 85.8558399, 20.2952638 ] ] } },
{ "type": "Feature", "properties": { "@osmId": "way/44949020", "@snapshotTimestamp": "2019-01-01T00:00:00Z" }, "geometry": { "type": "LineString", "coordinates": [ [ 85.8578529, 20.295068 ], [ 85.8573363, 20.2950124 ], [ 85.8572849, 20.2954491 ], [ 85.8577667, 20.2955267 ], [ 85.8578529, 20.295068 ] ] } },
{ "type": "Feature", "properties": { "@osmId": "way/573401033", "@snapshotTimestamp": "2019-01-01T00:00:00Z" }, "geometry": { "type": "LineString", "coordinates": [ [ 85.8558399, 20.2952638 ], [ 85.857241, 20.2953724 ] ] } },
{ "type": "Feature", "properties": { "@osmId": "way/218505931", "@snapshotTimestamp": "2019-01-01T00:00:00Z" }, "geometry": { "type": "LineString", "coordinates": [ [ 85.8526032, 20.2954513 ], [ 85.855547, 20.2951969 ] ] } },
{ "type": "Feature", "properties": { "@osmId": "way/325359754", "@snapshotTimestamp": "2019-01-01T00:00:00Z" }, "geometry": { "type": "LineString", "coordinates": [ [ 85.8601038, 20.2971719 ], [ 85.8555248, 20.295097 ] ] } },
{ "type": "Feature", "properties": { "@osmId": "way/573401035", "@snapshotTimestamp": "2019-01-01T00:00:00Z" }, "geometry": { "type": "LineString", "coordinates": [ [ 85.8601038, 20.2971719 ], [ 85.8578976, 20.2951492 ] ] } },
{ "type": "Feature", "properties": { "@osmId": "way/325359753", "@snapshotTimestamp": "2019-01-01T00:00:00Z" }, "geometry": { "type": "LineString", "coordinates": [ [ 85.855547, 20.2951969 ], [ 85.860031, 20.2973083 ] ] } },
{ "type": "Feature", "properties": { "@osmId": "way/26755786", "@snapshotTimestamp": "2019-01-01T00:00:00Z" }, "geometry": { "type": "LineString", "coordinates": [ [ 85.8577003, 20.2955605 ], [ 85.8673356, 20.3044893 ] ] } },
{ "type": "Feature", "properties": { "@osmId": "way/292410140", "@snapshotTimestamp": "2019-01-01T00:00:00Z" }, "geometry": { "type": "LineString", "coordinates": [ [ 85.8674577, 20.3043759 ], [ 85.8601038, 20.2971719 ] ] } },
{ "type": "Feature", "properties": { "@osmId": "way/368869448", "@snapshotTimestamp": "2019-01-01T00:00:00Z" }, "geometry": { "type": "LineString", "coordinates": [ [ 85.8916369, 20.3059764 ], [ 85.8915142, 20.3050277 ] ] } },
{ "type": "Feature", "properties": { "@osmId": "way/368708770", "@snapshotTimestamp": "2019-01-01T00:00:00Z" }, "geometry": { "type": "LineString", "coordinates": [ [ 85.8858383, 20.3068844 ], [ 85.8928505, 20.2981646 ] ] } },
{ "type": "Feature", "properties": { "@osmId": "way/292410141", "@snapshotTimestamp": "2019-01-01T00:00:00Z" }, "geometry": { "type": "LineString", "coordinates": [ [ 85.8690749, 20.3059811 ], [ 85.8674577, 20.3043759 ] ] } },
{ "type": "Feature", "properties": { "@osmId": "way/292410142", "@snapshotTimestamp": "2019-01-01T00:00:00Z" }, "geometry": { "type": "LineString", "coordinates": [ [ 85.8673356, 20.3044893 ], [ 85.8689419, 20.306098 ] ] } },
{ "type": "Feature", "properties": { "@osmId": "way/196856999", "@snapshotTimestamp": "2019-01-01T00:00:00Z" }, "geometry": { "type": "LineString", "coordinates": [ [ 85.8745085, 20.3111341 ], [ 85.8690749, 20.3059811 ] ] } },
{ "type": "Feature", "properties": { "@osmId": "way/292410143", "@snapshotTimestamp": "2019-01-01T00:00:00Z" }, "geometry": { "type": "LineString", "coordinates": [ [ 85.8689419, 20.306098 ], [ 85.8742059, 20.3113352 ] ] } },
{ "type": "Feature", "properties": { "@osmId": "way/168246337", "@snapshotTimestamp": "2019-01-01T00:00:00Z" }, "geometry": { "type": "LineString", "coordinates": [ [ 86.2687308, 19.9795627 ], [ 86.1945086, 20.0022335 ] ] } },
{ "type": "Feature", "properties": { "@osmId": "way/168246342", "@snapshotTimestamp": "2019-01-01T00:00:00Z" }, "geometry": { "type": "LineString", "coordinates": [ [ 86.2913587, 20.0089617 ], [ 86.2687308, 19.9795627 ] ] } },
{ "type": "Feature", "properties": { "@osmId": "way/397452294", "@snapshotTimestamp": "2019-01-01T00:00:00Z" }, "geometry": { "type": "LineString", "coordinates": [ [ 86.392830608547555, 20.104502916300781 ], [ 86.3575891, 20.1048201 ] ] } },
{ "type": "Feature", "properties": { "@osmId": "way/568712551", "@snapshotTimestamp": "2019-01-01T00:00:00Z" }, "geometry": { "type": "LineString", "coordinates": [ [ 86.2751793, 20.0655028 ], [ 86.2824767, 20.1302072 ] ] } },
{ "type": "Feature", "properties": { "@osmId": "way/397452154", "@snapshotTimestamp": "2019-01-01T00:00:00Z" }, "geometry": { "type": "LineString", "coordinates": [ [ 86.3575891, 20.1048201 ], [ 86.3571106, 20.104603 ] ] } },
{ "type": "Feature", "properties": { "@osmId": "way/397452324", "@snapshotTimestamp": "2019-01-01T00:00:00Z" }, "geometry": { "type": "LineString", "coordinates": [ [ 86.3571106, 20.104603 ], [ 86.2822117, 20.1241951 ] ] } },
{ "type": "Feature", "properties": { "@osmId": "way/236062155", "@snapshotTimestamp": "2019-01-01T00:00:00Z" }, "geometry": { "type": "LineString", "coordinates": [ [ 86.2824767, 20.1302072 ], [ 86.2342446, 20.188653 ] ] } },
{ "type": "Feature", "properties": { "@osmId": "way/397452167", "@snapshotTimestamp": "2019-01-01T00:00:00Z" }, "geometry": { "type": "LineString", "coordinates": [ [ 86.2220586, 20.2060445 ], [ 86.2048813, 20.188653 ] ] } },
{ "type": "Feature", "properties": { "@osmId": "way/236062155", "@snapshotTimestamp": "2019-01-01T00:00:00Z" }, "geometry": { "type": "LineString", "coordinates": [ [ 86.2342446, 20.188653 ], [ 86.1783784, 20.2526477 ] ] } },
{ "type": "Feature", "properties": { "@osmId": "way/397452103", "@snapshotTimestamp": "2019-01-01T00:00:00Z" }, "geometry": { "type": "LineString", "coordinates": [ [ 86.2817793, 20.2554873 ], [ 86.2569633, 20.2155381 ], [ 86.2176747, 20.2122226 ] ] } },
{ "type": "Feature", "properties": { "@osmId": "way/659089585", "@snapshotTimestamp": "2019-01-01T00:00:00Z" }, "geometry": { "type": "LineString", "coordinates": [ [ 86.2172129, 20.2685419 ], [ 86.2659453, 20.2269324 ] ] } },
{ "type": "Feature", "properties": { "@osmId": "way/397452183", "@snapshotTimestamp": "2019-01-01T00:00:00Z" }, "geometry": { "type": "LineString", "coordinates": [ [ 86.3700604, 20.3060938 ], [ 86.3439882, 20.2316275 ], [ 86.3577833, 20.2203012 ], [ 86.4332278, 20.2031554 ], [ 86.473095023379798, 20.244160078265296 ] ] } },
{ "type": "Feature", "properties": { "@osmId": "way/397452133", "@snapshotTimestamp": "2019-01-01T00:00:00Z" }, "geometry": { "type": "LineString", "coordinates": [ [ 86.2821696, 20.2559584 ], [ 86.2817793, 20.2554873 ] ] } },
{ "type": "Feature", "properties": { "@osmId": "way/659092955", "@snapshotTimestamp": "2019-01-01T00:00:00Z" }, "geometry": { "type": "LineString", "coordinates": [ [ 86.2896744, 20.2735234 ], [ 86.2821696, 20.2559584 ] ] } },
{ "type": "Feature", "properties": { "@osmId": "way/602596343", "@snapshotTimestamp": "2019-01-01T00:00:00Z" }, "geometry": { "type": "LineString", "coordinates": [ [ 86.2172129, 20.2685419 ], [ 86.2153348, 20.2731676 ] ] } },
{ "type": "Feature", "properties": { "@osmId": "way/659091235", "@snapshotTimestamp": "2019-01-01T00:00:00Z" }, "geometry": { "type": "LineString", "coordinates": [ [ 86.2896744, 20.2735234 ], [ 86.2940528, 20.279629 ] ] } },
{ "type": "Feature", "properties": { "@osmId": "way/236062156", "@snapshotTimestamp": "2019-01-01T00:00:00Z" }, "geometry": { "type": "LineString", "coordinates": [ [ 86.1783784, 20.2526477 ], [ 86.2675758, 20.3353878 ] ] } },
{ "type": "Feature", "properties": { "@osmId": "way/22828395", "@snapshotTimestamp": "2019-01-01T00:00:00Z" }, "geometry": { "type": "LineString", "coordinates": [ [ 86.506747227202396, 20.317135207776442 ], [ 86.4040855, 20.3025346 ], [ 86.2860977, 20.3226852 ] ] } },
{ "type": "Feature", "properties": { "@osmId": "way/219096197", "@snapshotTimestamp": "2019-01-01T00:00:00Z" }, "geometry": { "type": "LineString", "coordinates": [ [ 86.4555332, 20.4563379 ], [ 86.454876, 20.4568551 ] ] } },
{ "type": "Feature", "properties": { "@osmId": "way/219099846", "@snapshotTimestamp": "2019-01-01T00:00:00Z" }, "geometry": { "type": "LineString", "coordinates": [ [ 86.4551012, 20.4569421 ], [ 86.4557107, 20.4564771 ] ] } },
{ "type": "Feature", "properties": { "@osmId": "way/219096223", "@snapshotTimestamp": "2019-01-01T00:00:00Z" }, "geometry": { "type": "LineString", "coordinates": [ [ 86.521350779158283, 20.37487497114661 ], [ 86.4893239, 20.3787878 ], [ 86.4901226, 20.405698 ] ] } },
{ "type": "Feature", "properties": { "@osmId": "way/219099889", "@snapshotTimestamp": "2019-01-01T00:00:00Z" }, "geometry": { "type": "LineString", "coordinates": [ [ 86.4902918, 20.4056 ], [ 86.4894303, 20.3788685 ], [ 86.521369548765634, 20.374968101851216 ] ] } },
{ "type": "Feature", "properties": { "@osmId": "way/219099881", "@snapshotTimestamp": "2019-01-01T00:00:00Z" }, "geometry": { "type": "LineString", "coordinates": [ [ 86.4932904, 20.4098934 ], [ 86.4902918, 20.4056 ] ] } },
{ "type": "Feature", "properties": { "@osmId": "way/219096205", "@snapshotTimestamp": "2019-01-01T00:00:00Z" }, "geometry": { "type": "LineString", "coordinates": [ [ 86.4901226, 20.405698 ], [ 86.4930164, 20.4100072 ] ] } },
{ "type": "Feature", "properties": { "@osmId": "way/219096229", "@snapshotTimestamp": "2019-01-01T00:00:00Z" }, "geometry": { "type": "LineString", "coordinates": [ [ 86.4930164, 20.4100072 ], [ 86.4978804, 20.4169459 ] ] } },
{ "type": "Feature", "properties": { "@osmId": "way/219099842", "@snapshotTimestamp": "2019-01-01T00:00:00Z" }, "geometry": { "type": "LineString", "coordinates": [ [ 86.4984309, 20.4198715 ], [ 86.4932904, 20.4098934 ] ] } },
{ "type": "Feature", "properties": { "@osmId": "way/219096222", "@snapshotTimestamp": "2019-01-01T00:00:00Z" }, "geometry": { "type": "LineString", "coordinates": [ [ 86.4978804, 20.4169459 ], [ 86.4981508, 20.4198454 ] ] } },
{ "type": "Feature", "properties": { "@osmId": "way/219096189", "@snapshotTimestamp": "2019-01-01T00:00:00Z" }, "geometry": { "type": "LineString", "coordinates": [ [ 86.4981508, 20.4198454 ], [ 86.4980595, 20.4206902 ] ] } },
{ "type": "Feature", "properties": { "@osmId": "way/219099852", "@snapshotTimestamp": "2019-01-01T00:00:00Z" }, "geometry": { "type": "LineString", "coordinates": [ [ 86.4983184, 20.4208377 ], [ 86.4984309, 20.4198715 ] ] } },
{ "type": "Feature", "properties": { "@osmId": "way/219096183", "@snapshotTimestamp": "2019-01-01T00:00:00Z" }, "geometry": { "type": "LineString", "coordinates": [ [ 86.4980595, 20.4206902 ], [ 86.4888976, 20.4295238 ] ] } },
{ "type": "Feature", "properties": { "@osmId": "way/219096181", "@snapshotTimestamp": "2019-01-01T00:00:00Z" }, "geometry": { "type": "LineString", "coordinates": [ [ 86.454876, 20.4568551 ], [ 86.4167883, 20.4873037 ] ] } },
{ "type": "Feature", "properties": { "@osmId": "way/219099870", "@snapshotTimestamp": "2019-01-01T00:00:00Z" }, "geometry": { "type": "LineString", "coordinates": [ [ 86.4168852, 20.4873702 ], [ 86.4551012, 20.4569421 ] ] } },
{ "type": "Feature", "properties": { "@osmId": "way/599323193", "@snapshotTimestamp": "2019-01-01T00:00:00Z" }, "geometry": { "type": "LineString", "coordinates": [ [ 86.268323, 20.4887866 ], [ 86.1310679, 20.4761205 ] ] } },
{ "type": "Feature", "properties": { "@osmId": "way/219096195", "@snapshotTimestamp": "2019-01-01T00:00:00Z" }, "geometry": { "type": "LineString", "coordinates": [ [ 86.4167883, 20.4873037 ], [ 86.4165604, 20.487478 ] ] } },
{ "type": "Feature", "properties": { "@osmId": "way/219099857", "@snapshotTimestamp": "2019-01-01T00:00:00Z" }, "geometry": { "type": "LineString", "coordinates": [ [ 86.4166389, 20.487574 ], [ 86.4168852, 20.4873702 ] ] } },
{ "type": "Feature", "properties": { "@osmId": "way/322720287", "@snapshotTimestamp": "2019-01-01T00:00:00Z" }, "geometry": { "type": "LineString", "coordinates": [ [ 86.2685134, 20.4887843 ], [ 86.268323, 20.4887866 ] ] } },
{ "type": "Feature", "properties": { "@osmId": "way/219096180", "@snapshotTimestamp": "2019-01-01T00:00:00Z" }, "geometry": { "type": "LineString", "coordinates": [ [ 86.4165604, 20.487478 ], [ 86.397889, 20.5021263 ] ] } },
{ "type": "Feature", "properties": { "@osmId": "way/219099836", "@snapshotTimestamp": "2019-01-01T00:00:00Z" }, "geometry": { "type": "LineString", "coordinates": [ [ 86.3981706, 20.5022599 ], [ 86.4166389, 20.487574 ] ] } },
{ "type": "Feature", "properties": { "@osmId": "way/602562838", "@snapshotTimestamp": "2019-01-01T00:00:00Z" }, "geometry": { "type": "LineString", "coordinates": [ [ 86.2685134, 20.4887843 ], [ 86.3407476, 20.5053354 ] ] } },
{ "type": "Feature", "properties": { "@osmId": "way/219096188", "@snapshotTimestamp": "2019-01-01T00:00:00Z" }, "geometry": { "type": "LineString", "coordinates": [ [ 86.397889, 20.5021263 ], [ 86.3966686, 20.5030132 ] ] } },
{ "type": "Feature", "properties": { "@osmId": "way/522176353", "@snapshotTimestamp": "2019-01-01T00:00:00Z" }, "geometry": { "type": "LineString", "coordinates": [ [ 85.8936824, 20.4438333 ], [ 85.8935985, 20.4439218 ] ] } },
{ "type": "Feature", "properties": { "@osmId": "way/522176352", "@snapshotTimestamp": "2019-01-01T00:00:00Z" }, "geometry": { "type": "LineString", "coordinates": [ [ 85.8959569, 20.4452529 ], [ 85.8943643, 20.443401 ] ] } },
{ "type": "Feature", "properties": { "@osmId": "way/522176354", "@snapshotTimestamp": "2019-01-01T00:00:00Z" }, "geometry": { "type": "LineString", "coordinates": [ [ 85.8936824, 20.4438333 ], [ 85.8955185, 20.4451597 ] ] } },
{ "type": "Feature", "properties": { "@osmId": "way/44946756", "@snapshotTimestamp": "2019-01-01T00:00:00Z" }, "geometry": { "type": "LineString", "coordinates": [ [ 85.8940212, 20.4437709 ], [ 85.8957559, 20.4454038 ] ] } },
{ "type": "Feature", "properties": { "@osmId": "way/573120496", "@snapshotTimestamp": "2019-01-01T00:00:00Z" }, "geometry": { "type": "LineString", "coordinates": [ [ 85.8961816, 20.4453058 ], [ 85.8949879, 20.4439328 ] ] } },
{ "type": "Feature", "properties": { "@osmId": "way/47441740", "@snapshotTimestamp": "2019-01-01T00:00:00Z" }, "geometry": { "type": "LineString", "coordinates": [ [ 85.896387, 20.4452376 ], [ 85.8961816, 20.4453058 ] ] } },
{ "type": "Feature", "properties": { "@osmId": "way/47441741", "@snapshotTimestamp": "2019-01-01T00:00:00Z" }, "geometry": { "type": "LineString", "coordinates": [ [ 85.8962543, 20.4455164 ], [ 85.896387, 20.4452376 ] ] } },
{ "type": "Feature", "properties": { "@osmId": "way/573120499", "@snapshotTimestamp": "2019-01-01T00:00:00Z" }, "geometry": { "type": "LineString", "coordinates": [ [ 85.8962543, 20.4455164 ], [ 85.8961816, 20.4453058 ] ] } },
{ "type": "Feature", "properties": { "@osmId": "way/522176345", "@snapshotTimestamp": "2019-01-01T00:00:00Z" }, "geometry": { "type": "LineString", "coordinates": [ [ 85.895519, 20.4449451 ], [ 85.8962539, 20.4460694 ] ] } },
{ "type": "Feature", "properties": { "@osmId": "way/522176342", "@snapshotTimestamp": "2019-01-01T00:00:00Z" }, "geometry": { "type": "LineString", "coordinates": [ [ 85.8977578, 20.4482954 ], [ 85.8959569, 20.4452529 ] ] } },
{ "type": "Feature", "properties": { "@osmId": "way/47441739", "@snapshotTimestamp": "2019-01-01T00:00:00Z" }, "geometry": { "type": "LineString", "coordinates": [ [ 85.896387, 20.4452376 ], [ 85.9058391, 20.4417894 ] ] } },
{ "type": "Feature", "properties": { "@osmId": "way/489263835", "@snapshotTimestamp": "2019-01-01T00:00:00Z" }, "geometry": { "type": "LineString", "coordinates": [ [ 85.9058391, 20.4417894 ], [ 85.9157424, 20.451474 ] ] } },
{ "type": "Feature", "properties": { "@osmId": "way/489276875", "@snapshotTimestamp": "2019-01-01T00:00:00Z" }, "geometry": { "type": "LineString", "coordinates": [ [ 85.9146213, 20.4489112 ], [ 85.9147283, 20.4491441 ] ] } },
{ "type": "Feature", "properties": { "@osmId": "way/47442150", "@snapshotTimestamp": "2019-01-01T00:00:00Z" }, "geometry": { "type": "LineString", "coordinates": [ [ 85.9157424, 20.451474 ], [ 85.915777, 20.4515796 ] ] } },
{ "type": "Feature", "properties": { "@osmId": "way/322974028", "@snapshotTimestamp": "2019-01-01T00:00:00Z" }, "geometry": { "type": "LineString", "coordinates": [ [ 85.915777, 20.4515796 ], [ 85.9158898, 20.4518442 ] ] } },
{ "type": "Feature", "properties": { "@osmId": "way/489276877", "@snapshotTimestamp": "2019-01-01T00:00:00Z" }, "geometry": { "type": "LineString", "coordinates": [ [ 85.9147283, 20.4491441 ], [ 85.9170429, 20.4549672 ] ] } },
{ "type": "Feature", "properties": { "@osmId": "way/47442222", "@snapshotTimestamp": "2019-01-01T00:00:00Z" }, "geometry": { "type": "LineString", "coordinates": [ [ 85.9158898, 20.4518442 ], [ 85.9162051, 20.4525811 ] ] } },
{ "type": "Feature", "properties": { "@osmId": "way/44946790", "@snapshotTimestamp": "2019-01-01T00:00:00Z" }, "geometry": { "type": "LineString", "coordinates": [ [ 85.9009133, 20.454519 ], [ 85.9005011, 20.4537039 ] ] } },
{ "type": "Feature", "properties": { "@osmId": "way/44946793", "@snapshotTimestamp": "2019-01-01T00:00:00Z" }, "geometry": { "type": "LineString", "coordinates": [ [ 85.9004112, 20.4537616 ], [ 85.900824, 20.4545999 ] ] } },
{ "type": "Feature", "properties": { "@osmId": "way/44948317", "@snapshotTimestamp": "2019-01-01T00:00:00Z" }, "geometry": { "type": "LineString", "coordinates": [ [ 85.9021247, 20.4568942 ], [ 85.9162051, 20.4525811 ] ] } },
{ "type": "Feature", "properties": { "@osmId": "way/459542724", "@snapshotTimestamp": "2019-01-01T00:00:00Z" }, "geometry": { "type": "LineString", "coordinates": [ [ 85.8957559, 20.4454038 ], [ 85.8976785, 20.448339 ] ] } },
{ "type": "Feature", "properties": { "@osmId": "way/459544671", "@snapshotTimestamp": "2019-01-01T00:00:00Z" }, "geometry": { "type": "LineString", "coordinates": [ [ 85.8985685, 20.449956 ], [ 85.8947119, 20.4438105 ] ] } },
{ "type": "Feature", "properties": { "@osmId": "way/522176341", "@snapshotTimestamp": "2019-01-01T00:00:00Z" }, "geometry": { "type": "LineString", "coordinates": [ [ 85.8968577, 20.4469747 ], [ 85.8971118, 20.4468206 ] ] } },
{ "type": "Feature", "properties": { "@osmId": "way/459543292", "@snapshotTimestamp": "2019-01-01T00:00:00Z" }, "geometry": { "type": "LineString", "coordinates": [ [ 85.8936824, 20.4438333 ], [ 85.8776891, 20.455168 ] ] } },
{ "type": "Feature", "properties": { "@osmId": "way/459543207", "@snapshotTimestamp": "2019-01-01T00:00:00Z" }, "geometry": { "type": "LineString", "coordinates": [ [ 85.8778949, 20.4551272 ], [ 85.8975457, 20.4482878 ] ] } },
{ "type": "Feature", "properties": { "@osmId": "way/44946801", "@snapshotTimestamp": "2019-01-01T00:00:00Z" }, "geometry": { "type": "LineString", "coordinates": [ [ 85.900087, 20.4528635 ], [ 85.8977578, 20.4482954 ] ] } },
{ "type": "Feature", "properties": { "@osmId": "way/522176343", "@snapshotTimestamp": "2019-01-01T00:00:00Z" }, "geometry": { "type": "LineString", "coordinates": [ [ 85.8976785, 20.448339 ], [ 85.8999873, 20.4529232 ] ] } },
{ "type": "Feature", "properties": { "@osmId": "way/44946805", "@snapshotTimestamp": "2019-01-01T00:00:00Z" }, "geometry": { "type": "LineString", "coordinates": [ [ 85.9005011, 20.4537039 ], [ 85.900087, 20.4528635 ] ] } },
{ "type": "Feature", "properties": { "@osmId": "way/44946799", "@snapshotTimestamp": "2019-01-01T00:00:00Z" }, "geometry": { "type": "LineString", "coordinates": [ [ 85.8999873, 20.4529232 ], [ 85.9004112, 20.4537616 ] ] } },
{ "type": "Feature", "properties": { "@osmId": "way/44946777", "@snapshotTimestamp": "2019-01-01T00:00:00Z" }, "geometry": { "type": "LineString", "coordinates": [ [ 85.8976119, 20.4478414 ], [ 85.8810364, 20.4596696 ] ] } },
{ "type": "Feature", "properties": { "@osmId": "way/459536140", "@snapshotTimestamp": "2019-01-01T00:00:00Z" }, "geometry": { "type": "LineString", "coordinates": [ [ 85.8810871, 20.4597334 ], [ 85.8976604, 20.4479342 ] ] } },
{ "type": "Feature", "properties": { "@osmId": "way/459538915", "@snapshotTimestamp": "2019-01-01T00:00:00Z" }, "geometry": { "type": "LineString", "coordinates": [ [ 85.8811678, 20.4596748 ], [ 85.8778098, 20.4550986 ] ] } },
{ "type": "Feature", "properties": { "@osmId": "way/326735073", "@snapshotTimestamp": "2019-01-01T00:00:00Z" }, "geometry": { "type": "LineString", "coordinates": [ [ 85.8776891, 20.455168 ], [ 85.8810871, 20.4597334 ] ] } },
{ "type": "Feature", "properties": { "@osmId": "way/44946780", "@snapshotTimestamp": "2019-01-01T00:00:00Z" }, "geometry": { "type": "LineString", "coordinates": [ [ 85.8998598, 20.4605638 ], [ 85.9008653, 20.4583088 ] ] } },
{ "type": "Feature", "properties": { "@osmId": "way/573113468", "@snapshotTimestamp": "2019-01-01T00:00:00Z" }, "geometry": { "type": "LineString", "coordinates": [ [ 85.8561918, 20.4642187 ], [ 85.8778949, 20.4551272 ] ] } },
{ "type": "Feature", "properties": { "@osmId": "way/44948320", "@snapshotTimestamp": "2019-01-01T00:00:00Z" }, "geometry": { "type": "LineString", "coordinates": [ [ 85.8928741, 20.4606324 ], [ 85.8970414, 20.4603686 ] ] } },
{ "type": "Feature", "properties": { "@osmId": "way/44948319", "@snapshotTimestamp": "2019-01-01T00:00:00Z" }, "geometry": { "type": "LineString", "coordinates": [ [ 85.8920056, 20.4601527 ], [ 85.8920859, 20.4601886 ] ] } },
{ "type": "Feature", "properties": { "@osmId": "way/44948322", "@snapshotTimestamp": "2019-01-01T00:00:00Z" }, "geometry": { "type": "LineString", "coordinates": [ [ 85.8920859, 20.4601886 ], [ 85.8925314, 20.4604334 ] ] } },
{ "type": "Feature", "properties": { "@osmId": "way/44948321", "@snapshotTimestamp": "2019-01-01T00:00:00Z" }, "geometry": { "type": "LineString", "coordinates": [ [ 85.8925314, 20.4604334 ], [ 85.8928741, 20.4606324 ] ] } },
{ "type": "Feature", "properties": { "@osmId": "way/459548968", "@snapshotTimestamp": "2019-01-01T00:00:00Z" }, "geometry": { "type": "LineString", "coordinates": [ [ 85.8970414, 20.4603686 ], [ 85.8986367, 20.4608621 ] ] } },
{ "type": "Feature", "properties": { "@osmId": "way/44946858", "@snapshotTimestamp": "2019-01-01T00:00:00Z" }, "geometry": { "type": "LineString", "coordinates": [ [ 85.9004112, 20.4537616 ], [ 85.9012019, 20.4564012 ] ] } },
{ "type": "Feature", "properties": { "@osmId": "way/44946850", "@snapshotTimestamp": "2019-01-01T00:00:00Z" }, "geometry": { "type": "LineString", "coordinates": [ [ 85.9016566, 20.4564938 ], [ 85.9005011, 20.4537039 ] ] } },
{ "type": "Feature", "properties": { "@osmId": "way/489276880", "@snapshotTimestamp": "2019-01-01T00:00:00Z" }, "geometry": { "type": "LineString", "coordinates": [ [ 85.9170429, 20.4549672 ], [ 85.9171303, 20.4552385 ] ] } },
{ "type": "Feature", "properties": { "@osmId": "way/44946855", "@snapshotTimestamp": "2019-01-01T00:00:00Z" }, "geometry": { "type": "LineString", "coordinates": [ [ 85.9011229, 20.456559 ], [ 85.9013602, 20.4568398 ], [ 85.9016738, 20.4565804 ], [ 85.9014172, 20.4563255 ], [ 85.9011229, 20.456559 ] ] } },
{ "type": "Feature", "properties": { "@osmId": "way/218501302", "@snapshotTimestamp": "2019-01-01T00:00:00Z" }, "geometry": { "type": "LineString", "coordinates": [ [ 85.9014836, 20.4587813 ], [ 85.9009133, 20.454519 ] ] } },
{ "type": "Feature", "properties": { "@osmId": "way/236051439", "@snapshotTimestamp": "2019-01-01T00:00:00Z" }, "geometry": { "type": "LineString", "coordinates": [ [ 85.9021247, 20.4568942 ], [ 85.9016566, 20.4564938 ] ] } },
{ "type": "Feature", "properties": { "@osmId": "way/236051438", "@snapshotTimestamp": "2019-01-01T00:00:00Z" }, "geometry": { "type": "LineString", "coordinates": [ [ 85.9015436, 20.4568031 ], [ 85.9021247, 20.4568942 ] ] } },
{ "type": "Feature", "properties": { "@osmId": "way/90612070", "@snapshotTimestamp": "2019-01-01T00:00:00Z" }, "geometry": { "type": "LineString", "coordinates": [ [ 85.9011687, 20.456728 ], [ 85.9011487, 20.4573897 ] ] } },
{ "type": "Feature", "properties": { "@osmId": "way/44946789", "@snapshotTimestamp": "2019-01-01T00:00:00Z" }, "geometry": { "type": "LineString", "coordinates": [ [ 85.900824, 20.4545999 ], [ 85.9018081, 20.4603832 ] ] } },
{ "type": "Feature", "properties": { "@osmId": "way/459549409", "@snapshotTimestamp": "2019-01-01T00:00:00Z" }, "geometry": { "type": "LineString", "coordinates": [ [ 85.9008653, 20.4583088 ], [ 85.9011487, 20.4573897 ] ] } },
{ "type": "Feature", "properties": { "@osmId": "way/44946776", "@snapshotTimestamp": "2019-01-01T00:00:00Z" }, "geometry": { "type": "LineString", "coordinates": [ [ 85.8986367, 20.4608621 ], [ 85.8998598, 20.4605638 ] ] } },
{ "type": "Feature", "properties": { "@osmId": "way/77355977", "@snapshotTimestamp": "2019-01-01T00:00:00Z" }, "geometry": { "type": "LineString", "coordinates": [ [ 85.8776891, 20.455168 ], [ 85.8546025, 20.4664022 ] ] } },
{ "type": "Feature", "properties": { "@osmId": "way/489199365", "@snapshotTimestamp": "2019-01-01T00:00:00Z" }, "geometry": { "type": "LineString", "coordinates": [ [ 85.8829104, 20.4621759 ], [ 85.8811678, 20.4596748 ] ] } },
{ "type": "Feature", "properties": { "@osmId": "way/489199364", "@snapshotTimestamp": "2019-01-01T00:00:00Z" }, "geometry": { "type": "LineString", "coordinates": [ [ 85.8810871, 20.4597334 ], [ 85.8829104, 20.4621759 ] ] } },
{ "type": "Feature", "properties": { "@osmId": "way/326735350", "@snapshotTimestamp": "2019-01-01T00:00:00Z" }, "geometry": { "type": "LineString", "coordinates": [ [ 85.8832867, 20.4624505 ], [ 85.8920056, 20.4601527 ] ] } },
{ "type": "Feature", "properties": { "@osmId": "way/459549062", "@snapshotTimestamp": "2019-01-01T00:00:00Z" }, "geometry": { "type": "LineString", "coordinates": [ [ 85.898243, 20.4625509 ], [ 85.898344, 20.460941 ] ] } },
{ "type": "Feature", "properties": { "@osmId": "way/322964361", "@snapshotTimestamp": "2019-01-01T00:00:00Z" }, "geometry": { "type": "LineString", "coordinates": [ [ 85.8828156, 20.4621297 ], [ 85.8826509, 20.4623313 ] ] } },
{ "type": "Feature", "properties": { "@osmId": "way/489199361", "@snapshotTimestamp": "2019-01-01T00:00:00Z" }, "geometry": { "type": "LineString", "coordinates": [ [ 85.8829104, 20.4621759 ], [ 85.8831328, 20.4624027 ] ] } },
{ "type": "Feature", "properties": { "@osmId": "way/489221319", "@snapshotTimestamp": "2019-01-01T00:00:00Z" }, "geometry": { "type": "LineString", "coordinates": [ [ 85.8826509, 20.4623313 ], [ 85.8827632, 20.4624563 ] ] } },
{ "type": "Feature", "properties": { "@osmId": "way/489199357", "@snapshotTimestamp": "2019-01-01T00:00:00Z" }, "geometry": { "type": "LineString", "coordinates": [ [ 85.8827632, 20.4624563 ], [ 85.883078, 20.4625329 ] ] } },
{ "type": "Feature", "properties": { "@osmId": "way/394765482", "@snapshotTimestamp": "2019-01-01T00:00:00Z" }, "geometry": { "type": "LineString", "coordinates": [ [ 85.9015685, 20.4593022 ], [ 85.9014836, 20.4587813 ] ] } },
{ "type": "Feature", "properties": { "@osmId": "way/44946773", "@snapshotTimestamp": "2019-01-01T00:00:00Z" }, "geometry": { "type": "LineString", "coordinates": [ [ 85.9019185, 20.4603554 ], [ 85.9015685, 20.4593022 ] ] } },
{ "type": "Feature", "properties": { "@osmId": "way/178746741", "@snapshotTimestamp": "2019-01-01T00:00:00Z" }, "geometry": { "type": "LineString", "coordinates": [ [ 85.9162051, 20.4525811 ], [ 85.9086077, 20.4720888 ] ] } },
{ "type": "Feature", "properties": { "@osmId": "way/44946874", "@snapshotTimestamp": "2019-01-01T00:00:00Z" }, "geometry": { "type": "LineString", "coordinates": [ [ 85.9083008, 20.4720269 ], [ 85.9019185, 20.4603554 ] ] } },
{ "type": "Feature", "properties": { "@osmId": "way/44946772", "@snapshotTimestamp": "2019-01-01T00:00:00Z" }, "geometry": { "type": "LineString", "coordinates": [ [ 85.9018081, 20.4603832 ], [ 85.9078418, 20.4721758 ] ] } },
{ "type": "Feature", "properties": { "@osmId": "way/489207208", "@snapshotTimestamp": "2019-01-01T00:00:00Z" }, "geometry": { "type": "LineString", "coordinates": [ [ 85.9064103, 20.4689427 ], [ 85.9062234, 20.4690715 ] ] } },
{ "type": "Feature", "properties": { "@osmId": "way/489207998", "@snapshotTimestamp": "2019-01-01T00:00:00Z" }, "geometry": { "type": "LineString", "coordinates": [ [ 85.9078215, 20.4724793 ], [ 85.9062234, 20.4690715 ] ] } },
{ "type": "Feature", "properties": { "@osmId": "way/459780350", "@snapshotTimestamp": "2019-01-01T00:00:00Z" }, "geometry": { "type": "LineString", "coordinates": [ [ 85.9085752, 20.473108 ], [ 85.9072834, 20.4706114 ] ] } },
{ "type": "Feature", "properties": { "@osmId": "way/44946876", "@snapshotTimestamp": "2019-01-01T00:00:00Z" }, "geometry": { "type": "LineString", "coordinates": [ [ 85.9085126, 20.4723309 ], [ 85.9083008, 20.4720269 ] ] } },
{ "type": "Feature", "properties": { "@osmId": "way/489208000", "@snapshotTimestamp": "2019-01-01T00:00:00Z" }, "geometry": { "type": "LineString", "coordinates": [ [ 85.9086077, 20.4720888 ], [ 85.9081771, 20.472301 ] ] } },
{ "type": "Feature", "properties": { "@osmId": "way/489199360", "@snapshotTimestamp": "2019-01-01T00:00:00Z" }, "geometry": { "type": "LineString", "coordinates": [ [ 85.8831554, 20.4623931 ], [ 85.883078, 20.4625329 ], [ 85.8832357, 20.4625919 ], [ 85.8832965, 20.4624739 ], [ 85.8831554, 20.4623931 ] ] } },
{ "type": "Feature", "properties": { "@osmId": "way/44948326", "@snapshotTimestamp": "2019-01-01T00:00:00Z" }, "geometry": { "type": "LineString", "coordinates": [ [ 85.898243, 20.4625509 ], [ 85.897582, 20.4644882 ] ] } },
{ "type": "Feature", "properties": { "@osmId": "way/489199362", "@snapshotTimestamp": "2019-01-01T00:00:00Z" }, "geometry": { "type": "LineString", "coordinates": [ [ 85.8878712, 20.4673191 ], [ 85.8832883, 20.4625416 ] ] } },
{ "type": "Feature", "properties": { "@osmId": "way/489199359", "@snapshotTimestamp": "2019-01-01T00:00:00Z" }, "geometry": { "type": "LineString", "coordinates": [ [ 85.8832133, 20.4625983 ], [ 85.8878712, 20.4673191 ] ] } },
{ "type": "Feature", "properties": { "@osmId": "way/459552690", "@snapshotTimestamp": "2019-01-01T00:00:00Z" }, "geometry": { "type": "LineString", "coordinates": [ [ 85.8968035, 20.4655616 ], [ 85.897582, 20.4644882 ] ] } },
{ "type": "Feature", "properties": { "@osmId": "way/77355294", "@snapshotTimestamp": "2019-01-01T00:00:00Z" }, "geometry": { "type": "LineString", "coordinates": [ [ 85.8827632, 20.4624563 ], [ 85.870005, 20.4687155 ] ] } },
{ "type": "Feature", "properties": { "@osmId": "way/459552862", "@snapshotTimestamp": "2019-01-01T00:00:00Z" }, "geometry": { "type": "LineString", "coordinates": [ [ 85.897582, 20.4644882 ], [ 85.8921965, 20.4674651 ] ] } },
{ "type": "Feature", "properties": { "@osmId": "way/573113471", "@snapshotTimestamp": "2019-01-01T00:00:00Z" }, "geometry": { "type": "LineString", "coordinates": [ [ 85.8546025, 20.4664022 ], [ 85.8538958, 20.4660688 ] ] } },
{ "type": "Feature", "properties": { "@osmId": "way/573113469", "@snapshotTimestamp": "2019-01-01T00:00:00Z" }, "geometry": { "type": "LineString", "coordinates": [ [ 85.8549211, 20.4666113 ], [ 85.8552481, 20.4660186 ] ] } },
{ "type": "Feature", "properties": { "@osmId": "way/573113464", "@snapshotTimestamp": "2019-01-01T00:00:00Z" }, "geometry": { "type": "LineString", "coordinates": [ [ 85.8538958, 20.4660688 ], [ 85.8542941, 20.4667138 ] ] } },
{ "type": "Feature", "properties": { "@osmId": "way/489199358", "@snapshotTimestamp": "2019-01-01T00:00:00Z" }, "geometry": { "type": "LineString", "coordinates": [ [ 85.8878712, 20.4673191 ], [ 85.88901, 20.469008 ] ] } },
{ "type": "Feature", "properties": { "@osmId": "way/90613691", "@snapshotTimestamp": "2019-01-01T00:00:00Z" }, "geometry": { "type": "LineString", "coordinates": [ [ 85.88901, 20.469008 ], [ 85.8914471, 20.4677171 ] ] } },
{ "type": "Feature", "properties": { "@osmId": "way/178746744", "@snapshotTimestamp": "2019-01-01T00:00:00Z" }, "geometry": { "type": "LineString", "coordinates": [ [ 85.8930237, 20.4607 ], [ 85.9005785, 20.4788871 ] ] } },
{ "type": "Feature", "properties": { "@osmId": "way/77355403", "@snapshotTimestamp": "2019-01-01T00:00:00Z" }, "geometry": { "type": "LineString", "coordinates": [ [ 85.8809968, 20.4775384 ], [ 85.8533947, 20.4733568 ] ] } },
{ "type": "Feature", "properties": { "@osmId": "way/489714139", "@snapshotTimestamp": "2019-01-01T00:00:00Z" }, "geometry": { "type": "LineString", "coordinates": [ [ 85.8624997, 20.4765829 ], [ 85.8571578, 20.4674233 ] ] } },
{ "type": "Feature", "properties": { "@osmId": "way/178746757", "@snapshotTimestamp": "2019-01-01T00:00:00Z" }, "geometry": { "type": "LineString", "coordinates": [ [ 85.8894476, 20.4686183 ], [ 85.8932281, 20.4765601 ] ] } },
{ "type": "Feature", "properties": { "@osmId": "way/322974532", "@snapshotTimestamp": "2019-01-01T00:00:00Z" }, "geometry": { "type": "LineString", "coordinates": [ [ 85.8930796, 20.4717412 ], [ 85.8883902, 20.4742324 ] ] } },
{ "type": "Feature", "properties": { "@osmId": "way/77356781", "@snapshotTimestamp": "2019-01-01T00:00:00Z" }, "geometry": { "type": "LineString", "coordinates": [ [ 85.8809968, 20.4775384 ], [ 85.88901, 20.469008 ] ] } },
{ "type": "Feature", "properties": { "@osmId": "way/178746743", "@snapshotTimestamp": "2019-01-01T00:00:00Z" }, "geometry": { "type": "LineString", "coordinates": [ [ 85.8856775, 20.4725596 ], [ 85.8990013, 20.4796309 ] ] } },
{ "type": "Feature", "properties": { "@osmId": "way/489714143", "@snapshotTimestamp": "2019-01-01T00:00:00Z" }, "geometry": { "type": "LineString", "coordinates": [ [ 85.8636617, 20.4779377 ], [ 85.8745286, 20.4749748 ] ] } },
{ "type": "Feature", "properties": { "@osmId": "way/460783198", "@snapshotTimestamp": "2019-01-01T00:00:00Z" }, "geometry": { "type": "LineString", "coordinates": [ [ 85.9081771, 20.472301 ], [ 85.9080513, 20.4723593 ] ] } },
{ "type": "Feature", "properties": { "@osmId": "way/44946875", "@snapshotTimestamp": "2019-01-01T00:00:00Z" }, "geometry": { "type": "LineString", "coordinates": [ [ 85.9078418, 20.4721758 ], [ 85.9079704, 20.4725027 ] ] } },
{ "type": "Feature", "properties": { "@osmId": "way/460783200", "@snapshotTimestamp": "2019-01-01T00:00:00Z" }, "geometry": { "type": "LineString", "coordinates": [ [ 85.9080513, 20.4723593 ], [ 85.9078215, 20.4724793 ] ] } },
{ "type": "Feature", "properties": { "@osmId": "way/489207999", "@snapshotTimestamp": "2019-01-01T00:00:00Z" }, "geometry": { "type": "LineString", "coordinates": [ [ 85.9078215, 20.4724793 ], [ 85.9077667, 20.4724644 ] ] } },
{ "type": "Feature", "properties": { "@osmId": "way/44946877", "@snapshotTimestamp": "2019-01-01T00:00:00Z" }, "geometry": { "type": "LineString", "coordinates": [ [ 85.9089349, 20.4729763 ], [ 85.9085126, 20.4723309 ] ] } },
{ "type": "Feature", "properties": { "@osmId": "way/44946878", "@snapshotTimestamp": "2019-01-01T00:00:00Z" }, "geometry": { "type": "LineString", "coordinates": [ [ 85.9079704, 20.4725027 ], [ 85.9083786, 20.4732238 ] ] } },
{ "type": "Feature", "properties": { "@osmId": "way/489207210", "@snapshotTimestamp": "2019-01-01T00:00:00Z" }, "geometry": { "type": "LineString", "coordinates": [ [ 85.9062234, 20.4690715 ], [ 85.9006134, 20.4788648 ] ] } },
{ "type": "Feature", "properties": { "@osmId": "way/489207211", "@snapshotTimestamp": "2019-01-01T00:00:00Z" }, "geometry": { "type": "LineString", "coordinates": [ [ 85.9007816, 20.4790019 ], [ 85.9078215, 20.4724793 ] ] } },
{ "type": "Feature", "properties": { "@osmId": "way/77355855", "@snapshotTimestamp": "2019-01-01T00:00:00Z" }, "geometry": { "type": "LineString", "coordinates": [ [ 85.9007865, 20.4789653 ], [ 85.9006544, 20.478855 ], [ 85.9005412, 20.4789688 ], [ 85.9006495, 20.4790837 ], [ 85.9007865, 20.4789653 ] ] } },
{ "type": "Feature", "properties": { "@osmId": "way/178746751", "@snapshotTimestamp": "2019-01-01T00:00:00Z" }, "geometry": { "type": "LineString", "coordinates": [ [ 85.9007647, 20.4790351 ], [ 85.9007569, 20.4791754 ] ] } },
{ "type": "Feature", "properties": { "@osmId": "way/44946873", "@snapshotTimestamp": "2019-01-01T00:00:00Z" }, "geometry": { "type": "LineString", "coordinates": [ [ 85.9187282, 20.4911456 ], [ 85.9089349, 20.4729763 ] ] } },
{ "type": "Feature", "properties": { "@osmId": "way/459780352", "@snapshotTimestamp": "2019-01-01T00:00:00Z" }, "geometry": { "type": "LineString", "coordinates": [ [ 85.9183722, 20.491322 ], [ 85.9085752, 20.473108 ] ] } },
{ "type": "Feature", "properties": { "@osmId": "way/44946872", "@snapshotTimestamp": "2019-01-01T00:00:00Z" }, "geometry": { "type": "LineString", "coordinates": [ [ 85.9083786, 20.4732238 ], [ 85.9181717, 20.4914106 ] ] } },
{ "type": "Feature", "properties": { "@osmId": "way/322816372", "@snapshotTimestamp": "2019-01-01T00:00:00Z" }, "geometry": { "type": "LineString", "coordinates": [ [ 86.0194811, 20.4832269 ], [ 86.0192999, 20.4832947 ] ] } },
{ "type": "Feature", "properties": { "@osmId": "way/322816370", "@snapshotTimestamp": "2019-01-01T00:00:00Z" }, "geometry": { "type": "LineString", "coordinates": [ [ 86.0192999, 20.4832947 ], [ 86.0043652, 20.4880981 ] ] } },
{ "type": "Feature", "properties": { "@osmId": "way/489208006", "@snapshotTimestamp": "2019-01-01T00:00:00Z" }, "geometry": { "type": "LineString", "coordinates": [ [ 85.9007569, 20.4791754 ], [ 85.9085476, 20.4950454 ] ] } },
{ "type": "Feature", "properties": { "@osmId": "way/459788221", "@snapshotTimestamp": "2019-01-01T00:00:00Z" }, "geometry": { "type": "LineString", "coordinates": [ [ 85.9188449, 20.4913878 ], [ 85.9187282, 20.4911456 ] ] } },
{ "type": "Feature", "properties": { "@osmId": "way/44946871", "@snapshotTimestamp": "2019-01-01T00:00:00Z" }, "geometry": { "type": "LineString", "coordinates": [ [ 85.9181717, 20.4914106 ], [ 85.918688, 20.4923628 ] ] } },
{ "type": "Feature", "properties": { "@osmId": "way/460759645", "@snapshotTimestamp": "2019-01-01T00:00:00Z" }, "geometry": { "type": "LineString", "coordinates": [ [ 85.9198055, 20.493868 ], [ 85.9183722, 20.491322 ] ] } },
{ "type": "Feature", "properties": { "@osmId": "way/459789060", "@snapshotTimestamp": "2019-01-01T00:00:00Z" }, "geometry": { "type": "LineString", "coordinates": [ [ 85.9198055, 20.493868 ], [ 85.9188449, 20.4913878 ] ] } },
{ "type": "Feature", "properties": { "@osmId": "way/44947373", "@snapshotTimestamp": "2019-01-01T00:00:00Z" }, "geometry": { "type": "LineString", "coordinates": [ [ 86.0043652, 20.4880981 ], [ 85.9420118, 20.4942952 ] ] } },
{ "type": "Feature", "properties": { "@osmId": "way/522176331", "@snapshotTimestamp": "2019-01-01T00:00:00Z" }, "geometry": { "type": "LineString", "coordinates": [ [ 85.918688, 20.4923628 ], [ 85.9202443, 20.4949178 ] ] } },
{ "type": "Feature", "properties": { "@osmId": "way/44948188", "@snapshotTimestamp": "2019-01-01T00:00:00Z" }, "geometry": { "type": "LineString", "coordinates": [ [ 85.9420118, 20.4942952 ], [ 85.9414866, 20.4940366 ] ] } },
{ "type": "Feature", "properties": { "@osmId": "way/522176335", "@snapshotTimestamp": "2019-01-01T00:00:00Z" }, "geometry": { "type": "LineString", "coordinates": [ [ 85.9203608, 20.4948639 ], [ 85.9198055, 20.493868 ] ] } },
{ "type": "Feature", "properties": { "@osmId": "way/44948189", "@snapshotTimestamp": "2019-01-01T00:00:00Z" }, "geometry": { "type": "LineString", "coordinates": [ [ 85.9414866, 20.4940366 ], [ 85.9225502, 20.4955491 ] ] } },
{ "type": "Feature", "properties": { "@osmId": "way/649788182", "@snapshotTimestamp": "2019-01-01T00:00:00Z" }, "geometry": { "type": "LineString", "coordinates": [ [ 85.9085476, 20.4950454 ], [ 85.9082472, 20.4952178 ] ] } },
{ "type": "Feature", "properties": { "@osmId": "way/649788181", "@snapshotTimestamp": "2019-01-01T00:00:00Z" }, "geometry": { "type": "LineString", "coordinates": [ [ 85.9082472, 20.4952178 ], [ 85.9078744, 20.4955268 ] ] } },
{ "type": "Feature", "properties": { "@osmId": "way/459786581", "@snapshotTimestamp": "2019-01-01T00:00:00Z" }, "geometry": { "type": "LineString", "coordinates": [ [ 85.9202443, 20.4949178 ], [ 85.9210343, 20.4959158 ] ] } },
{ "type": "Feature", "properties": { "@osmId": "way/236051442", "@snapshotTimestamp": "2019-01-01T00:00:00Z" }, "geometry": { "type": "LineString", "coordinates": [ [ 85.9225502, 20.4955491 ], [ 85.9209335, 20.4953022 ] ] } },
{ "type": "Feature", "properties": { "@osmId": "way/459780355", "@snapshotTimestamp": "2019-01-01T00:00:00Z" }, "geometry": { "type": "LineString", "coordinates": [ [ 85.9214389, 20.4961193 ], [ 85.9203608, 20.4948639 ] ] } },
{ "type": "Feature", "properties": { "@osmId": "way/178746755", "@snapshotTimestamp": "2019-01-01T00:00:00Z" }, "geometry": { "type": "LineString", "coordinates": [ [ 85.9151269, 20.4961103 ], [ 85.9085476, 20.4950454 ] ] } },
{ "type": "Feature", "properties": { "@osmId": "way/44946868", "@snapshotTimestamp": "2019-01-01T00:00:00Z" }, "geometry": { "type": "LineString", "coordinates": [ [ 85.9209335, 20.4953022 ], [ 85.9203697, 20.4954181 ], [ 85.9204583, 20.4959514 ], [ 85.9210343, 20.4959158 ], [ 85.9209335, 20.4953022 ] ] } },
{ "type": "Feature", "properties": { "@osmId": "way/236051440", "@snapshotTimestamp": "2019-01-01T00:00:00Z" }, "geometry": { "type": "LineString", "coordinates": [ [ 85.9211173, 20.4957631 ], [ 85.9225502, 20.4955491 ] ] } },
{ "type": "Feature", "properties": { "@osmId": "way/44947378", "@snapshotTimestamp": "2019-01-01T00:00:00Z" }, "geometry": { "type": "LineString", "coordinates": [ [ 85.9203215, 20.4955063 ], [ 85.9196413, 20.4960882 ] ] } },
{ "type": "Feature", "properties": { "@osmId": "way/90617083", "@snapshotTimestamp": "2019-01-01T00:00:00Z" }, "geometry": { "type": "LineString", "coordinates": [ [ 85.9151269, 20.4961103 ], [ 85.9196413, 20.4960882 ] ] } },
{ "type": "Feature", "properties": { "@osmId": "way/44947382", "@snapshotTimestamp": "2019-01-01T00:00:00Z" }, "geometry": { "type": "LineString", "coordinates": [ [ 85.9196413, 20.4960882 ], [ 85.9204583, 20.4959514 ] ] } },
{ "type": "Feature", "properties": { "@osmId": "way/522176338", "@snapshotTimestamp": "2019-01-01T00:00:00Z" }, "geometry": { "type": "LineString", "coordinates": [ [ 85.9210343, 20.4959158 ], [ 85.9213261, 20.4961786 ] ] } },
{ "type": "Feature", "properties": { "@osmId": "way/44947054", "@snapshotTimestamp": "2019-01-01T00:00:00Z" }, "geometry": { "type": "LineString", "coordinates": [ [ 85.9213261, 20.4961786 ], [ 85.9289453, 20.5013451 ] ] } },
{ "type": "Feature", "properties": { "@osmId": "way/459791949", "@snapshotTimestamp": "2019-01-01T00:00:00Z" }, "geometry": { "type": "LineString", "coordinates": [ [ 85.9293124, 20.5014357 ], [ 85.9214389, 20.4961193 ] ] } },
{ "type": "Feature", "properties": { "@osmId": "way/460759647", "@snapshotTimestamp": "2019-01-01T00:00:00Z" }, "geometry": { "type": "LineString", "coordinates": [ [ 85.9289453, 20.5013451 ], [ 85.9296437, 20.5018278 ] ] } },
{ "type": "Feature", "properties": { "@osmId": "way/489714142", "@snapshotTimestamp": "2019-01-01T00:00:00Z" }, "geometry": { "type": "LineString", "coordinates": [ [ 85.8624997, 20.4765829 ], [ 85.8633859, 20.4783346 ] ] } },
{ "type": "Feature", "properties": { "@osmId": "way/489714140", "@snapshotTimestamp": "2019-01-01T00:00:00Z" }, "geometry": { "type": "LineString", "coordinates": [ [ 85.8633859, 20.4783346 ], [ 85.8624997, 20.4765829 ] ] } },
{ "type": "Feature", "properties": { "@osmId": "way/77356848", "@snapshotTimestamp": "2019-01-01T00:00:00Z" }, "geometry": { "type": "LineString", "coordinates": [ [ 85.8627652, 20.4777747 ], [ 85.86312, 20.4776754 ] ] } },
{ "type": "Feature", "properties": { "@osmId": "way/77356844", "@snapshotTimestamp": "2019-01-01T00:00:00Z" }, "geometry": { "type": "LineString", "coordinates": [ [ 85.8636617, 20.4779377 ], [ 85.8632024, 20.4778553 ] ] } },
{ "type": "Feature", "properties": { "@osmId": "way/489714144", "@snapshotTimestamp": "2019-01-01T00:00:00Z" }, "geometry": { "type": "LineString", "coordinates": [ [ 85.8631942, 20.4780363 ], [ 85.8636617, 20.4779377 ] ] } },
{ "type": "Feature", "properties": { "@osmId": "way/90613703", "@snapshotTimestamp": "2019-01-01T00:00:00Z" }, "geometry": { "type": "LineString", "coordinates": [ [ 85.8809968, 20.4775384 ], [ 85.8633859, 20.4783346 ] ] } },
{ "type": "Feature", "properties": { "@osmId": "way/77355487", "@snapshotTimestamp": "2019-01-01T00:00:00Z" }, "geometry": { "type": "LineString", "coordinates": [ [ 85.9005412, 20.4789688 ], [ 85.839139, 20.4919298 ] ] } },
{ "type": "Feature", "properties": { "@osmId": "way/471785228", "@snapshotTimestamp": "2019-01-01T00:00:00Z" }, "geometry": { "type": "LineString", "coordinates": [ [ 85.8390143, 20.4919987 ], [ 85.9006852, 20.4790828 ] ] } },
{ "type": "Feature", "properties": { "@osmId": "way/44947254", "@snapshotTimestamp": "2019-01-01T00:00:00Z" }, "geometry": { "type": "LineString", "coordinates": [ [ 85.8663768, 20.5232093 ], [ 85.8658574, 20.523147 ] ] } },
{ "type": "Feature", "properties": { "@osmId": "way/44947309", "@snapshotTimestamp": "2019-01-01T00:00:00Z" }, "geometry": { "type": "LineString", "coordinates": [ [ 85.9319753, 20.5288036 ], [ 85.8663768, 20.5232093 ] ] } },
{ "type": "Feature", "properties": { "@osmId": "way/459795493", "@snapshotTimestamp": "2019-01-01T00:00:00Z" }, "geometry": { "type": "LineString", "coordinates": [ [ 85.9305815, 20.5027187 ], [ 85.9293124, 20.5014357 ] ] } },
{ "type": "Feature", "properties": { "@osmId": "way/44947393", "@snapshotTimestamp": "2019-01-01T00:00:00Z" }, "geometry": { "type": "LineString", "coordinates": [ [ 85.9296437, 20.5018278 ], [ 85.9304094, 20.5028183 ] ] } },
{ "type": "Feature", "properties": { "@osmId": "way/459795516", "@snapshotTimestamp": "2019-01-01T00:00:00Z" }, "geometry": { "type": "LineString", "coordinates": [ [ 85.9309224, 20.5032655 ], [ 85.9305815, 20.5027187 ] ] } },
{ "type": "Feature", "properties": { "@osmId": "way/44947395", "@snapshotTimestamp": "2019-01-01T00:00:00Z" }, "geometry": { "type": "LineString", "coordinates": [ [ 85.9304094, 20.5028183 ], [ 85.9307167, 20.5033021 ] ] } },
{ "type": "Feature", "properties": { "@osmId": "way/489208005", "@snapshotTimestamp": "2019-01-01T00:00:00Z" }, "geometry": { "type": "LineString", "coordinates": [ [ 85.9078744, 20.4955268 ], [ 85.9223838, 20.5125963 ] ] } },
{ "type": "Feature", "properties": { "@osmId": "way/44947399", "@snapshotTimestamp": "2019-01-01T00:00:00Z" }, "geometry": { "type": "LineString", "coordinates": [ [ 85.9307167, 20.5033021 ], [ 85.9318166, 20.5077184 ] ] } },
{ "type": "Feature", "properties": { "@osmId": "way/459795593", "@snapshotTimestamp": "2019-01-01T00:00:00Z" }, "geometry": { "type": "LineString", "coordinates": [ [ 85.9319917, 20.5077686 ], [ 85.9309224, 20.5032655 ] ] } },
{ "type": "Feature", "properties": { "@osmId": "way/44947400", "@snapshotTimestamp": "2019-01-01T00:00:00Z" }, "geometry": { "type": "LineString", "coordinates": [ [ 85.9318166, 20.5077184 ], [ 85.9318027, 20.5083716 ] ] } },
{ "type": "Feature", "properties": { "@osmId": "way/459796442", "@snapshotTimestamp": "2019-01-01T00:00:00Z" }, "geometry": { "type": "LineString", "coordinates": [ [ 85.9319831, 20.5083603 ], [ 85.9319917, 20.5077686 ] ] } },
{ "type": "Feature", "properties": { "@osmId": "way/44947403", "@snapshotTimestamp": "2019-01-01T00:00:00Z" }, "geometry": { "type": "LineString", "coordinates": [ [ 85.9318027, 20.5083716 ], [ 85.9317913, 20.5108808 ] ] } },
{ "type": "Feature", "properties": { "@osmId": "way/459796445", "@snapshotTimestamp": "2019-01-01T00:00:00Z" }, "geometry": { "type": "LineString", "coordinates": [ [ 85.932021, 20.5109012 ], [ 85.9319831, 20.5083603 ] ] } },
{ "type": "Feature", "properties": { "@osmId": "way/44947408", "@snapshotTimestamp": "2019-01-01T00:00:00Z" }, "geometry": { "type": "LineString", "coordinates": [ [ 85.9317913, 20.5108808 ], [ 85.9317863, 20.5158093 ] ] } },
{ "type": "Feature", "properties": { "@osmId": "way/459796580", "@snapshotTimestamp": "2019-01-01T00:00:00Z" }, "geometry": { "type": "LineString", "coordinates": [ [ 85.9320164, 20.5158059 ], [ 85.932021, 20.5109012 ] ] } },
{ "type": "Feature", "properties": { "@osmId": "way/577062607", "@snapshotTimestamp": "2019-01-01T00:00:00Z" }, "geometry": { "type": "LineString", "coordinates": [ [ 85.9223838, 20.5125963 ], [ 85.9219854, 20.5143725 ] ] } },
{ "type": "Feature", "properties": { "@osmId": "way/459796820", "@snapshotTimestamp": "2019-01-01T00:00:00Z" }, "geometry": { "type": "LineString", "coordinates": [ [ 85.9326103, 20.5187145 ], [ 85.9320164, 20.5158059 ] ] } },
{ "type": "Feature", "properties": { "@osmId": "way/459796819", "@snapshotTimestamp": "2019-01-01T00:00:00Z" }, "geometry": { "type": "LineString", "coordinates": [ [ 85.9328826, 20.5190708 ], [ 85.9326103, 20.5187145 ] ] } },
{ "type": "Feature", "properties": { "@osmId": "way/218501316", "@snapshotTimestamp": "2019-01-01T00:00:00Z" }, "geometry": { "type": "LineString", "coordinates": [ [ 85.9317863, 20.5158093 ], [ 85.9386909, 20.5230755 ] ] } },
{ "type": "Feature", "properties": { "@osmId": "way/577062606", "@snapshotTimestamp": "2019-01-01T00:00:00Z" }, "geometry": { "type": "LineString", "coordinates": [ [ 85.9219854, 20.5143725 ], [ 85.918401, 20.5274342 ] ] } },
{ "type": "Feature", "properties": { "@osmId": "way/459796817", "@snapshotTimestamp": "2019-01-01T00:00:00Z" }, "geometry": { "type": "LineString", "coordinates": [ [ 85.9388047, 20.5229225 ], [ 85.9328826, 20.5190708 ] ] } },
{ "type": "Feature", "properties": { "@osmId": "way/459796815", "@snapshotTimestamp": "2019-01-01T00:00:00Z" }, "geometry": { "type": "LineString", "coordinates": [ [ 85.939218, 20.5231849 ], [ 85.9388047, 20.5229225 ] ] } },
{ "type": "Feature", "properties": { "@osmId": "way/218501315", "@snapshotTimestamp": "2019-01-01T00:00:00Z" }, "geometry": { "type": "LineString", "coordinates": [ [ 85.9386909, 20.5230755 ], [ 85.9390458, 20.5233045 ] ] } },
{ "type": "Feature", "properties": { "@osmId": "way/459796813", "@snapshotTimestamp": "2019-01-01T00:00:00Z" }, "geometry": { "type": "LineString", "coordinates": [ [ 85.940618, 20.5241778 ], [ 85.939218, 20.5231849 ] ] } },
{ "type": "Feature", "properties": { "@osmId": "way/459792306", "@snapshotTimestamp": "2019-01-01T00:00:00Z" }, "geometry": { "type": "LineString", "coordinates": [ [ 85.9390458, 20.5233045 ], [ 85.9408949, 20.5245477 ] ] } },
{ "type": "Feature", "properties": { "@osmId": "way/575480645", "@snapshotTimestamp": "2019-01-01T00:00:00Z" }, "geometry": { "type": "LineString", "coordinates": [ [ 85.9422244, 20.5235816 ], [ 85.9403596, 20.5248105 ] ] } },
{ "type": "Feature", "properties": { "@osmId": "way/460759646", "@snapshotTimestamp": "2019-01-01T00:00:00Z" }, "geometry": { "type": "LineString", "coordinates": [ [ 85.9411657, 20.5245284 ], [ 85.940618, 20.5241778 ] ] } },
{ "type": "Feature", "properties": { "@osmId": "way/575480647", "@snapshotTimestamp": "2019-01-01T00:00:00Z" }, "geometry": { "type": "LineString", "coordinates": [ [ 85.9422739, 20.5236717 ], [ 85.9419884, 20.5250494 ] ] } },
{ "type": "Feature", "properties": { "@osmId": "way/459798270", "@snapshotTimestamp": "2019-01-01T00:00:00Z" }, "geometry": { "type": "LineString", "coordinates": [ [ 85.9404349, 20.5244711 ], [ 85.9404255, 20.5246217 ] ] } },
{ "type": "Feature", "properties": { "@osmId": "way/459795238", "@snapshotTimestamp": "2019-01-01T00:00:00Z" }, "geometry": { "type": "LineString", "coordinates": [ [ 85.9408949, 20.5245477 ], [ 85.9412044, 20.5247435 ] ] } },
{ "type": "Feature", "properties": { "@osmId": "way/575480648", "@snapshotTimestamp": "2019-01-01T00:00:00Z" }, "geometry": { "type": "LineString", "coordinates": [ [ 85.9384386, 20.5261552 ], [ 85.9422739, 20.5236717 ] ] } },
{ "type": "Feature", "properties": { "@osmId": "way/575479731", "@snapshotTimestamp": "2019-01-01T00:00:00Z" }, "geometry": { "type": "LineString", "coordinates": [ [ 85.9443145, 20.5264811 ], [ 85.9422244, 20.5235816 ] ] } },
{ "type": "Feature", "properties": { "@osmId": "way/218501300", "@snapshotTimestamp": "2019-01-01T00:00:00Z" }, "geometry": { "type": "LineString", "coordinates": [ [ 85.9403596, 20.5248105 ], [ 85.9383776, 20.5260872 ] ] } },
{ "type": "Feature", "properties": { "@osmId": "way/575480644", "@snapshotTimestamp": "2019-01-01T00:00:00Z" }, "geometry": { "type": "LineString", "coordinates": [ [ 85.9383776, 20.5260872 ], [ 85.9381154, 20.5263208 ] ] } },
{ "type": "Feature", "properties": { "@osmId": "way/575480646", "@snapshotTimestamp": "2019-01-01T00:00:00Z" }, "geometry": { "type": "LineString", "coordinates": [ [ 85.9381154, 20.5263208 ], [ 85.9384386, 20.5261552 ] ] } },
{ "type": "Feature", "properties": { "@osmId": "way/44947427", "@snapshotTimestamp": "2019-01-01T00:00:00Z" }, "geometry": { "type": "LineString", "coordinates": [ [ 85.9381154, 20.5263208 ], [ 85.9351856, 20.5278517 ] ] } },
{ "type": "Feature", "properties": { "@osmId": "way/219066470", "@snapshotTimestamp": "2019-01-01T00:00:00Z" }, "geometry": { "type": "LineString", "coordinates": [ [ 85.918401, 20.5274342 ], [ 85.917976, 20.5278786 ] ] } },
{ "type": "Feature", "properties": { "@osmId": "way/219066469", "@snapshotTimestamp": "2019-01-01T00:00:00Z" }, "geometry": { "type": "LineString", "coordinates": [ [ 85.9185848, 20.5279699 ], [ 85.918401, 20.5274342 ] ] } },
{ "type": "Feature", "properties": { "@osmId": "way/219066460", "@snapshotTimestamp": "2019-01-01T00:00:00Z" }, "geometry": { "type": "LineString", "coordinates": [ [ 85.9351856, 20.5278517 ], [ 85.9346669, 20.5280056 ] ] } },
{ "type": "Feature", "properties": { "@osmId": "way/219066459", "@snapshotTimestamp": "2019-01-01T00:00:00Z" }, "geometry": { "type": "LineString", "coordinates": [ [ 85.9346669, 20.5280056 ], [ 85.9324159, 20.5286723 ] ] } },
{ "type": "Feature", "properties": { "@osmId": "way/44947310", "@snapshotTimestamp": "2019-01-01T00:00:00Z" }, "geometry": { "type": "LineString", "coordinates": [ [ 85.9324159, 20.5286723 ], [ 85.9319753, 20.5288036 ] ] } },
{ "type": "Feature", "properties": { "@osmId": "way/410061877", "@snapshotTimestamp": "2019-01-01T00:00:00Z" }, "geometry": { "type": "LineString", "coordinates": [ [ 85.9130032, 20.5277906 ], [ 85.9103705, 20.5416559 ] ] } },
{ "type": "Feature", "properties": { "@osmId": "way/219099888", "@snapshotTimestamp": "2019-01-01T00:00:00Z" }, "geometry": { "type": "LineString", "coordinates": [ [ 86.3315781, 20.5488032 ], [ 86.3404493, 20.5429951 ] ] } },
{ "type": "Feature", "properties": { "@osmId": "way/219096191", "@snapshotTimestamp": "2019-01-01T00:00:00Z" }, "geometry": { "type": "LineString", "coordinates": [ [ 86.3314638, 20.5486327 ], [ 86.330638, 20.549157 ] ] } },
{ "type": "Feature", "properties": { "@osmId": "way/219099863", "@snapshotTimestamp": "2019-01-01T00:00:00Z" }, "geometry": { "type": "LineString", "coordinates": [ [ 86.3307654, 20.5493141 ], [ 86.3315781, 20.5488032 ] ] } },
{ "type": "Feature", "properties": { "@osmId": "way/219096211", "@snapshotTimestamp": "2019-01-01T00:00:00Z" }, "geometry": { "type": "LineString", "coordinates": [ [ 86.330638, 20.549157 ], [ 86.278367, 20.5893769 ] ] } },
{ "type": "Feature", "properties": { "@osmId": "way/219099871", "@snapshotTimestamp": "2019-01-01T00:00:00Z" }, "geometry": { "type": "LineString", "coordinates": [ [ 86.2786487, 20.5894407 ], [ 86.3307654, 20.5493141 ] ] } },
{ "type": "Feature", "properties": { "@osmId": "way/219099847", "@snapshotTimestamp": "2019-01-01T00:00:00Z" }, "geometry": { "type": "LineString", "coordinates": [ [ 86.278367, 20.5893769 ], [ 86.2776852, 20.5903406 ] ] } },
{ "type": "Feature", "properties": { "@osmId": "way/219099854", "@snapshotTimestamp": "2019-01-01T00:00:00Z" }, "geometry": { "type": "LineString", "coordinates": [ [ 86.2779579, 20.5904433 ], [ 86.2786487, 20.5894407 ] ] } },
{ "type": "Feature", "properties": { "@osmId": "way/219096218", "@snapshotTimestamp": "2019-01-01T00:00:00Z" }, "geometry": { "type": "LineString", "coordinates": [ [ 86.2776852, 20.5903406 ], [ 86.2291689, 20.6155348 ] ] } },
{ "type": "Feature", "properties": { "@osmId": "way/219099876", "@snapshotTimestamp": "2019-01-01T00:00:00Z" }, "geometry": { "type": "LineString", "coordinates": [ [ 86.2294809, 20.6157258 ], [ 86.2779579, 20.5904433 ] ] } },
{ "type": "Feature", "properties": { "@osmId": "way/219096201", "@snapshotTimestamp": "2019-01-01T00:00:00Z" }, "geometry": { "type": "LineString", "coordinates": [ [ 86.2291689, 20.6155348 ], [ 86.2279684, 20.6158142 ] ] } },
{ "type": "Feature", "properties": { "@osmId": "way/397452018", "@snapshotTimestamp": "2019-01-01T00:00:00Z" }, "geometry": { "type": "LineString", "coordinates": [ [ 86.1201232, 20.602008 ], [ 86.1200696, 20.5987717 ] ] } },
{ "type": "Feature", "properties": { "@osmId": "way/397452164", "@snapshotTimestamp": "2019-01-01T00:00:00Z" }, "geometry": { "type": "LineString", "coordinates": [ [ 86.1174342, 20.6020461 ], [ 86.1201232, 20.602008 ] ] } },
{ "type": "Feature", "properties": { "@osmId": "way/397452162", "@snapshotTimestamp": "2019-01-01T00:00:00Z" }, "geometry": { "type": "LineString", "coordinates": [ [ 86.1171604, 20.6020426 ], [ 86.1174342, 20.6020461 ] ] } },
{ "type": "Feature", "properties": { "@osmId": "way/169844892", "@snapshotTimestamp": "2019-01-01T00:00:00Z" }, "geometry": { "type": "LineString", "coordinates": [ [ 86.0673594, 20.6108374 ], [ 86.1171604, 20.6020426 ] ] } },
{ "type": "Feature", "properties": { "@osmId": "way/169844821", "@snapshotTimestamp": "2019-01-01T00:00:00Z" }, "geometry": { "type": "LineString", "coordinates": [ [ 86.05716, 20.6015236 ], [ 86.0696236, 20.614606 ] ] } },
{ "type": "Feature", "properties": { "@osmId": "way/218455996", "@snapshotTimestamp": "2019-01-01T00:00:00Z" }, "geometry": { "type": "LineString", "coordinates": [ [ 86.0633474, 20.6136923 ], [ 86.0600627, 20.6109996 ] ] } },
{ "type": "Feature", "properties": { "@osmId": "way/218456012", "@snapshotTimestamp": "2019-01-01T00:00:00Z" }, "geometry": { "type": "LineString", "coordinates": [ [ 86.0599564, 20.6110535 ], [ 86.0632901, 20.6137633 ] ] } },
{ "type": "Feature", "properties": { "@osmId": "way/218455115", "@snapshotTimestamp": "2019-01-01T00:00:00Z" }, "geometry": { "type": "LineString", "coordinates": [ [ 86.0866745, 20.6306669 ], [ 86.0633474, 20.6136923 ] ] } },
{ "type": "Feature", "properties": { "@osmId": "way/218456007", "@snapshotTimestamp": "2019-01-01T00:00:00Z" }, "geometry": { "type": "LineString", "coordinates": [ [ 86.0632901, 20.6137633 ], [ 86.086613, 20.6307523 ] ] } },
{ "type": "Feature", "properties": { "@osmId": "way/218455114", "@snapshotTimestamp": "2019-01-01T00:00:00Z" }, "geometry": { "type": "LineString", "coordinates": [ [ 86.0869752, 20.6309396 ], [ 86.0866745, 20.6306669 ] ] } },
{ "type": "Feature", "properties": { "@osmId": "way/219099843", "@snapshotTimestamp": "2019-01-01T00:00:00Z" }, "geometry": { "type": "LineString", "coordinates": [ [ 86.2283025, 20.6160137 ], [ 86.2294809, 20.6157258 ] ] } },
{ "type": "Feature", "properties": { "@osmId": "way/219096182", "@snapshotTimestamp": "2019-01-01T00:00:00Z" }, "geometry": { "type": "LineString", "coordinates": [ [ 86.2279684, 20.6158142 ], [ 86.2149056, 20.6225255 ] ] } },
{ "type": "Feature", "properties": { "@osmId": "way/219099830", "@snapshotTimestamp": "2019-01-01T00:00:00Z" }, "geometry": { "type": "LineString", "coordinates": [ [ 86.2146525, 20.6230774 ], [ 86.2283025, 20.6160137 ] ] } },
{ "type": "Feature", "properties": { "@osmId": "way/219099850", "@snapshotTimestamp": "2019-01-01T00:00:00Z" }, "geometry": { "type": "LineString", "coordinates": [ [ 86.2149056, 20.6225255 ], [ 86.2144882, 20.6228869 ] ] } },
{ "type": "Feature", "properties": { "@osmId": "way/219099866", "@snapshotTimestamp": "2019-01-01T00:00:00Z" }, "geometry": { "type": "LineString", "coordinates": [ [ 86.2138079, 20.6238353 ], [ 86.2146525, 20.6230774 ] ] } },
{ "type": "Feature", "properties": { "@osmId": "way/219099859", "@snapshotTimestamp": "2019-01-01T00:00:00Z" }, "geometry": { "type": "LineString", "coordinates": [ [ 86.2144882, 20.6228869 ], [ 86.2129831, 20.6241901 ] ] } },
{ "type": "Feature", "properties": { "@osmId": "way/396909908", "@snapshotTimestamp": "2019-01-01T00:00:00Z" }, "geometry": { "type": "LineString", "coordinates": [ [ 86.2076893, 20.6289889 ], [ 86.2064811, 20.6285528 ] ] } },
{ "type": "Feature", "properties": { "@osmId": "way/219099839", "@snapshotTimestamp": "2019-01-01T00:00:00Z" }, "geometry": { "type": "LineString", "coordinates": [ [ 86.2001695, 20.6338521 ], [ 86.2138079, 20.6238353 ] ] } },
{ "type": "Feature", "properties": { "@osmId": "way/219096184", "@snapshotTimestamp": "2019-01-01T00:00:00Z" }, "geometry": { "type": "LineString", "coordinates": [ [ 86.2129831, 20.6241901 ], [ 86.199911, 20.6337034 ] ] } },
{ "type": "Feature", "properties": { "@osmId": "way/219099865", "@snapshotTimestamp": "2019-01-01T00:00:00Z" }, "geometry": { "type": "LineString", "coordinates": [ [ 86.1994512, 20.6344514 ], [ 86.2001695, 20.6338521 ] ] } },
{ "type": "Feature", "properties": { "@osmId": "way/218455120", "@snapshotTimestamp": "2019-01-01T00:00:00Z" }, "geometry": { "type": "LineString", "coordinates": [ [ 86.086613, 20.6307523 ], [ 86.0869086, 20.6310228 ] ] } },
{ "type": "Feature", "properties": { "@osmId": "way/219096202", "@snapshotTimestamp": "2019-01-01T00:00:00Z" }, "geometry": { "type": "LineString", "coordinates": [ [ 86.199911, 20.6337034 ], [ 86.1992694, 20.6342265 ] ] } },
{ "type": "Feature", "properties": { "@osmId": "way/219096228", "@snapshotTimestamp": "2019-01-01T00:00:00Z" }, "geometry": { "type": "LineString", "coordinates": [ [ 86.1992694, 20.6342265 ], [ 86.1937164, 20.6388894 ] ] } },
{ "type": "Feature", "properties": { "@osmId": "way/219099877", "@snapshotTimestamp": "2019-01-01T00:00:00Z" }, "geometry": { "type": "LineString", "coordinates": [ [ 86.1939357, 20.6390613 ], [ 86.1994512, 20.6344514 ] ] } },
{ "type": "Feature", "properties": { "@osmId": "way/219099867", "@snapshotTimestamp": "2019-01-01T00:00:00Z" }, "geometry": { "type": "LineString", "coordinates": [ [ 86.1937164, 20.6388894 ], [ 86.1933252, 20.6392366 ] ] } },
{ "type": "Feature", "properties": { "@osmId": "way/219099869", "@snapshotTimestamp": "2019-01-01T00:00:00Z" }, "geometry": { "type": "LineString", "coordinates": [ [ 86.1934965, 20.6394455 ], [ 86.1939357, 20.6390613 ] ] } },
{ "type": "Feature", "properties": { "@osmId": "way/219099880", "@snapshotTimestamp": "2019-01-01T00:00:00Z" }, "geometry": { "type": "LineString", "coordinates": [ [ 86.1933252, 20.6392366 ], [ 86.1905841, 20.6415831 ] ] } },
{ "type": "Feature", "properties": { "@osmId": "way/240645043", "@snapshotTimestamp": "2019-01-01T00:00:00Z" }, "geometry": { "type": "LineString", "coordinates": [ [ 86.1907458, 20.6418083 ], [ 86.1934965, 20.6394455 ] ] } },
{ "type": "Feature", "properties": { "@osmId": "way/240645042", "@snapshotTimestamp": "2019-01-01T00:00:00Z" }, "geometry": { "type": "LineString", "coordinates": [ [ 86.1905841, 20.6415831 ], [ 86.189855, 20.6422284 ] ] } },
{ "type": "Feature", "properties": { "@osmId": "way/240645041", "@snapshotTimestamp": "2019-01-01T00:00:00Z" }, "geometry": { "type": "LineString", "coordinates": [ [ 86.1900525, 20.6424167 ], [ 86.1907458, 20.6418083 ] ] } },
{ "type": "Feature", "properties": { "@osmId": "way/44947366", "@snapshotTimestamp": "2019-01-01T00:00:00Z" }, "geometry": { "type": "LineString", "coordinates": [ [ 86.0050731, 20.5624886 ], [ 85.9411657, 20.5245284 ] ] } },
{ "type": "Feature", "properties": { "@osmId": "way/575479733", "@snapshotTimestamp": "2019-01-01T00:00:00Z" }, "geometry": { "type": "LineString", "coordinates": [ [ 85.9412044, 20.5247435 ], [ 86.0057001, 20.5629144 ] ] } },
{ "type": "Feature", "properties": { "@osmId": "way/410070083", "@snapshotTimestamp": "2019-01-01T00:00:00Z" }, "geometry": { "type": "LineString", "coordinates": [ [ 85.9103705, 20.5416559 ], [ 85.9043596, 20.5464029 ] ] } },
{ "type": "Feature", "properties": { "@osmId": "way/218455988", "@snapshotTimestamp": "2019-01-01T00:00:00Z" }, "geometry": { "type": "LineString", "coordinates": [ [ 86.0600627, 20.6109996 ], [ 86.0050731, 20.5624886 ] ] } },
{ "type": "Feature", "properties": { "@osmId": "way/102591120", "@snapshotTimestamp": "2019-01-01T00:00:00Z" }, "geometry": { "type": "LineString", "coordinates": [ [ 86.0057001, 20.5629144 ], [ 86.0599564, 20.6110535 ] ] } },
{ "type": "Feature", "properties": { "@osmId": "way/169844856", "@snapshotTimestamp": "2019-01-01T00:00:00Z" }, "geometry": { "type": "LineString", "coordinates": [ [ 86.0653366, 20.6093804 ], [ 86.0293432, 20.6392609 ], [ 85.9876943, 20.6391499 ] ] } },
{ "type": "Feature", "properties": { "@osmId": "way/289988308", "@snapshotTimestamp": "2019-01-01T00:00:00Z" }, "geometry": { "type": "LineString", "coordinates": [ [ 86.0047949, 20.7200134 ], [ 86.0042338, 20.7176703 ] ] } },
{ "type": "Feature", "properties": { "@osmId": "way/289988307", "@snapshotTimestamp": "2019-01-01T00:00:00Z" }, "geometry": { "type": "LineString", "coordinates": [ [ 86.006467, 20.7218539 ], [ 86.0047949, 20.7200134 ] ] } },
{ "type": "Feature", "properties": { "@osmId": "way/217771611", "@snapshotTimestamp": "2019-01-01T00:00:00Z" }, "geometry": { "type": "LineString", "coordinates": [ [ 86.0517, 20.8099324 ], [ 86.026385, 20.847043 ] ] } },
{ "type": "Feature", "properties": { "@osmId": "way/217771624", "@snapshotTimestamp": "2019-01-01T00:00:00Z" }, "geometry": { "type": "LineString", "coordinates": [ [ 86.026385, 20.847043 ], [ 86.0261216, 20.847431 ] ] } },
{ "type": "Feature", "properties": { "@osmId": "way/240645040", "@snapshotTimestamp": "2019-01-01T00:00:00Z" }, "geometry": { "type": "LineString", "coordinates": [ [ 86.189855, 20.6422284 ], [ 86.1695898, 20.6702339 ] ] } },
{ "type": "Feature", "properties": { "@osmId": "way/219099827", "@snapshotTimestamp": "2019-01-01T00:00:00Z" }, "geometry": { "type": "LineString", "coordinates": [ [ 86.1698464, 20.6704233 ], [ 86.1900525, 20.6424167 ] ] } },
{ "type": "Feature", "properties": { "@osmId": "way/218454182", "@snapshotTimestamp": "2019-01-01T00:00:00Z" }, "geometry": { "type": "LineString", "coordinates": [ [ 86.1349411, 20.7082867 ], [ 86.0869752, 20.6309396 ] ] } },
{ "type": "Feature", "properties": { "@osmId": "way/219096215", "@snapshotTimestamp": "2019-01-01T00:00:00Z" }, "geometry": { "type": "LineString", "coordinates": [ [ 86.1695898, 20.6702339 ], [ 86.1685847, 20.672414 ] ] } },
{ "type": "Feature", "properties": { "@osmId": "way/219099875", "@snapshotTimestamp": "2019-01-01T00:00:00Z" }, "geometry": { "type": "LineString", "coordinates": [ [ 86.1688479, 20.6725415 ], [ 86.1698464, 20.6704233 ] ] } },
{ "type": "Feature", "properties": { "@osmId": "way/219096208", "@snapshotTimestamp": "2019-01-01T00:00:00Z" }, "geometry": { "type": "LineString", "coordinates": [ [ 86.1685847, 20.672414 ], [ 86.1418057, 20.6975298 ] ] } },
{ "type": "Feature", "properties": { "@osmId": "way/219099872", "@snapshotTimestamp": "2019-01-01T00:00:00Z" }, "geometry": { "type": "LineString", "coordinates": [ [ 86.1417264, 20.6976683 ], [ 86.1688479, 20.6725415 ] ] } },
{ "type": "Feature", "properties": { "@osmId": "way/218455132", "@snapshotTimestamp": "2019-01-01T00:00:00Z" }, "geometry": { "type": "LineString", "coordinates": [ [ 86.0869086, 20.6310228 ], [ 86.1293448, 20.6719205 ], [ 86.150559, 20.7500415 ] ] } },
{ "type": "Feature", "properties": { "@osmId": "way/219099862", "@snapshotTimestamp": "2019-01-01T00:00:00Z" }, "geometry": { "type": "LineString", "coordinates": [ [ 86.1418057, 20.6975298 ], [ 86.1414453, 20.6976364 ] ] } },
{ "type": "Feature", "properties": { "@osmId": "way/219099864", "@snapshotTimestamp": "2019-01-01T00:00:00Z" }, "geometry": { "type": "LineString", "coordinates": [ [ 86.1414674, 20.6977439 ], [ 86.1417264, 20.6976683 ] ] } },
{ "type": "Feature", "properties": { "@osmId": "way/219099873", "@snapshotTimestamp": "2019-01-01T00:00:00Z" }, "geometry": { "type": "LineString", "coordinates": [ [ 86.1414453, 20.6976364 ], [ 86.1386638, 20.6985211 ] ] } },
{ "type": "Feature", "properties": { "@osmId": "way/219099879", "@snapshotTimestamp": "2019-01-01T00:00:00Z" }, "geometry": { "type": "LineString", "coordinates": [ [ 86.1386638, 20.6985211 ], [ 86.1414674, 20.6977439 ] ] } },
{ "type": "Feature", "properties": { "@osmId": "way/219096219", "@snapshotTimestamp": "2019-01-01T00:00:00Z" }, "geometry": { "type": "LineString", "coordinates": [ [ 86.1386638, 20.6985211 ], [ 86.1343902, 20.6998145 ] ] } },
{ "type": "Feature", "properties": { "@osmId": "way/22828277", "@snapshotTimestamp": "2019-01-01T00:00:00Z" }, "geometry": { "type": "LineString", "coordinates": [ [ 86.1343902, 20.6998145 ], [ 86.1336637, 20.7000348 ] ] } },
{ "type": "Feature", "properties": { "@osmId": "way/218454180", "@snapshotTimestamp": "2019-01-01T00:00:00Z" }, "geometry": { "type": "LineString", "coordinates": [ [ 86.1336637, 20.7000348 ], [ 86.1256636, 20.7024213 ] ] } },
{ "type": "Feature", "properties": { "@osmId": "way/217771621", "@snapshotTimestamp": "2019-01-01T00:00:00Z" }, "geometry": { "type": "LineString", "coordinates": [ [ 86.1256636, 20.7024213 ], [ 86.1248984, 20.7025728 ] ] } },
{ "type": "Feature", "properties": { "@osmId": "way/218454181", "@snapshotTimestamp": "2019-01-01T00:00:00Z" }, "geometry": { "type": "LineString", "coordinates": [ [ 86.1349968, 20.7085357 ], [ 86.1349411, 20.7082867 ] ] } },
{ "type": "Feature", "properties": { "@osmId": "way/218453671", "@snapshotTimestamp": "2019-01-01T00:00:00Z" }, "geometry": { "type": "LineString", "coordinates": [ [ 86.1506802, 20.7500534 ], [ 86.1349968, 20.7085357 ] ] } },
{ "type": "Feature", "properties": { "@osmId": "way/217771637", "@snapshotTimestamp": "2019-01-01T00:00:00Z" }, "geometry": { "type": "LineString", "coordinates": [ [ 86.1248984, 20.7025728 ], [ 86.0785918, 20.7737591 ] ] } },
{ "type": "Feature", "properties": { "@osmId": "way/218453670", "@snapshotTimestamp": "2019-01-01T00:00:00Z" }, "geometry": { "type": "LineString", "coordinates": [ [ 86.1507439, 20.7502658 ], [ 86.1506802, 20.7500534 ] ] } },
{ "type": "Feature", "properties": { "@osmId": "way/218453677", "@snapshotTimestamp": "2019-01-01T00:00:00Z" }, "geometry": { "type": "LineString", "coordinates": [ [ 86.150559, 20.7500415 ], [ 86.150631, 20.7502879 ] ] } },
{ "type": "Feature", "properties": { "@osmId": "way/218453680", "@snapshotTimestamp": "2019-01-01T00:00:00Z" }, "geometry": { "type": "LineString", "coordinates": [ [ 86.150631, 20.7502879 ], [ 86.1475531, 20.7858031 ] ] } },
{ "type": "Feature", "properties": { "@osmId": "way/44949322", "@snapshotTimestamp": "2019-01-01T00:00:00Z" }, "geometry": { "type": "LineString", "coordinates": [ [ 86.1479195, 20.7859608 ], [ 86.1507439, 20.7502658 ] ] } },
{ "type": "Feature", "properties": { "@osmId": "way/217771623", "@snapshotTimestamp": "2019-01-01T00:00:00Z" }, "geometry": { "type": "LineString", "coordinates": [ [ 86.0785918, 20.7737591 ], [ 86.0781308, 20.7743373 ] ] } },
{ "type": "Feature", "properties": { "@osmId": "way/218452458", "@snapshotTimestamp": "2019-01-01T00:00:00Z" }, "geometry": { "type": "LineString", "coordinates": [ [ 86.1475531, 20.7858031 ], [ 86.1444548, 20.7912049 ] ] } },
{ "type": "Feature", "properties": { "@osmId": "way/44949321", "@snapshotTimestamp": "2019-01-01T00:00:00Z" }, "geometry": { "type": "LineString", "coordinates": [ [ 86.1445701, 20.7918291 ], [ 86.1479195, 20.7859608 ] ] } },
{ "type": "Feature", "properties": { "@osmId": "way/217771627", "@snapshotTimestamp": "2019-01-01T00:00:00Z" }, "geometry": { "type": "LineString", "coordinates": [ [ 86.0781308, 20.7743373 ], [ 86.0518474, 20.8097277 ] ] } },
{ "type": "Feature", "properties": { "@osmId": "way/218452466", "@snapshotTimestamp": "2019-01-01T00:00:00Z" }, "geometry": { "type": "LineString", "coordinates": [ [ 86.1444548, 20.7912049 ], [ 86.1778753, 20.8076728 ] ] } },
{ "type": "Feature", "properties": { "@osmId": "way/292438262", "@snapshotTimestamp": "2019-01-01T00:00:00Z" }, "geometry": { "type": "LineString", "coordinates": [ [ 86.1779441, 20.8075296 ], [ 86.1445701, 20.7918291 ] ] } },
{ "type": "Feature", "properties": { "@osmId": "way/292438258", "@snapshotTimestamp": "2019-01-01T00:00:00Z" }, "geometry": { "type": "LineString", "coordinates": [ [ 86.1787672, 20.8079251 ], [ 86.1779441, 20.8075296 ] ] } },
{ "type": "Feature", "properties": { "@osmId": "way/292438256", "@snapshotTimestamp": "2019-01-01T00:00:00Z" }, "geometry": { "type": "LineString", "coordinates": [ [ 86.1778753, 20.8076728 ], [ 86.1786965, 20.8080937 ] ] } },
{ "type": "Feature", "properties": { "@osmId": "way/292438260", "@snapshotTimestamp": "2019-01-01T00:00:00Z" }, "geometry": { "type": "LineString", "coordinates": [ [ 86.1823952, 20.8097644 ], [ 86.1787672, 20.8079251 ] ] } },
{ "type": "Feature", "properties": { "@osmId": "way/292438261", "@snapshotTimestamp": "2019-01-01T00:00:00Z" }, "geometry": { "type": "LineString", "coordinates": [ [ 86.1786965, 20.8080937 ], [ 86.1823059, 20.8099638 ] ] } },
{ "type": "Feature", "properties": { "@osmId": "way/217771618", "@snapshotTimestamp": "2019-01-01T00:00:00Z" }, "geometry": { "type": "LineString", "coordinates": [ [ 86.0518474, 20.8097277 ], [ 86.0517, 20.8099324 ] ] } },
{ "type": "Feature", "properties": { "@osmId": "way/292438259", "@snapshotTimestamp": "2019-01-01T00:00:00Z" }, "geometry": { "type": "LineString", "coordinates": [ [ 86.1832676, 20.8102253 ], [ 86.1823952, 20.8097644 ] ] } },
{ "type": "Feature", "properties": { "@osmId": "way/292438257", "@snapshotTimestamp": "2019-01-01T00:00:00Z" }, "geometry": { "type": "LineString", "coordinates": [ [ 86.1823059, 20.8099638 ], [ 86.1831794, 20.8104219 ] ] } },
{ "type": "Feature", "properties": { "@osmId": "way/218452447", "@snapshotTimestamp": "2019-01-01T00:00:00Z" }, "geometry": { "type": "LineString", "coordinates": [ [ 86.1980228, 20.8179632 ], [ 86.1832676, 20.8102253 ] ] } },
{ "type": "Feature", "properties": { "@osmId": "way/292438255", "@snapshotTimestamp": "2019-01-01T00:00:00Z" }, "geometry": { "type": "LineString", "coordinates": [ [ 86.1831794, 20.8104219 ], [ 86.1979661, 20.8180652 ] ] } },
{ "type": "Feature", "properties": { "@osmId": "way/218452437", "@snapshotTimestamp": "2019-01-01T00:00:00Z" }, "geometry": { "type": "LineString", "coordinates": [ [ 86.200957, 20.821251 ], [ 86.1980228, 20.8179632 ] ] } },
{ "type": "Feature", "properties": { "@osmId": "way/218452449", "@snapshotTimestamp": "2019-01-01T00:00:00Z" }, "geometry": { "type": "LineString", "coordinates": [ [ 86.1979661, 20.8180652 ], [ 86.2008397, 20.821232 ] ] } },
{ "type": "Feature", "properties": { "@osmId": "way/218452438", "@snapshotTimestamp": "2019-01-01T00:00:00Z" }, "geometry": { "type": "LineString", "coordinates": [ [ 86.2009475, 20.8226095 ], [ 86.2009563, 20.8222552 ] ] } },
{ "type": "Feature", "properties": { "@osmId": "way/478389192", "@snapshotTimestamp": "2019-01-01T00:00:00Z" }, "geometry": { "type": "LineString", "coordinates": [ [ 86.2903242, 20.8222983 ], [ 86.2934507, 20.8252605 ] ] } },
{ "type": "Feature", "properties": { "@osmId": "way/478389198", "@snapshotTimestamp": "2019-01-01T00:00:00Z" }, "geometry": { "type": "LineString", "coordinates": [ [ 86.2934507, 20.8252605 ], [ 86.2954599, 20.8256542 ] ] } },
{ "type": "Feature", "properties": { "@osmId": "way/478389197", "@snapshotTimestamp": "2019-01-01T00:00:00Z" }, "geometry": { "type": "LineString", "coordinates": [ [ 86.2954599, 20.8256542 ], [ 86.321297, 20.8454542 ] ] } },
{ "type": "Feature", "properties": { "@osmId": "way/396909886", "@snapshotTimestamp": "2019-01-01T00:00:00Z" }, "geometry": { "type": "LineString", "coordinates": [ [ 86.337651, 20.8501238 ], [ 86.321297, 20.8454542 ] ] } },
{ "type": "Feature", "properties": { "@osmId": "way/44949320", "@snapshotTimestamp": "2019-01-01T00:00:00Z" }, "geometry": { "type": "LineString", "coordinates": [ [ 86.2031629, 20.8544997 ], [ 86.2003484, 20.8511683 ] ] } },
{ "type": "Feature", "properties": { "@osmId": "way/218452457", "@snapshotTimestamp": "2019-01-01T00:00:00Z" }, "geometry": { "type": "LineString", "coordinates": [ [ 86.2000096, 20.8514204 ], [ 86.2027855, 20.8546946 ] ] } },
{ "type": "Feature", "properties": { "@osmId": "way/218452444", "@snapshotTimestamp": "2019-01-01T00:00:00Z" }, "geometry": { "type": "LineString", "coordinates": [ [ 86.2002217, 20.8689044 ], [ 86.2031629, 20.8544997 ] ] } },
{ "type": "Feature", "properties": { "@osmId": "way/218452461", "@snapshotTimestamp": "2019-01-01T00:00:00Z" }, "geometry": { "type": "LineString", "coordinates": [ [ 86.2027855, 20.8546946 ], [ 86.2001207, 20.8689814 ] ] } },
{ "type": "Feature", "properties": { "@osmId": "way/218452442", "@snapshotTimestamp": "2019-01-01T00:00:00Z" }, "geometry": { "type": "LineString", "coordinates": [ [ 86.200337, 20.8691423 ], [ 86.2002217, 20.8689044 ] ] } },
{ "type": "Feature", "properties": { "@osmId": "way/218452445", "@snapshotTimestamp": "2019-01-01T00:00:00Z" }, "geometry": { "type": "LineString", "coordinates": [ [ 86.1969002, 20.8475934 ], [ 86.2009475, 20.8226095 ] ] } },
{ "type": "Feature", "properties": { "@osmId": "way/218452462", "@snapshotTimestamp": "2019-01-01T00:00:00Z" }, "geometry": { "type": "LineString", "coordinates": [ [ 86.2008155, 20.8225795 ], [ 86.2000096, 20.8514204 ] ] } },
{ "type": "Feature", "properties": { "@osmId": "way/218452443", "@snapshotTimestamp": "2019-01-01T00:00:00Z" }, "geometry": { "type": "LineString", "coordinates": [ [ 86.1971992, 20.8479421 ], [ 86.1969002, 20.8475934 ] ] } },
{ "type": "Feature", "properties": { "@osmId": "way/44949319", "@snapshotTimestamp": "2019-01-01T00:00:00Z" }, "geometry": { "type": "LineString", "coordinates": [ [ 86.2003484, 20.8511683 ], [ 86.1971992, 20.8479421 ] ] } },
{ "type": "Feature", "properties": { "@osmId": "way/377184717", "@snapshotTimestamp": "2019-01-01T00:00:00Z" }, "geometry": { "type": "LineString", "coordinates": [ [ 86.1371958, 20.9154787 ], [ 86.1304458, 20.9070747 ] ] } },
{ "type": "Feature", "properties": { "@osmId": "way/377184715", "@snapshotTimestamp": "2019-01-01T00:00:00Z" }, "geometry": { "type": "LineString", "coordinates": [ [ 86.1374474, 20.9177788 ], [ 86.1422563, 20.9119247 ] ] } },
{ "type": "Feature", "properties": { "@osmId": "way/377184716", "@snapshotTimestamp": "2019-01-01T00:00:00Z" }, "geometry": { "type": "LineString", "coordinates": [ [ 86.1373858, 20.9178503 ], [ 86.1371958, 20.9154787 ] ] } },
{ "type": "Feature", "properties": { "@osmId": "way/377184714", "@snapshotTimestamp": "2019-01-01T00:00:00Z" }, "geometry": { "type": "LineString", "coordinates": [ [ 86.1372207, 20.9182901 ], [ 86.1374474, 20.9177788 ] ] } },
{ "type": "Feature", "properties": { "@osmId": "way/377050430", "@snapshotTimestamp": "2019-01-01T00:00:00Z" }, "geometry": { "type": "LineString", "coordinates": [ [ 86.1211034, 20.9305298 ], [ 86.1231546, 20.9099426 ] ] } },
{ "type": "Feature", "properties": { "@osmId": "way/377184713", "@snapshotTimestamp": "2019-01-01T00:00:00Z" }, "geometry": { "type": "LineString", "coordinates": [ [ 86.1387176, 20.9272214 ], [ 86.1372207, 20.9182901 ] ] } },
{ "type": "Feature", "properties": { "@osmId": "way/218452456", "@snapshotTimestamp": "2019-01-01T00:00:00Z" }, "geometry": { "type": "LineString", "coordinates": [ [ 86.2001207, 20.8689814 ], [ 86.2002189, 20.8691669 ] ] } },
{ "type": "Feature", "properties": { "@osmId": "way/218452448", "@snapshotTimestamp": "2019-01-01T00:00:00Z" }, "geometry": { "type": "LineString", "coordinates": [ [ 86.2057999, 20.880394 ], [ 86.200337, 20.8691423 ] ] } },
{ "type": "Feature", "properties": { "@osmId": "way/218452465", "@snapshotTimestamp": "2019-01-01T00:00:00Z" }, "geometry": { "type": "LineString", "coordinates": [ [ 86.2002189, 20.8691669 ], [ 86.2056463, 20.8803777 ] ] } },
{ "type": "Feature", "properties": { "@osmId": "way/237817047", "@snapshotTimestamp": "2019-01-01T00:00:00Z" }, "geometry": { "type": "LineString", "coordinates": [ [ 86.271882, 20.9103302 ], [ 86.3120255, 20.8527706 ], [ 86.3370715, 20.8550097 ] ] } },
{ "type": "Feature", "properties": { "@osmId": "way/218452455", "@snapshotTimestamp": "2019-01-01T00:00:00Z" }, "geometry": { "type": "LineString", "coordinates": [ [ 86.2056463, 20.8803777 ], [ 86.205941, 20.8809991 ] ] } },
{ "type": "Feature", "properties": { "@osmId": "way/218452441", "@snapshotTimestamp": "2019-01-01T00:00:00Z" }, "geometry": { "type": "LineString", "coordinates": [ [ 86.2061108, 20.8810755 ], [ 86.2057999, 20.880394 ] ] } },
{ "type": "Feature", "properties": { "@osmId": "way/218452459", "@snapshotTimestamp": "2019-01-01T00:00:00Z" }, "geometry": { "type": "LineString", "coordinates": [ [ 86.205941, 20.8809991 ], [ 86.2271582, 20.9127398 ] ] } },
{ "type": "Feature", "properties": { "@osmId": "way/218405670", "@snapshotTimestamp": "2019-01-01T00:00:00Z" }, "geometry": { "type": "LineString", "coordinates": [ [ 86.2272539, 20.9126998 ], [ 86.2061108, 20.8810755 ] ] } },
{ "type": "Feature", "properties": { "@osmId": "way/237817042", "@snapshotTimestamp": "2019-01-01T00:00:00Z" }, "geometry": { "type": "LineString", "coordinates": [ [ 86.2696162, 20.9126944 ], [ 86.271882, 20.9103302 ] ] } },
{ "type": "Feature", "properties": { "@osmId": "way/218405672", "@snapshotTimestamp": "2019-01-01T00:00:00Z" }, "geometry": { "type": "LineString", "coordinates": [ [ 86.232202, 20.915799 ], [ 86.2272539, 20.9126998 ] ] } },
{ "type": "Feature", "properties": { "@osmId": "way/219099891", "@snapshotTimestamp": "2019-01-01T00:00:00Z" }, "geometry": { "type": "LineString", "coordinates": [ [ 86.489061, 20.4296777 ], [ 86.4983184, 20.4208377 ] ] } },
{ "type": "Feature", "properties": { "@osmId": "way/219099851", "@snapshotTimestamp": "2019-01-01T00:00:00Z" }, "geometry": { "type": "LineString", "coordinates": [ [ 86.4888976, 20.4295238 ], [ 86.4885183, 20.4298572 ] ] } },
{ "type": "Feature", "properties": { "@osmId": "way/219099868", "@snapshotTimestamp": "2019-01-01T00:00:00Z" }, "geometry": { "type": "LineString", "coordinates": [ [ 86.4887316, 20.4299348 ], [ 86.489061, 20.4296777 ] ] } },
{ "type": "Feature", "properties": { "@osmId": "way/219099884", "@snapshotTimestamp": "2019-01-01T00:00:00Z" }, "geometry": { "type": "LineString", "coordinates": [ [ 86.4885183, 20.4298572 ], [ 86.4772702, 20.4389221 ] ] } },
{ "type": "Feature", "properties": { "@osmId": "way/219099820", "@snapshotTimestamp": "2019-01-01T00:00:00Z" }, "geometry": { "type": "LineString", "coordinates": [ [ 86.4774903, 20.4389455 ], [ 86.4887316, 20.4299348 ] ] } },
{ "type": "Feature", "properties": { "@osmId": "way/219096207", "@snapshotTimestamp": "2019-01-01T00:00:00Z" }, "geometry": { "type": "LineString", "coordinates": [ [ 86.4772702, 20.4389221 ], [ 86.4770518, 20.4391178 ] ] } },
{ "type": "Feature", "properties": { "@osmId": "way/219099856", "@snapshotTimestamp": "2019-01-01T00:00:00Z" }, "geometry": { "type": "LineString", "coordinates": [ [ 86.4771359, 20.4392326 ], [ 86.4774903, 20.4389455 ] ] } },
{ "type": "Feature", "properties": { "@osmId": "way/219096225", "@snapshotTimestamp": "2019-01-01T00:00:00Z" }, "geometry": { "type": "LineString", "coordinates": [ [ 86.4770518, 20.4391178 ], [ 86.4555332, 20.4563379 ] ] } },
{ "type": "Feature", "properties": { "@osmId": "way/219099841", "@snapshotTimestamp": "2019-01-01T00:00:00Z" }, "geometry": { "type": "LineString", "coordinates": [ [ 86.4557107, 20.4564771 ], [ 86.4771359, 20.4392326 ] ] } },
{ "type": "Feature", "properties": { "@osmId": "way/322793246", "@snapshotTimestamp": "2019-01-01T00:00:00Z" }, "geometry": { "type": "LineString", "coordinates": [ [ 86.4465984, 20.5292285 ], [ 86.4814801, 20.5657161 ], [ 86.533135320282227, 20.576598655319035 ] ] } },
{ "type": "Feature", "properties": { "@osmId": "way/219099844", "@snapshotTimestamp": "2019-01-01T00:00:00Z" }, "geometry": { "type": "LineString", "coordinates": [ [ 86.3969573, 20.5031217 ], [ 86.3981706, 20.5022599 ] ] } },
{ "type": "Feature", "properties": { "@osmId": "way/322730707", "@snapshotTimestamp": "2019-01-01T00:00:00Z" }, "geometry": { "type": "LineString", "coordinates": [ [ 86.4100269, 20.5085718 ], [ 86.4210681, 20.506296 ] ] } },
{ "type": "Feature", "properties": { "@osmId": "way/219096226", "@snapshotTimestamp": "2019-01-01T00:00:00Z" }, "geometry": { "type": "LineString", "coordinates": [ [ 86.3966686, 20.5030132 ], [ 86.3828466, 20.5130968 ] ] } },
{ "type": "Feature", "properties": { "@osmId": "way/219099809", "@snapshotTimestamp": "2019-01-01T00:00:00Z" }, "geometry": { "type": "LineString", "coordinates": [ [ 86.3829899, 20.5132593 ], [ 86.3969573, 20.5031217 ] ] } },
{ "type": "Feature", "properties": { "@osmId": "way/322730720", "@snapshotTimestamp": "2019-01-01T00:00:00Z" }, "geometry": { "type": "LineString", "coordinates": [ [ 86.4218047, 20.5110839 ], [ 86.4210681, 20.506296 ] ] } },
{ "type": "Feature", "properties": { "@osmId": "way/602562837", "@snapshotTimestamp": "2019-01-01T00:00:00Z" }, "geometry": { "type": "LineString", "coordinates": [ [ 86.3407476, 20.5053354 ], [ 86.3790008, 20.5156704 ] ] } },
{ "type": "Feature", "properties": { "@osmId": "way/322730701", "@snapshotTimestamp": "2019-01-01T00:00:00Z" }, "geometry": { "type": "LineString", "coordinates": [ [ 86.4218047, 20.5117319 ], [ 86.4218047, 20.5110839 ] ] } },
{ "type": "Feature", "properties": { "@osmId": "way/86162242", "@snapshotTimestamp": "2019-01-01T00:00:00Z" }, "geometry": { "type": "LineString", "coordinates": [ [ 86.4006449, 20.515698 ], [ 86.4100269, 20.5085718 ] ] } },
{ "type": "Feature", "properties": { "@osmId": "way/219096198", "@snapshotTimestamp": "2019-01-01T00:00:00Z" }, "geometry": { "type": "LineString", "coordinates": [ [ 86.3828466, 20.5130968 ], [ 86.3824979, 20.513341 ] ] } },
{ "type": "Feature", "properties": { "@osmId": "way/219099853", "@snapshotTimestamp": "2019-01-01T00:00:00Z" }, "geometry": { "type": "LineString", "coordinates": [ [ 86.3825516, 20.5135529 ], [ 86.3829899, 20.5132593 ] ] } },
{ "type": "Feature", "properties": { "@osmId": "way/219096217", "@snapshotTimestamp": "2019-01-01T00:00:00Z" }, "geometry": { "type": "LineString", "coordinates": [ [ 86.3824979, 20.513341 ], [ 86.3794524, 20.5155702 ] ] } },
{ "type": "Feature", "properties": { "@osmId": "way/219099878", "@snapshotTimestamp": "2019-01-01T00:00:00Z" }, "geometry": { "type": "LineString", "coordinates": [ [ 86.3796027, 20.5156134 ], [ 86.3825516, 20.5135529 ] ] } },
{ "type": "Feature", "properties": { "@osmId": "way/219096193", "@snapshotTimestamp": "2019-01-01T00:00:00Z" }, "geometry": { "type": "LineString", "coordinates": [ [ 86.3794524, 20.5155702 ], [ 86.3791573, 20.5157792 ] ] } },
{ "type": "Feature", "properties": { "@osmId": "way/219099855", "@snapshotTimestamp": "2019-01-01T00:00:00Z" }, "geometry": { "type": "LineString", "coordinates": [ [ 86.3793154, 20.5158309 ], [ 86.3796027, 20.5156134 ] ] } },
{ "type": "Feature", "properties": { "@osmId": "way/322730691", "@snapshotTimestamp": "2019-01-01T00:00:00Z" }, "geometry": { "type": "LineString", "coordinates": [ [ 86.4033472, 20.5157934 ], [ 86.4040373, 20.515902 ] ] } },
{ "type": "Feature", "properties": { "@osmId": "way/322636824", "@snapshotTimestamp": "2019-01-01T00:00:00Z" }, "geometry": { "type": "LineString", "coordinates": [ [ 86.3790008, 20.5156704 ], [ 86.4033472, 20.5157934 ] ] } },
{ "type": "Feature", "properties": { "@osmId": "way/322730718", "@snapshotTimestamp": "2019-01-01T00:00:00Z" }, "geometry": { "type": "LineString", "coordinates": [ [ 86.421767, 20.5212337 ], [ 86.4218047, 20.5117319 ] ] } },
{ "type": "Feature", "properties": { "@osmId": "way/84730799", "@snapshotTimestamp": "2019-01-01T00:00:00Z" }, "geometry": { "type": "LineString", "coordinates": [ [ 86.3791573, 20.5157792 ], [ 86.3637022, 20.5267352 ] ] } },
{ "type": "Feature", "properties": { "@osmId": "way/219099814", "@snapshotTimestamp": "2019-01-01T00:00:00Z" }, "geometry": { "type": "LineString", "coordinates": [ [ 86.3636625, 20.527016 ], [ 86.3793154, 20.5158309 ] ] } },
{ "type": "Feature", "properties": { "@osmId": "way/322730692", "@snapshotTimestamp": "2019-01-01T00:00:00Z" }, "geometry": { "type": "LineString", "coordinates": [ [ 86.4040373, 20.515902 ], [ 86.446473, 20.528932 ] ] } },
{ "type": "Feature", "properties": { "@osmId": "way/219096224", "@snapshotTimestamp": "2019-01-01T00:00:00Z" }, "geometry": { "type": "LineString", "coordinates": [ [ 86.3637022, 20.5267352 ], [ 86.363223, 20.5270845 ] ] } },
{ "type": "Feature", "properties": { "@osmId": "way/219099858", "@snapshotTimestamp": "2019-01-01T00:00:00Z" }, "geometry": { "type": "LineString", "coordinates": [ [ 86.3631459, 20.5273993 ], [ 86.3636625, 20.527016 ] ] } },
{ "type": "Feature", "properties": { "@osmId": "way/322793245", "@snapshotTimestamp": "2019-01-01T00:00:00Z" }, "geometry": { "type": "LineString", "coordinates": [ [ 86.446473, 20.528932 ], [ 86.4465984, 20.5292285 ] ] } },
{ "type": "Feature", "properties": { "@osmId": "way/219099885", "@snapshotTimestamp": "2019-01-01T00:00:00Z" }, "geometry": { "type": "LineString", "coordinates": [ [ 86.363223, 20.5270845 ], [ 86.3498205, 20.5363605 ] ] } },
{ "type": "Feature", "properties": { "@osmId": "way/219099833", "@snapshotTimestamp": "2019-01-01T00:00:00Z" }, "geometry": { "type": "LineString", "coordinates": [ [ 86.3412707, 20.5424189 ], [ 86.3631459, 20.5273993 ] ] } },
{ "type": "Feature", "properties": { "@osmId": "way/219096221", "@snapshotTimestamp": "2019-01-01T00:00:00Z" }, "geometry": { "type": "LineString", "coordinates": [ [ 86.3498205, 20.5363605 ], [ 86.342242, 20.5415529 ] ] } },
{ "type": "Feature", "properties": { "@osmId": "way/219096190", "@snapshotTimestamp": "2019-01-01T00:00:00Z" }, "geometry": { "type": "LineString", "coordinates": [ [ 86.342242, 20.5415529 ], [ 86.3411788, 20.5422756 ] ] } },
{ "type": "Feature", "properties": { "@osmId": "way/219096186", "@snapshotTimestamp": "2019-01-01T00:00:00Z" }, "geometry": { "type": "LineString", "coordinates": [ [ 86.3411788, 20.5422756 ], [ 86.3406024, 20.5426533 ] ] } },
{ "type": "Feature", "properties": { "@osmId": "way/219099848", "@snapshotTimestamp": "2019-01-01T00:00:00Z" }, "geometry": { "type": "LineString", "coordinates": [ [ 86.3404493, 20.5429951 ], [ 86.3412707, 20.5424189 ] ] } },
{ "type": "Feature", "properties": { "@osmId": "way/219096220", "@snapshotTimestamp": "2019-01-01T00:00:00Z" }, "geometry": { "type": "LineString", "coordinates": [ [ 86.3406024, 20.5426533 ], [ 86.3314638, 20.5486327 ] ] } },
{ "type": "Feature", "properties": { "@osmId": "way/322812509", "@snapshotTimestamp": "2019-01-01T00:00:00Z" }, "geometry": { "type": "LineString", "coordinates": [ [ 86.4910552, 20.5702845 ], [ 86.4910688, 20.5714406 ] ] } },
{ "type": "Feature", "properties": { "@osmId": "way/322812494", "@snapshotTimestamp": "2019-01-01T00:00:00Z" }, "geometry": { "type": "LineString", "coordinates": [ [ 86.4910688, 20.5714406 ], [ 86.4909834, 20.5716168 ] ] } },
{ "type": "Feature", "properties": { "@osmId": "way/322812503", "@snapshotTimestamp": "2019-01-01T00:00:00Z" }, "geometry": { "type": "LineString", "coordinates": [ [ 86.4909834, 20.5716168 ], [ 86.4944915, 20.6096056 ] ] } },
{ "type": "Feature", "properties": { "@osmId": "way/397452121", "@snapshotTimestamp": "2019-01-01T00:00:00Z" }, "geometry": { "type": "LineString", "coordinates": [ [ 86.4944915, 20.6096056 ], [ 86.494522, 20.6098818 ] ] } },
{ "type": "Feature", "properties": { "@osmId": "way/397452017", "@snapshotTimestamp": "2019-01-01T00:00:00Z" }, "geometry": { "type": "LineString", "coordinates": [ [ 86.494522, 20.6098818 ], [ 86.4903358, 20.6099989 ] ] } },
{ "type": "Feature", "properties": { "@osmId": "way/397452139", "@snapshotTimestamp": "2019-01-01T00:00:00Z" }, "geometry": { "type": "LineString", "coordinates": [ [ 86.4902658, 20.6102756 ], [ 86.4903358, 20.6099989 ] ] } },
{ "type": "Feature", "properties": { "@osmId": "way/397452213", "@snapshotTimestamp": "2019-01-01T00:00:00Z" }, "geometry": { "type": "LineString", "coordinates": [ [ 86.4889601, 20.6130288 ], [ 86.4902658, 20.6102756 ] ] } },
{ "type": "Feature", "properties": { "@osmId": "way/397452151", "@snapshotTimestamp": "2019-01-01T00:00:00Z" }, "geometry": { "type": "LineString", "coordinates": [ [ 86.4876966, 20.6165677 ], [ 86.4889601, 20.6130288 ] ] } },
{ "type": "Feature", "properties": { "@osmId": "way/397452075", "@snapshotTimestamp": "2019-01-01T00:00:00Z" }, "geometry": { "type": "LineString", "coordinates": [ [ 86.483765, 20.6221536 ], [ 86.4876966, 20.6165677 ] ] } },
{ "type": "Feature", "properties": { "@osmId": "way/236250526", "@snapshotTimestamp": "2019-01-01T00:00:00Z" }, "geometry": { "type": "LineString", "coordinates": [ [ 86.531502477944485, 20.650050764922781 ], [ 86.5132983, 20.6277242 ], [ 86.532034827828056, 20.626103430209522 ] ] } },
{ "type": "Feature", "properties": { "@osmId": "way/396909891", "@snapshotTimestamp": "2019-01-01T00:00:00Z" }, "geometry": { "type": "LineString", "coordinates": [ [ 86.2823734, 20.6532792 ], [ 86.2076893, 20.6289889 ] ] } },
{ "type": "Feature", "properties": { "@osmId": "way/650909427", "@snapshotTimestamp": "2019-01-01T00:00:00Z" }, "geometry": { "type": "LineString", "coordinates": [ [ 86.336098, 20.638945 ], [ 86.285291, 20.6537422 ] ] } },
{ "type": "Feature", "properties": { "@osmId": "way/650909426", "@snapshotTimestamp": "2019-01-01T00:00:00Z" }, "geometry": { "type": "LineString", "coordinates": [ [ 86.285291, 20.6537422 ], [ 86.2823734, 20.6532792 ] ] } },
{ "type": "Feature", "properties": { "@osmId": "way/86201466", "@snapshotTimestamp": "2019-01-01T00:00:00Z" }, "geometry": { "type": "LineString", "coordinates": [ [ 86.5024538, 20.6900245 ], [ 86.4040098, 20.7293684 ] ] } },
{ "type": "Feature", "properties": { "@osmId": "way/237817063", "@snapshotTimestamp": "2019-01-01T00:00:00Z" }, "geometry": { "type": "LineString", "coordinates": [ [ 86.3370715, 20.8550097 ], [ 86.4040098, 20.7293684 ] ] } },
{ "type": "Feature", "properties": { "@osmId": "way/218452463", "@snapshotTimestamp": "2019-01-01T00:00:00Z" }, "geometry": { "type": "LineString", "coordinates": [ [ 86.2004668, 20.8193461 ], [ 86.2347962, 20.8033264 ], [ 86.2899921, 20.8221076 ] ] } },
{ "type": "Feature", "properties": { "@osmId": "way/218452460", "@snapshotTimestamp": "2019-01-01T00:00:00Z" }, "geometry": { "type": "LineString", "coordinates": [ [ 86.2008397, 20.821232 ], [ 86.2008263, 20.822268 ] ] } },
{ "type": "Feature", "properties": { "@osmId": "way/218452446", "@snapshotTimestamp": "2019-01-01T00:00:00Z" }, "geometry": { "type": "LineString", "coordinates": [ [ 86.2009563, 20.8222552 ], [ 86.200957, 20.821251 ] ] } },
{ "type": "Feature", "properties": { "@osmId": "way/478389195", "@snapshotTimestamp": "2019-01-01T00:00:00Z" }, "geometry": { "type": "LineString", "coordinates": [ [ 86.2899921, 20.8221076 ], [ 86.2903242, 20.8222983 ] ] } },
{ "type": "Feature", "properties": { "@osmId": "way/218452454", "@snapshotTimestamp": "2019-01-01T00:00:00Z" }, "geometry": { "type": "LineString", "coordinates": [ [ 86.2008263, 20.822268 ], [ 86.2008155, 20.8225795 ] ] } },
{ "type": "Feature", "properties": { "@osmId": "way/86201461", "@snapshotTimestamp": "2019-01-01T00:00:00Z" }, "geometry": { "type": "LineString", "coordinates": [ [ 86.4938554, 20.6804664 ], [ 86.530683395359674, 20.686896541396745 ] ] } },
{ "type": "Feature", "properties": { "@osmId": "way/237817032", "@snapshotTimestamp": "2019-01-01T00:00:00Z" }, "geometry": { "type": "LineString", "coordinates": [ [ 86.3370715, 20.8550097 ], [ 86.528003036770158, 20.807470333698664 ] ] } },
{ "type": "Feature", "properties": { "@osmId": "way/235632951", "@snapshotTimestamp": "2019-01-01T00:00:00Z" }, "geometry": { "type": "LineString", "coordinates": [ [ 86.52574889097319, 20.908871283633907 ], [ 86.5207585, 20.9147747 ] ] } },
{ "type": "Feature", "properties": { "@osmId": "way/218405492", "@snapshotTimestamp": "2019-01-01T00:00:00Z" }, "geometry": { "type": "LineString", "coordinates": [ [ 86.2755687, 20.9361721 ], [ 86.2779301, 20.9346501 ] ] } },
{ "type": "Feature", "properties": { "@osmId": "way/218405485", "@snapshotTimestamp": "2019-01-01T00:00:00Z" }, "geometry": { "type": "LineString", "coordinates": [ [ 86.2749438, 20.9360893 ], [ 86.2660035, 20.9345791 ] ] } },
{ "type": "Feature", "properties": { "@osmId": "way/218407217", "@snapshotTimestamp": "2019-01-01T00:00:00Z" }, "geometry": { "type": "LineString", "coordinates": [ [ 86.2659777, 20.9347057 ], [ 86.2752306, 20.9363855 ] ] } },
{ "type": "Feature", "properties": { "@osmId": "way/218405481", "@snapshotTimestamp": "2019-01-01T00:00:00Z" }, "geometry": { "type": "LineString", "coordinates": [ [ 86.2753891, 20.9357975 ], [ 86.2749438, 20.9360893 ] ] } },
{ "type": "Feature", "properties": { "@osmId": "way/218405486", "@snapshotTimestamp": "2019-01-01T00:00:00Z" }, "geometry": { "type": "LineString", "coordinates": [ [ 86.2752306, 20.9363855 ], [ 86.2755687, 20.9361721 ] ] } },
{ "type": "Feature", "properties": { "@osmId": "way/218405484", "@snapshotTimestamp": "2019-01-01T00:00:00Z" }, "geometry": { "type": "LineString", "coordinates": [ [ 86.367027, 20.9600953 ], [ 86.2852262, 20.9295261 ] ] } },
{ "type": "Feature", "properties": { "@osmId": "way/218405490", "@snapshotTimestamp": "2019-01-01T00:00:00Z" }, "geometry": { "type": "LineString", "coordinates": [ [ 86.2855578, 20.929797 ], [ 86.3670524, 20.9602238 ] ] } },
{ "type": "Feature", "properties": { "@osmId": "way/218405483", "@snapshotTimestamp": "2019-01-01T00:00:00Z" }, "geometry": { "type": "LineString", "coordinates": [ [ 86.3679409, 20.9601142 ], [ 86.367027, 20.9600953 ] ] } },
{ "type": "Feature", "properties": { "@osmId": "way/218405487", "@snapshotTimestamp": "2019-01-01T00:00:00Z" }, "geometry": { "type": "LineString", "coordinates": [ [ 86.3670524, 20.9602238 ], [ 86.3680432, 20.9602477 ] ] } },
{ "type": "Feature", "properties": { "@osmId": "way/218405480", "@snapshotTimestamp": "2019-01-01T00:00:00Z" }, "geometry": { "type": "LineString", "coordinates": [ [ 86.3996561, 20.975296 ], [ 86.3679409, 20.9601142 ] ] } },
{ "type": "Feature", "properties": { "@osmId": "way/218405489", "@snapshotTimestamp": "2019-01-01T00:00:00Z" }, "geometry": { "type": "LineString", "coordinates": [ [ 86.3680432, 20.9602477 ], [ 86.3996702, 20.975449 ] ] } },
{ "type": "Feature", "properties": { "@osmId": "way/218405482", "@snapshotTimestamp": "2019-01-01T00:00:00Z" }, "geometry": { "type": "LineString", "coordinates": [ [ 86.3999242, 20.9754979 ], [ 86.3996561, 20.975296 ] ] } },
{ "type": "Feature", "properties": { "@osmId": "way/218405488", "@snapshotTimestamp": "2019-01-01T00:00:00Z" }, "geometry": { "type": "LineString", "coordinates": [ [ 86.3996702, 20.975449 ], [ 86.3999834, 20.9756668 ] ] } },
{ "type": "Feature", "properties": { "@osmId": "way/218407199", "@snapshotTimestamp": "2019-01-01T00:00:00Z" }, "geometry": { "type": "LineString", "coordinates": [ [ 86.4129322, 20.9851747 ], [ 86.3999242, 20.9754979 ] ] } },
{ "type": "Feature", "properties": { "@osmId": "way/218405491", "@snapshotTimestamp": "2019-01-01T00:00:00Z" }, "geometry": { "type": "LineString", "coordinates": [ [ 86.3999834, 20.9756668 ], [ 86.4128326, 20.9852638 ] ] } },
{ "type": "Feature", "properties": { "@osmId": "way/218407191", "@snapshotTimestamp": "2019-01-01T00:00:00Z" }, "geometry": { "type": "LineString", "coordinates": [ [ 86.4132941, 20.9854436 ], [ 86.4129322, 20.9851747 ] ] } },
{ "type": "Feature", "properties": { "@osmId": "way/218407226", "@snapshotTimestamp": "2019-01-01T00:00:00Z" }, "geometry": { "type": "LineString", "coordinates": [ [ 86.4128326, 20.9852638 ], [ 86.4132099, 20.9855407 ] ] } },
{ "type": "Feature", "properties": { "@osmId": "way/218407197", "@snapshotTimestamp": "2019-01-01T00:00:00Z" }, "geometry": { "type": "LineString", "coordinates": [ [ 86.4164787, 20.9877142 ], [ 86.4132941, 20.9854436 ] ] } },
{ "type": "Feature", "properties": { "@osmId": "way/218407247", "@snapshotTimestamp": "2019-01-01T00:00:00Z" }, "geometry": { "type": "LineString", "coordinates": [ [ 86.4132099, 20.9855407 ], [ 86.4162535, 20.9877959 ] ] } },
{ "type": "Feature", "properties": { "@osmId": "way/218407196", "@snapshotTimestamp": "2019-01-01T00:00:00Z" }, "geometry": { "type": "LineString", "coordinates": [ [ 86.4169808, 20.9881015 ], [ 86.4164787, 20.9877142 ] ] } },
{ "type": "Feature", "properties": { "@osmId": "way/235632949", "@snapshotTimestamp": "2019-01-01T00:00:00Z" }, "geometry": { "type": "LineString", "coordinates": [ [ 86.5207585, 20.9147747 ], [ 86.520406, 20.9150714 ] ] } },
{ "type": "Feature", "properties": { "@osmId": "way/235632952", "@snapshotTimestamp": "2019-01-01T00:00:00Z" }, "geometry": { "type": "LineString", "coordinates": [ [ 86.520406, 20.9150714 ], [ 86.5222129, 20.9357831 ] ] } },
{ "type": "Feature", "properties": { "@osmId": "way/235632950", "@snapshotTimestamp": "2019-01-01T00:00:00Z" }, "geometry": { "type": "LineString", "coordinates": [ [ 86.5222129, 20.9357831 ], [ 86.5222346, 20.9361123 ] ] } },
{ "type": "Feature", "properties": { "@osmId": "way/235632946", "@snapshotTimestamp": "2019-01-01T00:00:00Z" }, "geometry": { "type": "LineString", "coordinates": [ [ 86.5222346, 20.9361123 ], [ 86.5212212, 20.9651782 ] ] } },
{ "type": "Feature", "properties": { "@osmId": "way/235632947", "@snapshotTimestamp": "2019-01-01T00:00:00Z" }, "geometry": { "type": "LineString", "coordinates": [ [ 86.5212212, 20.9651782 ], [ 86.5212387, 20.9654128 ] ] } },
{ "type": "Feature", "properties": { "@osmId": "way/235017874", "@snapshotTimestamp": "2019-01-01T00:00:00Z" }, "geometry": { "type": "LineString", "coordinates": [ [ 86.522322321505044, 21.063012776857327 ], [ 86.5067076, 21.0719504 ] ] } },
{ "type": "Feature", "properties": { "@osmId": "way/235632953", "@snapshotTimestamp": "2019-01-01T00:00:00Z" }, "geometry": { "type": "LineString", "coordinates": [ [ 86.5212387, 20.9654128 ], [ 86.487445, 21.0490643 ] ] } },
{ "type": "Feature", "properties": { "@osmId": "way/218407194", "@snapshotTimestamp": "2019-01-01T00:00:00Z" }, "geometry": { "type": "LineString", "coordinates": [ [ 86.4567288, 21.0219912 ], [ 86.4562193, 21.021531 ] ] } },
{ "type": "Feature", "properties": { "@osmId": "way/218407202", "@snapshotTimestamp": "2019-01-01T00:00:00Z" }, "geometry": { "type": "LineString", "coordinates": [ [ 86.4722086, 21.0354023 ], [ 86.4567288, 21.0219912 ] ] } },
{ "type": "Feature", "properties": { "@osmId": "way/218407260", "@snapshotTimestamp": "2019-01-01T00:00:00Z" }, "geometry": { "type": "LineString", "coordinates": [ [ 86.4565742, 21.0220984 ], [ 86.4721287, 21.0354703 ] ] } },
{ "type": "Feature", "properties": { "@osmId": "way/218407190", "@snapshotTimestamp": "2019-01-01T00:00:00Z" }, "geometry": { "type": "LineString", "coordinates": [ [ 86.4726311, 21.0357467 ], [ 86.4722086, 21.0354023 ] ] } },
{ "type": "Feature", "properties": { "@osmId": "way/218407236", "@snapshotTimestamp": "2019-01-01T00:00:00Z" }, "geometry": { "type": "LineString", "coordinates": [ [ 86.4721287, 21.0354703 ], [ 86.4725794, 21.0358392 ] ] } },
{ "type": "Feature", "properties": { "@osmId": "way/218407198", "@snapshotTimestamp": "2019-01-01T00:00:00Z" }, "geometry": { "type": "LineString", "coordinates": [ [ 86.4743993, 21.0371877 ], [ 86.4726311, 21.0357467 ] ] } },
{ "type": "Feature", "properties": { "@osmId": "way/218407245", "@snapshotTimestamp": "2019-01-01T00:00:00Z" }, "geometry": { "type": "LineString", "coordinates": [ [ 86.4725794, 21.0358392 ], [ 86.4743358, 21.0372567 ] ] } },
{ "type": "Feature", "properties": { "@osmId": "way/218407195", "@snapshotTimestamp": "2019-01-01T00:00:00Z" }, "geometry": { "type": "LineString", "coordinates": [ [ 86.4746437, 21.0373868 ], [ 86.4743993, 21.0371877 ] ] } },
{ "type": "Feature", "properties": { "@osmId": "way/218407218", "@snapshotTimestamp": "2019-01-01T00:00:00Z" }, "geometry": { "type": "LineString", "coordinates": [ [ 86.4743358, 21.0372567 ], [ 86.4745565, 21.0374389 ] ] } },
{ "type": "Feature", "properties": { "@osmId": "way/218407193", "@snapshotTimestamp": "2019-01-01T00:00:00Z" }, "geometry": { "type": "LineString", "coordinates": [ [ 86.4757115, 21.0382511 ], [ 86.4746437, 21.0373868 ] ] } },
{ "type": "Feature", "properties": { "@osmId": "way/218407220", "@snapshotTimestamp": "2019-01-01T00:00:00Z" }, "geometry": { "type": "LineString", "coordinates": [ [ 86.4745565, 21.0374389 ], [ 86.4756273, 21.0383297 ] ] } },
{ "type": "Feature", "properties": { "@osmId": "way/218407192", "@snapshotTimestamp": "2019-01-01T00:00:00Z" }, "geometry": { "type": "LineString", "coordinates": [ [ 86.4759562, 21.0384518 ], [ 86.4757115, 21.0382511 ] ] } },
{ "type": "Feature", "properties": { "@osmId": "way/218407234", "@snapshotTimestamp": "2019-01-01T00:00:00Z" }, "geometry": { "type": "LineString", "coordinates": [ [ 86.4756273, 21.0383297 ], [ 86.4758605, 21.038521 ] ] } },
{ "type": "Feature", "properties": { "@osmId": "way/92193361", "@snapshotTimestamp": "2019-01-01T00:00:00Z" }, "geometry": { "type": "LineString", "coordinates": [ [ 86.491977, 21.053331 ], [ 86.4759562, 21.0384518 ] ] } },
{ "type": "Feature", "properties": { "@osmId": "way/218407215", "@snapshotTimestamp": "2019-01-01T00:00:00Z" }, "geometry": { "type": "LineString", "coordinates": [ [ 86.4758605, 21.038521 ], [ 86.4919076, 21.0533684 ] ] } },
{ "type": "Feature", "properties": { "@osmId": "way/102591119", "@snapshotTimestamp": "2019-01-01T00:00:00Z" }, "geometry": { "type": "LineString", "coordinates": [ [ 86.487445, 21.0490643 ], [ 86.4874109, 21.049105 ] ] } },
{ "type": "Feature", "properties": { "@osmId": "way/218407203", "@snapshotTimestamp": "2019-01-01T00:00:00Z" }, "geometry": { "type": "LineString", "coordinates": [ [ 86.4874109, 21.049105 ], [ 86.4872214, 21.0493146 ] ] } },
{ "type": "Feature", "properties": { "@osmId": "way/218407204", "@snapshotTimestamp": "2019-01-01T00:00:00Z" }, "geometry": { "type": "LineString", "coordinates": [ [ 86.4872214, 21.0493146 ], [ 86.4872023, 21.0493288 ] ] } },
{ "type": "Feature", "properties": { "@osmId": "way/218407184", "@snapshotTimestamp": "2019-01-01T00:00:00Z" }, "geometry": { "type": "LineString", "coordinates": [ [ 86.4935291, 21.0559363 ], [ 86.491977, 21.053331 ] ] } },
{ "type": "Feature", "properties": { "@osmId": "way/258611022", "@snapshotTimestamp": "2019-01-01T00:00:00Z" }, "geometry": { "type": "LineString", "coordinates": [ [ 86.4919076, 21.0533684 ], [ 86.4934345, 21.0559518 ] ] } },
{ "type": "Feature", "properties": { "@osmId": "way/218407183", "@snapshotTimestamp": "2019-01-01T00:00:00Z" }, "geometry": { "type": "LineString", "coordinates": [ [ 86.4942285, 21.0614947 ], [ 86.4935291, 21.0559363 ] ] } },
{ "type": "Feature", "properties": { "@osmId": "way/218407255", "@snapshotTimestamp": "2019-01-01T00:00:00Z" }, "geometry": { "type": "LineString", "coordinates": [ [ 86.4934345, 21.0559518 ], [ 86.4941214, 21.0615001 ] ] } },
{ "type": "Feature", "properties": { "@osmId": "way/218407231", "@snapshotTimestamp": "2019-01-01T00:00:00Z" }, "geometry": { "type": "LineString", "coordinates": [ [ 86.4162535, 20.9877959 ], [ 86.4168541, 20.9882453 ] ] } },
{ "type": "Feature", "properties": { "@osmId": "way/218407187", "@snapshotTimestamp": "2019-01-01T00:00:00Z" }, "geometry": { "type": "LineString", "coordinates": [ [ 86.4562193, 21.021531 ], [ 86.4169808, 20.9881015 ] ] } },
{ "type": "Feature", "properties": { "@osmId": "way/218407240", "@snapshotTimestamp": "2019-01-01T00:00:00Z" }, "geometry": { "type": "LineString", "coordinates": [ [ 86.4168541, 20.9882453 ], [ 86.4560866, 21.0216775 ] ] } },
{ "type": "Feature", "properties": { "@osmId": "way/218407219", "@snapshotTimestamp": "2019-01-01T00:00:00Z" }, "geometry": { "type": "LineString", "coordinates": [ [ 86.4560866, 21.0216775 ], [ 86.4565742, 21.0220984 ] ] } },
{ "type": "Feature", "properties": { "@osmId": "way/233817202", "@snapshotTimestamp": "2019-01-01T00:00:00Z" }, "geometry": { "type": "LineString", "coordinates": [ [ 86.4678985, 21.0666234 ], [ 86.4097827, 21.0942309 ] ] } },
{ "type": "Feature", "properties": { "@osmId": "way/233817206", "@snapshotTimestamp": "2019-01-01T00:00:00Z" }, "geometry": { "type": "LineString", "coordinates": [ [ 86.4097827, 21.0942309 ], [ 86.409599, 21.0943131 ] ] } },
{ "type": "Feature", "properties": { "@osmId": "way/233817224", "@snapshotTimestamp": "2019-01-01T00:00:00Z" }, "geometry": { "type": "LineString", "coordinates": [ [ 86.409599, 21.0943131 ], [ 86.3445742, 21.1183077 ] ] } },
{ "type": "Feature", "properties": { "@osmId": "way/233817201", "@snapshotTimestamp": "2019-01-01T00:00:00Z" }, "geometry": { "type": "LineString", "coordinates": [ [ 86.3443982, 21.1181792 ], [ 86.3310271, 21.1178294 ] ] } },
{ "type": "Feature", "properties": { "@osmId": "way/233817203", "@snapshotTimestamp": "2019-01-01T00:00:00Z" }, "geometry": { "type": "LineString", "coordinates": [ [ 86.3310271, 21.1178294 ], [ 86.3308893, 21.1178615 ] ] } },
{ "type": "Feature", "properties": { "@osmId": "way/233817213", "@snapshotTimestamp": "2019-01-01T00:00:00Z" }, "geometry": { "type": "LineString", "coordinates": [ [ 86.3445742, 21.1183077 ], [ 86.3443982, 21.1181792 ] ] } },
{ "type": "Feature", "properties": { "@osmId": "way/86143429", "@snapshotTimestamp": "2019-01-01T00:00:00Z" }, "geometry": { "type": "LineString", "coordinates": [ [ 86.4932089, 21.0545141 ], [ 86.5031128, 21.0669998 ] ] } },
{ "type": "Feature", "properties": { "@osmId": "way/22828470", "@snapshotTimestamp": "2019-01-01T00:00:00Z" }, "geometry": { "type": "LineString", "coordinates": [ [ 86.4963441, 21.0573238 ], [ 86.4714516, 21.0647445 ] ] } },
{ "type": "Feature", "properties": { "@osmId": "way/218407232", "@snapshotTimestamp": "2019-01-01T00:00:00Z" }, "geometry": { "type": "LineString", "coordinates": [ [ 86.4941214, 21.0615001 ], [ 86.4942094, 21.0622598 ] ] } },
{ "type": "Feature", "properties": { "@osmId": "way/218405311", "@snapshotTimestamp": "2019-01-01T00:00:00Z" }, "geometry": { "type": "LineString", "coordinates": [ [ 86.4944378, 21.0633283 ], [ 86.4942285, 21.0614947 ] ] } },
{ "type": "Feature", "properties": { "@osmId": "way/102591121", "@snapshotTimestamp": "2019-01-01T00:00:00Z" }, "geometry": { "type": "LineString", "coordinates": [ [ 86.4942094, 21.0622598 ], [ 86.4943175, 21.0633471 ] ] } },
{ "type": "Feature", "properties": { "@osmId": "way/218405312", "@snapshotTimestamp": "2019-01-01T00:00:00Z" }, "geometry": { "type": "LineString", "coordinates": [ [ 86.4946249, 21.0649254 ], [ 86.4944378, 21.0633283 ] ] } },
{ "type": "Feature", "properties": { "@osmId": "way/218405320", "@snapshotTimestamp": "2019-01-01T00:00:00Z" }, "geometry": { "type": "LineString", "coordinates": [ [ 86.4943175, 21.0633471 ], [ 86.4945183, 21.0649422 ] ] } },
{ "type": "Feature", "properties": { "@osmId": "way/233817215", "@snapshotTimestamp": "2019-01-01T00:00:00Z" }, "geometry": { "type": "LineString", "coordinates": [ [ 86.4714516, 21.0647445 ], [ 86.4678985, 21.0666234 ] ] } },
{ "type": "Feature", "properties": { "@osmId": "way/236247636", "@snapshotTimestamp": "2019-01-01T00:00:00Z" }, "geometry": { "type": "LineString", "coordinates": [ [ 86.5031128, 21.0669998 ], [ 86.5035832, 21.0676507 ] ] } },
{ "type": "Feature", "properties": { "@osmId": "way/236247637", "@snapshotTimestamp": "2019-01-01T00:00:00Z" }, "geometry": { "type": "LineString", "coordinates": [ [ 86.5035832, 21.0676507 ], [ 86.5067076, 21.0719504 ] ] } },
{ "type": "Feature", "properties": { "@osmId": "way/92193363", "@snapshotTimestamp": "2019-01-01T00:00:00Z" }, "geometry": { "type": "LineString", "coordinates": [ [ 86.5127899, 21.0793892 ], [ 86.4946249, 21.0649254 ] ] } },
{ "type": "Feature", "properties": { "@osmId": "way/235017886", "@snapshotTimestamp": "2019-01-01T00:00:00Z" }, "geometry": { "type": "LineString", "coordinates": [ [ 86.5067076, 21.0719504 ], [ 86.5120204, 21.0785897 ] ] } },
{ "type": "Feature", "properties": { "@osmId": "way/218405323", "@snapshotTimestamp": "2019-01-01T00:00:00Z" }, "geometry": { "type": "LineString", "coordinates": [ [ 86.4945183, 21.0649422 ], [ 86.521714830445603, 21.090340277405755 ] ] } },
{ "type": "Feature", "properties": { "@osmId": "way/218405316", "@snapshotTimestamp": "2019-01-01T00:00:00Z" }, "geometry": { "type": "LineString", "coordinates": [ [ 86.521717616925002, 21.090214929854039 ], [ 86.5127899, 21.0793892 ] ] } },
{ "type": "Feature", "properties": { "@osmId": "way/217771612", "@snapshotTimestamp": "2019-01-01T00:00:00Z" }, "geometry": { "type": "LineString", "coordinates": [ [ 86.0261216, 20.847431 ], [ 86.0102876, 20.8747184 ] ] } },
{ "type": "Feature", "properties": { "@osmId": "way/217771617", "@snapshotTimestamp": "2019-01-01T00:00:00Z" }, "geometry": { "type": "LineString", "coordinates": [ [ 86.0102876, 20.8747184 ], [ 86.0103058, 20.87525 ] ] } },
{ "type": "Feature", "properties": { "@osmId": "way/217771629", "@snapshotTimestamp": "2019-01-01T00:00:00Z" }, "geometry": { "type": "LineString", "coordinates": [ [ 86.0103058, 20.87525 ], [ 86.010561, 20.8787586 ] ] } },
{ "type": "Feature", "properties": { "@osmId": "way/217771633", "@snapshotTimestamp": "2019-01-01T00:00:00Z" }, "geometry": { "type": "LineString", "coordinates": [ [ 86.010561, 20.8787586 ], [ 86.0114098, 20.8906478 ] ] } },
{ "type": "Feature", "properties": { "@osmId": "way/217771630", "@snapshotTimestamp": "2019-01-01T00:00:00Z" }, "geometry": { "type": "LineString", "coordinates": [ [ 86.0114098, 20.8906478 ], [ 86.0115029, 20.892021 ] ] } },
{ "type": "Feature", "properties": { "@osmId": "way/234379772", "@snapshotTimestamp": "2019-01-01T00:00:00Z" }, "geometry": { "type": "LineString", "coordinates": [ [ 86.0120739, 20.9168802 ], [ 86.0351396, 20.901884 ], [ 86.0630197, 20.9543641 ] ] } },
{ "type": "Feature", "properties": { "@osmId": "way/217771631", "@snapshotTimestamp": "2019-01-01T00:00:00Z" }, "geometry": { "type": "LineString", "coordinates": [ [ 86.0115029, 20.892021 ], [ 85.9885325, 20.9881267 ] ] } },
{ "type": "Feature", "properties": { "@osmId": "way/376404513", "@snapshotTimestamp": "2019-01-01T00:00:00Z" }, "geometry": { "type": "LineString", "coordinates": [ [ 86.0294073, 20.977245 ], [ 86.0477673, 20.9183207 ] ] } },
{ "type": "Feature", "properties": { "@osmId": "way/387182261", "@snapshotTimestamp": "2019-01-01T00:00:00Z" }, "geometry": { "type": "LineString", "coordinates": [ [ 85.9752093, 20.9507893 ], [ 85.9903844, 20.9475036 ] ] } },
{ "type": "Feature", "properties": { "@osmId": "way/217771635", "@snapshotTimestamp": "2019-01-01T00:00:00Z" }, "geometry": { "type": "LineString", "coordinates": [ [ 85.9885325, 20.9881267 ], [ 85.868604, 20.9609135 ] ] } },
{ "type": "Feature", "properties": { "@osmId": "way/218405674", "@snapshotTimestamp": "2019-01-01T00:00:00Z" }, "geometry": { "type": "LineString", "coordinates": [ [ 86.2271582, 20.9127398 ], [ 86.2321084, 20.9158444 ] ] } },
{ "type": "Feature", "properties": { "@osmId": "way/569647042", "@snapshotTimestamp": "2019-01-01T00:00:00Z" }, "geometry": { "type": "LineString", "coordinates": [ [ 86.2337084, 20.9169425 ], [ 86.232202, 20.915799 ] ] } },
{ "type": "Feature", "properties": { "@osmId": "way/569647043", "@snapshotTimestamp": "2019-01-01T00:00:00Z" }, "geometry": { "type": "LineString", "coordinates": [ [ 86.2321084, 20.9158444 ], [ 86.2337077, 20.9170583 ] ] } },
{ "type": "Feature", "properties": { "@osmId": "way/218405671", "@snapshotTimestamp": "2019-01-01T00:00:00Z" }, "geometry": { "type": "LineString", "coordinates": [ [ 86.239432, 20.920689 ], [ 86.2337084, 20.9169425 ] ] } },
{ "type": "Feature", "properties": { "@osmId": "way/218405673", "@snapshotTimestamp": "2019-01-01T00:00:00Z" }, "geometry": { "type": "LineString", "coordinates": [ [ 86.2337077, 20.9170583 ], [ 86.2393679, 20.9207523 ] ] } },
{ "type": "Feature", "properties": { "@osmId": "way/218405669", "@snapshotTimestamp": "2019-01-01T00:00:00Z" }, "geometry": { "type": "LineString", "coordinates": [ [ 86.2398303, 20.9209163 ], [ 86.239432, 20.920689 ] ] } },
{ "type": "Feature", "properties": { "@osmId": "way/218405678", "@snapshotTimestamp": "2019-01-01T00:00:00Z" }, "geometry": { "type": "LineString", "coordinates": [ [ 86.2393679, 20.9207523 ], [ 86.2397761, 20.9210017 ] ] } },
{ "type": "Feature", "properties": { "@osmId": "way/237817044", "@snapshotTimestamp": "2019-01-01T00:00:00Z" }, "geometry": { "type": "LineString", "coordinates": [ [ 86.2609105, 20.9315515 ], [ 86.2696162, 20.9126944 ] ] } },
{ "type": "Feature", "properties": { "@osmId": "way/218405686", "@snapshotTimestamp": "2019-01-01T00:00:00Z" }, "geometry": { "type": "LineString", "coordinates": [ [ 86.2397761, 20.9210017 ], [ 86.2571859, 20.9296491 ] ] } },
{ "type": "Feature", "properties": { "@osmId": "way/218407200", "@snapshotTimestamp": "2019-01-01T00:00:00Z" }, "geometry": { "type": "LineString", "coordinates": [ [ 86.2577731, 20.9299442 ], [ 86.2398303, 20.9209163 ] ] } },
{ "type": "Feature", "properties": { "@osmId": "way/377184712", "@snapshotTimestamp": "2019-01-01T00:00:00Z" }, "geometry": { "type": "LineString", "coordinates": [ [ 86.1257444, 20.9290634 ], [ 86.129044, 20.9271156 ] ] } },
{ "type": "Feature", "properties": { "@osmId": "way/22828351", "@snapshotTimestamp": "2019-01-01T00:00:00Z" }, "geometry": { "type": "LineString", "coordinates": [ [ 86.229005, 20.9145986 ], [ 86.1389477, 20.9453705 ] ] } },
{ "type": "Feature", "properties": { "@osmId": "way/377050429", "@snapshotTimestamp": "2019-01-01T00:00:00Z" }, "geometry": { "type": "LineString", "coordinates": [ [ 86.1246014, 20.9329995 ], [ 86.1211034, 20.9305298 ] ] } },
{ "type": "Feature", "properties": { "@osmId": "way/377050428", "@snapshotTimestamp": "2019-01-01T00:00:00Z" }, "geometry": { "type": "LineString", "coordinates": [ [ 86.1252167, 20.9350646 ], [ 86.1257444, 20.9290634 ] ] } },
{ "type": "Feature", "properties": { "@osmId": "way/377044108", "@snapshotTimestamp": "2019-01-01T00:00:00Z" }, "geometry": { "type": "LineString", "coordinates": [ [ 86.1416694, 20.9425538 ], [ 86.1387176, 20.9272214 ] ] } },
{ "type": "Feature", "properties": { "@osmId": "way/377169865", "@snapshotTimestamp": "2019-01-01T00:00:00Z" }, "geometry": { "type": "LineString", "coordinates": [ [ 86.1322079, 20.9382153 ], [ 86.134834, 20.9378227 ] ] } },
{ "type": "Feature", "properties": { "@osmId": "way/377169866", "@snapshotTimestamp": "2019-01-01T00:00:00Z" }, "geometry": { "type": "LineString", "coordinates": [ [ 86.1322079, 20.9382153 ], [ 86.1308567, 20.9385383 ] ] } },
{ "type": "Feature", "properties": { "@osmId": "way/377169862", "@snapshotTimestamp": "2019-01-01T00:00:00Z" }, "geometry": { "type": "LineString", "coordinates": [ [ 86.1330237, 20.9390843 ], [ 86.1340268, 20.9378644 ] ] } },
{ "type": "Feature", "properties": { "@osmId": "way/377169863", "@snapshotTimestamp": "2019-01-01T00:00:00Z" }, "geometry": { "type": "LineString", "coordinates": [ [ 86.1342128, 20.9392089 ], [ 86.1341459, 20.9378574 ] ] } },
{ "type": "Feature", "properties": { "@osmId": "way/377044115", "@snapshotTimestamp": "2019-01-01T00:00:00Z" }, "geometry": { "type": "LineString", "coordinates": [ [ 86.1329915, 20.9425182 ], [ 86.1252167, 20.9350646 ] ] } },
{ "type": "Feature", "properties": { "@osmId": "way/218407259", "@snapshotTimestamp": "2019-01-01T00:00:00Z" }, "geometry": { "type": "LineString", "coordinates": [ [ 86.2609105, 20.9315515 ], [ 86.2598678, 20.9313391 ] ] } },
{ "type": "Feature", "properties": { "@osmId": "way/218407235", "@snapshotTimestamp": "2019-01-01T00:00:00Z" }, "geometry": { "type": "LineString", "coordinates": [ [ 86.2598678, 20.9313391 ], [ 86.2596597, 20.93159 ] ] } },
{ "type": "Feature", "properties": { "@osmId": "way/392885785", "@snapshotTimestamp": "2019-01-01T00:00:00Z" }, "geometry": { "type": "LineString", "coordinates": [ [ 86.2596597, 20.93159 ], [ 86.259598, 20.9316616 ] ] } },
{ "type": "Feature", "properties": { "@osmId": "way/44949373", "@snapshotTimestamp": "2019-01-01T00:00:00Z" }, "geometry": { "type": "LineString", "coordinates": [ [ 86.2852262, 20.9295261 ], [ 86.277613, 20.934432 ] ] } },
{ "type": "Feature", "properties": { "@osmId": "way/569647045", "@snapshotTimestamp": "2019-01-01T00:00:00Z" }, "geometry": { "type": "LineString", "coordinates": [ [ 86.2571859, 20.9296491 ], [ 86.2651533, 20.9343686 ] ] } },
{ "type": "Feature", "properties": { "@osmId": "way/569647044", "@snapshotTimestamp": "2019-01-01T00:00:00Z" }, "geometry": { "type": "LineString", "coordinates": [ [ 86.265192, 20.9342524 ], [ 86.2577731, 20.9299442 ] ] } },
{ "type": "Feature", "properties": { "@osmId": "way/218405493", "@snapshotTimestamp": "2019-01-01T00:00:00Z" }, "geometry": { "type": "LineString", "coordinates": [ [ 86.2779301, 20.9346501 ], [ 86.2855578, 20.929797 ] ] } },
{ "type": "Feature", "properties": { "@osmId": "way/218407188", "@snapshotTimestamp": "2019-01-01T00:00:00Z" }, "geometry": { "type": "LineString", "coordinates": [ [ 86.2660035, 20.9345791 ], [ 86.265192, 20.9342524 ] ] } },
{ "type": "Feature", "properties": { "@osmId": "way/218407221", "@snapshotTimestamp": "2019-01-01T00:00:00Z" }, "geometry": { "type": "LineString", "coordinates": [ [ 86.2651533, 20.9343686 ], [ 86.2659777, 20.9347057 ] ] } },
{ "type": "Feature", "properties": { "@osmId": "way/44949354", "@snapshotTimestamp": "2019-01-01T00:00:00Z" }, "geometry": { "type": "LineString", "coordinates": [ [ 86.277613, 20.934432 ], [ 86.2753891, 20.9357975 ] ] } },
{ "type": "Feature", "properties": { "@osmId": "way/377170051", "@snapshotTimestamp": "2019-01-01T00:00:00Z" }, "geometry": { "type": "LineString", "coordinates": [ [ 86.1402833, 20.9389512 ], [ 86.142788, 20.9401256 ] ] } },
{ "type": "Feature", "properties": { "@osmId": "way/377044119", "@snapshotTimestamp": "2019-01-01T00:00:00Z" }, "geometry": { "type": "LineString", "coordinates": [ [ 86.1287245, 20.9384467 ], [ 86.1404376, 20.938631 ] ] } },
{ "type": "Feature", "properties": { "@osmId": "way/377169864", "@snapshotTimestamp": "2019-01-01T00:00:00Z" }, "geometry": { "type": "LineString", "coordinates": [ [ 86.1342128, 20.9392089 ], [ 86.1342087, 20.9396176 ] ] } },
{ "type": "Feature", "properties": { "@osmId": "way/377044122", "@snapshotTimestamp": "2019-01-01T00:00:00Z" }, "geometry": { "type": "LineString", "coordinates": [ [ 86.1326497, 20.9423963 ], [ 86.1316707, 20.9389356 ] ] } },
{ "type": "Feature", "properties": { "@osmId": "way/377169504", "@snapshotTimestamp": "2019-01-01T00:00:00Z" }, "geometry": { "type": "LineString", "coordinates": [ [ 86.1338026, 20.9416731 ], [ 86.1349291, 20.9400262 ] ] } },
{ "type": "Feature", "properties": { "@osmId": "way/377044118", "@snapshotTimestamp": "2019-01-01T00:00:00Z" }, "geometry": { "type": "LineString", "coordinates": [ [ 86.1292878, 20.9418346 ], [ 86.1294812, 20.9412387 ] ] } },
{ "type": "Feature", "properties": { "@osmId": "way/377169503", "@snapshotTimestamp": "2019-01-01T00:00:00Z" }, "geometry": { "type": "LineString", "coordinates": [ [ 86.135197, 20.9415061 ], [ 86.1327364, 20.9419942 ] ] } },
{ "type": "Feature", "properties": { "@osmId": "way/263322805", "@snapshotTimestamp": "2019-01-01T00:00:00Z" }, "geometry": { "type": "LineString", "coordinates": [ [ 86.1292878, 20.9418346 ], [ 86.1366207, 20.9438834 ] ] } },
{ "type": "Feature", "properties": { "@osmId": "way/263322804", "@snapshotTimestamp": "2019-01-01T00:00:00Z" }, "geometry": { "type": "LineString", "coordinates": [ [ 86.1359662, 20.9452535 ], [ 86.1292878, 20.9418346 ] ] } },
{ "type": "Feature", "properties": { "@osmId": "way/263322806", "@snapshotTimestamp": "2019-01-01T00:00:00Z" }, "geometry": { "type": "LineString", "coordinates": [ [ 86.1329261, 20.942841 ], [ 86.1357562, 20.9440404 ] ] } },
{ "type": "Feature", "properties": { "@osmId": "way/377170011", "@snapshotTimestamp": "2019-01-01T00:00:00Z" }, "geometry": { "type": "LineString", "coordinates": [ [ 86.1383154, 20.9433772 ], [ 86.1376976, 20.9442634 ] ] } },
{ "type": "Feature", "properties": { "@osmId": "way/377170012", "@snapshotTimestamp": "2019-01-01T00:00:00Z" }, "geometry": { "type": "LineString", "coordinates": [ [ 86.1378483, 20.9442201 ], [ 86.1376349, 20.9435367 ] ] } },
{ "type": "Feature", "properties": { "@osmId": "way/377170010", "@snapshotTimestamp": "2019-01-01T00:00:00Z" }, "geometry": { "type": "LineString", "coordinates": [ [ 86.1370027, 20.9446665 ], [ 86.1371699, 20.9436456 ] ] } },
{ "type": "Feature", "properties": { "@osmId": "way/377169350", "@snapshotTimestamp": "2019-01-01T00:00:00Z" }, "geometry": { "type": "LineString", "coordinates": [ [ 86.1393495, 20.9453639 ], [ 86.140286, 20.9430398 ] ] } },
{ "type": "Feature", "properties": { "@osmId": "way/377169417", "@snapshotTimestamp": "2019-01-01T00:00:00Z" }, "geometry": { "type": "LineString", "coordinates": [ [ 86.1389477, 20.9453705 ], [ 86.1368925, 20.9446473 ] ] } },
{ "type": "Feature", "properties": { "@osmId": "way/377169349", "@snapshotTimestamp": "2019-01-01T00:00:00Z" }, "geometry": { "type": "LineString", "coordinates": [ [ 86.1393495, 20.9453639 ], [ 86.142108, 20.9448466 ] ] } },
{ "type": "Feature", "properties": { "@osmId": "way/263322807", "@snapshotTimestamp": "2019-01-01T00:00:00Z" }, "geometry": { "type": "LineString", "coordinates": [ [ 86.1338136, 20.9476747 ], [ 86.1312591, 20.9434713 ] ] } },
{ "type": "Feature", "properties": { "@osmId": "way/377169416", "@snapshotTimestamp": "2019-01-01T00:00:00Z" }, "geometry": { "type": "LineString", "coordinates": [ [ 86.1393495, 20.9453639 ], [ 86.1423803, 20.9454618 ] ] } },
{ "type": "Feature", "properties": { "@osmId": "way/238921163", "@snapshotTimestamp": "2019-01-01T00:00:00Z" }, "geometry": { "type": "LineString", "coordinates": [ [ 86.1389477, 20.9453705 ], [ 86.1387763, 20.9458923 ] ] } },
{ "type": "Feature", "properties": { "@osmId": "way/377169216", "@snapshotTimestamp": "2019-01-01T00:00:00Z" }, "geometry": { "type": "LineString", "coordinates": [ [ 86.1358027, 20.9463482 ], [ 86.1372509, 20.9459574 ] ] } },
{ "type": "Feature", "properties": { "@osmId": "way/377169310", "@snapshotTimestamp": "2019-01-01T00:00:00Z" }, "geometry": { "type": "LineString", "coordinates": [ [ 86.13746, 20.946519 ], [ 86.1385926, 20.9464752 ] ] } },
{ "type": "Feature", "properties": { "@osmId": "way/377169066", "@snapshotTimestamp": "2019-01-01T00:00:00Z" }, "geometry": { "type": "LineString", "coordinates": [ [ 86.1362692, 20.9480632 ], [ 86.1354985, 20.9457914 ] ] } },
{ "type": "Feature", "properties": { "@osmId": "way/263322014", "@snapshotTimestamp": "2019-01-01T00:00:00Z" }, "geometry": { "type": "LineString", "coordinates": [ [ 86.1298476, 20.9522025 ], [ 86.1405804, 20.9428467 ] ] } },
{ "type": "Feature", "properties": { "@osmId": "way/377169065", "@snapshotTimestamp": "2019-01-01T00:00:00Z" }, "geometry": { "type": "LineString", "coordinates": [ [ 86.1357465, 20.9487083 ], [ 86.1377207, 20.9475976 ] ] } },
{ "type": "Feature", "properties": { "@osmId": "way/263333484", "@snapshotTimestamp": "2019-01-01T00:00:00Z" }, "geometry": { "type": "LineString", "coordinates": [ [ 86.0690054, 20.9441652 ], [ 86.0849693, 20.9638006 ] ] } },
{ "type": "Feature", "properties": { "@osmId": "way/263333483", "@snapshotTimestamp": "2019-01-01T00:00:00Z" }, "geometry": { "type": "LineString", "coordinates": [ [ 86.0630197, 20.9543641 ], [ 86.0535491, 20.967545 ] ] } },
{ "type": "Feature", "properties": { "@osmId": "way/86201468", "@snapshotTimestamp": "2019-01-01T00:00:00Z" }, "geometry": { "type": "LineString", "coordinates": [ [ 86.1271441, 20.9550384 ], [ 86.0442535, 20.9698061 ] ] } },
{ "type": "Feature", "properties": { "@osmId": "way/482698557", "@snapshotTimestamp": "2019-01-01T00:00:00Z" }, "geometry": { "type": "LineString", "coordinates": [ [ 86.0611997, 20.9666077 ], [ 86.0547298, 20.9679273 ] ] } },
{ "type": "Feature", "properties": { "@osmId": "way/377052159", "@snapshotTimestamp": "2019-01-01T00:00:00Z" }, "geometry": { "type": "LineString", "coordinates": [ [ 86.0849693, 20.9638006 ], [ 86.0993568, 20.9720988 ] ] } },
{ "type": "Feature", "properties": { "@osmId": "way/377046380", "@snapshotTimestamp": "2019-01-01T00:00:00Z" }, "geometry": { "type": "LineString", "coordinates": [ [ 86.1242715, 20.9723753 ], [ 86.1060085, 20.9754207 ] ] } },
{ "type": "Feature", "properties": { "@osmId": "way/263330794", "@snapshotTimestamp": "2019-01-01T00:00:00Z" }, "geometry": { "type": "LineString", "coordinates": [ [ 86.0672555, 21.0302338 ], [ 86.0578838, 21.0267789 ] ] } },
{ "type": "Feature", "properties": { "@osmId": "way/263330789", "@snapshotTimestamp": "2019-01-01T00:00:00Z" }, "geometry": { "type": "LineString", "coordinates": [ [ 86.1245488, 21.0353199 ], [ 86.0937036, 21.0516338 ] ] } },
{ "type": "Feature", "properties": { "@osmId": "way/263330793", "@snapshotTimestamp": "2019-01-01T00:00:00Z" }, "geometry": { "type": "LineString", "coordinates": [ [ 86.0815409, 21.0596477 ], [ 86.0672555, 21.0302338 ] ] } },
{ "type": "Feature", "properties": { "@osmId": "way/238921159", "@snapshotTimestamp": "2019-01-01T00:00:00Z" }, "geometry": { "type": "LineString", "coordinates": [ [ 86.1387763, 20.9458923 ], [ 86.1090652, 21.0624823 ], [ 86.1222138, 21.1616374 ] ] } },
{ "type": "Feature", "properties": { "@osmId": "way/263330792", "@snapshotTimestamp": "2019-01-01T00:00:00Z" }, "geometry": { "type": "LineString", "coordinates": [ [ 86.0853282, 21.0631619 ], [ 86.0815409, 21.0596477 ] ] } },
{ "type": "Feature", "properties": { "@osmId": "way/263330791", "@snapshotTimestamp": "2019-01-01T00:00:00Z" }, "geometry": { "type": "LineString", "coordinates": [ [ 86.1100328, 21.072962 ], [ 86.0853282, 21.0631619 ] ] } },
{ "type": "Feature", "properties": { "@osmId": "way/263330795", "@snapshotTimestamp": "2019-01-01T00:00:00Z" }, "geometry": { "type": "LineString", "coordinates": [ [ 86.1090806, 21.0628432 ], [ 86.0888179, 21.1151198 ] ] } },
{ "type": "Feature", "properties": { "@osmId": "way/238921167", "@snapshotTimestamp": "2019-01-01T00:00:00Z" }, "geometry": { "type": "LineString", "coordinates": [ [ 86.1222138, 21.1616374 ], [ 86.1248089, 21.1616636 ] ] } },
{ "type": "Feature", "properties": { "@osmId": "way/233817221", "@snapshotTimestamp": "2019-01-01T00:00:00Z" }, "geometry": { "type": "LineString", "coordinates": [ [ 86.2333863, 21.1771834 ], [ 86.1341304, 21.2105183 ] ] } },
{ "type": "Feature", "properties": { "@osmId": "way/238921175", "@snapshotTimestamp": "2019-01-01T00:00:00Z" }, "geometry": { "type": "LineString", "coordinates": [ [ 86.1248089, 21.1616636 ], [ 86.0963623, 21.2341917 ] ] } },
{ "type": "Feature", "properties": { "@osmId": "way/160441599", "@snapshotTimestamp": "2019-01-01T00:00:00Z" }, "geometry": { "type": "LineString", "coordinates": [ [ 86.0442535, 20.9698061 ], [ 85.9885325, 20.9881267 ] ] } },
{ "type": "Feature", "properties": { "@osmId": "way/22828243", "@snapshotTimestamp": "2019-01-01T00:00:00Z" }, "geometry": { "type": "LineString", "coordinates": [ [ 85.9885325, 20.9881267 ], [ 85.9838219, 21.0915195 ], [ 85.9542879, 21.0866518 ], [ 85.928865, 21.1227876 ] ] } },
{ "type": "Feature", "properties": { "@osmId": "way/467467695", "@snapshotTimestamp": "2019-01-01T00:00:00Z" }, "geometry": { "type": "LineString", "coordinates": [ [ 85.928865, 21.1227876 ], [ 85.929989, 21.1356784 ] ] } },
{ "type": "Feature", "properties": { "@osmId": "way/467467694", "@snapshotTimestamp": "2019-01-01T00:00:00Z" }, "geometry": { "type": "LineString", "coordinates": [ [ 85.929989, 21.1356784 ], [ 85.9300938, 21.1372366 ] ] } },
{ "type": "Feature", "properties": { "@osmId": "way/467467693", "@snapshotTimestamp": "2019-01-01T00:00:00Z" }, "geometry": { "type": "LineString", "coordinates": [ [ 85.9300938, 21.1372366 ], [ 85.9294651, 21.1454009 ] ] } },
{ "type": "Feature", "properties": { "@osmId": "way/467467692", "@snapshotTimestamp": "2019-01-01T00:00:00Z" }, "geometry": { "type": "LineString", "coordinates": [ [ 85.9294651, 21.1454009 ], [ 85.9300893, 21.1454647 ] ] } },
{ "type": "Feature", "properties": { "@osmId": "way/238921161", "@snapshotTimestamp": "2019-01-01T00:00:00Z" }, "geometry": { "type": "LineString", "coordinates": [ [ 86.0405203, 21.3251387 ], [ 86.0404307, 21.3265275 ] ] } },
{ "type": "Feature", "properties": { "@osmId": "way/238921171", "@snapshotTimestamp": "2019-01-01T00:00:00Z" }, "geometry": { "type": "LineString", "coordinates": [ [ 86.0404307, 21.3265275 ], [ 85.8860169, 21.4050745 ] ] } },
{ "type": "Feature", "properties": { "@osmId": "way/233758664", "@snapshotTimestamp": "2019-01-01T00:00:00Z" }, "geometry": { "type": "LineString", "coordinates": [ [ 85.8997141, 21.6435875 ], [ 85.9073981, 21.6491097 ] ] } },
{ "type": "Feature", "properties": { "@osmId": "way/233758663", "@snapshotTimestamp": "2019-01-01T00:00:00Z" }, "geometry": { "type": "LineString", "coordinates": [ [ 85.9073981, 21.6491097 ], [ 85.9148834, 21.6648581 ] ] } },
{ "type": "Feature", "properties": { "@osmId": "way/86201456", "@snapshotTimestamp": "2019-01-01T00:00:00Z" }, "geometry": { "type": "LineString", "coordinates": [ [ 86.120449, 21.1996402 ], [ 86.1301309, 21.2020963 ] ] } },
{ "type": "Feature", "properties": { "@osmId": "way/178743929", "@snapshotTimestamp": "2019-01-01T00:00:00Z" }, "geometry": { "type": "LineString", "coordinates": [ [ 86.1301309, 21.2020963 ], [ 86.1326265, 21.2076548 ] ] } },
{ "type": "Feature", "properties": { "@osmId": "way/238921170", "@snapshotTimestamp": "2019-01-01T00:00:00Z" }, "geometry": { "type": "LineString", "coordinates": [ [ 86.0963623, 21.2341917 ], [ 86.0963877, 21.2344349 ] ] } },
{ "type": "Feature", "properties": { "@osmId": "way/238921172", "@snapshotTimestamp": "2019-01-01T00:00:00Z" }, "geometry": { "type": "LineString", "coordinates": [ [ 86.0963877, 21.2344349 ], [ 86.0820948, 21.2762606 ] ] } },
{ "type": "Feature", "properties": { "@osmId": "way/238921162", "@snapshotTimestamp": "2019-01-01T00:00:00Z" }, "geometry": { "type": "LineString", "coordinates": [ [ 86.0820948, 21.2762606 ], [ 86.0821564, 21.2768429 ] ] } },
{ "type": "Feature", "properties": { "@osmId": "way/238921174", "@snapshotTimestamp": "2019-01-01T00:00:00Z" }, "geometry": { "type": "LineString", "coordinates": [ [ 86.0821564, 21.2768429 ], [ 86.0405203, 21.3251387 ] ] } },
{ "type": "Feature", "properties": { "@osmId": "way/178743928", "@snapshotTimestamp": "2019-01-01T00:00:00Z" }, "geometry": { "type": "LineString", "coordinates": [ [ 86.1554966, 21.5209412 ], [ 86.1633133, 21.4042913 ], [ 86.0944037, 21.2983152 ], [ 86.1276176, 21.263019 ], [ 86.1326265, 21.2076548 ] ] } },
{ "type": "Feature", "properties": { "@osmId": "way/178743930", "@snapshotTimestamp": "2019-01-01T00:00:00Z" }, "geometry": { "type": "LineString", "coordinates": [ [ 86.1554966, 21.5209412 ], [ 86.1018042, 21.6402021 ], [ 86.1053367, 21.6863706 ], [ 85.9808481, 21.775007 ] ] } },
{ "type": "Feature", "properties": { "@osmId": "way/233758659", "@snapshotTimestamp": "2019-01-01T00:00:00Z" }, "geometry": { "type": "LineString", "coordinates": [ [ 86.0391072, 21.8989733 ], [ 86.0670722, 21.9608924 ] ] } },
{ "type": "Feature", "properties": { "@osmId": "way/217495504", "@snapshotTimestamp": "2019-01-01T00:00:00Z" }, "geometry": { "type": "LineString", "coordinates": [ [ 86.0670722, 21.9608924 ], [ 86.067329, 21.9622168 ] ] } },
{ "type": "Feature", "properties": { "@osmId": "way/90613701", "@snapshotTimestamp": "2019-01-01T00:00:00Z" }, "geometry": { "type": "LineString", "coordinates": [ [ 85.8389865, 20.4919122 ], [ 85.8164335, 20.4865863 ] ] } },
{ "type": "Feature", "properties": { "@osmId": "way/461349950", "@snapshotTimestamp": "2019-01-01T00:00:00Z" }, "geometry": { "type": "LineString", "coordinates": [ [ 85.8231917, 20.5103391 ], [ 85.8163483, 20.4866465 ] ] } },
{ "type": "Feature", "properties": { "@osmId": "way/461353696", "@snapshotTimestamp": "2019-01-01T00:00:00Z" }, "geometry": { "type": "LineString", "coordinates": [ [ 85.8231917, 20.5103391 ], [ 85.8052767, 20.5081447 ] ] } },
{ "type": "Feature", "properties": { "@osmId": "way/461353471", "@snapshotTimestamp": "2019-01-01T00:00:00Z" }, "geometry": { "type": "LineString", "coordinates": [ [ 85.8258102, 20.5230354 ], [ 85.8231917, 20.5103391 ] ] } },
{ "type": "Feature", "properties": { "@osmId": "way/178743966", "@snapshotTimestamp": "2019-01-01T00:00:00Z" }, "geometry": { "type": "LineString", "coordinates": [ [ 85.8400101, 20.8134251 ], [ 85.8170701, 20.7925209 ] ] } },
{ "type": "Feature", "properties": { "@osmId": "way/637862540", "@snapshotTimestamp": "2019-01-01T00:00:00Z" }, "geometry": { "type": "LineString", "coordinates": [ [ 85.8423859, 21.2998342 ], [ 85.8071463, 21.326854 ] ] } },
{ "type": "Feature", "properties": { "@osmId": "way/238921165", "@snapshotTimestamp": "2019-01-01T00:00:00Z" }, "geometry": { "type": "LineString", "coordinates": [ [ 85.8065895, 21.5338348 ], [ 85.8063309, 21.5342973 ] ] } },
{ "type": "Feature", "properties": { "@osmId": "way/217495502", "@snapshotTimestamp": "2019-01-01T00:00:00Z" }, "geometry": { "type": "LineString", "coordinates": [ [ 85.807843, 21.8156172 ], [ 85.8098921, 21.8152939 ] ] } },
{ "type": "Feature", "properties": { "@osmId": "way/217495506", "@snapshotTimestamp": "2019-01-01T00:00:00Z" }, "geometry": { "type": "LineString", "coordinates": [ [ 85.8098921, 21.8152939 ], [ 85.832721, 21.821837 ] ] } },
{ "type": "Feature", "properties": { "@osmId": "way/354181577", "@snapshotTimestamp": "2019-01-01T00:00:00Z" }, "geometry": { "type": "LineString", "coordinates": [ [ 85.8360818, 20.8810515 ], [ 85.8366166, 20.8810939 ] ] } },
{ "type": "Feature", "properties": { "@osmId": "way/354181668", "@snapshotTimestamp": "2019-01-01T00:00:00Z" }, "geometry": { "type": "LineString", "coordinates": [ [ 85.8362085, 20.8804128 ], [ 85.8368149, 20.8818023 ] ] } },
{ "type": "Feature", "properties": { "@osmId": "way/354181695", "@snapshotTimestamp": "2019-01-01T00:00:00Z" }, "geometry": { "type": "LineString", "coordinates": [ [ 85.835882, 20.8822445 ], [ 85.8337235, 20.8830167 ] ] } },
{ "type": "Feature", "properties": { "@osmId": "way/587609307", "@snapshotTimestamp": "2019-01-01T00:00:00Z" }, "geometry": { "type": "LineString", "coordinates": [ [ 85.8337259, 20.8999128 ], [ 85.8506677, 20.9019018 ] ] } },
{ "type": "Feature", "properties": { "@osmId": "way/217771626", "@snapshotTimestamp": "2019-01-01T00:00:00Z" }, "geometry": { "type": "LineString", "coordinates": [ [ 85.8412586, 20.9203147 ], [ 85.8320696, 20.8844396 ] ] } },
{ "type": "Feature", "properties": { "@osmId": "way/217771619", "@snapshotTimestamp": "2019-01-01T00:00:00Z" }, "geometry": { "type": "LineString", "coordinates": [ [ 85.8416106, 20.9206656 ], [ 85.8412586, 20.9203147 ] ] } },
{ "type": "Feature", "properties": { "@osmId": "way/178743970", "@snapshotTimestamp": "2019-01-01T00:00:00Z" }, "geometry": { "type": "LineString", "coordinates": [ [ 85.9542879, 21.0866518 ], [ 85.777703, 21.0532949 ], [ 85.7304431, 21.0177943 ], [ 85.8075829, 20.9692861 ], [ 85.868604, 20.9609135 ] ] } },
{ "type": "Feature", "properties": { "@osmId": "way/238921178", "@snapshotTimestamp": "2019-01-01T00:00:00Z" }, "geometry": { "type": "LineString", "coordinates": [ [ 85.8692604, 21.448164 ], [ 85.8065895, 21.5338348 ] ] } },
{ "type": "Feature", "properties": { "@osmId": "way/22828290", "@snapshotTimestamp": "2019-01-01T00:00:00Z" }, "geometry": { "type": "LineString", "coordinates": [ [ 85.8331919, 21.4974913 ], [ 85.8670939, 21.5192342 ] ] } },
{ "type": "Feature", "properties": { "@osmId": "way/217771615", "@snapshotTimestamp": "2019-01-01T00:00:00Z" }, "geometry": { "type": "LineString", "coordinates": [ [ 85.7425048, 20.921523 ], [ 85.7417742, 20.9215119 ] ] } },
{ "type": "Feature", "properties": { "@osmId": "way/467467691", "@snapshotTimestamp": "2019-01-01T00:00:00Z" }, "geometry": { "type": "LineString", "coordinates": [ [ 85.7973762, 21.3336717 ], [ 85.7971359, 21.3338961 ] ] } },
{ "type": "Feature", "properties": { "@osmId": "way/467467690", "@snapshotTimestamp": "2019-01-01T00:00:00Z" }, "geometry": { "type": "LineString", "coordinates": [ [ 85.7971359, 21.3338961 ], [ 85.7811854, 21.3450394 ] ] } },
{ "type": "Feature", "properties": { "@osmId": "way/467467707", "@snapshotTimestamp": "2019-01-01T00:00:00Z" }, "geometry": { "type": "LineString", "coordinates": [ [ 85.7811854, 21.3450394 ], [ 85.7803608, 21.3457092 ] ] } },
{ "type": "Feature", "properties": { "@osmId": "way/22828247", "@snapshotTimestamp": "2019-01-01T00:00:00Z" }, "geometry": { "type": "LineString", "coordinates": [ [ 85.7803608, 21.3457092 ], [ 85.6619453, 21.5502302 ] ] } },
{ "type": "Feature", "properties": { "@osmId": "way/637862534", "@snapshotTimestamp": "2019-01-01T00:00:00Z" }, "geometry": { "type": "LineString", "coordinates": [ [ 85.6619453, 21.5502302 ], [ 85.6614277, 21.5508289 ] ] } },
{ "type": "Feature", "properties": { "@osmId": "way/238921177", "@snapshotTimestamp": "2019-01-01T00:00:00Z" }, "geometry": { "type": "LineString", "coordinates": [ [ 85.8063309, 21.5342973 ], [ 85.7661667, 21.5635433 ], [ 85.6988998, 21.5676789 ] ] } },
{ "type": "Feature", "properties": { "@osmId": "way/637862536", "@snapshotTimestamp": "2019-01-01T00:00:00Z" }, "geometry": { "type": "LineString", "coordinates": [ [ 85.6614277, 21.5508289 ], [ 85.6501454, 21.5691411 ] ] } },
{ "type": "Feature", "properties": { "@osmId": "way/238921168", "@snapshotTimestamp": "2019-01-01T00:00:00Z" }, "geometry": { "type": "LineString", "coordinates": [ [ 85.6988998, 21.5676789 ], [ 85.6979351, 21.5679326 ] ] } },
{ "type": "Feature", "properties": { "@osmId": "way/467467699", "@snapshotTimestamp": "2019-01-01T00:00:00Z" }, "geometry": { "type": "LineString", "coordinates": [ [ 85.6501454, 21.5691411 ], [ 85.6503846, 21.569911 ] ] } },
{ "type": "Feature", "properties": { "@osmId": "way/22828242", "@snapshotTimestamp": "2019-01-01T00:00:00Z" }, "geometry": { "type": "LineString", "coordinates": [ [ 85.9300893, 21.1454647 ], [ 85.927189, 21.2382224 ], [ 85.7973762, 21.3336717 ] ] } },
{ "type": "Feature", "properties": { "@osmId": "way/238921173", "@snapshotTimestamp": "2019-01-01T00:00:00Z" }, "geometry": { "type": "LineString", "coordinates": [ [ 85.8860169, 21.4050745 ], [ 85.869912, 21.4477047 ] ] } },
{ "type": "Feature", "properties": { "@osmId": "way/238921164", "@snapshotTimestamp": "2019-01-01T00:00:00Z" }, "geometry": { "type": "LineString", "coordinates": [ [ 85.869912, 21.4477047 ], [ 85.8692604, 21.448164 ] ] } },
{ "type": "Feature", "properties": { "@osmId": "way/233758668", "@snapshotTimestamp": "2019-01-01T00:00:00Z" }, "geometry": { "type": "LineString", "coordinates": [ [ 85.8670939, 21.5192342 ], [ 85.8673091, 21.5197066 ] ] } },
{ "type": "Feature", "properties": { "@osmId": "way/233758685", "@snapshotTimestamp": "2019-01-01T00:00:00Z" }, "geometry": { "type": "LineString", "coordinates": [ [ 85.8673091, 21.5197066 ], [ 85.896608, 21.621933 ] ] } },
{ "type": "Feature", "properties": { "@osmId": "way/233758674", "@snapshotTimestamp": "2019-01-01T00:00:00Z" }, "geometry": { "type": "LineString", "coordinates": [ [ 85.896608, 21.621933 ], [ 85.8964038, 21.6221434 ] ] } },
{ "type": "Feature", "properties": { "@osmId": "way/233758676", "@snapshotTimestamp": "2019-01-01T00:00:00Z" }, "geometry": { "type": "LineString", "coordinates": [ [ 85.8964038, 21.6221434 ], [ 85.8981451, 21.6416648 ] ] } },
{ "type": "Feature", "properties": { "@osmId": "way/233758667", "@snapshotTimestamp": "2019-01-01T00:00:00Z" }, "geometry": { "type": "LineString", "coordinates": [ [ 85.8981451, 21.6416648 ], [ 85.8997141, 21.6435875 ] ] } },
{ "type": "Feature", "properties": { "@osmId": "way/217495507", "@snapshotTimestamp": "2019-01-01T00:00:00Z" }, "geometry": { "type": "LineString", "coordinates": [ [ 85.832721, 21.821837 ], [ 85.9174584, 21.8539926 ] ] } },
{ "type": "Feature", "properties": { "@osmId": "way/240342968", "@snapshotTimestamp": "2019-01-01T00:00:00Z" }, "geometry": { "type": "LineString", "coordinates": [ [ 85.6327276, 21.6544312 ], [ 85.6379845, 21.6574401 ] ] } },
{ "type": "Feature", "properties": { "@osmId": "way/136162350", "@snapshotTimestamp": "2019-01-01T00:00:00Z" }, "geometry": { "type": "LineString", "coordinates": [ [ 85.6105315, 21.6339505 ], [ 85.7180216, 21.6641313 ], [ 85.7614296, 21.6530459 ], [ 85.8013935, 21.6841927 ], [ 85.8949831, 21.6302054 ] ] } },
{ "type": "Feature", "properties": { "@osmId": "way/240342991", "@snapshotTimestamp": "2019-01-01T00:00:00Z" }, "geometry": { "type": "LineString", "coordinates": [ [ 85.6379845, 21.6574401 ], [ 85.6435856, 21.6610352 ] ] } },
{ "type": "Feature", "properties": { "@osmId": "way/217495500", "@snapshotTimestamp": "2019-01-01T00:00:00Z" }, "geometry": { "type": "LineString", "coordinates": [ [ 85.6435856, 21.6610352 ], [ 85.644263, 21.661635 ] ] } },
{ "type": "Feature", "properties": { "@osmId": "way/217495495", "@snapshotTimestamp": "2019-01-01T00:00:00Z" }, "geometry": { "type": "LineString", "coordinates": [ [ 85.644263, 21.661635 ], [ 85.7825688, 21.7691383 ], [ 85.807843, 21.8156172 ] ] } },
{ "type": "Feature", "properties": { "@osmId": "way/117491870", "@snapshotTimestamp": "2019-01-01T00:00:00Z" }, "geometry": { "type": "LineString", "coordinates": [ [ 85.6037855, 21.9637716 ], [ 85.6657831, 22.0669329 ] ] } },
{ "type": "Feature", "properties": { "@osmId": "way/387691932", "@snapshotTimestamp": "2019-01-01T00:00:00Z" }, "geometry": { "type": "LineString", "coordinates": [ [ 85.6657831, 22.0669329 ], [ 85.6699807, 22.0700009 ] ] } },
{ "type": "Feature", "properties": { "@osmId": "way/238926726", "@snapshotTimestamp": "2019-01-01T00:00:00Z" }, "geometry": { "type": "LineString", "coordinates": [ [ 85.6699807, 22.0700009 ], [ 85.6712556, 22.0703843 ] ] } },
{ "type": "Feature", "properties": { "@osmId": "way/238926731", "@snapshotTimestamp": "2019-01-01T00:00:00Z" }, "geometry": { "type": "LineString", "coordinates": [ [ 85.6712556, 22.0703843 ], [ 85.672741320045347, 22.070832442904393 ] ] } },
{ "type": "Feature", "properties": { "@osmId": "way/151113150", "@snapshotTimestamp": "2019-01-01T00:00:00Z" }, "geometry": { "type": "LineString", "coordinates": [ [ 85.1700261, 21.0195375 ], [ 85.1104616, 21.0238677 ], [ 85.0388599, 21.1207325 ] ] } },
{ "type": "Feature", "properties": { "@osmId": "way/217993659", "@snapshotTimestamp": "2019-01-01T00:00:00Z" }, "geometry": { "type": "LineString", "coordinates": [ [ 85.1325375, 21.0723463 ], [ 85.1300934, 21.0769782 ] ] } },
{ "type": "Feature", "properties": { "@osmId": "way/217993648", "@snapshotTimestamp": "2019-01-01T00:00:00Z" }, "geometry": { "type": "LineString", "coordinates": [ [ 85.1300934, 21.0769782 ], [ 85.1308957, 21.0781788 ] ] } },
{ "type": "Feature", "properties": { "@osmId": "way/217993656", "@snapshotTimestamp": "2019-01-01T00:00:00Z" }, "geometry": { "type": "LineString", "coordinates": [ [ 85.1308957, 21.0781788 ], [ 85.1319233, 21.0783333 ] ] } },
{ "type": "Feature", "properties": { "@osmId": "way/217993651", "@snapshotTimestamp": "2019-01-01T00:00:00Z" }, "geometry": { "type": "LineString", "coordinates": [ [ 85.1319233, 21.0783333 ], [ 85.1299717, 21.083719 ] ] } },
{ "type": "Feature", "properties": { "@osmId": "way/217993653", "@snapshotTimestamp": "2019-01-01T00:00:00Z" }, "geometry": { "type": "LineString", "coordinates": [ [ 85.1299717, 21.083719 ], [ 85.1296616, 21.0839611 ] ] } },
{ "type": "Feature", "properties": { "@osmId": "way/217993662", "@snapshotTimestamp": "2019-01-01T00:00:00Z" }, "geometry": { "type": "LineString", "coordinates": [ [ 85.1296616, 21.0839611 ], [ 85.1225562, 21.1021661 ], [ 85.156281, 21.1239843 ] ] } },
{ "type": "Feature", "properties": { "@osmId": "way/201428217", "@snapshotTimestamp": "2019-01-01T00:00:00Z" }, "geometry": { "type": "LineString", "coordinates": [ [ 85.0388599, 21.1207325 ], [ 85.0393441, 21.1228832 ] ] } },
{ "type": "Feature", "properties": { "@osmId": "way/217993657", "@snapshotTimestamp": "2019-01-01T00:00:00Z" }, "geometry": { "type": "LineString", "coordinates": [ [ 85.156281, 21.1239843 ], [ 85.1569791, 21.1262233 ] ] } },
{ "type": "Feature", "properties": { "@osmId": "way/201428220", "@snapshotTimestamp": "2019-01-01T00:00:00Z" }, "geometry": { "type": "LineString", "coordinates": [ [ 85.0393441, 21.1228832 ], [ 85.0594053, 21.1450112 ] ] } },
{ "type": "Feature", "properties": { "@osmId": "way/217771620", "@snapshotTimestamp": "2019-01-01T00:00:00Z" }, "geometry": { "type": "LineString", "coordinates": [ [ 85.3775462, 20.9411567 ], [ 85.37663, 20.9405068 ] ] } },
{ "type": "Feature", "properties": { "@osmId": "way/217771622", "@snapshotTimestamp": "2019-01-01T00:00:00Z" }, "geometry": { "type": "LineString", "coordinates": [ [ 85.4543331, 20.9409668 ], [ 85.4535538, 20.941168 ] ] } },
{ "type": "Feature", "properties": { "@osmId": "way/217771608", "@snapshotTimestamp": "2019-01-01T00:00:00Z" }, "geometry": { "type": "LineString", "coordinates": [ [ 85.4535538, 20.941168 ], [ 85.3775462, 20.9411567 ] ] } },
{ "type": "Feature", "properties": { "@osmId": "way/22828599", "@snapshotTimestamp": "2019-01-01T00:00:00Z" }, "geometry": { "type": "LineString", "coordinates": [ [ 85.2248994, 20.950248 ], [ 85.2182914, 20.9572636 ] ] } },
{ "type": "Feature", "properties": { "@osmId": "way/217771641", "@snapshotTimestamp": "2019-01-01T00:00:00Z" }, "geometry": { "type": "LineString", "coordinates": [ [ 85.2182914, 20.9572636 ], [ 85.2176283, 20.957956 ] ] } },
{ "type": "Feature", "properties": { "@osmId": "way/217771642", "@snapshotTimestamp": "2019-01-01T00:00:00Z" }, "geometry": { "type": "LineString", "coordinates": [ [ 85.2176283, 20.957956 ], [ 85.2164918, 20.9630862 ] ] } },
{ "type": "Feature", "properties": { "@osmId": "way/49710912", "@snapshotTimestamp": "2019-01-01T00:00:00Z" }, "geometry": { "type": "LineString", "coordinates": [ [ 85.1900938, 21.2413569 ], [ 85.196666, 21.26372 ] ] } },
{ "type": "Feature", "properties": { "@osmId": "way/198154178", "@snapshotTimestamp": "2019-01-01T00:00:00Z" }, "geometry": { "type": "LineString", "coordinates": [ [ 85.18785, 21.432788 ], [ 85.1898461, 21.4371506 ] ] } },
{ "type": "Feature", "properties": { "@osmId": "way/217489149", "@snapshotTimestamp": "2019-01-01T00:00:00Z" }, "geometry": { "type": "LineString", "coordinates": [ [ 85.1890875, 21.4385256 ], [ 85.1898461, 21.4371506 ] ] } },
{ "type": "Feature", "properties": { "@osmId": "way/217489151", "@snapshotTimestamp": "2019-01-01T00:00:00Z" }, "geometry": { "type": "LineString", "coordinates": [ [ 85.1886707, 21.4393366 ], [ 85.1890875, 21.4385256 ] ] } },
{ "type": "Feature", "properties": { "@osmId": "way/217993652", "@snapshotTimestamp": "2019-01-01T00:00:00Z" }, "geometry": { "type": "LineString", "coordinates": [ [ 85.1569791, 21.1262233 ], [ 85.1587711, 21.195325 ], [ 85.1900938, 21.2413569 ] ] } },
{ "type": "Feature", "properties": { "@osmId": "way/91003730", "@snapshotTimestamp": "2019-01-01T00:00:00Z" }, "geometry": { "type": "LineString", "coordinates": [ [ 85.0200561, 21.2637295 ], [ 85.0594053, 21.1450112 ] ] } },
{ "type": "Feature", "properties": { "@osmId": "way/217993650", "@snapshotTimestamp": "2019-01-01T00:00:00Z" }, "geometry": { "type": "LineString", "coordinates": [ [ 85.1733045, 21.3559846 ], [ 85.196666, 21.26372 ] ] } },
{ "type": "Feature", "properties": { "@osmId": "way/49710910", "@snapshotTimestamp": "2019-01-01T00:00:00Z" }, "geometry": { "type": "LineString", "coordinates": [ [ 85.1546107, 21.3816548 ], [ 85.1733045, 21.3559846 ] ] } },
{ "type": "Feature", "properties": { "@osmId": "way/49710908", "@snapshotTimestamp": "2019-01-01T00:00:00Z" }, "geometry": { "type": "LineString", "coordinates": [ [ 85.1546107, 21.3816548 ], [ 85.1518246, 21.3845576 ] ] } },
{ "type": "Feature", "properties": { "@osmId": "way/49710913", "@snapshotTimestamp": "2019-01-01T00:00:00Z" }, "geometry": { "type": "LineString", "coordinates": [ [ 85.1518246, 21.3845576 ], [ 85.18785, 21.432788 ] ] } },
{ "type": "Feature", "properties": { "@osmId": "way/240342995", "@snapshotTimestamp": "2019-01-01T00:00:00Z" }, "geometry": { "type": "LineString", "coordinates": [ [ 85.1362069, 21.4630488 ], [ 85.1886707, 21.4393366 ] ] } },
{ "type": "Feature", "properties": { "@osmId": "way/240342970", "@snapshotTimestamp": "2019-01-01T00:00:00Z" }, "geometry": { "type": "LineString", "coordinates": [ [ 85.1353435, 21.4631066 ], [ 85.1362069, 21.4630488 ] ] } },
{ "type": "Feature", "properties": { "@osmId": "way/240342993", "@snapshotTimestamp": "2019-01-01T00:00:00Z" }, "geometry": { "type": "LineString", "coordinates": [ [ 85.0757375, 21.4829632 ], [ 85.1353435, 21.4631066 ] ] } },
{ "type": "Feature", "properties": { "@osmId": "way/240342979", "@snapshotTimestamp": "2019-01-01T00:00:00Z" }, "geometry": { "type": "LineString", "coordinates": [ [ 85.0754797, 21.4832577 ], [ 85.0757375, 21.4829632 ] ] } },
{ "type": "Feature", "properties": { "@osmId": "way/290744232", "@snapshotTimestamp": "2019-01-01T00:00:00Z" }, "geometry": { "type": "LineString", "coordinates": [ [ 84.8821647, 21.0760974 ], [ 84.8820894, 21.0764446 ] ] } },
{ "type": "Feature", "properties": { "@osmId": "way/290744235", "@snapshotTimestamp": "2019-01-01T00:00:00Z" }, "geometry": { "type": "LineString", "coordinates": [ [ 84.8820894, 21.0764446 ], [ 84.8621467, 21.1004744 ], [ 84.8858554, 21.169967 ] ] } },
{ "type": "Feature", "properties": { "@osmId": "way/290744233", "@snapshotTimestamp": "2019-01-01T00:00:00Z" }, "geometry": { "type": "LineString", "coordinates": [ [ 84.8858554, 21.169967 ], [ 84.8849748, 21.1715458 ] ] } },
{ "type": "Feature", "properties": { "@osmId": "way/290744234", "@snapshotTimestamp": "2019-01-01T00:00:00Z" }, "geometry": { "type": "LineString", "coordinates": [ [ 84.8849748, 21.1715458 ], [ 84.8669428, 21.1889618 ] ] } },
{ "type": "Feature", "properties": { "@osmId": "way/91003739", "@snapshotTimestamp": "2019-01-01T00:00:00Z" }, "geometry": { "type": "LineString", "coordinates": [ [ 84.8760898, 21.1804868 ], [ 84.9171147, 21.3041212 ], [ 85.0200561, 21.2637295 ] ] } },
{ "type": "Feature", "properties": { "@osmId": "way/240342972", "@snapshotTimestamp": "2019-01-01T00:00:00Z" }, "geometry": { "type": "LineString", "coordinates": [ [ 84.8525372, 21.5223463 ], [ 84.8530702, 21.5223541 ] ] } },
{ "type": "Feature", "properties": { "@osmId": "way/549105654", "@snapshotTimestamp": "2019-01-01T00:00:00Z" }, "geometry": { "type": "LineString", "coordinates": [ [ 84.8530702, 21.5223541 ], [ 84.8581597, 21.5267007 ] ] } },
{ "type": "Feature", "properties": { "@osmId": "way/549105653", "@snapshotTimestamp": "2019-01-01T00:00:00Z" }, "geometry": { "type": "LineString", "coordinates": [ [ 84.8581597, 21.5267007 ], [ 84.858491, 21.5272421 ] ] } },
{ "type": "Feature", "properties": { "@osmId": "way/240342994", "@snapshotTimestamp": "2019-01-01T00:00:00Z" }, "geometry": { "type": "LineString", "coordinates": [ [ 84.858491, 21.5272421 ], [ 84.915335, 21.555798 ], [ 84.9900695, 21.5431804 ] ] } },
{ "type": "Feature", "properties": { "@osmId": "way/239921528", "@snapshotTimestamp": "2019-01-01T00:00:00Z" }, "geometry": { "type": "LineString", "coordinates": [ [ 84.9633241, 21.6247753 ], [ 84.8919828, 21.6684764 ], [ 84.8759416, 21.7316911 ] ] } },
{ "type": "Feature", "properties": { "@osmId": "way/217991284", "@snapshotTimestamp": "2019-01-01T00:00:00Z" }, "geometry": { "type": "LineString", "coordinates": [ [ 85.1898461, 21.4371506 ], [ 85.2314811, 21.4549994 ], [ 85.3480691, 21.4309765 ], [ 85.4401694, 21.4798458 ], [ 85.4615241, 21.4658461 ], [ 85.4730666, 21.5290106 ] ] } },
{ "type": "Feature", "properties": { "@osmId": "way/240342977", "@snapshotTimestamp": "2019-01-01T00:00:00Z" }, "geometry": { "type": "LineString", "coordinates": [ [ 85.4730666, 21.5290106 ], [ 85.4731319, 21.5295246 ] ] } },
{ "type": "Feature", "properties": { "@osmId": "way/240342986", "@snapshotTimestamp": "2019-01-01T00:00:00Z" }, "geometry": { "type": "LineString", "coordinates": [ [ 85.4731319, 21.5295246 ], [ 85.5501839, 21.6292763 ] ] } },
{ "type": "Feature", "properties": { "@osmId": "way/240342963", "@snapshotTimestamp": "2019-01-01T00:00:00Z" }, "geometry": { "type": "LineString", "coordinates": [ [ 85.5505499, 21.6293241 ], [ 85.59113, 21.632321 ] ] } },
{ "type": "Feature", "properties": { "@osmId": "way/240342974", "@snapshotTimestamp": "2019-01-01T00:00:00Z" }, "geometry": { "type": "LineString", "coordinates": [ [ 85.5501839, 21.6292763 ], [ 85.5505499, 21.6293241 ] ] } },
{ "type": "Feature", "properties": { "@osmId": "way/136162349", "@snapshotTimestamp": "2019-01-01T00:00:00Z" }, "geometry": { "type": "LineString", "coordinates": [ [ 85.5835512, 21.6255112 ], [ 85.6083138, 21.6363678 ] ] } },
{ "type": "Feature", "properties": { "@osmId": "way/136162351", "@snapshotTimestamp": "2019-01-01T00:00:00Z" }, "geometry": { "type": "LineString", "coordinates": [ [ 85.6007088, 21.6301441 ], [ 85.6004212, 21.6368325 ] ] } },
{ "type": "Feature", "properties": { "@osmId": "way/136162348", "@snapshotTimestamp": "2019-01-01T00:00:00Z" }, "geometry": { "type": "LineString", "coordinates": [ [ 85.5835512, 21.6255112 ], [ 85.5896841, 21.6557728 ] ] } },
{ "type": "Feature", "properties": { "@osmId": "way/136162344", "@snapshotTimestamp": "2019-01-01T00:00:00Z" }, "geometry": { "type": "LineString", "coordinates": [ [ 85.6054562, 21.6393167 ], [ 85.5750083, 21.7537901 ] ] } },
{ "type": "Feature", "properties": { "@osmId": "way/238926699", "@snapshotTimestamp": "2019-01-01T00:00:00Z" }, "geometry": { "type": "LineString", "coordinates": [ [ 85.5750083, 21.7537901 ], [ 85.575432, 21.7546633 ] ] } },
{ "type": "Feature", "properties": { "@osmId": "way/217486371", "@snapshotTimestamp": "2019-01-01T00:00:00Z" }, "geometry": { "type": "LineString", "coordinates": [ [ 85.0305252, 21.533228 ], [ 85.0754797, 21.4832577 ] ] } },
{ "type": "Feature", "properties": { "@osmId": "way/217486379", "@snapshotTimestamp": "2019-01-01T00:00:00Z" }, "geometry": { "type": "LineString", "coordinates": [ [ 85.0299854, 21.5337917 ], [ 85.0305252, 21.533228 ] ] } },
{ "type": "Feature", "properties": { "@osmId": "way/217991290", "@snapshotTimestamp": "2019-01-01T00:00:00Z" }, "geometry": { "type": "LineString", "coordinates": [ [ 85.0200146, 21.5367815 ], [ 85.0299854, 21.5337917 ] ] } },
{ "type": "Feature", "properties": { "@osmId": "way/76826557", "@snapshotTimestamp": "2019-01-01T00:00:00Z" }, "geometry": { "type": "LineString", "coordinates": [ [ 85.0026845, 21.536672 ], [ 85.0200146, 21.5367815 ] ] } },
{ "type": "Feature", "properties": { "@osmId": "way/76826555", "@snapshotTimestamp": "2019-01-01T00:00:00Z" }, "geometry": { "type": "LineString", "coordinates": [ [ 84.9968865, 21.5389789 ], [ 85.0026845, 21.536672 ] ] } },
{ "type": "Feature", "properties": { "@osmId": "way/217993663", "@snapshotTimestamp": "2019-01-01T00:00:00Z" }, "geometry": { "type": "LineString", "coordinates": [ [ 84.9900695, 21.5431804 ], [ 84.9968865, 21.5389789 ] ] } },
{ "type": "Feature", "properties": { "@osmId": "way/117553936", "@snapshotTimestamp": "2019-01-01T00:00:00Z" }, "geometry": { "type": "LineString", "coordinates": [ [ 84.9900695, 21.5431804 ], [ 84.9917947, 21.6017732 ], [ 84.963819, 21.6242118 ] ] } },
{ "type": "Feature", "properties": { "@osmId": "way/239921527", "@snapshotTimestamp": "2019-01-01T00:00:00Z" }, "geometry": { "type": "LineString", "coordinates": [ [ 84.963819, 21.6242118 ], [ 84.9633241, 21.6247753 ] ] } },
{ "type": "Feature", "properties": { "@osmId": "way/205490077", "@snapshotTimestamp": "2019-01-01T00:00:00Z" }, "geometry": { "type": "LineString", "coordinates": [ [ 85.0200146, 21.5367815 ], [ 85.0197969, 21.5995301 ], [ 84.981459, 21.6507491 ], [ 85.0133678, 21.7229284 ] ] } },
{ "type": "Feature", "properties": { "@osmId": "way/233587422", "@snapshotTimestamp": "2019-01-01T00:00:00Z" }, "geometry": { "type": "LineString", "coordinates": [ [ 85.0133678, 21.7229284 ], [ 85.0136086, 21.7231628 ] ] } },
{ "type": "Feature", "properties": { "@osmId": "way/467467711", "@snapshotTimestamp": "2019-01-01T00:00:00Z" }, "geometry": { "type": "LineString", "coordinates": [ [ 85.6503846, 21.569911 ], [ 85.6478869, 21.6127282 ] ] } },
{ "type": "Feature", "properties": { "@osmId": "way/238921176", "@snapshotTimestamp": "2019-01-01T00:00:00Z" }, "geometry": { "type": "LineString", "coordinates": [ [ 85.6979351, 21.5679326 ], [ 85.6388052, 21.6236045 ] ] } },
{ "type": "Feature", "properties": { "@osmId": "way/238921166", "@snapshotTimestamp": "2019-01-01T00:00:00Z" }, "geometry": { "type": "LineString", "coordinates": [ [ 85.6388052, 21.6236045 ], [ 85.6385922, 21.623881 ] ] } },
{ "type": "Feature", "properties": { "@osmId": "way/238921158", "@snapshotTimestamp": "2019-01-01T00:00:00Z" }, "geometry": { "type": "LineString", "coordinates": [ [ 85.6385922, 21.623881 ], [ 85.6317016, 21.6279435 ] ] } },
{ "type": "Feature", "properties": { "@osmId": "way/238921169", "@snapshotTimestamp": "2019-01-01T00:00:00Z" }, "geometry": { "type": "LineString", "coordinates": [ [ 85.6317016, 21.6279435 ], [ 85.6310691, 21.6280286 ] ] } },
{ "type": "Feature", "properties": { "@osmId": "way/238921160", "@snapshotTimestamp": "2019-01-01T00:00:00Z" }, "geometry": { "type": "LineString", "coordinates": [ [ 85.6310691, 21.6280286 ], [ 85.611578, 21.6329023 ] ] } },
{ "type": "Feature", "properties": { "@osmId": "way/136162352", "@snapshotTimestamp": "2019-01-01T00:00:00Z" }, "geometry": { "type": "LineString", "coordinates": [ [ 85.6034821, 21.6307154 ], [ 85.6126388, 21.631818 ] ] } },
{ "type": "Feature", "properties": { "@osmId": "way/136162353", "@snapshotTimestamp": "2019-01-01T00:00:00Z" }, "geometry": { "type": "LineString", "coordinates": [ [ 85.6006437, 21.6328002 ], [ 85.6113821, 21.6330761 ] ] } },
{ "type": "Feature", "properties": { "@osmId": "way/238921179", "@snapshotTimestamp": "2019-01-01T00:00:00Z" }, "geometry": { "type": "LineString", "coordinates": [ [ 85.611578, 21.6329023 ], [ 85.6054562, 21.6393167 ] ] } },
{ "type": "Feature", "properties": { "@osmId": "way/76826671", "@snapshotTimestamp": "2019-01-01T00:00:00Z" }, "geometry": { "type": "LineString", "coordinates": [ [ 85.59113, 21.632321 ], [ 85.6327276, 21.6544312 ] ] } },
{ "type": "Feature", "properties": { "@osmId": "way/233587427", "@snapshotTimestamp": "2019-01-01T00:00:00Z" }, "geometry": { "type": "LineString", "coordinates": [ [ 85.0136086, 21.7231628 ], [ 85.0186601, 21.748849 ] ] } },
{ "type": "Feature", "properties": { "@osmId": "way/233587420", "@snapshotTimestamp": "2019-01-01T00:00:00Z" }, "geometry": { "type": "LineString", "coordinates": [ [ 85.0186601, 21.748849 ], [ 85.0188079, 21.7495203 ] ] } },
{ "type": "Feature", "properties": { "@osmId": "way/233587428", "@snapshotTimestamp": "2019-01-01T00:00:00Z" }, "geometry": { "type": "LineString", "coordinates": [ [ 85.0188079, 21.7495203 ], [ 84.9810649, 21.7885437 ] ] } },
{ "type": "Feature", "properties": { "@osmId": "way/233587424", "@snapshotTimestamp": "2019-01-01T00:00:00Z" }, "geometry": { "type": "LineString", "coordinates": [ [ 84.9810649, 21.7885437 ], [ 84.9811011, 21.7892788 ] ] } },
{ "type": "Feature", "properties": { "@osmId": "way/233587429", "@snapshotTimestamp": "2019-01-01T00:00:00Z" }, "geometry": { "type": "LineString", "coordinates": [ [ 84.9811011, 21.7892788 ], [ 84.9833753, 21.8450295 ] ] } },
{ "type": "Feature", "properties": { "@osmId": "way/233587419", "@snapshotTimestamp": "2019-01-01T00:00:00Z" }, "geometry": { "type": "LineString", "coordinates": [ [ 84.9833753, 21.8450295 ], [ 84.9832612, 21.8453693 ] ] } },
{ "type": "Feature", "properties": { "@osmId": "way/233587425", "@snapshotTimestamp": "2019-01-01T00:00:00Z" }, "geometry": { "type": "LineString", "coordinates": [ [ 84.9832612, 21.8453693 ], [ 84.9789137, 21.869545 ] ] } },
{ "type": "Feature", "properties": { "@osmId": "way/233587421", "@snapshotTimestamp": "2019-01-01T00:00:00Z" }, "geometry": { "type": "LineString", "coordinates": [ [ 84.9789137, 21.869545 ], [ 84.9787506, 21.8695882 ] ] } },
{ "type": "Feature", "properties": { "@osmId": "way/205484954", "@snapshotTimestamp": "2019-01-01T00:00:00Z" }, "geometry": { "type": "LineString", "coordinates": [ [ 85.1697189, 21.8712064 ], [ 85.1695695, 21.8711073 ], [ 85.1694627, 21.871246 ], [ 85.1696122, 21.871345 ], [ 85.1697189, 21.8712064 ] ] } },
{ "type": "Feature", "properties": { "@osmId": "way/233587426", "@snapshotTimestamp": "2019-01-01T00:00:00Z" }, "geometry": { "type": "LineString", "coordinates": [ [ 84.9787506, 21.8695882 ], [ 84.9557318, 21.8837865 ] ] } },
{ "type": "Feature", "properties": { "@osmId": "way/238926704", "@snapshotTimestamp": "2019-01-01T00:00:00Z" }, "geometry": { "type": "LineString", "coordinates": [ [ 85.575432, 21.7546633 ], [ 85.5687643, 21.8528188 ] ] } },
{ "type": "Feature", "properties": { "@osmId": "way/549284496", "@snapshotTimestamp": "2019-01-01T00:00:00Z" }, "geometry": { "type": "LineString", "coordinates": [ [ 85.5137332, 21.8068875 ], [ 85.5710723, 21.7986552 ] ] } },
{ "type": "Feature", "properties": { "@osmId": "way/549284502", "@snapshotTimestamp": "2019-01-01T00:00:00Z" }, "geometry": { "type": "LineString", "coordinates": [ [ 85.4670386, 21.8055365 ], [ 85.4670131, 21.805275 ] ] } },
{ "type": "Feature", "properties": { "@osmId": "way/549284501", "@snapshotTimestamp": "2019-01-01T00:00:00Z" }, "geometry": { "type": "LineString", "coordinates": [ [ 85.4670131, 21.805275 ], [ 85.5133925, 21.8069398 ] ] } },
{ "type": "Feature", "properties": { "@osmId": "way/549284497", "@snapshotTimestamp": "2019-01-01T00:00:00Z" }, "geometry": { "type": "LineString", "coordinates": [ [ 85.5133925, 21.8069398 ], [ 85.5137332, 21.8068875 ] ] } },
{ "type": "Feature", "properties": { "@osmId": "way/263262994", "@snapshotTimestamp": "2019-01-01T00:00:00Z" }, "geometry": { "type": "LineString", "coordinates": [ [ 85.4450904, 21.842746 ], [ 85.4670386, 21.8055365 ] ] } },
{ "type": "Feature", "properties": { "@osmId": "way/263262995", "@snapshotTimestamp": "2019-01-01T00:00:00Z" }, "geometry": { "type": "LineString", "coordinates": [ [ 85.4440386, 21.8428227 ], [ 85.4450904, 21.842746 ] ] } },
{ "type": "Feature", "properties": { "@osmId": "way/549284504", "@snapshotTimestamp": "2019-01-01T00:00:00Z" }, "geometry": { "type": "LineString", "coordinates": [ [ 85.4349969, 21.8448766 ], [ 85.4440386, 21.8428227 ] ] } },
{ "type": "Feature", "properties": { "@osmId": "way/549284505", "@snapshotTimestamp": "2019-01-01T00:00:00Z" }, "geometry": { "type": "LineString", "coordinates": [ [ 85.4345624, 21.8449363 ], [ 85.4349969, 21.8448766 ] ] } },
{ "type": "Feature", "properties": { "@osmId": "way/238926698", "@snapshotTimestamp": "2019-01-01T00:00:00Z" }, "geometry": { "type": "LineString", "coordinates": [ [ 85.5687643, 21.8528188 ], [ 85.5690777, 21.8559483 ] ] } },
{ "type": "Feature", "properties": { "@osmId": "way/217993649", "@snapshotTimestamp": "2019-01-01T00:00:00Z" }, "geometry": { "type": "LineString", "coordinates": [ [ 84.8759416, 21.7316911 ], [ 84.9208723, 21.7799527 ], [ 84.9028043, 21.8321026 ] ] } },
{ "type": "Feature", "properties": { "@osmId": "way/117553935", "@snapshotTimestamp": "2019-01-01T00:00:00Z" }, "geometry": { "type": "LineString", "coordinates": [ [ 84.9028043, 21.8321026 ], [ 84.9053136, 21.8376731 ] ] } },
{ "type": "Feature", "properties": { "@osmId": "way/117553937", "@snapshotTimestamp": "2019-01-01T00:00:00Z" }, "geometry": { "type": "LineString", "coordinates": [ [ 84.9053136, 21.8376731 ], [ 84.9186908, 21.8708894 ] ] } },
{ "type": "Feature", "properties": { "@osmId": "way/637862555", "@snapshotTimestamp": "2019-01-01T00:00:00Z" }, "geometry": { "type": "LineString", "coordinates": [ [ 84.9341452, 21.8749485 ], [ 84.9227043, 21.8702234 ] ] } },
{ "type": "Feature", "properties": { "@osmId": "way/544972663", "@snapshotTimestamp": "2019-01-01T00:00:00Z" }, "geometry": { "type": "LineString", "coordinates": [ [ 84.9227043, 21.8702234 ], [ 84.9187506, 21.8712664 ] ] } },
{ "type": "Feature", "properties": { "@osmId": "way/544972662", "@snapshotTimestamp": "2019-01-01T00:00:00Z" }, "geometry": { "type": "LineString", "coordinates": [ [ 84.9227043, 21.8702234 ], [ 84.9193763, 21.8751589 ] ] } },
{ "type": "Feature", "properties": { "@osmId": "way/637862550", "@snapshotTimestamp": "2019-01-01T00:00:00Z" }, "geometry": { "type": "LineString", "coordinates": [ [ 84.9342444, 21.8751056 ], [ 84.9341452, 21.8749485 ] ] } },
{ "type": "Feature", "properties": { "@osmId": "way/233587423", "@snapshotTimestamp": "2019-01-01T00:00:00Z" }, "geometry": { "type": "LineString", "coordinates": [ [ 84.9557318, 21.8837865 ], [ 84.9555812, 21.8838082 ] ] } },
{ "type": "Feature", "properties": { "@osmId": "way/233587418", "@snapshotTimestamp": "2019-01-01T00:00:00Z" }, "geometry": { "type": "LineString", "coordinates": [ [ 84.9555812, 21.8838082 ], [ 84.9407392, 21.8856904 ] ] } },
{ "type": "Feature", "properties": { "@osmId": "way/238946745", "@snapshotTimestamp": "2019-01-01T00:00:00Z" }, "geometry": { "type": "LineString", "coordinates": [ [ 84.9526066, 21.9298216 ], [ 84.9342444, 21.8751056 ] ] } },
{ "type": "Feature", "properties": { "@osmId": "way/238926703", "@snapshotTimestamp": "2019-01-01T00:00:00Z" }, "geometry": { "type": "LineString", "coordinates": [ [ 85.5690777, 21.8559483 ], [ 85.5874725, 21.9151281 ] ] } },
{ "type": "Feature", "properties": { "@osmId": "way/205484955", "@snapshotTimestamp": "2019-01-01T00:00:00Z" }, "geometry": { "type": "LineString", "coordinates": [ [ 85.1696987, 21.8711591 ], [ 85.2043439, 21.8681672 ], [ 85.2515457, 21.9078326 ] ] } },
{ "type": "Feature", "properties": { "@osmId": "way/549284498", "@snapshotTimestamp": "2019-01-01T00:00:00Z" }, "geometry": { "type": "LineString", "coordinates": [ [ 85.4199424, 21.9445986 ], [ 85.4070284, 21.8638589 ], [ 85.4345624, 21.8449363 ] ] } },
{ "type": "Feature", "properties": { "@osmId": "way/238926700", "@snapshotTimestamp": "2019-01-01T00:00:00Z" }, "geometry": { "type": "LineString", "coordinates": [ [ 85.5874725, 21.9151281 ], [ 85.5876571, 21.9154784 ] ] } },
{ "type": "Feature", "properties": { "@osmId": "way/198154176", "@snapshotTimestamp": "2019-01-01T00:00:00Z" }, "geometry": { "type": "LineString", "coordinates": [ [ 85.2499236, 21.9482089 ], [ 85.2409468, 21.9063426 ], [ 85.2015393, 21.9688877 ] ] } },
{ "type": "Feature", "properties": { "@osmId": "way/238926701", "@snapshotTimestamp": "2019-01-01T00:00:00Z" }, "geometry": { "type": "LineString", "coordinates": [ [ 85.5876571, 21.9154784 ], [ 85.6037855, 21.9637716 ] ] } },
{ "type": "Feature", "properties": { "@osmId": "way/549284499", "@snapshotTimestamp": "2019-01-01T00:00:00Z" }, "geometry": { "type": "LineString", "coordinates": [ [ 85.4201925, 21.9446229 ], [ 85.4199424, 21.9445986 ] ] } },
{ "type": "Feature", "properties": { "@osmId": "way/238946731", "@snapshotTimestamp": "2019-01-01T00:00:00Z" }, "geometry": { "type": "LineString", "coordinates": [ [ 85.2015393, 21.9688877 ], [ 85.2009312, 21.9686959 ] ] } },
{ "type": "Feature", "properties": { "@osmId": "way/202715219", "@snapshotTimestamp": "2019-01-01T00:00:00Z" }, "geometry": { "type": "LineString", "coordinates": [ [ 85.4174882, 22.0435352 ], [ 85.4201925, 21.9446229 ] ] } },
{ "type": "Feature", "properties": { "@osmId": "way/238946752", "@snapshotTimestamp": "2019-01-01T00:00:00Z" }, "geometry": { "type": "LineString", "coordinates": [ [ 85.6037855, 21.9637716 ], [ 85.5161013, 22.0311271 ] ] } },
{ "type": "Feature", "properties": { "@osmId": "way/238946733", "@snapshotTimestamp": "2019-01-01T00:00:00Z" }, "geometry": { "type": "LineString", "coordinates": [ [ 85.2499236, 21.9482089 ], [ 85.3888906, 22.05691 ] ] } },
{ "type": "Feature", "properties": { "@osmId": "way/238946732", "@snapshotTimestamp": "2019-01-01T00:00:00Z" }, "geometry": { "type": "LineString", "coordinates": [ [ 85.5161013, 22.0311271 ], [ 85.5156989, 22.0319113 ] ] } },
{ "type": "Feature", "properties": { "@osmId": "way/238946727", "@snapshotTimestamp": "2019-01-01T00:00:00Z" }, "geometry": { "type": "LineString", "coordinates": [ [ 85.5156989, 22.0319113 ], [ 85.4751614, 22.0620733 ], [ 85.433608, 22.0413585 ], [ 85.3888906, 22.05691 ] ] } },
{ "type": "Feature", "properties": { "@osmId": "way/136162784", "@snapshotTimestamp": "2019-01-01T00:00:00Z" }, "geometry": { "type": "LineString", "coordinates": [ [ 85.3888906, 22.05691 ], [ 85.3862938, 22.0731914 ] ] } },
{ "type": "Feature", "properties": { "@osmId": "way/233698770", "@snapshotTimestamp": "2019-01-01T00:00:00Z" }, "geometry": { "type": "LineString", "coordinates": [ [ 85.3862938, 22.0731914 ], [ 85.3863289, 22.0734624 ] ] } },
{ "type": "Feature", "properties": { "@osmId": "way/193354063", "@snapshotTimestamp": "2019-01-01T00:00:00Z" }, "geometry": { "type": "LineString", "coordinates": [ [ 85.3140222, 22.0735257 ], [ 85.3514904, 22.1020073 ] ] } },
{ "type": "Feature", "properties": { "@osmId": "way/233698772", "@snapshotTimestamp": "2019-01-01T00:00:00Z" }, "geometry": { "type": "LineString", "coordinates": [ [ 85.3863289, 22.0734624 ], [ 85.3850521, 22.1067867 ] ] } },
{ "type": "Feature", "properties": { "@osmId": "way/193354058", "@snapshotTimestamp": "2019-01-01T00:00:00Z" }, "geometry": { "type": "LineString", "coordinates": [ [ 85.4240032, 22.075382 ], [ 85.3860022, 22.1078279 ] ] } },
{ "type": "Feature", "properties": { "@osmId": "way/263269918", "@snapshotTimestamp": "2019-01-01T00:00:00Z" }, "geometry": { "type": "LineString", "coordinates": [ [ 85.3512426, 22.1015884 ], [ 85.3843733, 22.0971768 ] ] } },
{ "type": "Feature", "properties": { "@osmId": "way/233698776", "@snapshotTimestamp": "2019-01-01T00:00:00Z" }, "geometry": { "type": "LineString", "coordinates": [ [ 85.3776898, 22.102506 ], [ 85.37612, 22.0987766 ] ] } },
{ "type": "Feature", "properties": { "@osmId": "way/205484961", "@snapshotTimestamp": "2019-01-01T00:00:00Z" }, "geometry": { "type": "LineString", "coordinates": [ [ 84.9821448, 21.8698476 ], [ 85.0426736, 21.8896014 ], [ 85.0790843, 21.8665245 ], [ 85.1358083, 21.8857753 ], [ 85.1694655, 21.8711948 ] ] } },
{ "type": "Feature", "properties": { "@osmId": "way/238946753", "@snapshotTimestamp": "2019-01-01T00:00:00Z" }, "geometry": { "type": "LineString", "coordinates": [ [ 84.9992332, 21.9811697 ], [ 84.9530077, 21.9300949 ] ] } },
{ "type": "Feature", "properties": { "@osmId": "way/238946734", "@snapshotTimestamp": "2019-01-01T00:00:00Z" }, "geometry": { "type": "LineString", "coordinates": [ [ 85.2009312, 21.9686959 ], [ 85.1150649, 21.9914463 ] ] } },
{ "type": "Feature", "properties": { "@osmId": "way/295127536", "@snapshotTimestamp": "2019-01-01T00:00:00Z" }, "geometry": { "type": "LineString", "coordinates": [ [ 85.000581, 21.9827509 ], [ 84.9992332, 21.9811697 ] ] } },
{ "type": "Feature", "properties": { "@osmId": "way/238946747", "@snapshotTimestamp": "2019-01-01T00:00:00Z" }, "geometry": { "type": "LineString", "coordinates": [ [ 85.0360987, 21.9940154 ], [ 85.000581, 21.9827509 ] ] } },
{ "type": "Feature", "properties": { "@osmId": "way/238946729", "@snapshotTimestamp": "2019-01-01T00:00:00Z" }, "geometry": { "type": "LineString", "coordinates": [ [ 85.1150649, 21.9914463 ], [ 85.1147045, 21.9911121 ] ] } },
{ "type": "Feature", "properties": { "@osmId": "way/238946728", "@snapshotTimestamp": "2019-01-01T00:00:00Z" }, "geometry": { "type": "LineString", "coordinates": [ [ 85.037495, 21.9936825 ], [ 85.0360987, 21.9940154 ] ] } },
{ "type": "Feature", "properties": { "@osmId": "way/238946726", "@snapshotTimestamp": "2019-01-01T00:00:00Z" }, "geometry": { "type": "LineString", "coordinates": [ [ 85.1147045, 21.9911121 ], [ 85.037495, 21.9936825 ] ] } },
{ "type": "Feature", "properties": { "@osmId": "way/117491890", "@snapshotTimestamp": "2019-01-01T00:00:00Z" }, "geometry": { "type": "LineString", "coordinates": [ [ 85.1132073, 22.3082618 ], [ 85.0596485, 22.2678259 ], [ 84.9622875, 22.2433061 ] ] } },
{ "type": "Feature", "properties": { "@osmId": "way/263269916", "@snapshotTimestamp": "2019-01-01T00:00:00Z" }, "geometry": { "type": "LineString", "coordinates": [ [ 85.3514904, 22.1020073 ], [ 85.3512426, 22.1015884 ] ] } },
{ "type": "Feature", "properties": { "@osmId": "way/233698775", "@snapshotTimestamp": "2019-01-01T00:00:00Z" }, "geometry": { "type": "LineString", "coordinates": [ [ 85.3777229, 22.1026463 ], [ 85.3776898, 22.102506 ] ] } },
{ "type": "Feature", "properties": { "@osmId": "way/233698778", "@snapshotTimestamp": "2019-01-01T00:00:00Z" }, "geometry": { "type": "LineString", "coordinates": [ [ 85.3845982, 22.1102005 ], [ 85.3777229, 22.1026463 ] ] } },
{ "type": "Feature", "properties": { "@osmId": "way/233698774", "@snapshotTimestamp": "2019-01-01T00:00:00Z" }, "geometry": { "type": "LineString", "coordinates": [ [ 85.3850521, 22.1067867 ], [ 85.3845982, 22.1102005 ] ] } },
{ "type": "Feature", "properties": { "@osmId": "way/233698777", "@snapshotTimestamp": "2019-01-01T00:00:00Z" }, "geometry": { "type": "LineString", "coordinates": [ [ 85.3850521, 22.1067867 ], [ 85.3853195, 22.1122956 ] ] } },
{ "type": "Feature", "properties": { "@osmId": "way/193354059", "@snapshotTimestamp": "2019-01-01T00:00:00Z" }, "geometry": { "type": "LineString", "coordinates": [ [ 85.3853195, 22.1122956 ], [ 85.3845982, 22.1102005 ] ] } },
{ "type": "Feature", "properties": { "@osmId": "way/233698773", "@snapshotTimestamp": "2019-01-01T00:00:00Z" }, "geometry": { "type": "LineString", "coordinates": [ [ 85.3853195, 22.1122956 ], [ 85.407511, 22.1506455 ] ] } },
{ "type": "Feature", "properties": { "@osmId": "way/233698771", "@snapshotTimestamp": "2019-01-01T00:00:00Z" }, "geometry": { "type": "LineString", "coordinates": [ [ 85.407511, 22.1506455 ], [ 85.4076389, 22.1509111 ] ] } },
{ "type": "Feature", "properties": { "@osmId": "way/233698769", "@snapshotTimestamp": "2019-01-01T00:00:00Z" }, "geometry": { "type": "LineString", "coordinates": [ [ 85.4076389, 22.1509111 ], [ 85.408449024829494, 22.162180359188323 ] ] } },
{ "type": "Feature", "properties": { "@osmId": "way/150826676", "@snapshotTimestamp": "2019-01-01T00:00:00Z" }, "geometry": { "type": "LineString", "coordinates": [ [ 84.8380488, 22.2341677 ], [ 84.8381076, 22.2335675 ] ] } },
{ "type": "Feature", "properties": { "@osmId": "way/150826616", "@snapshotTimestamp": "2019-01-01T00:00:00Z" }, "geometry": { "type": "LineString", "coordinates": [ [ 84.831427, 22.2337006 ], [ 84.8380488, 22.2341677 ] ] } },
{ "type": "Feature", "properties": { "@osmId": "way/150139609", "@snapshotTimestamp": "2019-01-01T00:00:00Z" }, "geometry": { "type": "LineString", "coordinates": [ [ 84.9093142, 22.2266671 ], [ 84.9622875, 22.2433061 ] ] } },
{ "type": "Feature", "properties": { "@osmId": "way/150662482", "@snapshotTimestamp": "2019-01-01T00:00:00Z" }, "geometry": { "type": "LineString", "coordinates": [ [ 84.8773969, 22.2419163 ], [ 84.8702169, 22.2282355 ] ] } },
{ "type": "Feature", "properties": { "@osmId": "way/150662481", "@snapshotTimestamp": "2019-01-01T00:00:00Z" }, "geometry": { "type": "LineString", "coordinates": [ [ 84.8701428, 22.2282342 ], [ 84.8772728, 22.2419797 ] ] } },
{ "type": "Feature", "properties": { "@osmId": "way/150662517", "@snapshotTimestamp": "2019-01-01T00:00:00Z" }, "geometry": { "type": "LineString", "coordinates": [ [ 84.831234, 22.2337364 ], [ 84.8294935, 22.2394605 ] ] } },
{ "type": "Feature", "properties": { "@osmId": "way/150662507", "@snapshotTimestamp": "2019-01-01T00:00:00Z" }, "geometry": { "type": "LineString", "coordinates": [ [ 84.8296157, 22.2394852 ], [ 84.8313553, 22.2337675 ] ] } },
{ "type": "Feature", "properties": { "@osmId": "way/150662555", "@snapshotTimestamp": "2019-01-01T00:00:00Z" }, "geometry": { "type": "LineString", "coordinates": [ [ 84.8296437, 22.2395952 ], [ 84.8295358, 22.2394538 ], [ 84.8294193, 22.2395444 ], [ 84.8295074, 22.2396655 ], [ 84.8296437, 22.2395952 ] ] } },
{ "type": "Feature", "properties": { "@osmId": "way/150662552", "@snapshotTimestamp": "2019-01-01T00:00:00Z" }, "geometry": { "type": "LineString", "coordinates": [ [ 84.8774997, 22.2420887 ], [ 84.8774452, 22.2419292 ], [ 84.8772728, 22.2419797 ], [ 84.8773274, 22.2421391 ], [ 84.8774997, 22.2420887 ] ] } },
{ "type": "Feature", "properties": { "@osmId": "way/150662512", "@snapshotTimestamp": "2019-01-01T00:00:00Z" }, "geometry": { "type": "LineString", "coordinates": [ [ 84.8294513, 22.2396322 ], [ 84.82733, 22.2466887 ] ] } },
{ "type": "Feature", "properties": { "@osmId": "way/150662508", "@snapshotTimestamp": "2019-01-01T00:00:00Z" }, "geometry": { "type": "LineString", "coordinates": [ [ 84.8274523, 22.2467134 ], [ 84.8295717, 22.2396624 ] ] } },
{ "type": "Feature", "properties": { "@osmId": "way/150662502", "@snapshotTimestamp": "2019-01-01T00:00:00Z" }, "geometry": { "type": "LineString", "coordinates": [ [ 84.8794469, 22.245858 ], [ 84.8775136, 22.2420448 ] ] } },
{ "type": "Feature", "properties": { "@osmId": "way/150662503", "@snapshotTimestamp": "2019-01-01T00:00:00Z" }, "geometry": { "type": "LineString", "coordinates": [ [ 84.8773662, 22.242151 ], [ 84.8793227, 22.2459214 ] ] } },
{ "type": "Feature", "properties": { "@osmId": "way/150662551", "@snapshotTimestamp": "2019-01-01T00:00:00Z" }, "geometry": { "type": "LineString", "coordinates": [ [ 84.8795498, 22.2460305 ], [ 84.8794952, 22.2458709 ], [ 84.8793227, 22.2459214 ], [ 84.8793773, 22.246081 ], [ 84.8795498, 22.2460305 ] ] } },
{ "type": "Feature", "properties": { "@osmId": "way/150662557", "@snapshotTimestamp": "2019-01-01T00:00:00Z" }, "geometry": { "type": "LineString", "coordinates": [ [ 84.8274802, 22.2468233 ], [ 84.8273724, 22.246682 ], [ 84.8272559, 22.2467726 ], [ 84.8273439, 22.2468937 ], [ 84.8274802, 22.2468233 ] ] } },
{ "type": "Feature", "properties": { "@osmId": "way/150662499", "@snapshotTimestamp": "2019-01-01T00:00:00Z" }, "geometry": { "type": "LineString", "coordinates": [ [ 84.8272863, 22.2468589 ], [ 84.8268167, 22.2483999 ] ] } },
{ "type": "Feature", "properties": { "@osmId": "way/303606923", "@snapshotTimestamp": "2019-01-01T00:00:00Z" }, "geometry": { "type": "LineString", "coordinates": [ [ 84.8269551, 22.2484163 ], [ 84.8274083, 22.2468906 ] ] } },
{ "type": "Feature", "properties": { "@osmId": "way/302032056", "@snapshotTimestamp": "2019-01-01T00:00:00Z" }, "geometry": { "type": "LineString", "coordinates": [ [ 84.8267922, 22.2484219 ], [ 84.8268044, 22.2485494 ], [ 84.8269598, 22.2485368 ], [ 84.8269321, 22.2483979 ], [ 84.8267922, 22.2484219 ] ] } },
{ "type": "Feature", "properties": { "@osmId": "way/150662479", "@snapshotTimestamp": "2019-01-01T00:00:00Z" }, "geometry": { "type": "LineString", "coordinates": [ [ 84.8794161, 22.2460928 ], [ 84.8795056, 22.253286 ] ] } },
{ "type": "Feature", "properties": { "@osmId": "way/150662478", "@snapshotTimestamp": "2019-01-01T00:00:00Z" }, "geometry": { "type": "LineString", "coordinates": [ [ 84.8796112, 22.2533549 ], [ 84.8795498, 22.2460305 ] ] } },
{ "type": "Feature", "properties": { "@osmId": "way/150662500", "@snapshotTimestamp": "2019-01-01T00:00:00Z" }, "geometry": { "type": "LineString", "coordinates": [ [ 84.8420543, 22.2536062 ], [ 84.8269394, 22.2485559 ] ] } },
{ "type": "Feature", "properties": { "@osmId": "way/303606922", "@snapshotTimestamp": "2019-01-01T00:00:00Z" }, "geometry": { "type": "LineString", "coordinates": [ [ 84.8268044, 22.2485494 ], [ 84.8420144, 22.2537068 ] ] } },
{ "type": "Feature", "properties": { "@osmId": "way/150662554", "@snapshotTimestamp": "2019-01-01T00:00:00Z" }, "geometry": { "type": "LineString", "coordinates": [ [ 84.8796128, 22.2534266 ], [ 84.8795056, 22.253286 ], [ 84.8793893, 22.253376 ], [ 84.8794772, 22.2534969 ], [ 84.8796128, 22.2534266 ] ] } },
{ "type": "Feature", "properties": { "@osmId": "way/544997935", "@snapshotTimestamp": "2019-01-01T00:00:00Z" }, "geometry": { "type": "LineString", "coordinates": [ [ 84.9089767, 22.2542745 ], [ 84.9095494, 22.2528315 ] ] } },
{ "type": "Feature", "properties": { "@osmId": "way/150662562", "@snapshotTimestamp": "2019-01-01T00:00:00Z" }, "geometry": { "type": "LineString", "coordinates": [ [ 84.8422378, 22.2537193 ], [ 84.84213, 22.253578 ], [ 84.8420135, 22.2536686 ], [ 84.8421015, 22.2537896 ], [ 84.8422378, 22.2537193 ] ] } },
{ "type": "Feature", "properties": { "@osmId": "way/150690747", "@snapshotTimestamp": "2019-01-01T00:00:00Z" }, "geometry": { "type": "LineString", "coordinates": [ [ 84.8633853, 22.2538496 ], [ 84.8538245, 22.2539391 ] ] } },
{ "type": "Feature", "properties": { "@osmId": "way/150662526", "@snapshotTimestamp": "2019-01-01T00:00:00Z" }, "geometry": { "type": "LineString", "coordinates": [ [ 84.8645552, 22.2539063 ], [ 84.8635552, 22.2538436 ] ] } },
{ "type": "Feature", "properties": { "@osmId": "way/150690758", "@snapshotTimestamp": "2019-01-01T00:00:00Z" }, "geometry": { "type": "LineString", "coordinates": [ [ 84.8635831, 22.2539536 ], [ 84.8634753, 22.2538122 ], [ 84.8633588, 22.2539028 ], [ 84.8634468, 22.2540239 ], [ 84.8635831, 22.2539536 ] ] } },
{ "type": "Feature", "properties": { "@osmId": "way/150662473", "@snapshotTimestamp": "2019-01-01T00:00:00Z" }, "geometry": { "type": "LineString", "coordinates": [ [ 84.8535998, 22.2539426 ], [ 84.8422363, 22.2536472 ] ] } },
{ "type": "Feature", "properties": { "@osmId": "way/150662484", "@snapshotTimestamp": "2019-01-01T00:00:00Z" }, "geometry": { "type": "LineString", "coordinates": [ [ 84.8666049, 22.2539741 ], [ 84.8647653, 22.2538834 ] ] } },
{ "type": "Feature", "properties": { "@osmId": "way/150662548", "@snapshotTimestamp": "2019-01-01T00:00:00Z" }, "geometry": { "type": "LineString", "coordinates": [ [ 84.8647822, 22.2540155 ], [ 84.8647276, 22.2538558 ], [ 84.8645552, 22.2539063 ], [ 84.8646097, 22.254066 ], [ 84.8647822, 22.2540155 ] ] } },
{ "type": "Feature", "properties": { "@osmId": "way/150662516", "@snapshotTimestamp": "2019-01-01T00:00:00Z" }, "geometry": { "type": "LineString", "coordinates": [ [ 84.8538265, 22.2540516 ], [ 84.8633741, 22.2539751 ] ] } },
{ "type": "Feature", "properties": { "@osmId": "way/150662558", "@snapshotTimestamp": "2019-01-01T00:00:00Z" }, "geometry": { "type": "LineString", "coordinates": [ [ 84.8538265, 22.2540516 ], [ 84.853772, 22.2538922 ], [ 84.8535998, 22.2539426 ], [ 84.8536543, 22.254102 ], [ 84.8538265, 22.2540516 ] ] } },
{ "type": "Feature", "properties": { "@osmId": "way/150662472", "@snapshotTimestamp": "2019-01-01T00:00:00Z" }, "geometry": { "type": "LineString", "coordinates": [ [ 84.8793902, 22.2534142 ], [ 84.8669135, 22.2539895 ] ] } },
{ "type": "Feature", "properties": { "@osmId": "way/150690748", "@snapshotTimestamp": "2019-01-01T00:00:00Z" }, "geometry": { "type": "LineString", "coordinates": [ [ 84.8635611, 22.2539844 ], [ 84.8645639, 22.2540288 ] ] } },
{ "type": "Feature", "properties": { "@osmId": "way/150662475", "@snapshotTimestamp": "2019-01-01T00:00:00Z" }, "geometry": { "type": "LineString", "coordinates": [ [ 84.8422158, 22.2537501 ], [ 84.8536086, 22.254065 ] ] } },
{ "type": "Feature", "properties": { "@osmId": "way/150662553", "@snapshotTimestamp": "2019-01-01T00:00:00Z" }, "geometry": { "type": "LineString", "coordinates": [ [ 84.8669304, 22.254106 ], [ 84.8668242, 22.2539417 ], [ 84.8665769, 22.2539941 ], [ 84.8667114, 22.2541612 ], [ 84.8669304, 22.254106 ] ] } },
{ "type": "Feature", "properties": { "@osmId": "way/150662485", "@snapshotTimestamp": "2019-01-01T00:00:00Z" }, "geometry": { "type": "LineString", "coordinates": [ [ 84.8647822, 22.2540155 ], [ 84.86662, 22.2541218 ] ] } },
{ "type": "Feature", "properties": { "@osmId": "way/150662470", "@snapshotTimestamp": "2019-01-01T00:00:00Z" }, "geometry": { "type": "LineString", "coordinates": [ [ 84.8669304, 22.254106 ], [ 84.8795116, 22.2534994 ] ] } },
{ "type": "Feature", "properties": { "@osmId": "way/233203721", "@snapshotTimestamp": "2019-01-01T00:00:00Z" }, "geometry": { "type": "LineString", "coordinates": [ [ 84.4893166, 22.2197303 ], [ 84.5807041, 22.2114237 ] ] } },
{ "type": "Feature", "properties": { "@osmId": "way/233203700", "@snapshotTimestamp": "2019-01-01T00:00:00Z" }, "geometry": { "type": "LineString", "coordinates": [ [ 84.4889837, 22.2199226 ], [ 84.4893166, 22.2197303 ] ] } },
{ "type": "Feature", "properties": { "@osmId": "way/175787684", "@snapshotTimestamp": "2019-01-01T00:00:00Z" }, "geometry": { "type": "LineString", "coordinates": [ [ 84.440852, 22.2275143 ], [ 84.4889837, 22.2199226 ] ] } },
{ "type": "Feature", "properties": { "@osmId": "way/22828986", "@snapshotTimestamp": "2019-01-01T00:00:00Z" }, "geometry": { "type": "LineString", "coordinates": [ [ 84.5810838, 22.211544 ], [ 84.6130714, 22.2398657 ], [ 84.6556739, 22.2345094 ] ] } },
{ "type": "Feature", "properties": { "@osmId": "way/233203716", "@snapshotTimestamp": "2019-01-01T00:00:00Z" }, "geometry": { "type": "LineString", "coordinates": [ [ 84.6556739, 22.2345094 ], [ 84.6563719, 22.2332822 ] ] } },
{ "type": "Feature", "properties": { "@osmId": "way/577221267", "@snapshotTimestamp": "2019-01-01T00:00:00Z" }, "geometry": { "type": "LineString", "coordinates": [ [ 84.5224518, 22.3092248 ], [ 84.5238961, 22.276496 ], [ 84.4807012, 22.2230495 ] ] } },
{ "type": "Feature", "properties": { "@osmId": "way/577221265", "@snapshotTimestamp": "2019-01-01T00:00:00Z" }, "geometry": { "type": "LineString", "coordinates": [ [ 84.5211106, 22.3147335 ], [ 84.5224518, 22.3092248 ] ] } },
{ "type": "Feature", "properties": { "@osmId": "way/577221990", "@snapshotTimestamp": "2019-01-01T00:00:00Z" }, "geometry": { "type": "LineString", "coordinates": [ [ 84.5444539, 22.41722 ], [ 84.5203382, 22.3809647 ], [ 84.5211106, 22.3147335 ] ] } },
{ "type": "Feature", "properties": { "@osmId": "way/639164169", "@snapshotTimestamp": "2019-01-01T00:00:00Z" }, "geometry": { "type": "LineString", "coordinates": [ [ 84.537133350780735, 22.425092503005082 ], [ 84.5444539, 22.41722 ] ] } },
{ "type": "Feature", "properties": { "@osmId": "way/150812533", "@snapshotTimestamp": "2019-01-01T00:00:00Z" }, "geometry": { "type": "LineString", "coordinates": [ [ 84.7868901, 22.2287238 ], [ 84.7790826, 22.2348823 ] ] } },
{ "type": "Feature", "properties": { "@osmId": "way/233203728", "@snapshotTimestamp": "2019-01-01T00:00:00Z" }, "geometry": { "type": "LineString", "coordinates": [ [ 84.6563719, 22.2332822 ], [ 84.7565755, 22.2384247 ] ] } },
{ "type": "Feature", "properties": { "@osmId": "way/233203684", "@snapshotTimestamp": "2019-01-01T00:00:00Z" }, "geometry": { "type": "LineString", "coordinates": [ [ 84.7570891, 22.2383637 ], [ 84.7771322, 22.2356684 ] ] } },
{ "type": "Feature", "properties": { "@osmId": "way/117503317", "@snapshotTimestamp": "2019-01-01T00:00:00Z" }, "geometry": { "type": "LineString", "coordinates": [ [ 84.7792603, 22.2402387 ], [ 84.7790826, 22.2348823 ] ] } },
{ "type": "Feature", "properties": { "@osmId": "way/233203698", "@snapshotTimestamp": "2019-01-01T00:00:00Z" }, "geometry": { "type": "LineString", "coordinates": [ [ 84.7565755, 22.2384247 ], [ 84.7570891, 22.2383637 ] ] } },
{ "type": "Feature", "properties": { "@osmId": "way/150812532", "@snapshotTimestamp": "2019-01-01T00:00:00Z" }, "geometry": { "type": "LineString", "coordinates": [ [ 84.7792603, 22.2402387 ], [ 84.7872429, 22.2476554 ] ] } },
{ "type": "Feature", "properties": { "@osmId": "way/150812528", "@snapshotTimestamp": "2019-01-01T00:00:00Z" }, "geometry": { "type": "LineString", "coordinates": [ [ 84.7872429, 22.2476554 ], [ 84.7891278, 22.2494295 ] ] } },
{ "type": "Feature", "properties": { "@osmId": "way/150812529", "@snapshotTimestamp": "2019-01-01T00:00:00Z" }, "geometry": { "type": "LineString", "coordinates": [ [ 84.7891278, 22.2494295 ], [ 84.7529377, 22.2967679 ], [ 84.7266785, 22.4144805 ] ] } },
{ "type": "Feature", "properties": { "@osmId": "way/387992425", "@snapshotTimestamp": "2019-01-01T00:00:00Z" }, "geometry": { "type": "LineString", "coordinates": [ [ 84.7266785, 22.4144805 ], [ 84.719438726800618, 22.419850439067364 ] ] } },
{ "type": "Feature", "properties": { "@osmId": "way/577141973", "@snapshotTimestamp": "2019-01-01T00:00:00Z" }, "geometry": { "type": "LineString", "coordinates": [ [ 83.6416118, 21.1439847 ], [ 83.641475, 21.1441648 ] ] } },
{ "type": "Feature", "properties": { "@osmId": "way/577141982", "@snapshotTimestamp": "2019-01-01T00:00:00Z" }, "geometry": { "type": "LineString", "coordinates": [ [ 83.641475, 21.1441648 ], [ 83.6183275, 21.1668678 ] ] } },
{ "type": "Feature", "properties": { "@osmId": "way/218284644", "@snapshotTimestamp": "2019-01-01T00:00:00Z" }, "geometry": { "type": "LineString", "coordinates": [ [ 83.5782944, 21.1660728 ], [ 83.5786576, 21.1664891 ] ] } },
{ "type": "Feature", "properties": { "@osmId": "way/577141981", "@snapshotTimestamp": "2019-01-01T00:00:00Z" }, "geometry": { "type": "LineString", "coordinates": [ [ 83.6183275, 21.1668678 ], [ 83.6177026, 21.1673681 ] ] } },
{ "type": "Feature", "properties": { "@osmId": "way/22828781", "@snapshotTimestamp": "2019-01-01T00:00:00Z" }, "geometry": { "type": "LineString", "coordinates": [ [ 83.6177026, 21.1673681 ], [ 83.5877109, 21.1928265 ] ] } },
{ "type": "Feature", "properties": { "@osmId": "way/548504653", "@snapshotTimestamp": "2019-01-01T00:00:00Z" }, "geometry": { "type": "LineString", "coordinates": [ [ 83.5878507, 21.1932072 ], [ 83.583279, 21.1960032 ] ] } },
{ "type": "Feature", "properties": { "@osmId": "way/548504652", "@snapshotTimestamp": "2019-01-01T00:00:00Z" }, "geometry": { "type": "LineString", "coordinates": [ [ 83.583279, 21.1960032 ], [ 83.5830255, 21.196137 ] ] } },
{ "type": "Feature", "properties": { "@osmId": "way/638279384", "@snapshotTimestamp": "2019-01-01T00:00:00Z" }, "geometry": { "type": "LineString", "coordinates": [ [ 83.5786576, 21.1664891 ], [ 83.5785804, 21.2398 ] ] } },
{ "type": "Feature", "properties": { "@osmId": "way/194637129", "@snapshotTimestamp": "2019-01-01T00:00:00Z" }, "geometry": { "type": "LineString", "coordinates": [ [ 83.5830255, 21.196137 ], [ 83.4947795, 21.2428072 ] ] } },
{ "type": "Feature", "properties": { "@osmId": "way/638279383", "@snapshotTimestamp": "2019-01-01T00:00:00Z" }, "geometry": { "type": "LineString", "coordinates": [ [ 83.5785804, 21.2398 ], [ 83.578568, 21.2404274 ] ] } },
{ "type": "Feature", "properties": { "@osmId": "way/232780491", "@snapshotTimestamp": "2019-01-01T00:00:00Z" }, "geometry": { "type": "LineString", "coordinates": [ [ 83.8649919, 21.1048896 ], [ 83.91733, 21.2139414 ] ] } },
{ "type": "Feature", "properties": { "@osmId": "way/232780494", "@snapshotTimestamp": "2019-01-01T00:00:00Z" }, "geometry": { "type": "LineString", "coordinates": [ [ 83.91733, 21.2139414 ], [ 83.9173247, 21.2141386 ] ] } },
{ "type": "Feature", "properties": { "@osmId": "way/232780502", "@snapshotTimestamp": "2019-01-01T00:00:00Z" }, "geometry": { "type": "LineString", "coordinates": [ [ 83.9173247, 21.2141386 ], [ 83.9231143, 21.2672265 ] ] } },
{ "type": "Feature", "properties": { "@osmId": "way/90852035", "@snapshotTimestamp": "2019-01-01T00:00:00Z" }, "geometry": { "type": "LineString", "coordinates": [ [ 83.9231143, 21.2672265 ], [ 83.9260592, 21.2778718 ] ] } },
{ "type": "Feature", "properties": { "@osmId": "way/232780498", "@snapshotTimestamp": "2019-01-01T00:00:00Z" }, "geometry": { "type": "LineString", "coordinates": [ [ 83.9260592, 21.2778718 ], [ 83.9264068, 21.2784438 ] ] } },
{ "type": "Feature", "properties": { "@osmId": "way/232780503", "@snapshotTimestamp": "2019-01-01T00:00:00Z" }, "geometry": { "type": "LineString", "coordinates": [ [ 83.9264068, 21.2784438 ], [ 83.9356321, 21.2900937 ] ] } },
{ "type": "Feature", "properties": { "@osmId": "way/90852029", "@snapshotTimestamp": "2019-01-01T00:00:00Z" }, "geometry": { "type": "LineString", "coordinates": [ [ 83.9356321, 21.2900937 ], [ 83.9634429, 21.3375849 ] ] } },
{ "type": "Feature", "properties": { "@osmId": "way/90851892", "@snapshotTimestamp": "2019-01-01T00:00:00Z" }, "geometry": { "type": "LineString", "coordinates": [ [ 83.9634429, 21.3375849 ], [ 83.9665174, 21.3488244 ] ] } },
{ "type": "Feature", "properties": { "@osmId": "way/232780497", "@snapshotTimestamp": "2019-01-01T00:00:00Z" }, "geometry": { "type": "LineString", "coordinates": [ [ 83.9665174, 21.3488244 ], [ 83.9665525, 21.3489469 ] ] } },
{ "type": "Feature", "properties": { "@osmId": "way/232780500", "@snapshotTimestamp": "2019-01-01T00:00:00Z" }, "geometry": { "type": "LineString", "coordinates": [ [ 83.9665525, 21.3489469 ], [ 83.9758442, 21.3722805 ] ] } },
{ "type": "Feature", "properties": { "@osmId": "way/121808478", "@snapshotTimestamp": "2019-01-01T00:00:00Z" }, "geometry": { "type": "LineString", "coordinates": [ [ 84.3498509, 21.0727962 ], [ 84.3412655, 21.0717778 ] ] } },
{ "type": "Feature", "properties": { "@osmId": "way/293017885", "@snapshotTimestamp": "2019-01-01T00:00:00Z" }, "geometry": { "type": "LineString", "coordinates": [ [ 84.3578339, 21.0753724 ], [ 84.3498509, 21.0727962 ] ] } },
{ "type": "Feature", "properties": { "@osmId": "way/640864066", "@snapshotTimestamp": "2019-01-01T00:00:00Z" }, "geometry": { "type": "LineString", "coordinates": [ [ 84.3620177, 21.0797718 ], [ 84.3578339, 21.0753724 ] ] } },
{ "type": "Feature", "properties": { "@osmId": "way/640864065", "@snapshotTimestamp": "2019-01-01T00:00:00Z" }, "geometry": { "type": "LineString", "coordinates": [ [ 84.3624482, 21.0801243 ], [ 84.3620177, 21.0797718 ] ] } },
{ "type": "Feature", "properties": { "@osmId": "way/640945507", "@snapshotTimestamp": "2019-01-01T00:00:00Z" }, "geometry": { "type": "LineString", "coordinates": [ [ 84.3386682, 21.0718138 ], [ 84.2947479, 21.070468 ], [ 84.2505142, 21.1009285 ] ] } },
{ "type": "Feature", "properties": { "@osmId": "way/640945506", "@snapshotTimestamp": "2019-01-01T00:00:00Z" }, "geometry": { "type": "LineString", "coordinates": [ [ 84.2505142, 21.1009285 ], [ 84.2501807, 21.1014645 ] ] } },
{ "type": "Feature", "properties": { "@osmId": "way/240675506", "@snapshotTimestamp": "2019-01-01T00:00:00Z" }, "geometry": { "type": "LineString", "coordinates": [ [ 84.2501807, 21.1014645 ], [ 84.175714, 21.1298106 ], [ 84.1328203, 21.2814346 ], [ 84.0258736, 21.4183441 ] ] } },
{ "type": "Feature", "properties": { "@osmId": "way/76826678", "@snapshotTimestamp": "2019-01-01T00:00:00Z" }, "geometry": { "type": "LineString", "coordinates": [ [ 84.1653151, 21.4474051 ], [ 84.1668318, 21.4471347 ] ] } },
{ "type": "Feature", "properties": { "@osmId": "way/240640967", "@snapshotTimestamp": "2019-01-01T00:00:00Z" }, "geometry": { "type": "LineString", "coordinates": [ [ 84.1249698, 21.4487049 ], [ 84.1653151, 21.4474051 ] ] } },
{ "type": "Feature", "properties": { "@osmId": "way/640855295", "@snapshotTimestamp": "2019-01-01T00:00:00Z" }, "geometry": { "type": "LineString", "coordinates": [ [ 84.1247268, 21.4487412 ], [ 84.1249698, 21.4487049 ] ] } },
{ "type": "Feature", "properties": { "@osmId": "way/22828800", "@snapshotTimestamp": "2019-01-01T00:00:00Z" }, "geometry": { "type": "LineString", "coordinates": [ [ 83.4947795, 21.2428072 ], [ 83.5969262, 21.310297 ] ] } },
{ "type": "Feature", "properties": { "@osmId": "way/218284636", "@snapshotTimestamp": "2019-01-01T00:00:00Z" }, "geometry": { "type": "LineString", "coordinates": [ [ 83.578568, 21.2404274 ], [ 83.5915975, 21.337923 ] ] } },
{ "type": "Feature", "properties": { "@osmId": "way/566389919", "@snapshotTimestamp": "2019-01-01T00:00:00Z" }, "geometry": { "type": "LineString", "coordinates": [ [ 83.5265783, 21.319583 ], [ 83.526541, 21.3194621 ] ] } },
{ "type": "Feature", "properties": { "@osmId": "way/217485703", "@snapshotTimestamp": "2019-01-01T00:00:00Z" }, "geometry": { "type": "LineString", "coordinates": [ [ 83.4080618, 21.3030843 ], [ 83.5652197, 21.3389507 ] ] } },
{ "type": "Feature", "properties": { "@osmId": "way/566389921", "@snapshotTimestamp": "2019-01-01T00:00:00Z" }, "geometry": { "type": "LineString", "coordinates": [ [ 83.5669918, 21.3397416 ], [ 83.4081288, 21.3029918 ] ] } },
{ "type": "Feature", "properties": { "@osmId": "way/566389920", "@snapshotTimestamp": "2019-01-01T00:00:00Z" }, "geometry": { "type": "LineString", "coordinates": [ [ 83.5077601, 21.3233619 ], [ 83.5077336, 21.3232471 ] ] } },
{ "type": "Feature", "properties": { "@osmId": "way/566389918", "@snapshotTimestamp": "2019-01-01T00:00:00Z" }, "geometry": { "type": "LineString", "coordinates": [ [ 83.5432248, 21.326508 ], [ 83.5432681, 21.3264003 ] ] } },
{ "type": "Feature", "properties": { "@osmId": "way/22829038", "@snapshotTimestamp": "2019-01-01T00:00:00Z" }, "geometry": { "type": "LineString", "coordinates": [ [ 83.604078, 21.3309155 ], [ 83.6071162, 21.3307121 ] ] } },
{ "type": "Feature", "properties": { "@osmId": "way/136160595", "@snapshotTimestamp": "2019-01-01T00:00:00Z" }, "geometry": { "type": "LineString", "coordinates": [ [ 83.6071162, 21.3307121 ], [ 83.6097738, 21.3319105 ] ] } },
{ "type": "Feature", "properties": { "@osmId": "way/136160594", "@snapshotTimestamp": "2019-01-01T00:00:00Z" }, "geometry": { "type": "LineString", "coordinates": [ [ 83.6097738, 21.3319105 ], [ 83.6144774, 21.333012 ] ] } },
{ "type": "Feature", "properties": { "@osmId": "way/22829039", "@snapshotTimestamp": "2019-01-01T00:00:00Z" }, "geometry": { "type": "LineString", "coordinates": [ [ 83.6144774, 21.333012 ], [ 83.6263217, 21.3434012 ] ] } },
{ "type": "Feature", "properties": { "@osmId": "way/216156538", "@snapshotTimestamp": "2019-01-01T00:00:00Z" }, "geometry": { "type": "LineString", "coordinates": [ [ 83.5907909, 21.3379049 ], [ 83.5941567, 21.3387672 ] ] } },
{ "type": "Feature", "properties": { "@osmId": "way/566389922", "@snapshotTimestamp": "2019-01-01T00:00:00Z" }, "geometry": { "type": "LineString", "coordinates": [ [ 83.5652197, 21.3389507 ], [ 83.5669918, 21.3397416 ] ] } },
{ "type": "Feature", "properties": { "@osmId": "way/640844803", "@snapshotTimestamp": "2019-01-01T00:00:00Z" }, "geometry": { "type": "LineString", "coordinates": [ [ 83.6144774, 21.333012 ], [ 83.6069592, 21.3461542 ] ] } },
{ "type": "Feature", "properties": { "@osmId": "way/240633863", "@snapshotTimestamp": "2019-01-01T00:00:00Z" }, "geometry": { "type": "LineString", "coordinates": [ [ 83.5669918, 21.3397416 ], [ 83.5675881, 21.3400227 ] ] } },
{ "type": "Feature", "properties": { "@osmId": "way/548888329", "@snapshotTimestamp": "2019-01-01T00:00:00Z" }, "geometry": { "type": "LineString", "coordinates": [ [ 83.5966229, 21.3399714 ], [ 83.6002965, 21.3405541 ] ] } },
{ "type": "Feature", "properties": { "@osmId": "way/640844817", "@snapshotTimestamp": "2019-01-01T00:00:00Z" }, "geometry": { "type": "LineString", "coordinates": [ [ 83.6001876, 21.34201 ], [ 83.5941567, 21.3387672 ] ] } },
{ "type": "Feature", "properties": { "@osmId": "way/240633861", "@snapshotTimestamp": "2019-01-01T00:00:00Z" }, "geometry": { "type": "LineString", "coordinates": [ [ 83.5675881, 21.3400227 ], [ 83.5907909, 21.3379049 ] ] } },
{ "type": "Feature", "properties": { "@osmId": "way/640844820", "@snapshotTimestamp": "2019-01-01T00:00:00Z" }, "geometry": { "type": "LineString", "coordinates": [ [ 83.5941567, 21.3387672 ], [ 83.6000884, 21.3420874 ] ] } },
{ "type": "Feature", "properties": { "@osmId": "way/217485710", "@snapshotTimestamp": "2019-01-01T00:00:00Z" }, "geometry": { "type": "LineString", "coordinates": [ [ 83.6002965, 21.3405541 ], [ 83.6029317, 21.3411114 ] ] } },
{ "type": "Feature", "properties": { "@osmId": "way/640844808", "@snapshotTimestamp": "2019-01-01T00:00:00Z" }, "geometry": { "type": "LineString", "coordinates": [ [ 83.6022744, 21.3433291 ], [ 83.6001876, 21.34201 ] ] } },
{ "type": "Feature", "properties": { "@osmId": "way/640844805", "@snapshotTimestamp": "2019-01-01T00:00:00Z" }, "geometry": { "type": "LineString", "coordinates": [ [ 83.6000884, 21.3420874 ], [ 83.6022422, 21.343434 ] ] } },
{ "type": "Feature", "properties": { "@osmId": "way/217485714", "@snapshotTimestamp": "2019-01-01T00:00:00Z" }, "geometry": { "type": "LineString", "coordinates": [ [ 83.6029317, 21.3411114 ], [ 83.6456809, 21.349803 ] ] } },
{ "type": "Feature", "properties": { "@osmId": "way/640844801", "@snapshotTimestamp": "2019-01-01T00:00:00Z" }, "geometry": { "type": "LineString", "coordinates": [ [ 83.6069592, 21.3461542 ], [ 83.6068559, 21.3463824 ] ] } },
{ "type": "Feature", "properties": { "@osmId": "way/640844814", "@snapshotTimestamp": "2019-01-01T00:00:00Z" }, "geometry": { "type": "LineString", "coordinates": [ [ 83.6270848, 21.3510335 ], [ 83.6022744, 21.3433291 ] ] } },
{ "type": "Feature", "properties": { "@osmId": "way/640844811", "@snapshotTimestamp": "2019-01-01T00:00:00Z" }, "geometry": { "type": "LineString", "coordinates": [ [ 83.6022422, 21.343434 ], [ 83.627117, 21.3511759 ] ] } },
{ "type": "Feature", "properties": { "@osmId": "way/548888327", "@snapshotTimestamp": "2019-01-01T00:00:00Z" }, "geometry": { "type": "LineString", "coordinates": [ [ 83.6466328, 21.349604 ], [ 83.662563, 21.3485551 ] ] } },
{ "type": "Feature", "properties": { "@osmId": "way/244509655", "@snapshotTimestamp": "2019-01-01T00:00:00Z" }, "geometry": { "type": "LineString", "coordinates": [ [ 83.6456809, 21.349803 ], [ 83.6466328, 21.349604 ] ] } },
{ "type": "Feature", "properties": { "@osmId": "way/640844763", "@snapshotTimestamp": "2019-01-01T00:00:00Z" }, "geometry": { "type": "LineString", "coordinates": [ [ 83.6570209, 21.3495795 ], [ 83.6566749, 21.3499168 ] ] } },
{ "type": "Feature", "properties": { "@osmId": "way/640844766", "@snapshotTimestamp": "2019-01-01T00:00:00Z" }, "geometry": { "type": "LineString", "coordinates": [ [ 83.6568493, 21.3499368 ], [ 83.6571872, 21.3495995 ] ] } },
{ "type": "Feature", "properties": { "@osmId": "way/640844789", "@snapshotTimestamp": "2019-01-01T00:00:00Z" }, "geometry": { "type": "LineString", "coordinates": [ [ 83.6276159, 21.3512008 ], [ 83.6270848, 21.3510335 ] ] } },
{ "type": "Feature", "properties": { "@osmId": "way/640844795", "@snapshotTimestamp": "2019-01-01T00:00:00Z" }, "geometry": { "type": "LineString", "coordinates": [ [ 83.627117, 21.3511759 ], [ 83.6276239, 21.3513432 ] ] } },
{ "type": "Feature", "properties": { "@osmId": "way/217485709", "@snapshotTimestamp": "2019-01-01T00:00:00Z" }, "geometry": { "type": "LineString", "coordinates": [ [ 83.6949152, 21.3510606 ], [ 83.6971676, 21.3518922 ] ] } },
{ "type": "Feature", "properties": { "@osmId": "way/640844772", "@snapshotTimestamp": "2019-01-01T00:00:00Z" }, "geometry": { "type": "LineString", "coordinates": [ [ 83.6754452, 21.3562641 ], [ 83.6570209, 21.3495795 ] ] } },
{ "type": "Feature", "properties": { "@osmId": "way/640844769", "@snapshotTimestamp": "2019-01-01T00:00:00Z" }, "geometry": { "type": "LineString", "coordinates": [ [ 83.6571872, 21.3495995 ], [ 83.6754452, 21.3562641 ] ] } },
{ "type": "Feature", "properties": { "@osmId": "way/640844786", "@snapshotTimestamp": "2019-01-01T00:00:00Z" }, "geometry": { "type": "LineString", "coordinates": [ [ 83.6566749, 21.3499168 ], [ 83.6359294, 21.3549467 ] ] } },
{ "type": "Feature", "properties": { "@osmId": "way/640844782", "@snapshotTimestamp": "2019-01-01T00:00:00Z" }, "geometry": { "type": "LineString", "coordinates": [ [ 83.6358073, 21.3550104 ], [ 83.6568493, 21.3499368 ] ] } },
{ "type": "Feature", "properties": { "@osmId": "way/548888314", "@snapshotTimestamp": "2019-01-01T00:00:00Z" }, "geometry": { "type": "LineString", "coordinates": [ [ 83.6286136, 21.351011 ], [ 83.635456, 21.3546882 ] ] } },
{ "type": "Feature", "properties": { "@osmId": "way/640844792", "@snapshotTimestamp": "2019-01-01T00:00:00Z" }, "geometry": { "type": "LineString", "coordinates": [ [ 83.6356223, 21.3548181 ], [ 83.6276159, 21.3512008 ] ] } },
{ "type": "Feature", "properties": { "@osmId": "way/640844798", "@snapshotTimestamp": "2019-01-01T00:00:00Z" }, "geometry": { "type": "LineString", "coordinates": [ [ 83.6276239, 21.3513432 ], [ 83.6355659, 21.354908 ] ] } },
{ "type": "Feature", "properties": { "@osmId": "way/244509656", "@snapshotTimestamp": "2019-01-01T00:00:00Z" }, "geometry": { "type": "LineString", "coordinates": [ [ 83.6754452, 21.3562641 ], [ 83.6949152, 21.3510606 ] ] } },
{ "type": "Feature", "properties": { "@osmId": "way/640844776", "@snapshotTimestamp": "2019-01-01T00:00:00Z" }, "geometry": { "type": "LineString", "coordinates": [ [ 83.6359294, 21.3549467 ], [ 83.6356223, 21.3548181 ] ] } },
{ "type": "Feature", "properties": { "@osmId": "way/640844779", "@snapshotTimestamp": "2019-01-01T00:00:00Z" }, "geometry": { "type": "LineString", "coordinates": [ [ 83.6355659, 21.354908 ], [ 83.6358073, 21.3550104 ] ] } },
{ "type": "Feature", "properties": { "@osmId": "way/217485702", "@snapshotTimestamp": "2019-01-01T00:00:00Z" }, "geometry": { "type": "LineString", "coordinates": [ [ 83.6971676, 21.3518922 ], [ 83.748629, 21.3661119 ] ] } },
{ "type": "Feature", "properties": { "@osmId": "way/364546138", "@snapshotTimestamp": "2019-01-01T00:00:00Z" }, "geometry": { "type": "LineString", "coordinates": [ [ 83.748629, 21.3661119 ], [ 83.7488632, 21.3662171 ] ] } },
{ "type": "Feature", "properties": { "@osmId": "way/364546139", "@snapshotTimestamp": "2019-01-01T00:00:00Z" }, "geometry": { "type": "LineString", "coordinates": [ [ 83.7488632, 21.3662171 ], [ 83.7853994, 21.373387 ] ] } },
{ "type": "Feature", "properties": { "@osmId": "way/583351654", "@snapshotTimestamp": "2019-01-01T00:00:00Z" }, "geometry": { "type": "LineString", "coordinates": [ [ 83.8043418, 21.3862773 ], [ 83.7853994, 21.373387 ] ] } },
{ "type": "Feature", "properties": { "@osmId": "way/583351653", "@snapshotTimestamp": "2019-01-01T00:00:00Z" }, "geometry": { "type": "LineString", "coordinates": [ [ 83.7853994, 21.373387 ], [ 83.8042532, 21.3863847 ] ] } },
{ "type": "Feature", "properties": { "@osmId": "way/583351651", "@snapshotTimestamp": "2019-01-01T00:00:00Z" }, "geometry": { "type": "LineString", "coordinates": [ [ 83.805184, 21.3868167 ], [ 83.8043418, 21.3862773 ] ] } },
{ "type": "Feature", "properties": { "@osmId": "way/583351649", "@snapshotTimestamp": "2019-01-01T00:00:00Z" }, "geometry": { "type": "LineString", "coordinates": [ [ 83.8042532, 21.3863847 ], [ 83.8051196, 21.3869616 ] ] } },
{ "type": "Feature", "properties": { "@osmId": "way/232780495", "@snapshotTimestamp": "2019-01-01T00:00:00Z" }, "geometry": { "type": "LineString", "coordinates": [ [ 83.9758442, 21.3722805 ], [ 83.9759171, 21.3724681 ] ] } },
{ "type": "Feature", "properties": { "@osmId": "way/232780490", "@snapshotTimestamp": "2019-01-01T00:00:00Z" }, "geometry": { "type": "LineString", "coordinates": [ [ 83.9759171, 21.3724681 ], [ 83.9876739, 21.4032926 ] ] } },
{ "type": "Feature", "properties": { "@osmId": "way/90851901", "@snapshotTimestamp": "2019-01-01T00:00:00Z" }, "geometry": { "type": "LineString", "coordinates": [ [ 83.9876739, 21.4032926 ], [ 83.9890487, 21.4114512 ] ] } },
{ "type": "Feature", "properties": { "@osmId": "way/330488211", "@snapshotTimestamp": "2019-01-01T00:00:00Z" }, "geometry": { "type": "LineString", "coordinates": [ [ 83.9876739, 21.4032926 ], [ 84.0292334, 21.4121755 ] ] } },
{ "type": "Feature", "properties": { "@osmId": "way/232780501", "@snapshotTimestamp": "2019-01-01T00:00:00Z" }, "geometry": { "type": "LineString", "coordinates": [ [ 83.9890487, 21.4114512 ], [ 83.9891861, 21.4128014 ] ] } },
{ "type": "Feature", "properties": { "@osmId": "way/330488212", "@snapshotTimestamp": "2019-01-01T00:00:00Z" }, "geometry": { "type": "LineString", "coordinates": [ [ 84.0292334, 21.4121755 ], [ 84.0294265, 21.412221 ] ] } },
{ "type": "Feature", "properties": { "@osmId": "way/330488213", "@snapshotTimestamp": "2019-01-01T00:00:00Z" }, "geometry": { "type": "LineString", "coordinates": [ [ 84.0294265, 21.412221 ], [ 84.0314832, 21.4157252 ] ] } },
{ "type": "Feature", "properties": { "@osmId": "way/219072795", "@snapshotTimestamp": "2019-01-01T00:00:00Z" }, "geometry": { "type": "LineString", "coordinates": [ [ 84.0258736, 21.4183441 ], [ 84.0247642, 21.4191806 ] ] } },
{ "type": "Feature", "properties": { "@osmId": "way/583351652", "@snapshotTimestamp": "2019-01-01T00:00:00Z" }, "geometry": { "type": "LineString", "coordinates": [ [ 83.9007176, 21.4669324 ], [ 83.8994422, 21.4271685 ], [ 83.805184, 21.3868167 ] ] } },
{ "type": "Feature", "properties": { "@osmId": "way/583351655", "@snapshotTimestamp": "2019-01-01T00:00:00Z" }, "geometry": { "type": "LineString", "coordinates": [ [ 83.8051196, 21.3869616 ], [ 83.8994247, 21.4273557 ], [ 83.900621, 21.4668775 ] ] } },
{ "type": "Feature", "properties": { "@osmId": "way/232780492", "@snapshotTimestamp": "2019-01-01T00:00:00Z" }, "geometry": { "type": "LineString", "coordinates": [ [ 83.9891861, 21.4128014 ], [ 83.9909889, 21.4483022 ] ] } },
{ "type": "Feature", "properties": { "@osmId": "way/219072796", "@snapshotTimestamp": "2019-01-01T00:00:00Z" }, "geometry": { "type": "LineString", "coordinates": [ [ 84.0247642, 21.4191806 ], [ 83.9909889, 21.4483022 ] ] } },
{ "type": "Feature", "properties": { "@osmId": "way/121557040", "@snapshotTimestamp": "2019-01-01T00:00:00Z" }, "geometry": { "type": "LineString", "coordinates": [ [ 83.9909889, 21.4483022 ], [ 83.9871062, 21.4542106 ] ] } },
{ "type": "Feature", "properties": { "@osmId": "way/90854312", "@snapshotTimestamp": "2019-01-01T00:00:00Z" }, "geometry": { "type": "LineString", "coordinates": [ [ 84.0184773, 21.4532585 ], [ 83.9909889, 21.4483022 ] ] } },
{ "type": "Feature", "properties": { "@osmId": "way/324736132", "@snapshotTimestamp": "2019-01-01T00:00:00Z" }, "geometry": { "type": "LineString", "coordinates": [ [ 84.0273272, 21.4523004 ], [ 84.0413835, 21.4510678 ] ] } },
{ "type": "Feature", "properties": { "@osmId": "way/76766328", "@snapshotTimestamp": "2019-01-01T00:00:00Z" }, "geometry": { "type": "LineString", "coordinates": [ [ 84.0190259, 21.4531499 ], [ 84.0273272, 21.4523004 ] ] } },
{ "type": "Feature", "properties": { "@osmId": "way/233203693", "@snapshotTimestamp": "2019-01-01T00:00:00Z" }, "geometry": { "type": "LineString", "coordinates": [ [ 83.9871062, 21.4542106 ], [ 83.9869506, 21.4549551 ] ] } },
{ "type": "Feature", "properties": { "@osmId": "way/76766321", "@snapshotTimestamp": "2019-01-01T00:00:00Z" }, "geometry": { "type": "LineString", "coordinates": [ [ 84.0190259, 21.4531499 ], [ 84.0119943, 21.4621187 ] ] } },
{ "type": "Feature", "properties": { "@osmId": "way/233203714", "@snapshotTimestamp": "2019-01-01T00:00:00Z" }, "geometry": { "type": "LineString", "coordinates": [ [ 83.9869506, 21.4549551 ], [ 83.9753343, 21.4681579 ] ] } },
{ "type": "Feature", "properties": { "@osmId": "way/216156535", "@snapshotTimestamp": "2019-01-01T00:00:00Z" }, "geometry": { "type": "LineString", "coordinates": [ [ 84.0119943, 21.4621187 ], [ 84.0113834, 21.4631075 ] ] } },
{ "type": "Feature", "properties": { "@osmId": "way/583351648", "@snapshotTimestamp": "2019-01-01T00:00:00Z" }, "geometry": { "type": "LineString", "coordinates": [ [ 83.900621, 21.4668775 ], [ 83.9004735, 21.4673193 ] ] } },
{ "type": "Feature", "properties": { "@osmId": "way/583351645", "@snapshotTimestamp": "2019-01-01T00:00:00Z" }, "geometry": { "type": "LineString", "coordinates": [ [ 83.9005888, 21.4674192 ], [ 83.9007176, 21.4669324 ] ] } },
{ "type": "Feature", "properties": { "@osmId": "way/89582435", "@snapshotTimestamp": "2019-01-01T00:00:00Z" }, "geometry": { "type": "LineString", "coordinates": [ [ 83.9753343, 21.4681579 ], [ 83.9688881, 21.4709502 ] ] } },
{ "type": "Feature", "properties": { "@osmId": "way/89582434", "@snapshotTimestamp": "2019-01-01T00:00:00Z" }, "geometry": { "type": "LineString", "coordinates": [ [ 83.9753343, 21.4681579 ], [ 83.9764291, 21.4748606 ] ] } },
{ "type": "Feature", "properties": { "@osmId": "way/216156543", "@snapshotTimestamp": "2019-01-01T00:00:00Z" }, "geometry": { "type": "LineString", "coordinates": [ [ 84.0113834, 21.4631075 ], [ 83.9948241, 21.4842807 ] ] } },
{ "type": "Feature", "properties": { "@osmId": "way/329362631", "@snapshotTimestamp": "2019-01-01T00:00:00Z" }, "geometry": { "type": "LineString", "coordinates": [ [ 83.9764291, 21.4748606 ], [ 83.9773313, 21.4771157 ] ] } },
{ "type": "Feature", "properties": { "@osmId": "way/330812621", "@snapshotTimestamp": "2019-01-01T00:00:00Z" }, "geometry": { "type": "LineString", "coordinates": [ [ 83.9688881, 21.4709502 ], [ 83.9566332, 21.482865 ] ] } },
{ "type": "Feature", "properties": { "@osmId": "way/233203705", "@snapshotTimestamp": "2019-01-01T00:00:00Z" }, "geometry": { "type": "LineString", "coordinates": [ [ 83.9773313, 21.4771157 ], [ 83.9776924, 21.4778543 ] ] } },
{ "type": "Feature", "properties": { "@osmId": "way/583351647", "@snapshotTimestamp": "2019-01-01T00:00:00Z" }, "geometry": { "type": "LineString", "coordinates": [ [ 83.9004735, 21.4673193 ], [ 83.9088996, 21.489913 ] ] } },
{ "type": "Feature", "properties": { "@osmId": "way/583351646", "@snapshotTimestamp": "2019-01-01T00:00:00Z" }, "geometry": { "type": "LineString", "coordinates": [ [ 83.9090528, 21.4898601 ], [ 83.9005888, 21.4674192 ] ] } },
{ "type": "Feature", "properties": { "@osmId": "way/640855296", "@snapshotTimestamp": "2019-01-01T00:00:00Z" }, "geometry": { "type": "LineString", "coordinates": [ [ 84.0427381, 21.4510793 ], [ 84.1247268, 21.4487412 ] ] } },
{ "type": "Feature", "properties": { "@osmId": "way/240640959", "@snapshotTimestamp": "2019-01-01T00:00:00Z" }, "geometry": { "type": "LineString", "coordinates": [ [ 84.0413835, 21.4510678 ], [ 84.0427381, 21.4510793 ] ] } },
{ "type": "Feature", "properties": { "@osmId": "way/76826544", "@snapshotTimestamp": "2019-01-01T00:00:00Z" }, "geometry": { "type": "LineString", "coordinates": [ [ 84.1668318, 21.4471347 ], [ 84.25014, 21.471494 ], [ 84.2406901, 21.4895673 ], [ 84.296234, 21.4932791 ] ] } },
{ "type": "Feature", "properties": { "@osmId": "way/498901894", "@snapshotTimestamp": "2019-01-01T00:00:00Z" }, "geometry": { "type": "LineString", "coordinates": [ [ 84.1000508, 21.5224557 ], [ 84.0273272, 21.4523004 ] ] } },
{ "type": "Feature", "properties": { "@osmId": "way/386543481", "@snapshotTimestamp": "2019-01-01T00:00:00Z" }, "geometry": { "type": "LineString", "coordinates": [ [ 84.296234, 21.4932791 ], [ 84.313143, 21.4976361 ] ] } },
{ "type": "Feature", "properties": { "@osmId": "way/240640961", "@snapshotTimestamp": "2019-01-01T00:00:00Z" }, "geometry": { "type": "LineString", "coordinates": [ [ 84.313143, 21.4976361 ], [ 84.3137914, 21.4976206 ] ] } },
{ "type": "Feature", "properties": { "@osmId": "way/240640965", "@snapshotTimestamp": "2019-01-01T00:00:00Z" }, "geometry": { "type": "LineString", "coordinates": [ [ 84.3137914, 21.4976206 ], [ 84.3318533, 21.5032948 ] ] } },
{ "type": "Feature", "properties": { "@osmId": "way/240640960", "@snapshotTimestamp": "2019-01-01T00:00:00Z" }, "geometry": { "type": "LineString", "coordinates": [ [ 84.3318533, 21.5032948 ], [ 84.3324002, 21.5035223 ] ] } },
{ "type": "Feature", "properties": { "@osmId": "way/240640966", "@snapshotTimestamp": "2019-01-01T00:00:00Z" }, "geometry": { "type": "LineString", "coordinates": [ [ 84.3324002, 21.5035223 ], [ 84.3733165, 21.5303786 ] ] } },
{ "type": "Feature", "properties": { "@osmId": "way/498901895", "@snapshotTimestamp": "2019-01-01T00:00:00Z" }, "geometry": { "type": "LineString", "coordinates": [ [ 84.1002814, 21.5227401 ], [ 84.1000508, 21.5224557 ] ] } },
{ "type": "Feature", "properties": { "@osmId": "way/329348761", "@snapshotTimestamp": "2019-01-01T00:00:00Z" }, "geometry": { "type": "LineString", "coordinates": [ [ 83.9566332, 21.482865 ], [ 83.9565609, 21.4827032 ] ] } },
{ "type": "Feature", "properties": { "@osmId": "way/217485706", "@snapshotTimestamp": "2019-01-01T00:00:00Z" }, "geometry": { "type": "LineString", "coordinates": [ [ 83.9948241, 21.4842807 ], [ 83.9945552, 21.4846716 ] ] } },
{ "type": "Feature", "properties": { "@osmId": "way/233203690", "@snapshotTimestamp": "2019-01-01T00:00:00Z" }, "geometry": { "type": "LineString", "coordinates": [ [ 83.9776924, 21.4778543 ], [ 83.9889319, 21.4934147 ] ] } },
{ "type": "Feature", "properties": { "@osmId": "way/217485701", "@snapshotTimestamp": "2019-01-01T00:00:00Z" }, "geometry": { "type": "LineString", "coordinates": [ [ 83.9945552, 21.4846716 ], [ 83.9893767, 21.4933106 ] ] } },
{ "type": "Feature", "properties": { "@osmId": "way/583351638", "@snapshotTimestamp": "2019-01-01T00:00:00Z" }, "geometry": { "type": "LineString", "coordinates": [ [ 83.9094229, 21.490776 ], [ 83.9090528, 21.4898601 ] ] } },
{ "type": "Feature", "properties": { "@osmId": "way/583351639", "@snapshotTimestamp": "2019-01-01T00:00:00Z" }, "geometry": { "type": "LineString", "coordinates": [ [ 83.9088996, 21.489913 ], [ 83.9092456, 21.4908739 ] ] } },
{ "type": "Feature", "properties": { "@osmId": "way/583351640", "@snapshotTimestamp": "2019-01-01T00:00:00Z" }, "geometry": { "type": "LineString", "coordinates": [ [ 83.909785, 21.491657 ], [ 83.9094229, 21.490776 ] ] } },
{ "type": "Feature", "properties": { "@osmId": "way/329348757", "@snapshotTimestamp": "2019-01-01T00:00:00Z" }, "geometry": { "type": "LineString", "coordinates": [ [ 83.9566332, 21.482865 ], [ 83.944044, 21.502076 ] ] } },
{ "type": "Feature", "properties": { "@osmId": "way/583351641", "@snapshotTimestamp": "2019-01-01T00:00:00Z" }, "geometry": { "type": "LineString", "coordinates": [ [ 83.9092456, 21.4908739 ], [ 83.9140846, 21.494844 ] ] } },
{ "type": "Feature", "properties": { "@osmId": "way/90851902", "@snapshotTimestamp": "2019-01-01T00:00:00Z" }, "geometry": { "type": "LineString", "coordinates": [ [ 83.9141744, 21.494721 ], [ 83.909785, 21.491657 ] ] } },
{ "type": "Feature", "properties": { "@osmId": "way/216156536", "@snapshotTimestamp": "2019-01-01T00:00:00Z" }, "geometry": { "type": "LineString", "coordinates": [ [ 83.9890962, 21.4932771 ], [ 83.9888835, 21.4935355 ], [ 83.9891322, 21.4936679 ], [ 83.989425, 21.4934327 ], [ 83.9890962, 21.4932771 ] ] } },
{ "type": "Feature", "properties": { "@osmId": "way/90852019", "@snapshotTimestamp": "2019-01-01T00:00:00Z" }, "geometry": { "type": "LineString", "coordinates": [ [ 83.9209715, 21.4988112 ], [ 83.9141744, 21.494721 ] ] } },
{ "type": "Feature", "properties": { "@osmId": "way/583351636", "@snapshotTimestamp": "2019-01-01T00:00:00Z" }, "geometry": { "type": "LineString", "coordinates": [ [ 83.9140846, 21.494844 ], [ 83.9208706, 21.4989219 ] ] } },
{ "type": "Feature", "properties": { "@osmId": "way/90852025", "@snapshotTimestamp": "2019-01-01T00:00:00Z" }, "geometry": { "type": "LineString", "coordinates": [ [ 83.9888835, 21.4935355 ], [ 83.9209715, 21.4988112 ] ] } },
{ "type": "Feature", "properties": { "@osmId": "way/583351637", "@snapshotTimestamp": "2019-01-01T00:00:00Z" }, "geometry": { "type": "LineString", "coordinates": [ [ 83.9208706, 21.4989219 ], [ 83.9890737, 21.4936572 ] ] } },
{ "type": "Feature", "properties": { "@osmId": "way/90854307", "@snapshotTimestamp": "2019-01-01T00:00:00Z" }, "geometry": { "type": "LineString", "coordinates": [ [ 83.944044, 21.502076 ], [ 83.8977936, 21.5281058 ] ] } },
{ "type": "Feature", "properties": { "@osmId": "way/90854334", "@snapshotTimestamp": "2019-01-01T00:00:00Z" }, "geometry": { "type": "LineString", "coordinates": [ [ 83.9893532, 21.4935484 ], [ 84.0271338, 21.5386806 ] ] } },
{ "type": "Feature", "properties": { "@osmId": "way/149126691", "@snapshotTimestamp": "2019-01-01T00:00:00Z" }, "geometry": { "type": "LineString", "coordinates": [ [ 83.8977936, 21.5281058 ], [ 83.9009795, 21.5339272 ] ] } },
{ "type": "Feature", "properties": { "@osmId": "way/233203697", "@snapshotTimestamp": "2019-01-01T00:00:00Z" }, "geometry": { "type": "LineString", "coordinates": [ [ 84.0271338, 21.5386806 ], [ 84.0273536, 21.5389038 ] ] } },
{ "type": "Feature", "properties": { "@osmId": "way/149126690", "@snapshotTimestamp": "2019-01-01T00:00:00Z" }, "geometry": { "type": "LineString", "coordinates": [ [ 83.9009795, 21.5339272 ], [ 83.9426415, 21.548289 ] ] } },
{ "type": "Feature", "properties": { "@osmId": "way/22828803", "@snapshotTimestamp": "2019-01-01T00:00:00Z" }, "geometry": { "type": "LineString", "coordinates": [ [ 83.6068559, 21.3463824 ], [ 83.5398149, 21.4775287 ] ] } },
{ "type": "Feature", "properties": { "@osmId": "way/240342940", "@snapshotTimestamp": "2019-01-01T00:00:00Z" }, "geometry": { "type": "LineString", "coordinates": [ [ 83.7200924, 21.7530153 ], [ 83.7771698, 21.7382962 ], [ 83.8295371, 21.8038241 ] ] } },
{ "type": "Feature", "properties": { "@osmId": "way/240342962", "@snapshotTimestamp": "2019-01-01T00:00:00Z" }, "geometry": { "type": "LineString", "coordinates": [ [ 83.6479196, 21.7868574 ], [ 83.7200924, 21.7530153 ] ] } },
{ "type": "Feature", "properties": { "@osmId": "way/240342939", "@snapshotTimestamp": "2019-01-01T00:00:00Z" }, "geometry": { "type": "LineString", "coordinates": [ [ 83.5594642, 21.7904703 ], [ 83.6474862, 21.7863762 ] ] } },
{ "type": "Feature", "properties": { "@osmId": "way/217803043", "@snapshotTimestamp": "2019-01-01T00:00:00Z" }, "geometry": { "type": "LineString", "coordinates": [ [ 83.4776976, 21.7794324 ], [ 83.5539514, 21.7876024 ] ] } },
{ "type": "Feature", "properties": { "@osmId": "way/240342949", "@snapshotTimestamp": "2019-01-01T00:00:00Z" }, "geometry": { "type": "LineString", "coordinates": [ [ 83.6479196, 21.7868574 ], [ 83.6474862, 21.7863762 ] ] } },
{ "type": "Feature", "properties": { "@osmId": "way/217803053", "@snapshotTimestamp": "2019-01-01T00:00:00Z" }, "geometry": { "type": "LineString", "coordinates": [ [ 83.5539514, 21.7876024 ], [ 83.5548196, 21.7881088 ] ] } },
{ "type": "Feature", "properties": { "@osmId": "way/217803060", "@snapshotTimestamp": "2019-01-01T00:00:00Z" }, "geometry": { "type": "LineString", "coordinates": [ [ 83.5548196, 21.7881088 ], [ 83.5591426, 21.7906128 ] ] } },
{ "type": "Feature", "properties": { "@osmId": "way/240342950", "@snapshotTimestamp": "2019-01-01T00:00:00Z" }, "geometry": { "type": "LineString", "coordinates": [ [ 83.5591426, 21.7906128 ], [ 83.5594642, 21.7904703 ] ] } },
{ "type": "Feature", "properties": { "@osmId": "way/240640958", "@snapshotTimestamp": "2019-01-01T00:00:00Z" }, "geometry": { "type": "LineString", "coordinates": [ [ 84.3733165, 21.5303786 ], [ 84.3735886, 21.5305859 ] ] } },
{ "type": "Feature", "properties": { "@osmId": "way/240640964", "@snapshotTimestamp": "2019-01-01T00:00:00Z" }, "geometry": { "type": "LineString", "coordinates": [ [ 84.3735886, 21.5305859 ], [ 84.3875319, 21.536966 ] ] } },
{ "type": "Feature", "properties": { "@osmId": "way/240640962", "@snapshotTimestamp": "2019-01-01T00:00:00Z" }, "geometry": { "type": "LineString", "coordinates": [ [ 84.3958247, 21.5362381 ], [ 84.3962976, 21.536264 ] ] } },
{ "type": "Feature", "properties": { "@osmId": "way/217485708", "@snapshotTimestamp": "2019-01-01T00:00:00Z" }, "geometry": { "type": "LineString", "coordinates": [ [ 84.3875319, 21.536966 ], [ 84.3958247, 21.5362381 ] ] } },
{ "type": "Feature", "properties": { "@osmId": "way/22828948", "@snapshotTimestamp": "2019-01-01T00:00:00Z" }, "geometry": { "type": "LineString", "coordinates": [ [ 84.3890519, 21.5377169 ], [ 84.3900686, 21.553013 ] ] } },
{ "type": "Feature", "properties": { "@osmId": "way/549104721", "@snapshotTimestamp": "2019-01-01T00:00:00Z" }, "geometry": { "type": "LineString", "coordinates": [ [ 84.3900686, 21.553013 ], [ 84.3902819, 21.5535905 ] ] } },
{ "type": "Feature", "properties": { "@osmId": "way/233203692", "@snapshotTimestamp": "2019-01-01T00:00:00Z" }, "geometry": { "type": "LineString", "coordinates": [ [ 84.0391524, 21.5759761 ], [ 84.0391727, 21.5762825 ] ] } },
{ "type": "Feature", "properties": { "@osmId": "way/498901893", "@snapshotTimestamp": "2019-01-01T00:00:00Z" }, "geometry": { "type": "LineString", "coordinates": [ [ 84.0391727, 21.5762825 ], [ 84.0411929, 21.5957325 ] ] } },
{ "type": "Feature", "properties": { "@osmId": "way/549104720", "@snapshotTimestamp": "2019-01-01T00:00:00Z" }, "geometry": { "type": "LineString", "coordinates": [ [ 84.3902819, 21.5535905 ], [ 84.4027032, 21.6361999 ] ] } },
{ "type": "Feature", "properties": { "@osmId": "way/498901892", "@snapshotTimestamp": "2019-01-01T00:00:00Z" }, "geometry": { "type": "LineString", "coordinates": [ [ 84.0411929, 21.5957325 ], [ 84.0412702, 21.5958249 ] ] } },
{ "type": "Feature", "properties": { "@osmId": "way/233203711", "@snapshotTimestamp": "2019-01-01T00:00:00Z" }, "geometry": { "type": "LineString", "coordinates": [ [ 84.0273536, 21.5389038 ], [ 84.0391524, 21.5759761 ] ] } },
{ "type": "Feature", "properties": { "@osmId": "way/91005928", "@snapshotTimestamp": "2019-01-01T00:00:00Z" }, "geometry": { "type": "LineString", "coordinates": [ [ 84.041866, 21.6866547 ], [ 84.0094287, 21.732151 ], [ 84.0106279, 21.7803704 ] ] } },
{ "type": "Feature", "properties": { "@osmId": "way/233203709", "@snapshotTimestamp": "2019-01-01T00:00:00Z" }, "geometry": { "type": "LineString", "coordinates": [ [ 84.0106279, 21.7803704 ], [ 84.0091158, 21.7816259 ] ] } },
{ "type": "Feature", "properties": { "@osmId": "way/562395888", "@snapshotTimestamp": "2019-01-01T00:00:00Z" }, "geometry": { "type": "LineString", "coordinates": [ [ 83.8533498, 21.8217478 ], [ 83.879317, 21.7788792 ], [ 83.9137459, 21.7993219 ] ] } },
{ "type": "Feature", "properties": { "@osmId": "way/233203717", "@snapshotTimestamp": "2019-01-01T00:00:00Z" }, "geometry": { "type": "LineString", "coordinates": [ [ 84.0091158, 21.7816259 ], [ 84.0089583, 21.8226054 ] ] } },
{ "type": "Feature", "properties": { "@osmId": "way/240342951", "@snapshotTimestamp": "2019-01-01T00:00:00Z" }, "geometry": { "type": "LineString", "coordinates": [ [ 83.8295371, 21.8038241 ], [ 83.8301318, 21.8038403 ] ] } },
{ "type": "Feature", "properties": { "@osmId": "way/553143270", "@snapshotTimestamp": "2019-01-01T00:00:00Z" }, "geometry": { "type": "LineString", "coordinates": [ [ 83.8301318, 21.8038403 ], [ 83.8393416, 21.8083637 ] ] } },
{ "type": "Feature", "properties": { "@osmId": "way/648728167", "@snapshotTimestamp": "2019-01-01T00:00:00Z" }, "geometry": { "type": "LineString", "coordinates": [ [ 83.9137459, 21.7993219 ], [ 83.9191123, 21.8241915 ] ] } },
{ "type": "Feature", "properties": { "@osmId": "way/648728251", "@snapshotTimestamp": "2019-01-01T00:00:00Z" }, "geometry": { "type": "LineString", "coordinates": [ [ 83.8483472, 21.8124939 ], [ 83.8576431, 21.8171974 ] ] } },
{ "type": "Feature", "properties": { "@osmId": "way/648728253", "@snapshotTimestamp": "2019-01-01T00:00:00Z" }, "geometry": { "type": "LineString", "coordinates": [ [ 83.8393416, 21.8083637 ], [ 83.865981, 21.8271253 ] ] } },
{ "type": "Feature", "properties": { "@osmId": "way/240342938", "@snapshotTimestamp": "2019-01-01T00:00:00Z" }, "geometry": { "type": "LineString", "coordinates": [ [ 83.8393416, 21.8083637 ], [ 83.8408257, 21.8289652 ], [ 83.865981, 21.8271253 ] ] } },
{ "type": "Feature", "properties": { "@osmId": "way/648728166", "@snapshotTimestamp": "2019-01-01T00:00:00Z" }, "geometry": { "type": "LineString", "coordinates": [ [ 83.9191123, 21.8241915 ], [ 83.9269692, 21.8234369 ] ] } },
{ "type": "Feature", "properties": { "@osmId": "way/648728156", "@snapshotTimestamp": "2019-01-01T00:00:00Z" }, "geometry": { "type": "LineString", "coordinates": [ [ 83.9270765, 21.8248164 ], [ 83.9269692, 21.8234369 ] ] } },
{ "type": "Feature", "properties": { "@osmId": "way/648728180", "@snapshotTimestamp": "2019-01-01T00:00:00Z" }, "geometry": { "type": "LineString", "coordinates": [ [ 83.9270765, 21.8248164 ], [ 83.9268624, 21.8250757 ], [ 83.927114, 21.8252546 ], [ 83.927328, 21.8249952 ], [ 83.9270765, 21.8248164 ] ] } },
{ "type": "Feature", "properties": { "@osmId": "way/602526056", "@snapshotTimestamp": "2019-01-01T00:00:00Z" }, "geometry": { "type": "LineString", "coordinates": [ [ 83.927114, 21.8252546 ], [ 83.9273608, 21.8310262 ] ] } },
{ "type": "Feature", "properties": { "@osmId": "way/562405104", "@snapshotTimestamp": "2019-01-01T00:00:00Z" }, "geometry": { "type": "LineString", "coordinates": [ [ 83.9006872, 21.8365867 ], [ 83.9191123, 21.8241915 ] ] } },
{ "type": "Feature", "properties": { "@osmId": "way/648728157", "@snapshotTimestamp": "2019-01-01T00:00:00Z" }, "geometry": { "type": "LineString", "coordinates": [ [ 83.9273608, 21.8310262 ], [ 83.9246196, 21.834741 ] ] } },
{ "type": "Feature", "properties": { "@osmId": "way/562408333", "@snapshotTimestamp": "2019-01-01T00:00:00Z" }, "geometry": { "type": "LineString", "coordinates": [ [ 83.874861, 21.8332133 ], [ 83.9006872, 21.8365867 ] ] } },
{ "type": "Feature", "properties": { "@osmId": "way/91005943", "@snapshotTimestamp": "2019-01-01T00:00:00Z" }, "geometry": { "type": "LineString", "coordinates": [ [ 84.0089583, 21.8226054 ], [ 84.0019806, 21.8497593 ] ] } },
{ "type": "Feature", "properties": { "@osmId": "way/91005935", "@snapshotTimestamp": "2019-01-01T00:00:00Z" }, "geometry": { "type": "LineString", "coordinates": [ [ 84.0089583, 21.8226054 ], [ 84.024292, 21.8651219 ] ] } },
{ "type": "Feature", "properties": { "@osmId": "way/553143272", "@snapshotTimestamp": "2019-01-01T00:00:00Z" }, "geometry": { "type": "LineString", "coordinates": [ [ 83.865981, 21.8271253 ], [ 83.8926612, 21.8580284 ], [ 83.947194, 21.863722 ] ] } },
{ "type": "Feature", "properties": { "@osmId": "way/602538120", "@snapshotTimestamp": "2019-01-01T00:00:00Z" }, "geometry": { "type": "LineString", "coordinates": [ [ 83.9242087, 21.8620333 ], [ 83.9246196, 21.834741 ] ] } },
{ "type": "Feature", "properties": { "@osmId": "way/233203680", "@snapshotTimestamp": "2019-01-01T00:00:00Z" }, "geometry": { "type": "LineString", "coordinates": [ [ 84.0019806, 21.8497593 ], [ 84.0016775, 21.8501055 ] ] } },
{ "type": "Feature", "properties": { "@osmId": "way/233203679", "@snapshotTimestamp": "2019-01-01T00:00:00Z" }, "geometry": { "type": "LineString", "coordinates": [ [ 84.0016775, 21.8501055 ], [ 83.9963903, 21.872836 ] ] } },
{ "type": "Feature", "properties": { "@osmId": "way/91005942", "@snapshotTimestamp": "2019-01-01T00:00:00Z" }, "geometry": { "type": "LineString", "coordinates": [ [ 83.9516169, 21.8645737 ], [ 83.947194, 21.863722 ] ] } },
{ "type": "Feature", "properties": { "@osmId": "way/91005920", "@snapshotTimestamp": "2019-01-01T00:00:00Z" }, "geometry": { "type": "LineString", "coordinates": [ [ 84.0243009, 21.8652042 ], [ 84.0252175, 21.8675409 ] ] } },
{ "type": "Feature", "properties": { "@osmId": "way/202818565", "@snapshotTimestamp": "2019-01-01T00:00:00Z" }, "geometry": { "type": "LineString", "coordinates": [ [ 84.0252175, 21.8675409 ], [ 84.02505, 21.8678317 ] ] } },
{ "type": "Feature", "properties": { "@osmId": "way/233203682", "@snapshotTimestamp": "2019-01-01T00:00:00Z" }, "geometry": { "type": "LineString", "coordinates": [ [ 83.9963903, 21.872836 ], [ 83.9516169, 21.8645737 ] ] } },
{ "type": "Feature", "properties": { "@osmId": "way/202818564", "@snapshotTimestamp": "2019-01-01T00:00:00Z" }, "geometry": { "type": "LineString", "coordinates": [ [ 84.02505, 21.8678317 ], [ 84.0254482, 21.8779368 ] ] } },
{ "type": "Feature", "properties": { "@osmId": "way/233203683", "@snapshotTimestamp": "2019-01-01T00:00:00Z" }, "geometry": { "type": "LineString", "coordinates": [ [ 84.024703, 21.8778442 ], [ 83.9963903, 21.872836 ] ] } },
{ "type": "Feature", "properties": { "@osmId": "way/22828845", "@snapshotTimestamp": "2019-01-01T00:00:00Z" }, "geometry": { "type": "LineString", "coordinates": [ [ 84.0243009, 21.8652042 ], [ 84.1588853, 21.8051859 ] ] } },
{ "type": "Feature", "properties": { "@osmId": "way/233584406", "@snapshotTimestamp": "2019-01-01T00:00:00Z" }, "geometry": { "type": "LineString", "coordinates": [ [ 84.3763381, 21.8750935 ], [ 84.3765435, 21.8756173 ] ] } },
{ "type": "Feature", "properties": { "@osmId": "way/233584402", "@snapshotTimestamp": "2019-01-01T00:00:00Z" }, "geometry": { "type": "LineString", "coordinates": [ [ 84.3765435, 21.8756173 ], [ 84.3815902, 21.8976639 ] ] } },
{ "type": "Feature", "properties": { "@osmId": "way/233584407", "@snapshotTimestamp": "2019-01-01T00:00:00Z" }, "geometry": { "type": "LineString", "coordinates": [ [ 84.3815902, 21.8976639 ], [ 84.381585, 21.8981169 ] ] } },
{ "type": "Feature", "properties": { "@osmId": "way/387484272", "@snapshotTimestamp": "2019-01-01T00:00:00Z" }, "geometry": { "type": "LineString", "coordinates": [ [ 84.2045374, 21.8104154 ], [ 84.2262133, 21.8588397 ], [ 84.188317, 21.9558381 ], [ 84.1196272, 21.9903116 ] ] } },
{ "type": "Feature", "properties": { "@osmId": "way/233584411", "@snapshotTimestamp": "2019-01-01T00:00:00Z" }, "geometry": { "type": "LineString", "coordinates": [ [ 84.381585, 21.8981169 ], [ 84.3832387, 21.94163 ] ] } },
{ "type": "Feature", "properties": { "@osmId": "way/233584404", "@snapshotTimestamp": "2019-01-01T00:00:00Z" }, "geometry": { "type": "LineString", "coordinates": [ [ 84.3832387, 21.94163 ], [ 84.3832942, 21.9418547 ] ] } },
{ "type": "Feature", "properties": { "@osmId": "way/233584409", "@snapshotTimestamp": "2019-01-01T00:00:00Z" }, "geometry": { "type": "LineString", "coordinates": [ [ 84.3832942, 21.9418547 ], [ 84.3840151, 21.9469503 ] ] } },
{ "type": "Feature", "properties": { "@osmId": "way/233584405", "@snapshotTimestamp": "2019-01-01T00:00:00Z" }, "geometry": { "type": "LineString", "coordinates": [ [ 84.3840151, 21.9469503 ], [ 84.3840516, 21.9472892 ] ] } },
{ "type": "Feature", "properties": { "@osmId": "way/238738787", "@snapshotTimestamp": "2019-01-01T00:00:00Z" }, "geometry": { "type": "LineString", "coordinates": [ [ 84.0360256, 21.9516395 ], [ 84.0394393, 21.9723882 ] ] } },
{ "type": "Feature", "properties": { "@osmId": "way/240640952", "@snapshotTimestamp": "2019-01-01T00:00:00Z" }, "geometry": { "type": "LineString", "coordinates": [ [ 84.662933, 21.3461669 ], [ 84.6627382, 21.3464793 ] ] } },
{ "type": "Feature", "properties": { "@osmId": "way/240640949", "@snapshotTimestamp": "2019-01-01T00:00:00Z" }, "geometry": { "type": "LineString", "coordinates": [ [ 84.6627382, 21.3464793 ], [ 84.6919193, 21.4577237 ] ] } },
{ "type": "Feature", "properties": { "@osmId": "way/240640950", "@snapshotTimestamp": "2019-01-01T00:00:00Z" }, "geometry": { "type": "LineString", "coordinates": [ [ 84.6919193, 21.4577237 ], [ 84.6914181, 21.4586365 ] ] } },
{ "type": "Feature", "properties": { "@osmId": "way/240640955", "@snapshotTimestamp": "2019-01-01T00:00:00Z" }, "geometry": { "type": "LineString", "coordinates": [ [ 84.6914181, 21.4586365 ], [ 84.7074499, 21.4772194 ] ] } },
{ "type": "Feature", "properties": { "@osmId": "way/240640954", "@snapshotTimestamp": "2019-01-01T00:00:00Z" }, "geometry": { "type": "LineString", "coordinates": [ [ 84.7074499, 21.4772194 ], [ 84.7183793, 21.4805948 ] ] } },
{ "type": "Feature", "properties": { "@osmId": "way/240640953", "@snapshotTimestamp": "2019-01-01T00:00:00Z" }, "geometry": { "type": "LineString", "coordinates": [ [ 84.7183793, 21.4805948 ], [ 84.7118592, 21.5255134 ] ] } },
{ "type": "Feature", "properties": { "@osmId": "way/240342989", "@snapshotTimestamp": "2019-01-01T00:00:00Z" }, "geometry": { "type": "LineString", "coordinates": [ [ 84.785569, 21.5287597 ], [ 84.8525372, 21.5223463 ] ] } },
{ "type": "Feature", "properties": { "@osmId": "way/295075240", "@snapshotTimestamp": "2019-01-01T00:00:00Z" }, "geometry": { "type": "LineString", "coordinates": [ [ 84.7118592, 21.5255134 ], [ 84.7119011, 21.5260778 ] ] } },
{ "type": "Feature", "properties": { "@osmId": "way/295075241", "@snapshotTimestamp": "2019-01-01T00:00:00Z" }, "geometry": { "type": "LineString", "coordinates": [ [ 84.7119011, 21.5260778 ], [ 84.7124927, 21.5294539 ] ] } },
{ "type": "Feature", "properties": { "@osmId": "way/240342982", "@snapshotTimestamp": "2019-01-01T00:00:00Z" }, "geometry": { "type": "LineString", "coordinates": [ [ 84.7850689, 21.5287303 ], [ 84.785569, 21.5287597 ] ] } },
{ "type": "Feature", "properties": { "@osmId": "way/90854311", "@snapshotTimestamp": "2019-01-01T00:00:00Z" }, "geometry": { "type": "LineString", "coordinates": [ [ 84.0412702, 21.5958249 ], [ 84.0469819, 21.6345406 ] ] } },
{ "type": "Feature", "properties": { "@osmId": "way/233203702", "@snapshotTimestamp": "2019-01-01T00:00:00Z" }, "geometry": { "type": "LineString", "coordinates": [ [ 84.0469819, 21.6345406 ], [ 84.0468424, 21.6348147 ] ] } },
{ "type": "Feature", "properties": { "@osmId": "way/233203724", "@snapshotTimestamp": "2019-01-01T00:00:00Z" }, "geometry": { "type": "LineString", "coordinates": [ [ 84.0468424, 21.6348147 ], [ 84.0419753, 21.6861622 ] ] } },
{ "type": "Feature", "properties": { "@osmId": "way/324736128", "@snapshotTimestamp": "2019-01-01T00:00:00Z" }, "geometry": { "type": "LineString", "coordinates": [ [ 84.2045374, 21.8104154 ], [ 84.1474997, 21.6703775 ], [ 84.1492807, 21.5869796 ], [ 84.1002814, 21.5227401 ] ] } },
{ "type": "Feature", "properties": { "@osmId": "way/240342954", "@snapshotTimestamp": "2019-01-01T00:00:00Z" }, "geometry": { "type": "LineString", "coordinates": [ [ 84.3533789, 21.7299361 ], [ 84.4057735, 21.6503768 ], [ 84.440852, 21.6343592 ] ] } },
{ "type": "Feature", "properties": { "@osmId": "way/233203703", "@snapshotTimestamp": "2019-01-01T00:00:00Z" }, "geometry": { "type": "LineString", "coordinates": [ [ 84.0419753, 21.6861622 ], [ 84.041866, 21.6866547 ] ] } },
{ "type": "Feature", "properties": { "@osmId": "way/240342948", "@snapshotTimestamp": "2019-01-01T00:00:00Z" }, "geometry": { "type": "LineString", "coordinates": [ [ 84.3524901, 21.7302837 ], [ 84.3533789, 21.7299361 ] ] } },
{ "type": "Feature", "properties": { "@osmId": "way/233584400", "@snapshotTimestamp": "2019-01-01T00:00:00Z" }, "geometry": { "type": "LineString", "coordinates": [ [ 84.3506601, 21.7468366 ], [ 84.3524901, 21.7302837 ] ] } },
{ "type": "Feature", "properties": { "@osmId": "way/217808318", "@snapshotTimestamp": "2019-01-01T00:00:00Z" }, "geometry": { "type": "LineString", "coordinates": [ [ 84.3610034, 21.7568227 ], [ 84.3506601, 21.7468366 ] ] } },
{ "type": "Feature", "properties": { "@osmId": "way/217808303", "@snapshotTimestamp": "2019-01-01T00:00:00Z" }, "geometry": { "type": "LineString", "coordinates": [ [ 84.3606164, 21.7582375 ], [ 84.3610034, 21.7568227 ] ] } },
{ "type": "Feature", "properties": { "@osmId": "way/233584399", "@snapshotTimestamp": "2019-01-01T00:00:00Z" }, "geometry": { "type": "LineString", "coordinates": [ [ 84.3553326, 21.7841542 ], [ 84.3606164, 21.7582375 ] ] } },
{ "type": "Feature", "properties": { "@osmId": "way/217808295", "@snapshotTimestamp": "2019-01-01T00:00:00Z" }, "geometry": { "type": "LineString", "coordinates": [ [ 84.3096326, 21.7963852 ], [ 84.3553326, 21.7841542 ] ] } },
{ "type": "Feature", "properties": { "@osmId": "way/290628854", "@snapshotTimestamp": "2019-01-01T00:00:00Z" }, "geometry": { "type": "LineString", "coordinates": [ [ 84.2949295, 21.7934696 ], [ 84.2955307, 21.7929183 ] ] } },
{ "type": "Feature", "properties": { "@osmId": "way/290628855", "@snapshotTimestamp": "2019-01-01T00:00:00Z" }, "geometry": { "type": "LineString", "coordinates": [ [ 84.2946054, 21.7938111 ], [ 84.2949295, 21.7934696 ] ] } },
{ "type": "Feature", "properties": { "@osmId": "way/290628856", "@snapshotTimestamp": "2019-01-01T00:00:00Z" }, "geometry": { "type": "LineString", "coordinates": [ [ 84.2955307, 21.7929183 ], [ 84.3096326, 21.7963852 ] ] } },
{ "type": "Feature", "properties": { "@osmId": "way/240342953", "@snapshotTimestamp": "2019-01-01T00:00:00Z" }, "geometry": { "type": "LineString", "coordinates": [ [ 84.1588853, 21.8051859 ], [ 84.159991, 21.8042973 ] ] } },
{ "type": "Feature", "properties": { "@osmId": "way/240342937", "@snapshotTimestamp": "2019-01-01T00:00:00Z" }, "geometry": { "type": "LineString", "coordinates": [ [ 84.2122705, 21.8103919 ], [ 84.2676151, 21.8161789 ], [ 84.2946054, 21.7938111 ] ] } },
{ "type": "Feature", "properties": { "@osmId": "way/240342961", "@snapshotTimestamp": "2019-01-01T00:00:00Z" }, "geometry": { "type": "LineString", "coordinates": [ [ 84.159991, 21.8042973 ], [ 84.2119237, 21.8105492 ] ] } },
{ "type": "Feature", "properties": { "@osmId": "way/240342952", "@snapshotTimestamp": "2019-01-01T00:00:00Z" }, "geometry": { "type": "LineString", "coordinates": [ [ 84.2119237, 21.8105492 ], [ 84.2122705, 21.8103919 ] ] } },
{ "type": "Feature", "properties": { "@osmId": "way/91005940", "@snapshotTimestamp": "2019-01-01T00:00:00Z" }, "geometry": { "type": "LineString", "coordinates": [ [ 84.3553326, 21.7841542 ], [ 84.3763381, 21.8750935 ] ] } },
{ "type": "Feature", "properties": { "@osmId": "way/217808302", "@snapshotTimestamp": "2019-01-01T00:00:00Z" }, "geometry": { "type": "LineString", "coordinates": [ [ 84.7124927, 21.5294539 ], [ 84.7129428, 21.5321959 ] ] } },
{ "type": "Feature", "properties": { "@osmId": "way/76826659", "@snapshotTimestamp": "2019-01-01T00:00:00Z" }, "geometry": { "type": "LineString", "coordinates": [ [ 84.7129428, 21.5321959 ], [ 84.7850689, 21.5287303 ] ] } },
{ "type": "Feature", "properties": { "@osmId": "way/216159590", "@snapshotTimestamp": "2019-01-01T00:00:00Z" }, "geometry": { "type": "LineString", "coordinates": [ [ 84.6081936, 21.5481278 ], [ 84.7129428, 21.5321959 ] ] } },
{ "type": "Feature", "properties": { "@osmId": "way/150812531", "@snapshotTimestamp": "2019-01-01T00:00:00Z" }, "geometry": { "type": "LineString", "coordinates": [ [ 84.8045968, 22.2268236 ], [ 84.8297542, 22.2072456 ] ] } },
{ "type": "Feature", "properties": { "@osmId": "way/150662785", "@snapshotTimestamp": "2019-01-01T00:00:00Z" }, "geometry": { "type": "LineString", "coordinates": [ [ 84.8351212, 22.2212026 ], [ 84.8062382, 22.2219693 ] ] } },
{ "type": "Feature", "properties": { "@osmId": "way/150812524", "@snapshotTimestamp": "2019-01-01T00:00:00Z" }, "geometry": { "type": "LineString", "coordinates": [ [ 84.8047554, 22.2270235 ], [ 84.8045671, 22.2268192 ], [ 84.8043435, 22.2269914 ], [ 84.804523, 22.2271995 ], [ 84.8047554, 22.2270235 ] ] } },
{ "type": "Feature", "properties": { "@osmId": "way/150812530", "@snapshotTimestamp": "2019-01-01T00:00:00Z" }, "geometry": { "type": "LineString", "coordinates": [ [ 84.8043435, 22.2269914 ], [ 84.8025709, 22.2270675 ] ] } },
{ "type": "Feature", "properties": { "@osmId": "way/150812525", "@snapshotTimestamp": "2019-01-01T00:00:00Z" }, "geometry": { "type": "LineString", "coordinates": [ [ 84.8025709, 22.2270675 ], [ 84.7980252, 22.2270981 ] ] } },
{ "type": "Feature", "properties": { "@osmId": "way/150812522", "@snapshotTimestamp": "2019-01-01T00:00:00Z" }, "geometry": { "type": "LineString", "coordinates": [ [ 84.7980252, 22.2270981 ], [ 84.7869687, 22.2285927 ] ] } },
{ "type": "Feature", "properties": { "@osmId": "way/150812526", "@snapshotTimestamp": "2019-01-01T00:00:00Z" }, "geometry": { "type": "LineString", "coordinates": [ [ 84.7869687, 22.2285927 ], [ 84.7868901, 22.2287238 ] ] } },
{ "type": "Feature", "properties": { "@osmId": "way/240342954", "@snapshotTimestamp": "2019-01-01T00:00:00Z" }, "geometry": { "type": "LineString", "coordinates": [ [ 84.440852, 21.6343592 ], [ 84.5462766, 21.5532019 ], [ 84.6041607, 21.5448638 ] ] } },
{ "type": "Feature", "properties": { "@osmId": "way/549104724", "@snapshotTimestamp": "2019-01-01T00:00:00Z" }, "geometry": { "type": "LineString", "coordinates": [ [ 84.4027032, 21.6361999 ], [ 84.4026884, 21.6363645 ] ] } },
{ "type": "Feature", "properties": { "@osmId": "way/549104723", "@snapshotTimestamp": "2019-01-01T00:00:00Z" }, "geometry": { "type": "LineString", "coordinates": [ [ 84.4026884, 21.6363645 ], [ 84.406891, 21.6493755 ] ] } },
{ "type": "Feature", "properties": { "@osmId": "way/175787687", "@snapshotTimestamp": "2019-01-01T00:00:00Z" }, "geometry": { "type": "LineString", "coordinates": [ [ 84.3845598, 22.1453323 ], [ 84.4198856, 22.1352988 ] ] } },
{ "type": "Feature", "properties": { "@osmId": "way/384279837", "@snapshotTimestamp": "2019-01-01T00:00:00Z" }, "geometry": { "type": "LineString", "coordinates": [ [ 84.5796099, 22.1878207 ], [ 84.5895905, 22.1961997 ] ] } },
{ "type": "Feature", "properties": { "@osmId": "way/233203689", "@snapshotTimestamp": "2019-01-01T00:00:00Z" }, "geometry": { "type": "LineString", "coordinates": [ [ 84.5690684, 22.206227 ], [ 84.587835, 22.1889624 ] ] } },
{ "type": "Feature", "properties": { "@osmId": "way/233203694", "@snapshotTimestamp": "2019-01-01T00:00:00Z" }, "geometry": { "type": "LineString", "coordinates": [ [ 84.5687808, 22.2066828 ], [ 84.5690684, 22.206227 ] ] } },
{ "type": "Feature", "properties": { "@osmId": "way/233203686", "@snapshotTimestamp": "2019-01-01T00:00:00Z" }, "geometry": { "type": "LineString", "coordinates": [ [ 84.5614711, 22.2108428 ], [ 84.5687808, 22.2066828 ] ] } },
{ "type": "Feature", "properties": { "@osmId": "way/233203701", "@snapshotTimestamp": "2019-01-01T00:00:00Z" }, "geometry": { "type": "LineString", "coordinates": [ [ 84.5807041, 22.2114237 ], [ 84.5810838, 22.211544 ] ] } },
{ "type": "Feature", "properties": { "@osmId": "way/175787684", "@snapshotTimestamp": "2019-01-01T00:00:00Z" }, "geometry": { "type": "LineString", "coordinates": [ [ 84.3770157, 22.2009904 ], [ 84.440852, 22.2275143 ] ] } },
{ "type": "Feature", "properties": { "@osmId": "way/238946730", "@snapshotTimestamp": "2019-01-01T00:00:00Z" }, "geometry": { "type": "LineString", "coordinates": [ [ 84.9530077, 21.9300949 ], [ 84.9526066, 21.9298216 ] ] } },
{ "type": "Feature", "properties": { "@osmId": "way/205478463", "@snapshotTimestamp": "2019-01-01T00:00:00Z" }, "geometry": { "type": "LineString", "coordinates": [ [ 84.9021588, 21.9929685 ], [ 84.8829434, 21.9482466 ], [ 84.9186908, 21.8708894 ] ] } },
{ "type": "Feature", "properties": { "@osmId": "way/205478461", "@snapshotTimestamp": "2019-01-01T00:00:00Z" }, "geometry": { "type": "LineString", "coordinates": [ [ 84.9028845, 21.9942669 ], [ 84.9021588, 21.9929685 ] ] } },
{ "type": "Feature", "properties": { "@osmId": "way/205478460", "@snapshotTimestamp": "2019-01-01T00:00:00Z" }, "geometry": { "type": "LineString", "coordinates": [ [ 84.9103471, 22.0744568 ], [ 84.9028845, 21.9942669 ] ] } },
{ "type": "Feature", "properties": { "@osmId": "way/205478462", "@snapshotTimestamp": "2019-01-01T00:00:00Z" }, "geometry": { "type": "LineString", "coordinates": [ [ 84.9100836, 22.0744756 ], [ 84.9103471, 22.0744568 ] ] } },
{ "type": "Feature", "properties": { "@osmId": "way/150908968", "@snapshotTimestamp": "2019-01-01T00:00:00Z" }, "geometry": { "type": "LineString", "coordinates": [ [ 84.872959, 22.1459657 ], [ 84.9100836, 22.0744756 ] ] } },
{ "type": "Feature", "properties": { "@osmId": "way/150908966", "@snapshotTimestamp": "2019-01-01T00:00:00Z" }, "geometry": { "type": "LineString", "coordinates": [ [ 84.8716524, 22.1463658 ], [ 84.872959, 22.1459657 ] ] } },
{ "type": "Feature", "properties": { "@osmId": "way/150893580", "@snapshotTimestamp": "2019-01-01T00:00:00Z" }, "geometry": { "type": "LineString", "coordinates": [ [ 84.8426219, 22.1945262 ], [ 84.8716524, 22.1463658 ] ] } },
{ "type": "Feature", "properties": { "@osmId": "way/150893579", "@snapshotTimestamp": "2019-01-01T00:00:00Z" }, "geometry": { "type": "LineString", "coordinates": [ [ 84.8424013, 22.1946686 ], [ 84.8426219, 22.1945262 ] ] } },
{ "type": "Feature", "properties": { "@osmId": "way/150812523", "@snapshotTimestamp": "2019-01-01T00:00:00Z" }, "geometry": { "type": "LineString", "coordinates": [ [ 84.8302439, 22.2071006 ], [ 84.8424013, 22.1946686 ] ] } },
{ "type": "Feature", "properties": { "@osmId": "way/150812527", "@snapshotTimestamp": "2019-01-01T00:00:00Z" }, "geometry": { "type": "LineString", "coordinates": [ [ 84.8297542, 22.2072456 ], [ 84.8302439, 22.2071006 ] ] } },
{ "type": "Feature", "properties": { "@osmId": "way/150662477", "@snapshotTimestamp": "2019-01-01T00:00:00Z" }, "geometry": { "type": "LineString", "coordinates": [ [ 84.8480112, 22.220826 ], [ 84.8352734, 22.2211239 ] ] } },
{ "type": "Feature", "properties": { "@osmId": "way/150662469", "@snapshotTimestamp": "2019-01-01T00:00:00Z" }, "geometry": { "type": "LineString", "coordinates": [ [ 84.8353467, 22.2211975 ], [ 84.8479839, 22.2209231 ] ] } },
{ "type": "Feature", "properties": { "@osmId": "way/150662561", "@snapshotTimestamp": "2019-01-01T00:00:00Z" }, "geometry": { "type": "LineString", "coordinates": [ [ 84.848371, 22.2209967 ], [ 84.8483104, 22.220779 ], [ 84.8479902, 22.220851 ], [ 84.8480964, 22.221035 ], [ 84.848371, 22.2209967 ] ] } },
{ "type": "Feature", "properties": { "@osmId": "way/150662498", "@snapshotTimestamp": "2019-01-01T00:00:00Z" }, "geometry": { "type": "LineString", "coordinates": [ [ 84.8544135, 22.221506 ], [ 84.8484088, 22.2208652 ] ] } },
{ "type": "Feature", "properties": { "@osmId": "way/150662563", "@snapshotTimestamp": "2019-01-01T00:00:00Z" }, "geometry": { "type": "LineString", "coordinates": [ [ 84.8353455, 22.2212533 ], [ 84.8352377, 22.2211119 ], [ 84.8351212, 22.2212026 ], [ 84.8352092, 22.2213237 ], [ 84.8353455, 22.2212533 ] ] } },
{ "type": "Feature", "properties": { "@osmId": "way/150662497", "@snapshotTimestamp": "2019-01-01T00:00:00Z" }, "geometry": { "type": "LineString", "coordinates": [ [ 84.8483907, 22.2209586 ], [ 84.8544033, 22.2215743 ] ] } },
{ "type": "Feature", "properties": { "@osmId": "way/150662547", "@snapshotTimestamp": "2019-01-01T00:00:00Z" }, "geometry": { "type": "LineString", "coordinates": [ [ 84.8547671, 22.2216179 ], [ 84.8546609, 22.2214536 ], [ 84.8544135, 22.221506 ], [ 84.8545481, 22.2216731 ], [ 84.8547671, 22.2216179 ] ] } },
{ "type": "Feature", "properties": { "@osmId": "way/150662492", "@snapshotTimestamp": "2019-01-01T00:00:00Z" }, "geometry": { "type": "LineString", "coordinates": [ [ 84.8598332, 22.2220284 ], [ 84.8547482, 22.2215117 ] ] } },
{ "type": "Feature", "properties": { "@osmId": "way/150662488", "@snapshotTimestamp": "2019-01-01T00:00:00Z" }, "geometry": { "type": "LineString", "coordinates": [ [ 84.8547671, 22.2216179 ], [ 84.8598034, 22.2221453 ] ] } },
{ "type": "Feature", "properties": { "@osmId": "way/150662546", "@snapshotTimestamp": "2019-01-01T00:00:00Z" }, "geometry": { "type": "LineString", "coordinates": [ [ 84.8598034, 22.2221453 ], [ 84.8601257, 22.2223211 ], [ 84.8603983, 22.2221078 ], [ 84.8600974, 22.2219202 ], [ 84.8598034, 22.2221453 ] ] } },
{ "type": "Feature", "properties": { "@osmId": "way/150662501", "@snapshotTimestamp": "2019-01-01T00:00:00Z" }, "geometry": { "type": "LineString", "coordinates": [ [ 84.8633903, 22.2224204 ], [ 84.8603983, 22.2221078 ] ] } },
{ "type": "Feature", "properties": { "@osmId": "way/150662504", "@snapshotTimestamp": "2019-01-01T00:00:00Z" }, "geometry": { "type": "LineString", "coordinates": [ [ 84.8603785, 22.2222099 ], [ 84.8633818, 22.2225107 ] ] } },
{ "type": "Feature", "properties": { "@osmId": "way/150662549", "@snapshotTimestamp": "2019-01-01T00:00:00Z" }, "geometry": { "type": "LineString", "coordinates": [ [ 84.8636173, 22.2225295 ], [ 84.8635627, 22.2223699 ], [ 84.8633903, 22.2224204 ], [ 84.8634448, 22.22258 ], [ 84.8636173, 22.2225295 ] ] } },
{ "type": "Feature", "properties": { "@osmId": "way/150662490", "@snapshotTimestamp": "2019-01-01T00:00:00Z" }, "geometry": { "type": "LineString", "coordinates": [ [ 84.8670875, 22.2227637 ], [ 84.8636257, 22.2224392 ] ] } },
{ "type": "Feature", "properties": { "@osmId": "way/150662494", "@snapshotTimestamp": "2019-01-01T00:00:00Z" }, "geometry": { "type": "LineString", "coordinates": [ [ 84.8636173, 22.2225295 ], [ 84.8670423, 22.2228903 ] ] } },
{ "type": "Feature", "properties": { "@osmId": "way/150662559", "@snapshotTimestamp": "2019-01-01T00:00:00Z" }, "geometry": { "type": "LineString", "coordinates": [ [ 84.867636, 22.22296 ], [ 84.8673935, 22.2226384 ], [ 84.867046, 22.222863 ], [ 84.8672887, 22.2231846 ], [ 84.867636, 22.22296 ] ] } },
{ "type": "Feature", "properties": { "@osmId": "way/150662471", "@snapshotTimestamp": "2019-01-01T00:00:00Z" }, "geometry": { "type": "LineString", "coordinates": [ [ 84.8351222, 22.2212408 ], [ 84.8318258, 22.2265526 ] ] } },
{ "type": "Feature", "properties": { "@osmId": "way/150662480", "@snapshotTimestamp": "2019-01-01T00:00:00Z" }, "geometry": { "type": "LineString", "coordinates": [ [ 84.8318865, 22.2265526 ], [ 84.8352092, 22.2213237 ] ] } },
{ "type": "Feature", "properties": { "@osmId": "way/150662474", "@snapshotTimestamp": "2019-01-01T00:00:00Z" }, "geometry": { "type": "LineString", "coordinates": [ [ 84.8702162, 22.2279745 ], [ 84.867636, 22.22296 ] ] } },
{ "type": "Feature", "properties": { "@osmId": "way/150662476", "@snapshotTimestamp": "2019-01-01T00:00:00Z" }, "geometry": { "type": "LineString", "coordinates": [ [ 84.8675912, 22.2230641 ], [ 84.8701406, 22.2279811 ] ] } },
{ "type": "Feature", "properties": { "@osmId": "way/150139593", "@snapshotTimestamp": "2019-01-01T00:00:00Z" }, "geometry": { "type": "LineString", "coordinates": [ [ 84.8676302, 22.2228388 ], [ 84.9087666, 22.2265961 ] ] } },
{ "type": "Feature", "properties": { "@osmId": "way/150139590", "@snapshotTimestamp": "2019-01-01T00:00:00Z" }, "geometry": { "type": "LineString", "coordinates": [ [ 84.9087666, 22.2265961 ], [ 84.9093142, 22.2266671 ] ] } },
{ "type": "Feature", "properties": { "@osmId": "way/537005946", "@snapshotTimestamp": "2019-01-01T00:00:00Z" }, "geometry": { "type": "LineString", "coordinates": [ [ 84.8402363, 22.2267134 ], [ 84.8379375, 22.2266871 ] ] } },
{ "type": "Feature", "properties": { "@osmId": "way/150662487", "@snapshotTimestamp": "2019-01-01T00:00:00Z" }, "geometry": { "type": "LineString", "coordinates": [ [ 84.831888, 22.2268228 ], [ 84.8318865, 22.2265526 ] ] } },
{ "type": "Feature", "properties": { "@osmId": "way/150662486", "@snapshotTimestamp": "2019-01-01T00:00:00Z" }, "geometry": { "type": "LineString", "coordinates": [ [ 84.8318258, 22.2265526 ], [ 84.8318242, 22.2268229 ] ] } },
{ "type": "Feature", "properties": { "@osmId": "way/537005943", "@snapshotTimestamp": "2019-01-01T00:00:00Z" }, "geometry": { "type": "LineString", "coordinates": [ [ 84.8399784, 22.2266926 ], [ 84.8402363, 22.2267134 ] ] } },
{ "type": "Feature", "properties": { "@osmId": "way/537005945", "@snapshotTimestamp": "2019-01-01T00:00:00Z" }, "geometry": { "type": "LineString", "coordinates": [ [ 84.8379375, 22.2266871 ], [ 84.8402363, 22.2267134 ] ] } },
{ "type": "Feature", "properties": { "@osmId": "way/150662681", "@snapshotTimestamp": "2019-01-01T00:00:00Z" }, "geometry": { "type": "LineString", "coordinates": [ [ 84.8047477, 22.2270475 ], [ 84.8379375, 22.2266871 ] ] } },
{ "type": "Feature", "properties": { "@osmId": "way/150662491", "@snapshotTimestamp": "2019-01-01T00:00:00Z" }, "geometry": { "type": "LineString", "coordinates": [ [ 84.8318959, 22.2281899 ], [ 84.831888, 22.2268228 ] ] } },
{ "type": "Feature", "properties": { "@osmId": "way/150662496", "@snapshotTimestamp": "2019-01-01T00:00:00Z" }, "geometry": { "type": "LineString", "coordinates": [ [ 84.8318242, 22.2268229 ], [ 84.831828, 22.2281965 ] ] } },
{ "type": "Feature", "properties": { "@osmId": "way/150662495", "@snapshotTimestamp": "2019-01-01T00:00:00Z" }, "geometry": { "type": "LineString", "coordinates": [ [ 84.8702169, 22.2282355 ], [ 84.8702162, 22.2279745 ] ] } },
{ "type": "Feature", "properties": { "@osmId": "way/150662493", "@snapshotTimestamp": "2019-01-01T00:00:00Z" }, "geometry": { "type": "LineString", "coordinates": [ [ 84.8701406, 22.2279811 ], [ 84.8701428, 22.2282342 ] ] } },
{ "type": "Feature", "properties": { "@osmId": "way/150662483", "@snapshotTimestamp": "2019-01-01T00:00:00Z" }, "geometry": { "type": "LineString", "coordinates": [ [ 84.8318974, 22.2284655 ], [ 84.8318959, 22.2281899 ] ] } },
{ "type": "Feature", "properties": { "@osmId": "way/150662489", "@snapshotTimestamp": "2019-01-01T00:00:00Z" }, "geometry": { "type": "LineString", "coordinates": [ [ 84.831828, 22.2281965 ], [ 84.8318293, 22.2284668 ] ] } },
{ "type": "Feature", "properties": { "@osmId": "way/537005944", "@snapshotTimestamp": "2019-01-01T00:00:00Z" }, "geometry": { "type": "LineString", "coordinates": [ [ 84.8399784, 22.2266926 ], [ 84.8382255, 22.2304591 ] ] } },
{ "type": "Feature", "properties": { "@osmId": "way/150662523", "@snapshotTimestamp": "2019-01-01T00:00:00Z" }, "geometry": { "type": "LineString", "coordinates": [ [ 84.8318293, 22.2284668 ], [ 84.8312771, 22.2335658 ] ] } },
{ "type": "Feature", "properties": { "@osmId": "way/150662511", "@snapshotTimestamp": "2019-01-01T00:00:00Z" }, "geometry": { "type": "LineString", "coordinates": [ [ 84.8314121, 22.2336047 ], [ 84.8318974, 22.2284655 ] ] } },
{ "type": "Feature", "properties": { "@osmId": "way/537005942", "@snapshotTimestamp": "2019-01-01T00:00:00Z" }, "geometry": { "type": "LineString", "coordinates": [ [ 84.8382255, 22.2304591 ], [ 84.8381076, 22.2335675 ] ] } },
{ "type": "Feature", "properties": { "@osmId": "way/150662564", "@snapshotTimestamp": "2019-01-01T00:00:00Z" }, "geometry": { "type": "LineString", "coordinates": [ [ 84.831427, 22.2337006 ], [ 84.8313647, 22.2335685 ], [ 84.831203, 22.23365 ], [ 84.8312912, 22.2337706 ], [ 84.831427, 22.2337006 ] ] } },
{ "type": "Feature", "properties": { "@osmId": "way/648728172", "@snapshotTimestamp": "2019-01-01T00:00:00Z" }, "geometry": { "type": "LineString", "coordinates": [ [ 83.9271676, 21.8886596 ], [ 83.9242087, 21.8620333 ] ] } },
{ "type": "Feature", "properties": { "@osmId": "way/233203681", "@snapshotTimestamp": "2019-01-01T00:00:00Z" }, "geometry": { "type": "LineString", "coordinates": [ [ 84.0254482, 21.8779368 ], [ 84.024703, 21.8778442 ] ] } },
{ "type": "Feature", "properties": { "@osmId": "way/175447652", "@snapshotTimestamp": "2019-01-01T00:00:00Z" }, "geometry": { "type": "LineString", "coordinates": [ [ 84.0247464, 21.8693642 ], [ 84.0024437, 21.9024065 ] ] } },
{ "type": "Feature", "properties": { "@osmId": "way/233203713", "@snapshotTimestamp": "2019-01-01T00:00:00Z" }, "geometry": { "type": "LineString", "coordinates": [ [ 84.0254482, 21.8779368 ], [ 84.0333814, 21.9091035 ] ] } },
{ "type": "Feature", "properties": { "@osmId": "way/233203710", "@snapshotTimestamp": "2019-01-01T00:00:00Z" }, "geometry": { "type": "LineString", "coordinates": [ [ 84.0333814, 21.9091035 ], [ 84.033431, 21.9093161 ] ] } },
{ "type": "Feature", "properties": { "@osmId": "way/233203685", "@snapshotTimestamp": "2019-01-01T00:00:00Z" }, "geometry": { "type": "LineString", "coordinates": [ [ 84.033431, 21.9093161 ], [ 84.0353218, 21.9296238 ] ] } },
{ "type": "Feature", "properties": { "@osmId": "way/233203696", "@snapshotTimestamp": "2019-01-01T00:00:00Z" }, "geometry": { "type": "LineString", "coordinates": [ [ 84.0353218, 21.9296238 ], [ 84.0352932, 21.9298372 ] ] } },
{ "type": "Feature", "properties": { "@osmId": "way/233203712", "@snapshotTimestamp": "2019-01-01T00:00:00Z" }, "geometry": { "type": "LineString", "coordinates": [ [ 84.0352932, 21.9298372 ], [ 84.0348157, 21.9429105 ] ] } },
{ "type": "Feature", "properties": { "@osmId": "way/648536707", "@snapshotTimestamp": "2019-01-01T00:00:00Z" }, "geometry": { "type": "LineString", "coordinates": [ [ 84.0348157, 21.9429105 ], [ 84.0358013, 21.9477644 ] ] } },
{ "type": "Feature", "properties": { "@osmId": "way/238738794", "@snapshotTimestamp": "2019-01-01T00:00:00Z" }, "geometry": { "type": "LineString", "coordinates": [ [ 84.0358013, 21.9477644 ], [ 84.0360256, 21.9516395 ] ] } },
{ "type": "Feature", "properties": { "@osmId": "way/202818566", "@snapshotTimestamp": "2019-01-01T00:00:00Z" }, "geometry": { "type": "LineString", "coordinates": [ [ 84.0394393, 21.9723882 ], [ 84.0367735, 21.9735486 ] ] } },
{ "type": "Feature", "properties": { "@osmId": "way/233584401", "@snapshotTimestamp": "2019-01-01T00:00:00Z" }, "geometry": { "type": "LineString", "coordinates": [ [ 84.3840516, 21.9472892 ], [ 84.3964837, 22.0198571 ], [ 84.3799414, 22.0396139 ] ] } },
{ "type": "Feature", "properties": { "@osmId": "way/478999203", "@snapshotTimestamp": "2019-01-01T00:00:00Z" }, "geometry": { "type": "LineString", "coordinates": [ [ 84.0357745, 22.0737639 ], [ 84.1431943, 22.0456942 ], [ 84.2166872, 21.9878252 ], [ 84.2937485, 22.0509497 ] ] } },
{ "type": "Feature", "properties": { "@osmId": "way/233584403", "@snapshotTimestamp": "2019-01-01T00:00:00Z" }, "geometry": { "type": "LineString", "coordinates": [ [ 84.3799414, 22.0396139 ], [ 84.3797764, 22.0396624 ] ] } },
{ "type": "Feature", "properties": { "@osmId": "way/233584410", "@snapshotTimestamp": "2019-01-01T00:00:00Z" }, "geometry": { "type": "LineString", "coordinates": [ [ 84.3797764, 22.0396624 ], [ 84.2936934, 22.0506259 ] ] } },
{ "type": "Feature", "properties": { "@osmId": "way/175787691", "@snapshotTimestamp": "2019-01-01T00:00:00Z" }, "geometry": { "type": "LineString", "coordinates": [ [ 84.2936934, 22.0506259 ], [ 84.2937485, 22.0509497 ] ] } },
{ "type": "Feature", "properties": { "@osmId": "way/478999204", "@snapshotTimestamp": "2019-01-01T00:00:00Z" }, "geometry": { "type": "LineString", "coordinates": [ [ 84.2937485, 22.0509497 ], [ 84.394984, 22.1120248 ] ] } },
{ "type": "Feature", "properties": { "@osmId": "way/233203715", "@snapshotTimestamp": "2019-01-01T00:00:00Z" }, "geometry": { "type": "LineString", "coordinates": [ [ 84.0369535, 22.0845363 ], [ 84.0570184, 22.1331917 ] ] } },
{ "type": "Feature", "properties": { "@osmId": "way/22828881", "@snapshotTimestamp": "2019-01-01T00:00:00Z" }, "geometry": { "type": "LineString", "coordinates": [ [ 84.0372094, 22.1200669 ], [ 84.0563867, 22.1315195 ] ] } },
{ "type": "Feature", "properties": { "@osmId": "way/175787688", "@snapshotTimestamp": "2019-01-01T00:00:00Z" }, "geometry": { "type": "LineString", "coordinates": [ [ 84.394984, 22.1120248 ], [ 84.3845598, 22.1453323 ] ] } },
{ "type": "Feature", "properties": { "@osmId": "way/238738791", "@snapshotTimestamp": "2019-01-01T00:00:00Z" }, "geometry": { "type": "LineString", "coordinates": [ [ 84.0360256, 21.9516395 ], [ 84.0358013, 21.9477644 ] ] } },
{ "type": "Feature", "properties": { "@osmId": "way/202818567", "@snapshotTimestamp": "2019-01-01T00:00:00Z" }, "geometry": { "type": "LineString", "coordinates": [ [ 84.0367735, 21.9735486 ], [ 84.0368171, 22.0803743 ] ] } },
{ "type": "Feature", "properties": { "@osmId": "way/233203699", "@snapshotTimestamp": "2019-01-01T00:00:00Z" }, "geometry": { "type": "LineString", "coordinates": [ [ 84.0368171, 22.0803743 ], [ 84.0368664, 22.0805958 ] ] } },
{ "type": "Feature", "properties": { "@osmId": "way/233203719", "@snapshotTimestamp": "2019-01-01T00:00:00Z" }, "geometry": { "type": "LineString", "coordinates": [ [ 84.0368664, 22.0805958 ], [ 84.0369499, 22.0843462 ] ] } },
{ "type": "Feature", "properties": { "@osmId": "way/233203706", "@snapshotTimestamp": "2019-01-01T00:00:00Z" }, "geometry": { "type": "LineString", "coordinates": [ [ 84.0369499, 22.0843462 ], [ 84.0369535, 22.0845363 ] ] } },
{ "type": "Feature", "properties": { "@osmId": "way/406003670", "@snapshotTimestamp": "2019-01-01T00:00:00Z" }, "geometry": { "type": "LineString", "coordinates": [ [ 84.0159013, 22.1175299 ], [ 84.0369609, 22.0878174 ] ] } },
{ "type": "Feature", "properties": { "@osmId": "way/233203687", "@snapshotTimestamp": "2019-01-01T00:00:00Z" }, "geometry": { "type": "LineString", "coordinates": [ [ 84.0374793, 22.086967 ], [ 84.0372094, 22.1200669 ] ] } },
{ "type": "Feature", "properties": { "@osmId": "way/435671831", "@snapshotTimestamp": "2019-01-01T00:00:00Z" }, "geometry": { "type": "LineString", "coordinates": [ [ 84.0373281, 22.3504042 ], [ 84.036866, 22.3506588 ] ] } },
{ "type": "Feature", "properties": { "@osmId": "way/435671819", "@snapshotTimestamp": "2019-01-01T00:00:00Z" }, "geometry": { "type": "LineString", "coordinates": [ [ 84.036866, 22.3506588 ], [ 83.989525874152292, 22.369491185373239 ] ] } },
{ "type": "Feature", "properties": { "@osmId": "way/233203704", "@snapshotTimestamp": "2019-01-01T00:00:00Z" }, "geometry": { "type": "LineString", "coordinates": [ [ 84.0570184, 22.1331917 ], [ 84.057153, 22.1335534 ] ] } },
{ "type": "Feature", "properties": { "@osmId": "way/175787685", "@snapshotTimestamp": "2019-01-01T00:00:00Z" }, "geometry": { "type": "LineString", "coordinates": [ [ 84.3845598, 22.1453323 ], [ 84.383749, 22.169814 ] ] } },
{ "type": "Feature", "properties": { "@osmId": "way/22828875", "@snapshotTimestamp": "2019-01-01T00:00:00Z" }, "geometry": { "type": "LineString", "coordinates": [ [ 84.057153, 22.1335534 ], [ 84.1391374, 22.1649433 ], [ 84.2863644, 22.1614105 ], [ 84.3308901, 22.1894478 ] ] } },
{ "type": "Feature", "properties": { "@osmId": "way/233203691", "@snapshotTimestamp": "2019-01-01T00:00:00Z" }, "geometry": { "type": "LineString", "coordinates": [ [ 84.2918795, 22.164523 ], [ 84.2989594, 22.1687022 ] ] } },
{ "type": "Feature", "properties": { "@osmId": "way/22828809", "@snapshotTimestamp": "2019-01-01T00:00:00Z" }, "geometry": { "type": "LineString", "coordinates": [ [ 84.1047758, 22.1515407 ], [ 84.1178128, 22.1981975 ] ] } },
{ "type": "Feature", "properties": { "@osmId": "way/233203708", "@snapshotTimestamp": "2019-01-01T00:00:00Z" }, "geometry": { "type": "LineString", "coordinates": [ [ 84.3308901, 22.1894478 ], [ 84.3315195, 22.1897286 ] ] } },
{ "type": "Feature", "properties": { "@osmId": "way/175787692", "@snapshotTimestamp": "2019-01-01T00:00:00Z" }, "geometry": { "type": "LineString", "coordinates": [ [ 84.383749, 22.169814 ], [ 84.4075543, 22.1766051 ], [ 84.4111873, 22.2153132 ] ] } },
{ "type": "Feature", "properties": { "@osmId": "way/233203688", "@snapshotTimestamp": "2019-01-01T00:00:00Z" }, "geometry": { "type": "LineString", "coordinates": [ [ 84.3315195, 22.1897286 ], [ 84.376606, 22.200792 ] ] } },
{ "type": "Feature", "properties": { "@osmId": "way/233830053", "@snapshotTimestamp": "2019-01-01T00:00:00Z" }, "geometry": { "type": "LineString", "coordinates": [ [ 84.1178128, 22.1981975 ], [ 84.1172729, 22.198542 ] ] } },
{ "type": "Feature", "properties": { "@osmId": "way/233203695", "@snapshotTimestamp": "2019-01-01T00:00:00Z" }, "geometry": { "type": "LineString", "coordinates": [ [ 84.376606, 22.200792 ], [ 84.3770157, 22.2009904 ] ] } },
{ "type": "Feature", "properties": { "@osmId": "way/233830059", "@snapshotTimestamp": "2019-01-01T00:00:00Z" }, "geometry": { "type": "LineString", "coordinates": [ [ 84.1172729, 22.198542 ], [ 84.1064863, 22.2638327 ] ] } },
{ "type": "Feature", "properties": { "@osmId": "way/233830055", "@snapshotTimestamp": "2019-01-01T00:00:00Z" }, "geometry": { "type": "LineString", "coordinates": [ [ 84.1064863, 22.2638327 ], [ 84.1061869, 22.2642444 ] ] } },
{ "type": "Feature", "properties": { "@osmId": "way/233830056", "@snapshotTimestamp": "2019-01-01T00:00:00Z" }, "geometry": { "type": "LineString", "coordinates": [ [ 84.1061869, 22.2642444 ], [ 84.1013706, 22.3133431 ] ] } },
{ "type": "Feature", "properties": { "@osmId": "way/233830052", "@snapshotTimestamp": "2019-01-01T00:00:00Z" }, "geometry": { "type": "LineString", "coordinates": [ [ 84.1013706, 22.3133431 ], [ 84.1006643, 22.3143572 ] ] } },
{ "type": "Feature", "properties": { "@osmId": "way/233830060", "@snapshotTimestamp": "2019-01-01T00:00:00Z" }, "geometry": { "type": "LineString", "coordinates": [ [ 84.1006643, 22.3143572 ], [ 84.0975551, 22.3247228 ] ] } },
{ "type": "Feature", "properties": { "@osmId": "way/233830054", "@snapshotTimestamp": "2019-01-01T00:00:00Z" }, "geometry": { "type": "LineString", "coordinates": [ [ 84.0975551, 22.3247228 ], [ 84.0975224, 22.3248475 ] ] } },
{ "type": "Feature", "properties": { "@osmId": "way/233830057", "@snapshotTimestamp": "2019-01-01T00:00:00Z" }, "geometry": { "type": "LineString", "coordinates": [ [ 84.0975224, 22.3248475 ], [ 84.0976087, 22.3609947 ] ] } },
{ "type": "Feature", "properties": { "@osmId": "way/326568845", "@snapshotTimestamp": "2019-01-01T00:00:00Z" }, "geometry": { "type": "LineString", "coordinates": [ [ 84.0971448, 22.3506132 ], [ 84.0373281, 22.3504042 ] ] } },
{ "type": "Feature", "properties": { "@osmId": "way/233830058", "@snapshotTimestamp": "2019-01-01T00:00:00Z" }, "geometry": { "type": "LineString", "coordinates": [ [ 84.0976087, 22.3609947 ], [ 84.0977586, 22.4537954 ], [ 83.9920955, 22.5249325 ] ] } },
{ "type": "Feature", "properties": { "@osmId": "way/233817226", "@snapshotTimestamp": "2019-01-01T00:00:00Z" }, "geometry": { "type": "LineString", "coordinates": [ [ 86.3308893, 21.1178615 ], [ 86.2512572, 21.1645914 ] ] } },
{ "type": "Feature", "properties": { "@osmId": "way/233817210", "@snapshotTimestamp": "2019-01-01T00:00:00Z" }, "geometry": { "type": "LineString", "coordinates": [ [ 86.2372909, 21.1747998 ], [ 86.2370766, 21.1749176 ] ] } },
{ "type": "Feature", "properties": { "@osmId": "way/233817218", "@snapshotTimestamp": "2019-01-01T00:00:00Z" }, "geometry": { "type": "LineString", "coordinates": [ [ 86.2370766, 21.1749176 ], [ 86.2336005, 21.1770641 ] ] } },
{ "type": "Feature", "properties": { "@osmId": "way/233817205", "@snapshotTimestamp": "2019-01-01T00:00:00Z" }, "geometry": { "type": "LineString", "coordinates": [ [ 86.2336005, 21.1770641 ], [ 86.2333863, 21.1771834 ] ] } },
{ "type": "Feature", "properties": { "@osmId": "way/233758669", "@snapshotTimestamp": "2019-01-01T00:00:00Z" }, "geometry": { "type": "LineString", "coordinates": [ [ 85.9148834, 21.6648581 ], [ 85.9149303, 21.6651773 ] ] } },
{ "type": "Feature", "properties": { "@osmId": "way/233758679", "@snapshotTimestamp": "2019-01-01T00:00:00Z" }, "geometry": { "type": "LineString", "coordinates": [ [ 85.9149303, 21.6651773 ], [ 85.968792, 21.7413609 ] ] } },
{ "type": "Feature", "properties": { "@osmId": "way/233758672", "@snapshotTimestamp": "2019-01-01T00:00:00Z" }, "geometry": { "type": "LineString", "coordinates": [ [ 85.968792, 21.7413609 ], [ 85.9694875, 21.7425503 ] ] } },
{ "type": "Feature", "properties": { "@osmId": "way/233758665", "@snapshotTimestamp": "2019-01-01T00:00:00Z" }, "geometry": { "type": "LineString", "coordinates": [ [ 85.9694875, 21.7425503 ], [ 85.9808481, 21.775007 ] ] } },
{ "type": "Feature", "properties": { "@osmId": "way/233758687", "@snapshotTimestamp": "2019-01-01T00:00:00Z" }, "geometry": { "type": "LineString", "coordinates": [ [ 85.9750377, 21.7656176 ], [ 85.9115486, 21.8515877 ] ] } },
{ "type": "Feature", "properties": { "@osmId": "way/22828419", "@snapshotTimestamp": "2019-01-01T00:00:00Z" }, "geometry": { "type": "LineString", "coordinates": [ [ 85.9808481, 21.775007 ], [ 86.0391072, 21.8989733 ] ] } },
{ "type": "Feature", "properties": { "@osmId": "way/76826637", "@snapshotTimestamp": "2019-01-01T00:00:00Z" }, "geometry": { "type": "LineString", "coordinates": [ [ 85.9174584, 21.8539926 ], [ 85.9762191, 21.8804721 ] ] } },
{ "type": "Feature", "properties": { "@osmId": "way/217495501", "@snapshotTimestamp": "2019-01-01T00:00:00Z" }, "geometry": { "type": "LineString", "coordinates": [ [ 85.9762191, 21.8804721 ], [ 85.977104, 21.881335 ] ] } },
{ "type": "Feature", "properties": { "@osmId": "way/217495508", "@snapshotTimestamp": "2019-01-01T00:00:00Z" }, "geometry": { "type": "LineString", "coordinates": [ [ 85.977104, 21.881335 ], [ 86.0391072, 21.8989733 ] ] } },
{ "type": "Feature", "properties": { "@osmId": "way/217495498", "@snapshotTimestamp": "2019-01-01T00:00:00Z" }, "geometry": { "type": "LineString", "coordinates": [ [ 86.067329, 21.9622168 ], [ 86.0803696, 21.9701623 ] ] } },
{ "type": "Feature", "properties": { "@osmId": "way/233758675", "@snapshotTimestamp": "2019-01-01T00:00:00Z" }, "geometry": { "type": "LineString", "coordinates": [ [ 86.0803696, 21.9701623 ], [ 86.080331, 21.9853115 ] ] } },
{ "type": "Feature", "properties": { "@osmId": "way/233758673", "@snapshotTimestamp": "2019-01-01T00:00:00Z" }, "geometry": { "type": "LineString", "coordinates": [ [ 86.080331, 21.9853115 ], [ 86.080331, 21.9855159 ] ] } },
{ "type": "Feature", "properties": { "@osmId": "way/233758660", "@snapshotTimestamp": "2019-01-01T00:00:00Z" }, "geometry": { "type": "LineString", "coordinates": [ [ 86.080331, 21.9855159 ], [ 86.0750601, 22.0031322 ] ] } },
{ "type": "Feature", "properties": { "@osmId": "way/233758666", "@snapshotTimestamp": "2019-01-01T00:00:00Z" }, "geometry": { "type": "LineString", "coordinates": [ [ 86.0750601, 22.0031322 ], [ 86.0748597, 22.0033459 ] ] } },
{ "type": "Feature", "properties": { "@osmId": "way/233758658", "@snapshotTimestamp": "2019-01-01T00:00:00Z" }, "geometry": { "type": "LineString", "coordinates": [ [ 86.0803696, 21.9701623 ], [ 86.1140347, 21.970159 ], [ 86.164793001227835, 22.02433649670041 ] ] } },
{ "type": "Feature", "properties": { "@osmId": "way/233758661", "@snapshotTimestamp": "2019-01-01T00:00:00Z" }, "geometry": { "type": "LineString", "coordinates": [ [ 86.0748597, 22.0033459 ], [ 86.084491096351158, 22.118263219913274 ] ] } }
]
}
