{
"type": "FeatureCollection",
"name": "roads_10_yrs_ago_processed",
"crs": { "type": "name", "properties": { "name": "urn:ogc:def:crs:OGC:1.3:CRS84" } },
"features": [
{ "type": "Feature", "properties": { "@osmId": "way/34868734", "@snapshotTimestamp": "2015-01-01T00:00:00Z" }, "geometry": { "type": "LineString", "coordinates": [ [ 39.1991535, -4.5065459 ], [ 39.127290616986116, -4.547226344061596 ] ] } },
{ "type": "Feature", "properties": { "@osmId": "way/26416659", "@snapshotTimestamp": "2015-01-01T00:00:00Z" }, "geometry": { "type": "LineString", "coordinates": [ [ 39.366861, -4.5380303 ], [ 39.3166771, -4.5363006 ], [ 39.2245594, -4.4877212 ], [ 39.1991535, -4.5065459 ] ] } },
{ "type": "Feature", "properties": { "@osmId": "way/26416583", "@snapshotTimestamp": "2015-01-01T00:00:00Z" }, "geometry": { "type": "MultiLineString", "coordinates": [ [ [ 39.5031945, -4.4202709 ], [ 39.487820665979051, -4.442547950567284 ] ], [ [ 39.374883493154812, -4.535721118147283 ], [ 39.366861, -4.5380303 ] ] ] } },
{ "type": "Feature", "properties": { "@osmId": "way/162607563", "@snapshotTimestamp": "2015-01-01T00:00:00Z" }, "geometry": { "type": "LineString", "coordinates": [ [ 39.2533136, -4.4953901 ], [ 39.3394242, -4.4210618 ] ] } },
{ "type": "Feature", "properties": { "@osmId": "way/204633665", "@snapshotTimestamp": "2015-01-01T00:00:00Z" }, "geometry": { "type": "LineString", "coordinates": [ [ 39.3394242, -4.4210618 ], [ 39.339821, -4.4211836 ] ] } },
{ "type": "Feature", "properties": { "@osmId": "way/204633668", "@snapshotTimestamp": "2015-01-01T00:00:00Z" }, "geometry": { "type": "LineString", "coordinates": [ [ 39.339821, -4.4211836 ], [ 39.3578504, -4.3849334 ] ] } },
{ "type": "Feature", "properties": { "@osmId": "way/34359420", "@snapshotTimestamp": "2015-01-01T00:00:00Z" }, "geometry": { "type": "LineString", "coordinates": [ [ 39.1660637, -4.2632549 ], [ 39.1297417, -4.3754044 ], [ 39.1339072, -4.540909 ] ] } },
{ "type": "Feature", "properties": { "@osmId": "way/162608595", "@snapshotTimestamp": "2015-01-01T00:00:00Z" }, "geometry": { "type": "LineString", "coordinates": [ [ 39.3578504, -4.3849334 ], [ 39.4112991, -4.3711176 ], [ 39.4343063, -4.3113805 ], [ 39.5362842, -4.3494005 ] ] } },
{ "type": "Feature", "properties": { "@osmId": "way/132432141", "@snapshotTimestamp": "2015-01-01T00:00:00Z" }, "geometry": { "type": "LineString", "coordinates": [ [ 39.5715312, -4.2597873 ], [ 39.5031945, -4.4202709 ] ] } },
{ "type": "Feature", "properties": { "@osmId": "way/27049674", "@snapshotTimestamp": "2015-01-01T00:00:00Z" }, "geometry": { "type": "LineString", "coordinates": [ [ 39.5667607, -4.2816548 ], [ 39.583226158982669, -4.289267029367945 ] ] } },
{ "type": "Feature", "properties": { "@osmId": "way/32724371", "@snapshotTimestamp": "2015-01-01T00:00:00Z" }, "geometry": { "type": "LineString", "coordinates": [ [ 39.595320393579691, -4.262318827498543 ], [ 39.5951916, -4.260711 ] ] } },
{ "type": "Feature", "properties": { "@osmId": "way/132432140", "@snapshotTimestamp": "2015-01-01T00:00:00Z" }, "geometry": { "type": "LineString", "coordinates": [ [ 39.5716661, -4.2595018 ], [ 39.5715312, -4.2597873 ] ] } },
{ "type": "Feature", "properties": { "@osmId": "way/26416398", "@snapshotTimestamp": "2015-01-01T00:00:00Z" }, "geometry": { "type": "LineString", "coordinates": [ [ 39.6092898, -4.1589384 ], [ 39.5716661, -4.2595018 ] ] } },
{ "type": "Feature", "properties": { "@osmId": "way/34358889", "@snapshotTimestamp": "2015-01-01T00:00:00Z" }, "geometry": { "type": "LineString", "coordinates": [ [ 39.318549, -4.1376758 ], [ 39.2158423, -4.1838546 ], [ 39.1660637, -4.2632549 ] ] } },
{ "type": "Feature", "properties": { "@osmId": "way/33410002", "@snapshotTimestamp": "2015-01-01T00:00:00Z" }, "geometry": { "type": "LineString", "coordinates": [ [ 39.4528104, -4.1753712 ], [ 39.418642, -4.205169 ] ] } },
{ "type": "Feature", "properties": { "@osmId": "way/82178954", "@snapshotTimestamp": "2015-01-01T00:00:00Z" }, "geometry": { "type": "LineString", "coordinates": [ [ 39.5916945, -4.1936932 ], [ 39.4528104, -4.1753712 ] ] } },
{ "type": "Feature", "properties": { "@osmId": "way/204415954", "@snapshotTimestamp": "2015-01-01T00:00:00Z" }, "geometry": { "type": "LineString", "coordinates": [ [ 39.417916, -4.1580026 ], [ 39.418642, -4.205169 ] ] } },
{ "type": "Feature", "properties": { "@osmId": "way/204415953", "@snapshotTimestamp": "2015-01-01T00:00:00Z" }, "geometry": { "type": "LineString", "coordinates": [ [ 39.4177757, -4.1575045 ], [ 39.417916, -4.1580026 ] ] } },
{ "type": "Feature", "properties": { "@osmId": "way/162607328", "@snapshotTimestamp": "2015-01-01T00:00:00Z" }, "geometry": { "type": "LineString", "coordinates": [ [ 39.4027061, -4.1490695 ], [ 39.4177757, -4.1575045 ] ] } },
{ "type": "Feature", "properties": { "@osmId": "way/34358718", "@snapshotTimestamp": "2015-01-01T00:00:00Z" }, "geometry": { "type": "LineString", "coordinates": [ [ 39.3526221, -4.1346695 ], [ 39.4027061, -4.1490695 ] ] } },
{ "type": "Feature", "properties": { "@osmId": "way/33409941", "@snapshotTimestamp": "2015-01-01T00:00:00Z" }, "geometry": { "type": "LineString", "coordinates": [ [ 39.318549, -4.1376758 ], [ 39.3526221, -4.1346695 ] ] } },
{ "type": "Feature", "properties": { "@osmId": "way/162609148", "@snapshotTimestamp": "2015-01-01T00:00:00Z" }, "geometry": { "type": "LineString", "coordinates": [ [ 39.3150424, -4.1070209 ], [ 39.318549, -4.1376758 ] ] } },
{ "type": "Feature", "properties": { "@osmId": "way/26416156", "@snapshotTimestamp": "2015-01-01T00:00:00Z" }, "geometry": { "type": "LineString", "coordinates": [ [ 39.6626972, -4.0820705 ], [ 39.6092898, -4.1589384 ] ] } },
{ "type": "Feature", "properties": { "@osmId": "way/263687726", "@snapshotTimestamp": "2015-01-01T00:00:00Z" }, "geometry": { "type": "LineString", "coordinates": [ [ 39.6274555, -4.0679283 ], [ 39.6442049, -4.1002781 ] ] } },
{ "type": "Feature", "properties": { "@osmId": "way/68899591", "@snapshotTimestamp": "2015-01-01T00:00:00Z" }, "geometry": { "type": "LineString", "coordinates": [ [ 39.6534325, -4.0854605 ], [ 39.6572179, -4.0799668 ] ] } },
{ "type": "Feature", "properties": { "@osmId": "way/68899538", "@snapshotTimestamp": "2015-01-01T00:00:00Z" }, "geometry": { "type": "LineString", "coordinates": [ [ 39.6558767, -4.0814647 ], [ 39.6615971, -4.0833832 ] ] } },
{ "type": "Feature", "properties": { "@osmId": "way/26525625", "@snapshotTimestamp": "2015-01-01T00:00:00Z" }, "geometry": { "type": "LineString", "coordinates": [ [ 39.6664085, -4.0759733 ], [ 39.6655947, -4.0783014 ] ] } },
{ "type": "Feature", "properties": { "@osmId": "way/26525632", "@snapshotTimestamp": "2015-01-01T00:00:00Z" }, "geometry": { "type": "LineString", "coordinates": [ [ 39.6701013, -4.0679183 ], [ 39.6666935, -4.0757522 ] ] } },
{ "type": "Feature", "properties": { "@osmId": "way/26525630", "@snapshotTimestamp": "2015-01-01T00:00:00Z" }, "geometry": { "type": "LineString", "coordinates": [ [ 39.6664367, -4.0756898 ], [ 39.6699185, -4.0679416 ] ] } },
{ "type": "Feature", "properties": { "@osmId": "way/26525631", "@snapshotTimestamp": "2015-01-01T00:00:00Z" }, "geometry": { "type": "LineString", "coordinates": [ [ 39.6700521, -4.0676255 ], [ 39.6702129, -4.0677748 ], [ 39.6699185, -4.0679416 ], [ 39.6699005, -4.0678016 ], [ 39.6700521, -4.0676255 ] ] } },
{ "type": "Feature", "properties": { "@osmId": "way/31020420", "@snapshotTimestamp": "2015-01-01T00:00:00Z" }, "geometry": { "type": "LineString", "coordinates": [ [ 39.671477, -4.0627757 ], [ 39.6702282, -4.0676333 ] ] } },
{ "type": "Feature", "properties": { "@osmId": "way/68899564", "@snapshotTimestamp": "2015-01-01T00:00:00Z" }, "geometry": { "type": "LineString", "coordinates": [ [ 39.6700521, -4.0676255 ], [ 39.6713367, -4.0627562 ] ] } },
{ "type": "Feature", "properties": { "@osmId": "way/26416120", "@snapshotTimestamp": "2015-01-01T00:00:00Z" }, "geometry": { "type": "LineString", "coordinates": [ [ 39.6781205, -4.0641753 ], [ 39.6780111, -4.0639488 ] ] } },
{ "type": "Feature", "properties": { "@osmId": "way/185942161", "@snapshotTimestamp": "2015-01-01T00:00:00Z" }, "geometry": { "type": "LineString", "coordinates": [ [ 39.6780111, -4.0639488 ], [ 39.677467, -4.0629357 ] ] } },
{ "type": "Feature", "properties": { "@osmId": "way/239383283", "@snapshotTimestamp": "2015-01-01T00:00:00Z" }, "geometry": { "type": "LineString", "coordinates": [ [ 39.6773742, -4.0628025 ], [ 39.6746141, -4.063259 ] ] } },
{ "type": "Feature", "properties": { "@osmId": "way/99904261", "@snapshotTimestamp": "2015-01-01T00:00:00Z" }, "geometry": { "type": "LineString", "coordinates": [ [ 39.6746141, -4.063259 ], [ 39.6715169, -4.0627405 ] ] } },
{ "type": "Feature", "properties": { "@osmId": "way/99904221", "@snapshotTimestamp": "2015-01-01T00:00:00Z" }, "geometry": { "type": "LineString", "coordinates": [ [ 39.6715392, -4.0626726 ], [ 39.6746141, -4.063259 ] ] } },
{ "type": "Feature", "properties": { "@osmId": "way/68899594", "@snapshotTimestamp": "2015-01-01T00:00:00Z" }, "geometry": { "type": "LineString", "coordinates": [ [ 39.6665832, -4.0760181 ], [ 39.6663106, -4.0764137 ] ] } },
{ "type": "Feature", "properties": { "@osmId": "way/26525626", "@snapshotTimestamp": "2015-01-01T00:00:00Z" }, "geometry": { "type": "LineString", "coordinates": [ [ 39.6664367, -4.0756898 ], [ 39.6666935, -4.0757522 ], [ 39.6666344, -4.0759953 ], [ 39.6663662, -4.0759106 ], [ 39.6664367, -4.0756898 ] ] } },
{ "type": "Feature", "properties": { "@osmId": "way/27250757", "@snapshotTimestamp": "2015-01-01T00:00:00Z" }, "geometry": { "type": "LineString", "coordinates": [ [ 39.6670678, -4.0738744 ], [ 39.6657109, -4.0652428 ] ] } },
{ "type": "Feature", "properties": { "@osmId": "way/68899623", "@snapshotTimestamp": "2015-01-01T00:00:00Z" }, "geometry": { "type": "LineString", "coordinates": [ [ 39.6657204, -4.0650052 ], [ 39.665855, -4.0650746 ], [ 39.6657777, -4.0652424 ], [ 39.6656615, -4.0651962 ], [ 39.6657204, -4.0650052 ] ] } },
{ "type": "Feature", "properties": { "@osmId": "way/31020065", "@snapshotTimestamp": "2015-01-01T00:00:00Z" }, "geometry": { "type": "LineString", "coordinates": [ [ 39.665673, -4.0650565 ], [ 39.6619558, -4.063874 ] ] } },
{ "type": "Feature", "properties": { "@osmId": "way/97731089", "@snapshotTimestamp": "2015-01-01T00:00:00Z" }, "geometry": { "type": "LineString", "coordinates": [ [ 39.6619909, -4.0637073 ], [ 39.6624386, -4.0640296 ] ] } },
{ "type": "Feature", "properties": { "@osmId": "way/96236311", "@snapshotTimestamp": "2015-01-01T00:00:00Z" }, "geometry": { "type": "LineString", "coordinates": [ [ 39.662002, -4.0638383 ], [ 39.6618468, -4.0638509 ], [ 39.6618314, -4.0637275 ], [ 39.6619909, -4.0637073 ], [ 39.662002, -4.0638383 ] ] } },
{ "type": "Feature", "properties": { "@osmId": "way/97731092", "@snapshotTimestamp": "2015-01-01T00:00:00Z" }, "geometry": { "type": "LineString", "coordinates": [ [ 39.6614587, -4.0637494 ], [ 39.6618697, -4.0636904 ] ] } },
{ "type": "Feature", "properties": { "@osmId": "way/136787920", "@snapshotTimestamp": "2015-01-01T00:00:00Z" }, "geometry": { "type": "LineString", "coordinates": [ [ 39.6618468, -4.0638509 ], [ 39.6577993, -4.0608507 ] ] } },
{ "type": "Feature", "properties": { "@osmId": "way/97866903", "@snapshotTimestamp": "2015-01-01T00:00:00Z" }, "geometry": { "type": "LineString", "coordinates": [ [ 39.6713005, -4.0626698 ], [ 39.6623199, -4.0610443 ] ] } },
{ "type": "Feature", "properties": { "@osmId": "way/31149505", "@snapshotTimestamp": "2015-01-01T00:00:00Z" }, "geometry": { "type": "LineString", "coordinates": [ [ 39.6777049, -4.0625586 ], [ 39.6778155, -4.062769 ], [ 39.677467, -4.0629357 ], [ 39.6774387, -4.0626921 ], [ 39.6777049, -4.0625586 ] ] } },
{ "type": "Feature", "properties": { "@osmId": "way/31020440", "@snapshotTimestamp": "2015-01-01T00:00:00Z" }, "geometry": { "type": "LineString", "coordinates": [ [ 39.6713005, -4.0626698 ], [ 39.6714146, -4.0625509 ], [ 39.6715392, -4.0626726 ], [ 39.6714359, -4.0627892 ], [ 39.6713005, -4.0626698 ] ] } },
{ "type": "Feature", "properties": { "@osmId": "way/99384410", "@snapshotTimestamp": "2015-01-01T00:00:00Z" }, "geometry": { "type": "LineString", "coordinates": [ [ 39.6728242, -4.0585173 ], [ 39.6715211, -4.0626082 ] ] } },
{ "type": "Feature", "properties": { "@osmId": "way/68899554", "@snapshotTimestamp": "2015-01-01T00:00:00Z" }, "geometry": { "type": "LineString", "coordinates": [ [ 39.6713861, -4.0625549 ], [ 39.6725864, -4.0585058 ] ] } },
{ "type": "Feature", "properties": { "@osmId": "way/99394495", "@snapshotTimestamp": "2015-01-01T00:00:00Z" }, "geometry": { "type": "LineString", "coordinates": [ [ 39.672106, -4.0602553 ], [ 39.6715403, -4.0600875 ] ] } },
{ "type": "Feature", "properties": { "@osmId": "way/99394555", "@snapshotTimestamp": "2015-01-01T00:00:00Z" }, "geometry": { "type": "LineString", "coordinates": [ [ 39.6715775, -4.059971 ], [ 39.6721451, -4.0601405 ] ] } },
{ "type": "Feature", "properties": { "@osmId": "way/99394548", "@snapshotTimestamp": "2015-01-01T00:00:00Z" }, "geometry": { "type": "LineString", "coordinates": [ [ 39.6714673, -4.0599739 ], [ 39.6715775, -4.059971 ], [ 39.6715794, -4.0600628 ], [ 39.6714717, -4.0600672 ], [ 39.6714673, -4.0599739 ] ] } },
{ "type": "Feature", "properties": { "@osmId": "way/31020033", "@snapshotTimestamp": "2015-01-01T00:00:00Z" }, "geometry": { "type": "LineString", "coordinates": [ [ 39.6714717, -4.0600672 ], [ 39.6630165, -4.057992 ] ] } },
{ "type": "Feature", "properties": { "@osmId": "way/99394542", "@snapshotTimestamp": "2015-01-01T00:00:00Z" }, "geometry": { "type": "LineString", "coordinates": [ [ 39.6630789, -4.0577756 ], [ 39.6714858, -4.0599573 ] ] } },
{ "type": "Feature", "properties": { "@osmId": "way/99384416", "@snapshotTimestamp": "2015-01-01T00:00:00Z" }, "geometry": { "type": "LineString", "coordinates": [ [ 39.6726291, -4.0583738 ], [ 39.6728052, -4.0583935 ], [ 39.6727953, -4.0585611 ], [ 39.6726053, -4.058545 ], [ 39.6726291, -4.0583738 ] ] } },
{ "type": "Feature", "properties": { "@osmId": "way/97866905", "@snapshotTimestamp": "2015-01-01T00:00:00Z" }, "geometry": { "type": "LineString", "coordinates": [ [ 39.6623401, -4.0609404 ], [ 39.6713522, -4.0625731 ] ] } },
{ "type": "Feature", "properties": { "@osmId": "way/97866906", "@snapshotTimestamp": "2015-01-01T00:00:00Z" }, "geometry": { "type": "LineString", "coordinates": [ [ 39.6621622, -4.0608548 ], [ 39.6623099, -4.0609032 ], [ 39.6623199, -4.0610443 ], [ 39.6620737, -4.0609922 ], [ 39.6621622, -4.0608548 ] ] } },
{ "type": "Feature", "properties": { "@osmId": "way/31020469", "@snapshotTimestamp": "2015-01-01T00:00:00Z" }, "geometry": { "type": "LineString", "coordinates": [ [ 39.6620737, -4.0609922 ], [ 39.6558987, -4.0608503 ] ] } },
{ "type": "Feature", "properties": { "@osmId": "way/131542207", "@snapshotTimestamp": "2015-01-01T00:00:00Z" }, "geometry": { "type": "LineString", "coordinates": [ [ 39.6559288, -4.0607292 ], [ 39.6620774, -4.060884 ] ] } },
{ "type": "Feature", "properties": { "@osmId": "way/97866908", "@snapshotTimestamp": "2015-01-01T00:00:00Z" }, "geometry": { "type": "LineString", "coordinates": [ [ 39.6557877, -4.0606833 ], [ 39.6559288, -4.0607292 ], [ 39.6558987, -4.0608503 ], [ 39.6557329, -4.0608298 ], [ 39.6557877, -4.0606833 ] ] } },
{ "type": "Feature", "properties": { "@osmId": "way/131542209", "@snapshotTimestamp": "2015-01-01T00:00:00Z" }, "geometry": { "type": "LineString", "coordinates": [ [ 39.6557546, -4.0606172 ], [ 39.6557433, -4.060702 ] ] } },
{ "type": "Feature", "properties": { "@osmId": "way/131542206", "@snapshotTimestamp": "2015-01-01T00:00:00Z" }, "geometry": { "type": "LineString", "coordinates": [ [ 39.6557546, -4.0606172 ], [ 39.6558532, -4.0606917 ] ] } },
{ "type": "Feature", "properties": { "@osmId": "way/99384394", "@snapshotTimestamp": "2015-01-01T00:00:00Z" }, "geometry": { "type": "LineString", "coordinates": [ [ 39.6530688, -4.05454 ], [ 39.6557546, -4.0606172 ] ] } },
{ "type": "Feature", "properties": { "@osmId": "way/99398727", "@snapshotTimestamp": "2015-01-01T00:00:00Z" }, "geometry": { "type": "LineString", "coordinates": [ [ 39.6673125, -4.0540872 ], [ 39.6611898, -4.0457673 ] ] } },
{ "type": "Feature", "properties": { "@osmId": "way/88209654", "@snapshotTimestamp": "2015-01-01T00:00:00Z" }, "geometry": { "type": "LineString", "coordinates": [ [ 39.6613414, -4.0457214 ], [ 39.6674493, -4.0540577 ] ] } },
{ "type": "Feature", "properties": { "@osmId": "way/99384402", "@snapshotTimestamp": "2015-01-01T00:00:00Z" }, "geometry": { "type": "LineString", "coordinates": [ [ 39.6725864, -4.0585058 ], [ 39.6691388, -4.0566964 ] ] } },
{ "type": "Feature", "properties": { "@osmId": "way/99394501", "@snapshotTimestamp": "2015-01-01T00:00:00Z" }, "geometry": { "type": "LineString", "coordinates": [ [ 39.6692112, -4.056552 ], [ 39.6726291, -4.0583738 ] ] } },
{ "type": "Feature", "properties": { "@osmId": "way/99394497", "@snapshotTimestamp": "2015-01-01T00:00:00Z" }, "geometry": { "type": "LineString", "coordinates": [ [ 39.6688438, -4.0564503 ], [ 39.6691817, -4.0565172 ], [ 39.6692139, -4.0566429 ], [ 39.6688627, -4.0565877 ], [ 39.6688438, -4.0564503 ] ] } },
{ "type": "Feature", "properties": { "@osmId": "way/99394544", "@snapshotTimestamp": "2015-01-01T00:00:00Z" }, "geometry": { "type": "LineString", "coordinates": [ [ 39.6688303, -4.0565332 ], [ 39.6673715, -4.0542798 ] ] } },
{ "type": "Feature", "properties": { "@osmId": "way/99398749", "@snapshotTimestamp": "2015-01-01T00:00:00Z" }, "geometry": { "type": "LineString", "coordinates": [ [ 39.6674869, -4.0542316 ], [ 39.6689564, -4.0564048 ] ] } },
{ "type": "Feature", "properties": { "@osmId": "way/99384397", "@snapshotTimestamp": "2015-01-01T00:00:00Z" }, "geometry": { "type": "LineString", "coordinates": [ [ 39.6726674, -4.0583531 ], [ 39.6738974, -4.0518862 ] ] } },
{ "type": "Feature", "properties": { "@osmId": "way/68899540", "@snapshotTimestamp": "2015-01-01T00:00:00Z" }, "geometry": { "type": "LineString", "coordinates": [ [ 39.6740405, -4.0517554 ], [ 39.6728327, -4.0584746 ] ] } },
{ "type": "Feature", "properties": { "@osmId": "way/99398758", "@snapshotTimestamp": "2015-01-01T00:00:00Z" }, "geometry": { "type": "LineString", "coordinates": [ [ 39.6673259, -4.0542328 ], [ 39.6673125, -4.0540872 ], [ 39.6674493, -4.0540577 ], [ 39.6674654, -4.0542691 ], [ 39.6673259, -4.0542328 ] ] } },
{ "type": "Feature", "properties": { "@osmId": "way/98711073", "@snapshotTimestamp": "2015-01-01T00:00:00Z" }, "geometry": { "type": "LineString", "coordinates": [ [ 39.6904651, -4.0500699 ], [ 39.6879428, -4.0518392 ] ] } },
{ "type": "Feature", "properties": { "@osmId": "way/98711078", "@snapshotTimestamp": "2015-01-01T00:00:00Z" }, "geometry": { "type": "LineString", "coordinates": [ [ 39.6906235, -4.0498382 ], [ 39.6907281, -4.0497901 ], [ 39.6909032, -4.0497512 ], [ 39.6904651, -4.0500699 ], [ 39.6906235, -4.0498382 ] ] } },
{ "type": "Feature", "properties": { "@osmId": "way/98873566", "@snapshotTimestamp": "2015-01-01T00:00:00Z" }, "geometry": { "type": "LineString", "coordinates": [ [ 39.6530688, -4.05454 ], [ 39.6481349, -4.0426889 ] ] } },
{ "type": "Feature", "properties": { "@osmId": "way/69250374", "@snapshotTimestamp": "2015-01-01T00:00:00Z" }, "geometry": { "type": "LineString", "coordinates": [ [ 39.6706384, -4.0432087 ], [ 39.6612301, -4.0458185 ] ] } },
{ "type": "Feature", "properties": { "@osmId": "way/26396713", "@snapshotTimestamp": "2015-01-01T00:00:00Z" }, "geometry": { "type": "LineString", "coordinates": [ [ 39.6611898, -4.0457673 ], [ 39.6706183, -4.0430948 ] ] } },
{ "type": "Feature", "properties": { "@osmId": "way/31002658", "@snapshotTimestamp": "2015-01-01T00:00:00Z" }, "geometry": { "type": "LineString", "coordinates": [ [ 39.6611898, -4.0457673 ], [ 39.6575035, -4.0413662 ] ] } },
{ "type": "Feature", "properties": { "@osmId": "way/31002671", "@snapshotTimestamp": "2015-01-01T00:00:00Z" }, "geometry": { "type": "LineString", "coordinates": [ [ 39.6577316, -4.0411717 ], [ 39.6613414, -4.0457214 ] ] } },
{ "type": "Feature", "properties": { "@osmId": "way/99696231", "@snapshotTimestamp": "2015-01-01T00:00:00Z" }, "geometry": { "type": "LineString", "coordinates": [ [ 39.6519329, -4.0405169 ], [ 39.6481349, -4.0426889 ] ] } },
{ "type": "Feature", "properties": { "@osmId": "way/31002649", "@snapshotTimestamp": "2015-01-01T00:00:00Z" }, "geometry": { "type": "LineString", "coordinates": [ [ 39.6575035, -4.0413662 ], [ 39.6571386, -4.0410754 ], [ 39.657367, -4.0407626 ], [ 39.6577441, -4.0410061 ], [ 39.6575035, -4.0413662 ] ] } },
{ "type": "Feature", "properties": { "@osmId": "way/31002650", "@snapshotTimestamp": "2015-01-01T00:00:00Z" }, "geometry": { "type": "LineString", "coordinates": [ [ 39.6570046, -4.0406374 ], [ 39.6571386, -4.0410754 ] ] } },
{ "type": "Feature", "properties": { "@osmId": "way/99696230", "@snapshotTimestamp": "2015-01-01T00:00:00Z" }, "geometry": { "type": "LineString", "coordinates": [ [ 39.6523191, -4.0402922 ], [ 39.6519329, -4.0405169 ] ] } },
{ "type": "Feature", "properties": { "@osmId": "way/98873577", "@snapshotTimestamp": "2015-01-01T00:00:00Z" }, "geometry": { "type": "LineString", "coordinates": [ [ 39.6548684, -4.0381224 ], [ 39.6523191, -4.0402922 ] ] } },
{ "type": "Feature", "properties": { "@osmId": "way/98711071", "@snapshotTimestamp": "2015-01-01T00:00:00Z" }, "geometry": { "type": "LineString", "coordinates": [ [ 39.6950569, -4.0473451 ], [ 39.6909032, -4.0497512 ] ] } },
{ "type": "Feature", "properties": { "@osmId": "way/69250432", "@snapshotTimestamp": "2015-01-01T00:00:00Z" }, "geometry": { "type": "LineString", "coordinates": [ [ 39.6738974, -4.0518862 ], [ 39.6681475, -4.0433385 ] ] } },
{ "type": "Feature", "properties": { "@osmId": "way/26416106", "@snapshotTimestamp": "2015-01-01T00:00:00Z" }, "geometry": { "type": "LineString", "coordinates": [ [ 39.6691072, -4.0434335 ], [ 39.6740405, -4.0517554 ] ] } },
{ "type": "Feature", "properties": { "@osmId": "way/98711057", "@snapshotTimestamp": "2015-01-01T00:00:00Z" }, "geometry": { "type": "LineString", "coordinates": [ [ 39.6953147, -4.0471243 ], [ 39.6954367, -4.0470726 ], [ 39.6956602, -4.0469932 ], [ 39.6950569, -4.0473451 ], [ 39.6953147, -4.0471243 ] ] } },
{ "type": "Feature", "properties": { "@osmId": "way/98709962", "@snapshotTimestamp": "2015-01-01T00:00:00Z" }, "geometry": { "type": "LineString", "coordinates": [ [ 39.6974618, -4.0459203 ], [ 39.6956602, -4.0469932 ] ] } },
{ "type": "Feature", "properties": { "@osmId": "way/98709966", "@snapshotTimestamp": "2015-01-01T00:00:00Z" }, "geometry": { "type": "LineString", "coordinates": [ [ 39.697785, -4.0456805 ], [ 39.6980896, -4.0455562 ], [ 39.6974618, -4.0459203 ], [ 39.6976804, -4.0457474 ], [ 39.697785, -4.0456805 ] ] } },
{ "type": "Feature", "properties": { "@osmId": "way/215573252", "@snapshotTimestamp": "2015-01-01T00:00:00Z" }, "geometry": { "type": "LineString", "coordinates": [ [ 39.6879428, -4.0518392 ], [ 39.6804428, -4.0389623 ] ] } },
{ "type": "Feature", "properties": { "@osmId": "way/98665806", "@snapshotTimestamp": "2015-01-01T00:00:00Z" }, "geometry": { "type": "LineString", "coordinates": [ [ 39.7014515, -4.043637 ], [ 39.6980896, -4.0455562 ] ] } },
{ "type": "Feature", "properties": { "@osmId": "way/98665802", "@snapshotTimestamp": "2015-01-01T00:00:00Z" }, "geometry": { "type": "LineString", "coordinates": [ [ 39.7017549, -4.0435426 ], [ 39.7016669, -4.0434211 ] ] } },
{ "type": "Feature", "properties": { "@osmId": "way/98665804", "@snapshotTimestamp": "2015-01-01T00:00:00Z" }, "geometry": { "type": "LineString", "coordinates": [ [ 39.7019014, -4.0433506 ], [ 39.7018665, -4.0435271 ], [ 39.7016911, -4.0434961 ], [ 39.7017313, -4.0433106 ], [ 39.7019014, -4.0433506 ] ] } },
{ "type": "Feature", "properties": { "@osmId": "way/26416124", "@snapshotTimestamp": "2015-01-01T00:00:00Z" }, "geometry": { "type": "LineString", "coordinates": [ [ 39.6527052, -4.0348521 ], [ 39.6570046, -4.0406374 ] ] } },
{ "type": "Feature", "properties": { "@osmId": "way/31020470", "@snapshotTimestamp": "2015-01-01T00:00:00Z" }, "geometry": { "type": "LineString", "coordinates": [ [ 39.6528092, -4.0347035 ], [ 39.657367, -4.0407626 ] ] } },
{ "type": "Feature", "properties": { "@osmId": "way/263829123", "@snapshotTimestamp": "2015-01-01T00:00:00Z" }, "geometry": { "type": "LineString", "coordinates": [ [ 39.6527052, -4.0348521 ], [ 39.6504104, -4.0331536 ] ] } },
{ "type": "Feature", "properties": { "@osmId": "way/263829124", "@snapshotTimestamp": "2015-01-01T00:00:00Z" }, "geometry": { "type": "LineString", "coordinates": [ [ 39.6504877, -4.0330012 ], [ 39.6528092, -4.0347035 ] ] } },
{ "type": "Feature", "properties": { "@osmId": "way/23455578", "@snapshotTimestamp": "2015-01-01T00:00:00Z" }, "geometry": { "type": "LineString", "coordinates": [ [ 39.6501046, -4.0329613 ], [ 39.6504104, -4.0331536 ] ] } },
{ "type": "Feature", "properties": { "@osmId": "way/69250422", "@snapshotTimestamp": "2015-01-01T00:00:00Z" }, "geometry": { "type": "LineString", "coordinates": [ [ 39.6501819, -4.032809 ], [ 39.6504877, -4.0330012 ] ] } },
{ "type": "Feature", "properties": { "@osmId": "way/27050009", "@snapshotTimestamp": "2015-01-01T00:00:00Z" }, "geometry": { "type": "LineString", "coordinates": [ [ 39.6501046, -4.0329613 ], [ 39.6328976, -4.0302068 ] ] } },
{ "type": "Feature", "properties": { "@osmId": "way/31002315", "@snapshotTimestamp": "2015-01-01T00:00:00Z" }, "geometry": { "type": "LineString", "coordinates": [ [ 39.632993, -4.0298523 ], [ 39.6501819, -4.032809 ] ] } },
{ "type": "Feature", "properties": { "@osmId": "way/31149615", "@snapshotTimestamp": "2015-01-01T00:00:00Z" }, "geometry": { "type": "LineString", "coordinates": [ [ 39.6074643, -4.0330727 ], [ 39.6273001, -4.0268393 ] ] } },
{ "type": "Feature", "properties": { "@osmId": "way/27050007", "@snapshotTimestamp": "2015-01-01T00:00:00Z" }, "geometry": { "type": "LineString", "coordinates": [ [ 39.6322543, -4.0298986 ], [ 39.6326853, -4.0295742 ], [ 39.6329854, -4.0300629 ], [ 39.6325202, -4.0303046 ], [ 39.6322543, -4.0298986 ] ] } },
{ "type": "Feature", "properties": { "@osmId": "way/99697045", "@snapshotTimestamp": "2015-01-01T00:00:00Z" }, "geometry": { "type": "LineString", "coordinates": [ [ 39.6322758, -4.0300777 ], [ 39.6315567, -4.0296729 ] ] } },
{ "type": "Feature", "properties": { "@osmId": "way/31149613", "@snapshotTimestamp": "2015-01-01T00:00:00Z" }, "geometry": { "type": "LineString", "coordinates": [ [ 39.6315567, -4.0296729 ], [ 39.6323292, -4.029716 ] ] } },
{ "type": "Feature", "properties": { "@osmId": "way/209405054", "@snapshotTimestamp": "2015-01-01T00:00:00Z" }, "geometry": { "type": "LineString", "coordinates": [ [ 39.4097478, -3.945715 ], [ 39.3442979, -4.0009924 ], [ 39.3150424, -4.1070209 ] ] } },
{ "type": "Feature", "properties": { "@osmId": "way/99697042", "@snapshotTimestamp": "2015-01-01T00:00:00Z" }, "geometry": { "type": "LineString", "coordinates": [ [ 39.6340445, -4.0219009 ], [ 39.6328604, -4.0296492 ] ] } },
{ "type": "Feature", "properties": { "@osmId": "way/75310241", "@snapshotTimestamp": "2015-01-01T00:00:00Z" }, "geometry": { "type": "LineString", "coordinates": [ [ 39.6325079, -4.0295887 ], [ 39.6340445, -4.0219009 ] ] } },
{ "type": "Feature", "properties": { "@osmId": "way/99697252", "@snapshotTimestamp": "2015-01-01T00:00:00Z" }, "geometry": { "type": "LineString", "coordinates": [ [ 39.6340445, -4.0219009 ], [ 39.6339092, -4.0186419 ] ] } },
{ "type": "Feature", "properties": { "@osmId": "way/31149610", "@snapshotTimestamp": "2015-01-01T00:00:00Z" }, "geometry": { "type": "LineString", "coordinates": [ [ 39.5788863, -4.0071403 ], [ 39.6315567, -4.0296729 ] ] } },
{ "type": "Feature", "properties": { "@osmId": "way/177566998", "@snapshotTimestamp": "2015-01-01T00:00:00Z" }, "geometry": { "type": "LineString", "coordinates": [ [ 39.6338542, -4.0171105 ], [ 39.6339092, -4.0186419 ] ] } },
{ "type": "Feature", "properties": { "@osmId": "way/177566999", "@snapshotTimestamp": "2015-01-01T00:00:00Z" }, "geometry": { "type": "LineString", "coordinates": [ [ 39.633814, -4.0162979 ], [ 39.6338542, -4.0171105 ] ] } },
{ "type": "Feature", "properties": { "@osmId": "way/180607165", "@snapshotTimestamp": "2015-01-01T00:00:00Z" }, "geometry": { "type": "LineString", "coordinates": [ [ 39.5762603, -4.0038249 ], [ 39.633814, -4.0162979 ] ] } },
{ "type": "Feature", "properties": { "@osmId": "way/98665805", "@snapshotTimestamp": "2015-01-01T00:00:00Z" }, "geometry": { "type": "LineString", "coordinates": [ [ 39.7017952, -4.0432937 ], [ 39.7019226, -4.0434298 ] ] } },
{ "type": "Feature", "properties": { "@osmId": "way/26396716", "@snapshotTimestamp": "2015-01-01T00:00:00Z" }, "geometry": { "type": "LineString", "coordinates": [ [ 39.6745267, -4.0425007 ], [ 39.6706384, -4.0432087 ] ] } },
{ "type": "Feature", "properties": { "@osmId": "way/69250425", "@snapshotTimestamp": "2015-01-01T00:00:00Z" }, "geometry": { "type": "LineString", "coordinates": [ [ 39.6706183, -4.0430948 ], [ 39.6745275, -4.0423897 ] ] } },
{ "type": "Feature", "properties": { "@osmId": "way/26396875", "@snapshotTimestamp": "2015-01-01T00:00:00Z" }, "geometry": { "type": "LineString", "coordinates": [ [ 39.70647604527521, -4.038522103181479 ], [ 39.7021747, -4.0432393 ] ] } },
{ "type": "Feature", "properties": { "@osmId": "way/26396726", "@snapshotTimestamp": "2015-01-01T00:00:00Z" }, "geometry": { "type": "LineString", "coordinates": [ [ 39.6821147, -4.0371425 ], [ 39.6745267, -4.0425007 ] ] } },
{ "type": "Feature", "properties": { "@osmId": "way/69250402", "@snapshotTimestamp": "2015-01-01T00:00:00Z" }, "geometry": { "type": "LineString", "coordinates": [ [ 39.6745275, -4.0423897 ], [ 39.6821147, -4.0371425 ] ] } },
{ "type": "Feature", "properties": { "@osmId": "way/69250383", "@snapshotTimestamp": "2015-01-01T00:00:00Z" }, "geometry": { "type": "MultiLineString", "coordinates": [ [ [ 39.6821147, -4.0371425 ], [ 39.718190917829723, -4.021245512649885 ] ], [ [ 39.721956565833501, -4.015682848239309 ], [ 39.7407809, -3.956274 ] ] ] } },
{ "type": "Feature", "properties": { "@osmId": "way/26396851", "@snapshotTimestamp": "2015-01-01T00:00:00Z" }, "geometry": { "type": "LineString", "coordinates": [ [ 39.7407809, -3.956274 ], [ 39.7424731, -3.9541697 ] ] } },
{ "type": "Feature", "properties": { "@osmId": "way/27388786", "@snapshotTimestamp": "2015-01-01T00:00:00Z" }, "geometry": { "type": "LineString", "coordinates": [ [ 39.7424731, -3.9541697 ], [ 39.7520346, -3.9253816 ] ] } },
{ "type": "Feature", "properties": { "@osmId": "way/28127789", "@snapshotTimestamp": "2015-01-01T00:00:00Z" }, "geometry": { "type": "LineString", "coordinates": [ [ 39.7520346, -3.9253816 ], [ 39.7924634, -3.8568221 ] ] } },
{ "type": "Feature", "properties": { "@osmId": "way/229445968", "@snapshotTimestamp": "2015-01-01T00:00:00Z" }, "geometry": { "type": "LineString", "coordinates": [ [ 39.5727747, -3.9947857 ], [ 39.5762603, -4.0038249 ] ] } },
{ "type": "Feature", "properties": { "@osmId": "way/180607167", "@snapshotTimestamp": "2015-01-01T00:00:00Z" }, "geometry": { "type": "LineString", "coordinates": [ [ 39.5497715, -3.9692812 ], [ 39.5727747, -3.9947857 ] ] } },
{ "type": "Feature", "properties": { "@osmId": "way/229445969", "@snapshotTimestamp": "2015-01-01T00:00:00Z" }, "geometry": { "type": "LineString", "coordinates": [ [ 39.5727747, -3.9947857 ], [ 39.5497715, -3.9692812 ] ] } },
{ "type": "Feature", "properties": { "@osmId": "way/209405049", "@snapshotTimestamp": "2015-01-01T00:00:00Z" }, "geometry": { "type": "LineString", "coordinates": [ [ 39.4100905, -3.9454356 ], [ 39.4097478, -3.945715 ] ] } },
{ "type": "Feature", "properties": { "@osmId": "way/217334219", "@snapshotTimestamp": "2015-01-01T00:00:00Z" }, "geometry": { "type": "LineString", "coordinates": [ [ 39.5853812, -3.9131351 ], [ 39.5492287, -3.9653891 ] ] } },
{ "type": "Feature", "properties": { "@osmId": "way/209405051", "@snapshotTimestamp": "2015-01-01T00:00:00Z" }, "geometry": { "type": "LineString", "coordinates": [ [ 39.4162176, -3.9164052 ], [ 39.4100905, -3.9454356 ] ] } },
{ "type": "Feature", "properties": { "@osmId": "way/209405046", "@snapshotTimestamp": "2015-01-01T00:00:00Z" }, "geometry": { "type": "LineString", "coordinates": [ [ 39.4164971, -3.9160632 ], [ 39.4162176, -3.9164052 ] ] } },
{ "type": "Feature", "properties": { "@osmId": "way/217334218", "@snapshotTimestamp": "2015-01-01T00:00:00Z" }, "geometry": { "type": "LineString", "coordinates": [ [ 39.5857672, -3.9130743 ], [ 39.5853812, -3.9131351 ] ] } },
{ "type": "Feature", "properties": { "@osmId": "way/34359040", "@snapshotTimestamp": "2015-01-01T00:00:00Z" }, "geometry": { "type": "LineString", "coordinates": [ [ 39.4638362, -3.8566348 ], [ 39.4164971, -3.9160632 ] ] } },
{ "type": "Feature", "properties": { "@osmId": "way/34358426", "@snapshotTimestamp": "2015-01-01T00:00:00Z" }, "geometry": { "type": "LineString", "coordinates": [ [ 39.6331452, -3.8519586 ], [ 39.5857672, -3.9130743 ] ] } },
{ "type": "Feature", "properties": { "@osmId": "way/28128751", "@snapshotTimestamp": "2015-01-01T00:00:00Z" }, "geometry": { "type": "LineString", "coordinates": [ [ 39.7924634, -3.8568221 ], [ 39.8222638, -3.7865118 ], [ 39.8154832, -3.6840764 ] ] } },
{ "type": "Feature", "properties": { "@osmId": "way/62646738", "@snapshotTimestamp": "2015-01-01T00:00:00Z" }, "geometry": { "type": "LineString", "coordinates": [ [ 39.6343283, -3.7767838 ], [ 39.6883652, -3.7469697 ], [ 39.7117672, -3.7017422 ], [ 39.816625, -3.6820558 ] ] } },
{ "type": "Feature", "properties": { "@osmId": "way/319525676", "@snapshotTimestamp": "2015-01-01T00:00:00Z" }, "geometry": { "type": "LineString", "coordinates": [ [ 39.8595549, -3.6825733 ], [ 39.8269985, -3.7120581 ] ] } },
{ "type": "Feature", "properties": { "@osmId": "way/28128632", "@snapshotTimestamp": "2015-01-01T00:00:00Z" }, "geometry": { "type": "LineString", "coordinates": [ [ 39.8154832, -3.6840764 ], [ 39.8491717, -3.6383677 ] ] } },
{ "type": "Feature", "properties": { "@osmId": "way/28128551", "@snapshotTimestamp": "2015-01-01T00:00:00Z" }, "geometry": { "type": "LineString", "coordinates": [ [ 39.8491717, -3.6383677 ], [ 39.8479378, -3.6340534 ] ] } },
{ "type": "Feature", "properties": { "@osmId": "way/288626512", "@snapshotTimestamp": "2015-01-01T00:00:00Z" }, "geometry": { "type": "LineString", "coordinates": [ [ 39.8446485, -3.630224 ], [ 39.845339, -3.6342236 ] ] } },
{ "type": "Feature", "properties": { "@osmId": "way/28128550", "@snapshotTimestamp": "2015-01-01T00:00:00Z" }, "geometry": { "type": "LineString", "coordinates": [ [ 39.8479378, -3.6340534 ], [ 39.8527457, -3.6143678 ] ] } },
{ "type": "Feature", "properties": { "@osmId": "way/169259302", "@snapshotTimestamp": "2015-01-01T00:00:00Z" }, "geometry": { "type": "LineString", "coordinates": [ [ 39.7147153, -3.7012107 ], [ 39.738429, -3.5696626 ], [ 39.8102658, -3.5428941 ] ] } },
{ "type": "Feature", "properties": { "@osmId": "way/28128542", "@snapshotTimestamp": "2015-01-01T00:00:00Z" }, "geometry": { "type": "LineString", "coordinates": [ [ 39.8527457, -3.6143678 ], [ 39.8855639, -3.5151951 ] ] } },
{ "type": "Feature", "properties": { "@osmId": "way/162982306", "@snapshotTimestamp": "2015-01-01T00:00:00Z" }, "geometry": { "type": "LineString", "coordinates": [ [ 39.8793511, -3.5362823 ], [ 39.8102658, -3.5428941 ] ] } },
{ "type": "Feature", "properties": { "@osmId": "way/209405106", "@snapshotTimestamp": "2015-01-01T00:00:00Z" }, "geometry": { "type": "LineString", "coordinates": [ [ 39.3656308, -3.7902932 ], [ 39.4738084, -3.8634738 ], [ 39.5497715, -3.9692812 ] ] } },
{ "type": "Feature", "properties": { "@osmId": "way/34359326", "@snapshotTimestamp": "2015-01-01T00:00:00Z" }, "geometry": { "type": "LineString", "coordinates": [ [ 39.4738084, -3.8634738 ], [ 39.6263222, -3.8172279 ] ] } },
{ "type": "Feature", "properties": { "@osmId": "way/62646731", "@snapshotTimestamp": "2015-01-01T00:00:00Z" }, "geometry": { "type": "LineString", "coordinates": [ [ 39.6263222, -3.8172279 ], [ 39.6331452, -3.8519586 ] ] } },
{ "type": "Feature", "properties": { "@osmId": "way/62646728", "@snapshotTimestamp": "2015-01-01T00:00:00Z" }, "geometry": { "type": "LineString", "coordinates": [ [ 39.6263222, -3.8172279 ], [ 39.6343283, -3.7767838 ] ] } },
{ "type": "Feature", "properties": { "@osmId": "way/209405131", "@snapshotTimestamp": "2015-01-01T00:00:00Z" }, "geometry": { "type": "LineString", "coordinates": [ [ 39.3655151, -3.7903774 ], [ 39.3656308, -3.7902932 ] ] } },
{ "type": "Feature", "properties": { "@osmId": "way/26834574", "@snapshotTimestamp": "2015-01-01T00:00:00Z" }, "geometry": { "type": "LineString", "coordinates": [ [ 39.089001, -3.7420285 ], [ 39.2254246, -3.765752 ], [ 39.2703208, -3.7985038 ], [ 39.3655151, -3.7903774 ] ] } },
{ "type": "Feature", "properties": { "@osmId": "way/26834567", "@snapshotTimestamp": "2015-01-01T00:00:00Z" }, "geometry": { "type": "LineString", "coordinates": [ [ 38.6184078, -3.4373076 ], [ 38.7290241, -3.5456861 ], [ 39.089001, -3.7420285 ] ] } },
{ "type": "Feature", "properties": { "@osmId": "way/51100794", "@snapshotTimestamp": "2015-01-01T00:00:00Z" }, "geometry": { "type": "LineString", "coordinates": [ [ 38.5087492, -3.4370034 ], [ 38.4841625, -3.4553243 ] ] } },
{ "type": "Feature", "properties": { "@osmId": "way/225239571", "@snapshotTimestamp": "2015-01-01T00:00:00Z" }, "geometry": { "type": "LineString", "coordinates": [ [ 38.561282, -3.4084581 ], [ 38.6184078, -3.4373076 ] ] } },
{ "type": "Feature", "properties": { "@osmId": "way/34358615", "@snapshotTimestamp": "2015-01-01T00:00:00Z" }, "geometry": { "type": "LineString", "coordinates": [ [ 38.5502073, -3.4006646 ], [ 38.5087492, -3.4370034 ] ] } },
{ "type": "Feature", "properties": { "@osmId": "way/28128480", "@snapshotTimestamp": "2015-01-01T00:00:00Z" }, "geometry": { "type": "LineString", "coordinates": [ [ 39.8855639, -3.5151951 ], [ 39.9161514, -3.3966672 ] ] } },
{ "type": "Feature", "properties": { "@osmId": "way/28128244", "@snapshotTimestamp": "2015-01-01T00:00:00Z" }, "geometry": { "type": "LineString", "coordinates": [ [ 39.9161514, -3.3966672 ], [ 39.9512032, -3.3270075 ], [ 40.0113091, -3.3021784 ] ] } },
{ "type": "Feature", "properties": { "@osmId": "way/51728703", "@snapshotTimestamp": "2015-01-01T00:00:00Z" }, "geometry": { "type": "LineString", "coordinates": [ [ 40.0113091, -3.3021784 ], [ 40.1165671, -3.2192932 ] ] } },
{ "type": "Feature", "properties": { "@osmId": "way/28128164", "@snapshotTimestamp": "2015-01-01T00:00:00Z" }, "geometry": { "type": "LineString", "coordinates": [ [ 40.1172174, -3.2164914 ], [ 40.0008261, -3.2204947 ] ] } },
{ "type": "Feature", "properties": { "@osmId": "way/28128071", "@snapshotTimestamp": "2015-01-01T00:00:00Z" }, "geometry": { "type": "LineString", "coordinates": [ [ 40.1169204, -3.2190121 ], [ 40.1170839, -3.2193401 ], [ 40.1167165, -3.2195006 ], [ 40.1165721, -3.2192014 ], [ 40.1169204, -3.2190121 ] ] } },
{ "type": "Feature", "properties": { "@osmId": "way/270300541", "@snapshotTimestamp": "2015-01-01T00:00:00Z" }, "geometry": { "type": "LineString", "coordinates": [ [ 40.1168581, -3.2188781 ], [ 40.1169204, -3.2190121 ] ] } },
{ "type": "Feature", "properties": { "@osmId": "way/116729099", "@snapshotTimestamp": "2015-01-01T00:00:00Z" }, "geometry": { "type": "LineString", "coordinates": [ [ 40.1167538, -3.2190078 ], [ 40.1168581, -3.2188781 ] ] } },
{ "type": "Feature", "properties": { "@osmId": "way/28128124", "@snapshotTimestamp": "2015-01-01T00:00:00Z" }, "geometry": { "type": "LineString", "coordinates": [ [ 40.1168581, -3.2188781 ], [ 40.1182967, -3.2128945 ] ] } },
{ "type": "Feature", "properties": { "@osmId": "way/204095332", "@snapshotTimestamp": "2015-01-01T00:00:00Z" }, "geometry": { "type": "LineString", "coordinates": [ [ 40.1182967, -3.2128945 ], [ 40.1171583, -3.2096787 ] ] } },
{ "type": "Feature", "properties": { "@osmId": "way/28128144", "@snapshotTimestamp": "2015-01-01T00:00:00Z" }, "geometry": { "type": "LineString", "coordinates": [ [ 40.1171583, -3.2096787 ], [ 40.1171497, -3.2092246 ] ] } },
{ "type": "Feature", "properties": { "@osmId": "way/23321636", "@snapshotTimestamp": "2015-01-01T00:00:00Z" }, "geometry": { "type": "LineString", "coordinates": [ [ 38.3086084, -3.4935989 ], [ 38.3580812, -3.5100827 ], [ 38.4769694, -3.4675413 ] ] } },
{ "type": "Feature", "properties": { "@osmId": "way/219403816", "@snapshotTimestamp": "2015-01-01T00:00:00Z" }, "geometry": { "type": "LineString", "coordinates": [ [ 38.4839759, -3.4556026 ], [ 38.4769694, -3.4675413 ] ] } },
{ "type": "Feature", "properties": { "@osmId": "way/219403817", "@snapshotTimestamp": "2015-01-01T00:00:00Z" }, "geometry": { "type": "LineString", "coordinates": [ [ 38.4841625, -3.4553243 ], [ 38.4839759, -3.4556026 ] ] } },
{ "type": "Feature", "properties": { "@osmId": "way/51231760", "@snapshotTimestamp": "2015-01-01T00:00:00Z" }, "geometry": { "type": "LineString", "coordinates": [ [ 38.3778489, -3.5034617 ], [ 38.362065, -3.4046748 ] ] } },
{ "type": "Feature", "properties": { "@osmId": "way/23321613", "@snapshotTimestamp": "2015-01-01T00:00:00Z" }, "geometry": { "type": "LineString", "coordinates": [ [ 37.6417624, -3.3801463 ], [ 37.790643, -3.3838799 ], [ 37.9534396, -3.419944 ], [ 38.1329357, -3.4067115 ], [ 38.2561052, -3.5093185 ], [ 38.3086084, -3.4935989 ] ] } },
{ "type": "Feature", "properties": { "@osmId": "way/109789195", "@snapshotTimestamp": "2015-01-01T00:00:00Z" }, "geometry": { "type": "LineString", "coordinates": [ [ 38.362065, -3.4046748 ], [ 38.3665681, -3.4033397 ] ] } },
{ "type": "Feature", "properties": { "@osmId": "way/51231766", "@snapshotTimestamp": "2015-01-01T00:00:00Z" }, "geometry": { "type": "LineString", "coordinates": [ [ 38.362065, -3.4046748 ], [ 38.3639711, -3.4002389 ] ] } },
{ "type": "Feature", "properties": { "@osmId": "way/30096293", "@snapshotTimestamp": "2015-01-01T00:00:00Z" }, "geometry": { "type": "LineString", "coordinates": [ [ 37.631255741566783, -3.378511784107922 ], [ 37.6417624, -3.3801463 ] ] } },
{ "type": "Feature", "properties": { "@osmId": "way/48811634", "@snapshotTimestamp": "2015-01-01T00:00:00Z" }, "geometry": { "type": "LineString", "coordinates": [ [ 38.4608881, -2.9950271 ], [ 38.466837, -2.9998743 ] ] } },
{ "type": "Feature", "properties": { "@osmId": "way/48811631", "@snapshotTimestamp": "2015-01-01T00:00:00Z" }, "geometry": { "type": "LineString", "coordinates": [ [ 38.4605314, -2.9948578 ], [ 38.4608881, -2.9950271 ] ] } },
{ "type": "Feature", "properties": { "@osmId": "way/34359289", "@snapshotTimestamp": "2015-01-01T00:00:00Z" }, "geometry": { "type": "LineString", "coordinates": [ [ 40.1168773, -3.1992894 ], [ 40.1171497, -3.2092246 ] ] } },
{ "type": "Feature", "properties": { "@osmId": "way/33410069", "@snapshotTimestamp": "2015-01-01T00:00:00Z" }, "geometry": { "type": "LineString", "coordinates": [ [ 39.8371055, -3.1796926 ], [ 40.0008261, -3.2204947 ] ] } },
{ "type": "Feature", "properties": { "@osmId": "way/28179338", "@snapshotTimestamp": "2015-01-01T00:00:00Z" }, "geometry": { "type": "LineString", "coordinates": [ [ 40.110174, -3.1809586 ], [ 40.1168773, -3.1992894 ] ] } },
{ "type": "Feature", "properties": { "@osmId": "way/33409527", "@snapshotTimestamp": "2015-01-01T00:00:00Z" }, "geometry": { "type": "LineString", "coordinates": [ [ 39.7835394, -3.181152 ], [ 39.8371055, -3.1796926 ] ] } },
{ "type": "Feature", "properties": { "@osmId": "way/33402428", "@snapshotTimestamp": "2015-01-01T00:00:00Z" }, "geometry": { "type": "LineString", "coordinates": [ [ 39.711372, -3.180122 ], [ 39.7835394, -3.181152 ] ] } },
{ "type": "Feature", "properties": { "@osmId": "way/198036024", "@snapshotTimestamp": "2015-01-01T00:00:00Z" }, "geometry": { "type": "LineString", "coordinates": [ [ 40.1248973, -3.1491009 ], [ 40.110174, -3.1809586 ] ] } },
{ "type": "Feature", "properties": { "@osmId": "way/198036023", "@snapshotTimestamp": "2015-01-01T00:00:00Z" }, "geometry": { "type": "LineString", "coordinates": [ [ 40.1256817, -3.1482746 ], [ 40.1248973, -3.1491009 ] ] } },
{ "type": "Feature", "properties": { "@osmId": "way/28179033", "@snapshotTimestamp": "2015-01-01T00:00:00Z" }, "geometry": { "type": "MultiLineString", "coordinates": [ [ [ 40.1448753, -3.0952652 ], [ 40.14828017924625, -3.105560400890307 ] ], [ [ 40.137381973263558, -3.13394309786051 ], [ 40.1256817, -3.1482746 ] ] ] } },
{ "type": "Feature", "properties": { "@osmId": "way/28178975", "@snapshotTimestamp": "2015-01-01T00:00:00Z" }, "geometry": { "type": "LineString", "coordinates": [ [ 40.140661, -3.0752528 ], [ 40.1448753, -3.0952652 ] ] } },
{ "type": "Feature", "properties": { "@osmId": "way/28178914", "@snapshotTimestamp": "2015-01-01T00:00:00Z" }, "geometry": { "type": "LineString", "coordinates": [ [ 40.1381376, -3.0369839 ], [ 40.140661, -3.0752528 ] ] } },
{ "type": "Feature", "properties": { "@osmId": "way/189791352", "@snapshotTimestamp": "2015-01-01T00:00:00Z" }, "geometry": { "type": "LineString", "coordinates": [ [ 38.4510648, -2.9784368 ], [ 38.4605314, -2.9948578 ] ] } },
{ "type": "Feature", "properties": { "@osmId": "way/219061064", "@snapshotTimestamp": "2015-01-01T00:00:00Z" }, "geometry": { "type": "LineString", "coordinates": [ [ 38.313049, -2.9483975 ], [ 38.4580381, -2.9929435 ] ] } },
{ "type": "Feature", "properties": { "@osmId": "way/23504708", "@snapshotTimestamp": "2015-01-01T00:00:00Z" }, "geometry": { "type": "LineString", "coordinates": [ [ 38.1920772, -2.9355143 ], [ 38.183773, -2.9651981 ], [ 38.2051449, -2.9834469 ], [ 38.2369156, -2.9528511 ] ] } },
{ "type": "Feature", "properties": { "@osmId": "way/159013404", "@snapshotTimestamp": "2015-01-01T00:00:00Z" }, "geometry": { "type": "LineString", "coordinates": [ [ 38.313049, -2.9483975 ], [ 38.237274, -2.9517831 ] ] } },
{ "type": "Feature", "properties": { "@osmId": "way/219061063", "@snapshotTimestamp": "2015-01-01T00:00:00Z" }, "geometry": { "type": "LineString", "coordinates": [ [ 38.1920772, -2.9355143 ], [ 38.1447673, -2.8948489 ], [ 38.0650494, -2.8893059 ] ] } },
{ "type": "Feature", "properties": { "@osmId": "way/27221407", "@snapshotTimestamp": "2015-01-01T00:00:00Z" }, "geometry": { "type": "LineString", "coordinates": [ [ 37.6495244, -2.9000205 ], [ 37.6497225, -2.9002672 ] ] } },
{ "type": "Feature", "properties": { "@osmId": "way/219061065", "@snapshotTimestamp": "2015-01-01T00:00:00Z" }, "geometry": { "type": "LineString", "coordinates": [ [ 38.0414749, -2.9058562 ], [ 38.0649099, -2.8892945 ] ] } },
{ "type": "Feature", "properties": { "@osmId": "way/46025014", "@snapshotTimestamp": "2015-01-01T00:00:00Z" }, "geometry": { "type": "LineString", "coordinates": [ [ 37.6497225, -2.9002672 ], [ 37.9277511, -2.8618342 ], [ 37.993711, -2.9155236 ], [ 38.0414749, -2.9058562 ] ] } },
{ "type": "Feature", "properties": { "@osmId": "way/219061062", "@snapshotTimestamp": "2015-01-01T00:00:00Z" }, "geometry": { "type": "LineString", "coordinates": [ [ 38.0649458, -2.8892344 ], [ 38.0650264, -2.8892462 ], [ 38.0650271, -2.8893517 ], [ 38.0649291, -2.889353 ], [ 38.0649458, -2.8892344 ] ] } },
{ "type": "Feature", "properties": { "@osmId": "way/26834564", "@snapshotTimestamp": "2015-01-01T00:00:00Z" }, "geometry": { "type": "LineString", "coordinates": [ [ 38.1961119, -2.717659 ], [ 38.2607208, -2.7618982 ], [ 38.4510648, -2.9784368 ] ] } },
{ "type": "Feature", "properties": { "@osmId": "way/40187528", "@snapshotTimestamp": "2015-01-01T00:00:00Z" }, "geometry": { "type": "LineString", "coordinates": [ [ 37.5058176, -2.9232085 ], [ 37.554284, -2.9436938 ], [ 37.569008186556104, -2.976204619782346 ] ] } },
{ "type": "Feature", "properties": { "@osmId": "way/27221406", "@snapshotTimestamp": "2015-01-01T00:00:00Z" }, "geometry": { "type": "LineString", "coordinates": [ [ 37.6495244, -2.9000205 ], [ 37.570702, -2.8956022 ], [ 37.5230171, -2.8658604 ] ] } },
{ "type": "Feature", "properties": { "@osmId": "way/209381557", "@snapshotTimestamp": "2015-01-01T00:00:00Z" }, "geometry": { "type": "LineString", "coordinates": [ [ 37.5058176, -2.9232085 ], [ 37.534074, -2.7768104 ] ] } },
{ "type": "Feature", "properties": { "@osmId": "way/27221404", "@snapshotTimestamp": "2015-01-01T00:00:00Z" }, "geometry": { "type": "LineString", "coordinates": [ [ 37.5152327, -2.8309469 ], [ 37.5226956, -2.8401061 ] ] } },
{ "type": "Feature", "properties": { "@osmId": "way/27221405", "@snapshotTimestamp": "2015-01-01T00:00:00Z" }, "geometry": { "type": "LineString", "coordinates": [ [ 37.5151461, -2.8300529 ], [ 37.5152327, -2.8309469 ] ] } },
{ "type": "Feature", "properties": { "@osmId": "way/27221402", "@snapshotTimestamp": "2015-01-01T00:00:00Z" }, "geometry": { "type": "LineString", "coordinates": [ [ 37.3801775, -2.7203651 ], [ 37.5151461, -2.8300529 ] ] } },
{ "type": "Feature", "properties": { "@osmId": "way/68899613", "@snapshotTimestamp": "2015-01-01T00:00:00Z" }, "geometry": { "type": "LineString", "coordinates": [ [ 37.2717126, -2.6619545 ], [ 37.3007183, -2.6997221 ], [ 37.3801775, -2.7203651 ] ] } },
{ "type": "Feature", "properties": { "@osmId": "way/217334215", "@snapshotTimestamp": "2015-01-01T00:00:00Z" }, "geometry": { "type": "LineString", "coordinates": [ [ 37.537709, -2.3828946 ], [ 37.5063335, -2.7332588 ], [ 37.534074, -2.7768104 ] ] } },
{ "type": "Feature", "properties": { "@osmId": "way/24207174", "@snapshotTimestamp": "2015-01-01T00:00:00Z" }, "geometry": { "type": "LineString", "coordinates": [ [ 36.7959614, -2.5476347 ], [ 36.9058367, -2.5831872 ], [ 36.9937508, -2.4902208 ], [ 37.0935666, -2.5453154 ], [ 37.234262, -2.5619902 ], [ 37.2717126, -2.6619545 ] ] } },
{ "type": "Feature", "properties": { "@osmId": "way/217334217", "@snapshotTimestamp": "2015-01-01T00:00:00Z" }, "geometry": { "type": "LineString", "coordinates": [ [ 37.5374436, -2.3823821 ], [ 37.537709, -2.3828946 ] ] } },
{ "type": "Feature", "properties": { "@osmId": "way/217334214", "@snapshotTimestamp": "2015-01-01T00:00:00Z" }, "geometry": { "type": "LineString", "coordinates": [ [ 37.5256692, -2.3554932 ], [ 37.5374436, -2.3823821 ] ] } },
{ "type": "Feature", "properties": { "@osmId": "way/217334216", "@snapshotTimestamp": "2015-01-01T00:00:00Z" }, "geometry": { "type": "LineString", "coordinates": [ [ 37.5255874, -2.3552578 ], [ 37.5256692, -2.3554932 ] ] } },
{ "type": "Feature", "properties": { "@osmId": "way/27059568", "@snapshotTimestamp": "2015-01-01T00:00:00Z" }, "geometry": { "type": "LineString", "coordinates": [ [ 37.4821324, -2.0901152 ], [ 37.4754784, -2.2488026 ], [ 37.5255874, -2.3552578 ] ] } },
{ "type": "Feature", "properties": { "@osmId": "way/140184664", "@snapshotTimestamp": "2015-01-01T00:00:00Z" }, "geometry": { "type": "LineString", "coordinates": [ [ 37.4803452, -2.0872142 ], [ 37.5708601, -2.1436852 ] ] } },
{ "type": "Feature", "properties": { "@osmId": "way/140184663", "@snapshotTimestamp": "2015-01-01T00:00:00Z" }, "geometry": { "type": "LineString", "coordinates": [ [ 37.4798482, -2.0860313 ], [ 37.4803452, -2.0872142 ] ] } },
{ "type": "Feature", "properties": { "@osmId": "way/204125691", "@snapshotTimestamp": "2015-01-01T00:00:00Z" }, "geometry": { "type": "LineString", "coordinates": [ [ 37.4824324, -2.0651238 ], [ 37.4730931, -2.0796347 ] ] } },
{ "type": "Feature", "properties": { "@osmId": "way/204125688", "@snapshotTimestamp": "2015-01-01T00:00:00Z" }, "geometry": { "type": "LineString", "coordinates": [ [ 37.4828072, -2.0648528 ], [ 37.4824324, -2.0651238 ] ] } },
{ "type": "Feature", "properties": { "@osmId": "way/234352660", "@snapshotTimestamp": "2015-01-01T00:00:00Z" }, "geometry": { "type": "LineString", "coordinates": [ [ 37.5239058, -1.9753616 ], [ 37.4828072, -2.0648528 ] ] } },
{ "type": "Feature", "properties": { "@osmId": "way/234352657", "@snapshotTimestamp": "2015-01-01T00:00:00Z" }, "geometry": { "type": "LineString", "coordinates": [ [ 37.5239453, -1.9748334 ], [ 37.5239058, -1.9753616 ] ] } },
{ "type": "Feature", "properties": { "@osmId": "way/234352661", "@snapshotTimestamp": "2015-01-01T00:00:00Z" }, "geometry": { "type": "LineString", "coordinates": [ [ 37.5205091, -1.9135374 ], [ 37.5395712, -1.9570469 ], [ 37.5239453, -1.9748334 ] ] } },
{ "type": "Feature", "properties": { "@osmId": "way/204095342", "@snapshotTimestamp": "2015-01-01T00:00:00Z" }, "geometry": { "type": "LineString", "coordinates": [ [ 36.847396, -2.4325314 ], [ 36.847396, -2.4320336 ] ] } },
{ "type": "Feature", "properties": { "@osmId": "way/204095343", "@snapshotTimestamp": "2015-01-01T00:00:00Z" }, "geometry": { "type": "LineString", "coordinates": [ [ 36.847396, -2.4320336 ], [ 36.8428889, -2.3566343 ], [ 36.7882799, -2.2281998 ], [ 36.7988879, -2.0224476 ], [ 36.775503, -1.8605181 ], [ 36.811672, -1.8204825 ], [ 36.84858, -1.6782886 ], [ 36.9280081, -1.5767181 ], [ 36.9591026, -1.4743159 ] ] } },
{ "type": "Feature", "properties": { "@osmId": "way/308295953", "@snapshotTimestamp": "2015-01-01T00:00:00Z" }, "geometry": { "type": "LineString", "coordinates": [ [ 36.8915139, -1.3462104 ], [ 36.9083029, -1.3625005 ] ] } },
{ "type": "Feature", "properties": { "@osmId": "way/25739466", "@snapshotTimestamp": "2015-01-01T00:00:00Z" }, "geometry": { "type": "LineString", "coordinates": [ [ 36.9061696, -1.3525271 ], [ 36.9092567, -1.3479435 ] ] } },
{ "type": "Feature", "properties": { "@osmId": "way/40131526", "@snapshotTimestamp": "2015-01-01T00:00:00Z" }, "geometry": { "type": "LineString", "coordinates": [ [ 36.902107, -1.3437046 ], [ 36.9061696, -1.3525271 ] ] } },
{ "type": "Feature", "properties": { "@osmId": "way/4685092", "@snapshotTimestamp": "2015-01-01T00:00:00Z" }, "geometry": { "type": "LineString", "coordinates": [ [ 36.9144151, -1.3446571 ], [ 36.9017419, -1.3458453 ] ] } },
{ "type": "Feature", "properties": { "@osmId": "way/4962952", "@snapshotTimestamp": "2015-01-01T00:00:00Z" }, "geometry": { "type": "LineString", "coordinates": [ [ 36.902107, -1.3437046 ], [ 36.9141264, -1.3442189 ] ] } },
{ "type": "Feature", "properties": { "@osmId": "way/25739413", "@snapshotTimestamp": "2015-01-01T00:00:00Z" }, "geometry": { "type": "LineString", "coordinates": [ [ 36.8988958, -1.3426494 ], [ 36.8997212, -1.341586 ] ] } },
{ "type": "Feature", "properties": { "@osmId": "way/25773223", "@snapshotTimestamp": "2015-01-01T00:00:00Z" }, "geometry": { "type": "LineString", "coordinates": [ [ 36.8962434, -1.338513 ], [ 36.8956244, -1.3390885 ] ] } },
{ "type": "Feature", "properties": { "@osmId": "way/40350411", "@snapshotTimestamp": "2015-01-01T00:00:00Z" }, "geometry": { "type": "LineString", "coordinates": [ [ 36.8786671, -1.3287206 ], [ 36.902107, -1.3437046 ] ] } },
{ "type": "Feature", "properties": { "@osmId": "way/234352656", "@snapshotTimestamp": "2015-01-01T00:00:00Z" }, "geometry": { "type": "LineString", "coordinates": [ [ 37.5203522, -1.9130849 ], [ 37.5205091, -1.9135374 ] ] } },
{ "type": "Feature", "properties": { "@osmId": "way/234352659", "@snapshotTimestamp": "2015-01-01T00:00:00Z" }, "geometry": { "type": "LineString", "coordinates": [ [ 37.5272315, -1.8760675 ], [ 37.5203522, -1.9130849 ] ] } },
{ "type": "Feature", "properties": { "@osmId": "way/234352654", "@snapshotTimestamp": "2015-01-01T00:00:00Z" }, "geometry": { "type": "LineString", "coordinates": [ [ 37.5274017, -1.8757988 ], [ 37.5272315, -1.8760675 ] ] } },
{ "type": "Feature", "properties": { "@osmId": "way/204125676", "@snapshotTimestamp": "2015-01-01T00:00:00Z" }, "geometry": { "type": "LineString", "coordinates": [ [ 37.5276142, -1.8662972 ], [ 37.5274017, -1.8757988 ] ] } },
{ "type": "Feature", "properties": { "@osmId": "way/204125682", "@snapshotTimestamp": "2015-01-01T00:00:00Z" }, "geometry": { "type": "LineString", "coordinates": [ [ 37.5276611, -1.8661286 ], [ 37.5276142, -1.8662972 ] ] } },
{ "type": "Feature", "properties": { "@osmId": "way/234352658", "@snapshotTimestamp": "2015-01-01T00:00:00Z" }, "geometry": { "type": "LineString", "coordinates": [ [ 37.5337594, -1.8365646 ], [ 37.5276611, -1.8661286 ] ] } },
{ "type": "Feature", "properties": { "@osmId": "way/234352655", "@snapshotTimestamp": "2015-01-01T00:00:00Z" }, "geometry": { "type": "LineString", "coordinates": [ [ 37.5340101, -1.8363172 ], [ 37.5337594, -1.8365646 ] ] } },
{ "type": "Feature", "properties": { "@osmId": "way/26834561", "@snapshotTimestamp": "2015-01-01T00:00:00Z" }, "geometry": { "type": "LineString", "coordinates": [ [ 37.1580541, -1.5830406 ], [ 37.2120463, -1.779735 ], [ 37.2682759, -1.8926894 ], [ 37.3236162, -1.9710652 ], [ 37.4798482, -2.0860313 ] ] } },
{ "type": "Feature", "properties": { "@osmId": "way/204125693", "@snapshotTimestamp": "2015-01-01T00:00:00Z" }, "geometry": { "type": "LineString", "coordinates": [ [ 37.5097004, -1.7731341 ], [ 37.5340101, -1.8363172 ] ] } },
{ "type": "Feature", "properties": { "@osmId": "way/204125686", "@snapshotTimestamp": "2015-01-01T00:00:00Z" }, "geometry": { "type": "LineString", "coordinates": [ [ 37.5096997, -1.7724442 ], [ 37.5097004, -1.7731341 ] ] } },
{ "type": "Feature", "properties": { "@osmId": "way/202975196", "@snapshotTimestamp": "2015-01-01T00:00:00Z" }, "geometry": { "type": "LineString", "coordinates": [ [ 37.5129764, -1.7704768 ], [ 37.5096997, -1.7724442 ] ] } },
{ "type": "Feature", "properties": { "@osmId": "way/202975191", "@snapshotTimestamp": "2015-01-01T00:00:00Z" }, "geometry": { "type": "LineString", "coordinates": [ [ 37.4855876, -1.7631348 ], [ 37.5129764, -1.7704768 ] ] } },
{ "type": "Feature", "properties": { "@osmId": "way/100554485", "@snapshotTimestamp": "2015-01-01T00:00:00Z" }, "geometry": { "type": "LineString", "coordinates": [ [ 37.5129764, -1.7704768 ], [ 37.5606522, -1.7569016 ] ] } },
{ "type": "Feature", "properties": { "@osmId": "way/202975187", "@snapshotTimestamp": "2015-01-01T00:00:00Z" }, "geometry": { "type": "LineString", "coordinates": [ [ 37.4499359, -1.7464673 ], [ 37.4855876, -1.7631348 ] ] } },
{ "type": "Feature", "properties": { "@osmId": "way/202975186", "@snapshotTimestamp": "2015-01-01T00:00:00Z" }, "geometry": { "type": "LineString", "coordinates": [ [ 37.5606522, -1.7569016 ], [ 37.5820503, -1.7195287 ] ] } },
{ "type": "Feature", "properties": { "@osmId": "way/305894215", "@snapshotTimestamp": "2015-01-01T00:00:00Z" }, "geometry": { "type": "LineString", "coordinates": [ [ 37.242466, -1.5933565 ], [ 37.257164, -1.6469934 ], [ 37.2904549, -1.6724404 ], [ 37.4499359, -1.7464673 ] ] } },
{ "type": "Feature", "properties": { "@osmId": "way/225692645", "@snapshotTimestamp": "2015-01-01T00:00:00Z" }, "geometry": { "type": "LineString", "coordinates": [ [ 37.5785663, -1.5681998 ], [ 37.5820503, -1.7195287 ] ] } },
{ "type": "Feature", "properties": { "@osmId": "way/34358756", "@snapshotTimestamp": "2015-01-01T00:00:00Z" }, "geometry": { "type": "LineString", "coordinates": [ [ 37.2393148, -1.5871384 ], [ 37.242466, -1.5933565 ] ] } },
{ "type": "Feature", "properties": { "@osmId": "way/225692658", "@snapshotTimestamp": "2015-01-01T00:00:00Z" }, "geometry": { "type": "LineString", "coordinates": [ [ 37.5783897, -1.5675066 ], [ 37.5785663, -1.5681998 ] ] } },
{ "type": "Feature", "properties": { "@osmId": "way/45763132", "@snapshotTimestamp": "2015-01-01T00:00:00Z" }, "geometry": { "type": "LineString", "coordinates": [ [ 37.2666756, -1.5214474 ], [ 37.2393148, -1.5871384 ] ] } },
{ "type": "Feature", "properties": { "@osmId": "way/225239562", "@snapshotTimestamp": "2015-01-01T00:00:00Z" }, "geometry": { "type": "LineString", "coordinates": [ [ 37.584193, -1.5227944 ], [ 37.5616437, -1.534199 ], [ 37.5783897, -1.5675066 ] ] } },
{ "type": "Feature", "properties": { "@osmId": "way/154724619", "@snapshotTimestamp": "2015-01-01T00:00:00Z" }, "geometry": { "type": "LineString", "coordinates": [ [ 37.1319409, -1.5329125 ], [ 37.1325592, -1.5324726 ] ] } },
{ "type": "Feature", "properties": { "@osmId": "way/33401730", "@snapshotTimestamp": "2015-01-01T00:00:00Z" }, "geometry": { "type": "LineString", "coordinates": [ [ 37.1325592, -1.5324726 ], [ 37.130971, -1.5313974 ] ] } },
{ "type": "Feature", "properties": { "@osmId": "way/154724620", "@snapshotTimestamp": "2015-01-01T00:00:00Z" }, "geometry": { "type": "LineString", "coordinates": [ [ 37.130971, -1.5313974 ], [ 37.130599, -1.5314979 ] ] } },
{ "type": "Feature", "properties": { "@osmId": "way/154724623", "@snapshotTimestamp": "2015-01-01T00:00:00Z" }, "geometry": { "type": "LineString", "coordinates": [ [ 37.130599, -1.5314979 ], [ 37.127964, -1.5295305 ] ] } },
{ "type": "Feature", "properties": { "@osmId": "way/154724622", "@snapshotTimestamp": "2015-01-01T00:00:00Z" }, "geometry": { "type": "LineString", "coordinates": [ [ 37.1325592, -1.5324726 ], [ 37.261357, -1.5175059 ] ] } },
{ "type": "Feature", "properties": { "@osmId": "way/154725704", "@snapshotTimestamp": "2015-01-01T00:00:00Z" }, "geometry": { "type": "LineString", "coordinates": [ [ 37.2666756, -1.5214474 ], [ 37.277424, -1.5286038 ] ] } },
{ "type": "Feature", "properties": { "@osmId": "way/225239563", "@snapshotTimestamp": "2015-01-01T00:00:00Z" }, "geometry": { "type": "LineString", "coordinates": [ [ 37.5848194, -1.5222189 ], [ 37.584193, -1.5227944 ] ] } },
{ "type": "Feature", "properties": { "@osmId": "way/100485750", "@snapshotTimestamp": "2015-01-01T00:00:00Z" }, "geometry": { "type": "LineString", "coordinates": [ [ 37.267186, -1.5201251 ], [ 37.2666756, -1.5214474 ] ] } },
{ "type": "Feature", "properties": { "@osmId": "way/100485752", "@snapshotTimestamp": "2015-01-01T00:00:00Z" }, "geometry": { "type": "LineString", "coordinates": [ [ 37.267186, -1.5201251 ], [ 37.2670874, -1.5199655 ], [ 37.2672303, -1.5198781 ], [ 37.2673329, -1.5200078 ], [ 37.267186, -1.5201251 ] ] } },
{ "type": "Feature", "properties": { "@osmId": "way/45763136", "@snapshotTimestamp": "2015-01-01T00:00:00Z" }, "geometry": { "type": "LineString", "coordinates": [ [ 37.261357, -1.5175059 ], [ 37.2670874, -1.5199655 ] ] } },
{ "type": "Feature", "properties": { "@osmId": "way/267252127", "@snapshotTimestamp": "2015-01-01T00:00:00Z" }, "geometry": { "type": "LineString", "coordinates": [ [ 36.9842823, -1.4421783 ], [ 37.1305216, -1.5311877 ], [ 37.1580541, -1.5830406 ] ] } },
{ "type": "Feature", "properties": { "@osmId": "way/287072366", "@snapshotTimestamp": "2015-01-01T00:00:00Z" }, "geometry": { "type": "LineString", "coordinates": [ [ 37.5715385, -1.5183152 ], [ 37.5484643, -1.5027401 ] ] } },
{ "type": "Feature", "properties": { "@osmId": "way/96763732", "@snapshotTimestamp": "2015-01-01T00:00:00Z" }, "geometry": { "type": "LineString", "coordinates": [ [ 37.6075363, -1.495401 ], [ 37.5848194, -1.5222189 ] ] } },
{ "type": "Feature", "properties": { "@osmId": "way/287072367", "@snapshotTimestamp": "2015-01-01T00:00:00Z" }, "geometry": { "type": "LineString", "coordinates": [ [ 37.5484643, -1.5027401 ], [ 37.5476918, -1.5020966 ] ] } },
{ "type": "Feature", "properties": { "@osmId": "way/287072368", "@snapshotTimestamp": "2015-01-01T00:00:00Z" }, "geometry": { "type": "LineString", "coordinates": [ [ 37.5476918, -1.5020966 ], [ 37.5377354, -1.4974204 ] ] } },
{ "type": "Feature", "properties": { "@osmId": "way/287079688", "@snapshotTimestamp": "2015-01-01T00:00:00Z" }, "geometry": { "type": "LineString", "coordinates": [ [ 37.5377354, -1.4974204 ], [ 37.4950241, -1.4907923 ], [ 37.4786776, -1.4479027 ] ] } },
{ "type": "Feature", "properties": { "@osmId": "way/99508914", "@snapshotTimestamp": "2015-01-01T00:00:00Z" }, "geometry": { "type": "LineString", "coordinates": [ [ 37.26419, -1.5183278 ], [ 37.2404779, -1.4260811 ] ] } },
{ "type": "Feature", "properties": { "@osmId": "way/50535589", "@snapshotTimestamp": "2015-01-01T00:00:00Z" }, "geometry": { "type": "LineString", "coordinates": [ [ 37.646308, -1.414582 ], [ 37.4836662, -1.4053944 ], [ 37.3685243, -1.5094007 ], [ 37.311911, -1.537485 ], [ 37.277424, -1.5286038 ] ] } },
{ "type": "Feature", "properties": { "@osmId": "way/45763157", "@snapshotTimestamp": "2015-01-01T00:00:00Z" }, "geometry": { "type": "LineString", "coordinates": [ [ 37.5525833, -1.4127934 ], [ 37.6075363, -1.495401 ] ] } },
{ "type": "Feature", "properties": { "@osmId": "way/297313743", "@snapshotTimestamp": "2015-01-01T00:00:00Z" }, "geometry": { "type": "LineString", "coordinates": [ [ 36.9591026, -1.4743159 ], [ 36.9682451, -1.4451239 ] ] } },
{ "type": "Feature", "properties": { "@osmId": "way/188442932", "@snapshotTimestamp": "2015-01-01T00:00:00Z" }, "geometry": { "type": "LineString", "coordinates": [ [ 36.9682451, -1.4451239 ], [ 36.9683406, -1.4442903 ] ] } },
{ "type": "Feature", "properties": { "@osmId": "way/188442931", "@snapshotTimestamp": "2015-01-01T00:00:00Z" }, "geometry": { "type": "LineString", "coordinates": [ [ 36.9683406, -1.4442903 ], [ 36.9684556, -1.4430413 ] ] } },
{ "type": "Feature", "properties": { "@osmId": "way/267252128", "@snapshotTimestamp": "2015-01-01T00:00:00Z" }, "geometry": { "type": "LineString", "coordinates": [ [ 36.984296, -1.4416265 ], [ 36.9888583, -1.4433634 ] ] } },
{ "type": "Feature", "properties": { "@osmId": "way/100126230", "@snapshotTimestamp": "2015-01-01T00:00:00Z" }, "geometry": { "type": "LineString", "coordinates": [ [ 36.9685772, -1.4410084 ], [ 36.9684556, -1.4430413 ] ] } },
{ "type": "Feature", "properties": { "@osmId": "way/267252124", "@snapshotTimestamp": "2015-01-01T00:00:00Z" }, "geometry": { "type": "LineString", "coordinates": [ [ 36.9833928, -1.4417739 ], [ 36.9842823, -1.4421783 ] ] } },
{ "type": "Feature", "properties": { "@osmId": "way/267252123", "@snapshotTimestamp": "2015-01-01T00:00:00Z" }, "geometry": { "type": "LineString", "coordinates": [ [ 36.9836362, -1.4412994 ], [ 36.984296, -1.4416265 ] ] } },
{ "type": "Feature", "properties": { "@osmId": "way/173959638", "@snapshotTimestamp": "2015-01-01T00:00:00Z" }, "geometry": { "type": "LineString", "coordinates": [ [ 36.9735936, -1.4362484 ], [ 36.9833928, -1.4417739 ] ] } },
{ "type": "Feature", "properties": { "@osmId": "way/173959637", "@snapshotTimestamp": "2015-01-01T00:00:00Z" }, "geometry": { "type": "LineString", "coordinates": [ [ 36.9665856, -1.4354962 ], [ 36.9685772, -1.4410084 ] ] } },
{ "type": "Feature", "properties": { "@osmId": "way/173848788", "@snapshotTimestamp": "2015-01-01T00:00:00Z" }, "geometry": { "type": "LineString", "coordinates": [ [ 36.9735936, -1.4362484 ], [ 36.9637373, -1.4311103 ] ] } },
{ "type": "Feature", "properties": { "@osmId": "way/236016594", "@snapshotTimestamp": "2015-01-01T00:00:00Z" }, "geometry": { "type": "LineString", "coordinates": [ [ 36.9632923, -1.4304708 ], [ 36.9735936, -1.4362484 ] ] } },
{ "type": "Feature", "properties": { "@osmId": "way/173959636", "@snapshotTimestamp": "2015-01-01T00:00:00Z" }, "geometry": { "type": "LineString", "coordinates": [ [ 36.9671908, -1.4346397 ], [ 36.9637373, -1.4311103 ] ] } },
{ "type": "Feature", "properties": { "@osmId": "way/40131525", "@snapshotTimestamp": "2015-01-01T00:00:00Z" }, "geometry": { "type": "LineString", "coordinates": [ [ 36.9061696, -1.3525271 ], [ 36.9632923, -1.4304708 ] ] } },
{ "type": "Feature", "properties": { "@osmId": "way/236016593", "@snapshotTimestamp": "2015-01-01T00:00:00Z" }, "geometry": { "type": "LineString", "coordinates": [ [ 36.9637373, -1.4311103 ], [ 36.876126, -1.3294263 ] ] } },
{ "type": "Feature", "properties": { "@osmId": "way/4962926", "@snapshotTimestamp": "2015-01-01T00:00:00Z" }, "geometry": { "type": "LineString", "coordinates": [ [ 36.9146706, -1.3446264 ], [ 36.9141603, -1.3440881 ], [ 36.9150147, -1.3436017 ], [ 36.9152459, -1.3441255 ], [ 36.9146706, -1.3446264 ] ] } },
{ "type": "Feature", "properties": { "@osmId": "way/100788273", "@snapshotTimestamp": "2015-01-01T00:00:00Z" }, "geometry": { "type": "LineString", "coordinates": [ [ 36.9141603, -1.3440881 ], [ 36.9140712, -1.3434538 ] ] } },
{ "type": "Feature", "properties": { "@osmId": "way/25739439", "@snapshotTimestamp": "2015-01-01T00:00:00Z" }, "geometry": { "type": "LineString", "coordinates": [ [ 36.9140712, -1.3434538 ], [ 36.914813, -1.3436123 ] ] } },
{ "type": "Feature", "properties": { "@osmId": "way/40554733", "@snapshotTimestamp": "2015-01-01T00:00:00Z" }, "geometry": { "type": "LineString", "coordinates": [ [ 36.9117348, -1.3396809 ], [ 36.9140712, -1.3434538 ] ] } },
{ "type": "Feature", "properties": { "@osmId": "way/40554728", "@snapshotTimestamp": "2015-01-01T00:00:00Z" }, "geometry": { "type": "LineString", "coordinates": [ [ 36.9114354, -1.3398996 ], [ 36.9118116, -1.3402052 ] ] } },
{ "type": "Feature", "properties": { "@osmId": "way/4963133", "@snapshotTimestamp": "2015-01-01T00:00:00Z" }, "geometry": { "type": "LineString", "coordinates": [ [ 36.9117519, -1.3396303 ], [ 36.9113846, -1.3398949 ], [ 36.911148, -1.3395613 ], [ 36.9115006, -1.3392985 ], [ 36.9117519, -1.3396303 ] ] } },
{ "type": "Feature", "properties": { "@osmId": "way/40554729", "@snapshotTimestamp": "2015-01-01T00:00:00Z" }, "geometry": { "type": "LineString", "coordinates": [ [ 36.9111681, -1.3394986 ], [ 36.9110219, -1.3391154 ] ] } },
{ "type": "Feature", "properties": { "@osmId": "way/40554730", "@snapshotTimestamp": "2015-01-01T00:00:00Z" }, "geometry": { "type": "LineString", "coordinates": [ [ 36.9114152, -1.3392996 ], [ 36.9110219, -1.3391154 ] ] } },
{ "type": "Feature", "properties": { "@osmId": "way/43159843", "@snapshotTimestamp": "2015-01-01T00:00:00Z" }, "geometry": { "type": "LineString", "coordinates": [ [ 36.9275162, -1.333817 ], [ 36.9152676, -1.3440457 ] ] } },
{ "type": "Feature", "properties": { "@osmId": "way/4963130", "@snapshotTimestamp": "2015-01-01T00:00:00Z" }, "geometry": { "type": "LineString", "coordinates": [ [ 36.9150147, -1.3436017 ], [ 36.9273476, -1.3339214 ] ] } },
{ "type": "Feature", "properties": { "@osmId": "way/25773742", "@snapshotTimestamp": "2015-01-01T00:00:00Z" }, "geometry": { "type": "LineString", "coordinates": [ [ 36.9273476, -1.3339214 ], [ 36.9271137, -1.3335964 ] ] } },
{ "type": "Feature", "properties": { "@osmId": "way/43159844", "@snapshotTimestamp": "2015-01-01T00:00:00Z" }, "geometry": { "type": "LineString", "coordinates": [ [ 36.9273003, -1.3335067 ], [ 36.9275162, -1.333817 ] ] } },
{ "type": "Feature", "properties": { "@osmId": "way/25773743", "@snapshotTimestamp": "2015-01-01T00:00:00Z" }, "geometry": { "type": "LineString", "coordinates": [ [ 36.9271137, -1.3335964 ], [ 36.9257729, -1.3313627 ] ] } },
{ "type": "Feature", "properties": { "@osmId": "way/40131531", "@snapshotTimestamp": "2015-01-01T00:00:00Z" }, "geometry": { "type": "LineString", "coordinates": [ [ 36.9257332, -1.3310799 ], [ 36.9273003, -1.3335067 ] ] } },
{ "type": "Feature", "properties": { "@osmId": "way/301694733", "@snapshotTimestamp": "2015-01-01T00:00:00Z" }, "geometry": { "type": "LineString", "coordinates": [ [ 36.9256046, -1.3314871 ], [ 36.9253217, -1.3313474 ] ] } },
{ "type": "Feature", "properties": { "@osmId": "way/25773785", "@snapshotTimestamp": "2015-01-01T00:00:00Z" }, "geometry": { "type": "LineString", "coordinates": [ [ 36.9254376, -1.3313061 ], [ 36.9241823, -1.3308732 ], [ 36.9246319, -1.3296727 ], [ 36.9258395, -1.3300762 ], [ 36.9254376, -1.3313061 ] ] } },
{ "type": "Feature", "properties": { "@osmId": "way/28178540", "@snapshotTimestamp": "2015-01-01T00:00:00Z" }, "geometry": { "type": "LineString", "coordinates": [ [ 40.1369102, -2.9544848 ], [ 40.1381376, -3.0369839 ] ] } },
{ "type": "Feature", "properties": { "@osmId": "way/28178397", "@snapshotTimestamp": "2015-01-01T00:00:00Z" }, "geometry": { "type": "LineString", "coordinates": [ [ 40.1387813, -2.9222806 ], [ 40.1369102, -2.9544848 ] ] } },
{ "type": "Feature", "properties": { "@osmId": "way/28178282", "@snapshotTimestamp": "2015-01-01T00:00:00Z" }, "geometry": { "type": "LineString", "coordinates": [ [ 40.1449526, -2.8748598 ], [ 40.1387813, -2.9222806 ] ] } },
{ "type": "Feature", "properties": { "@osmId": "way/28177809", "@snapshotTimestamp": "2015-01-01T00:00:00Z" }, "geometry": { "type": "LineString", "coordinates": [ [ 40.1453474, -2.7608773 ], [ 40.1449526, -2.8748598 ] ] } },
{ "type": "Feature", "properties": { "@osmId": "way/28177710", "@snapshotTimestamp": "2015-01-01T00:00:00Z" }, "geometry": { "type": "LineString", "coordinates": [ [ 40.1408465, -2.6860575 ], [ 40.1453474, -2.7608773 ] ] } },
{ "type": "Feature", "properties": { "@osmId": "way/28177593", "@snapshotTimestamp": "2015-01-01T00:00:00Z" }, "geometry": { "type": "LineString", "coordinates": [ [ 40.1353224, -2.6013642 ], [ 40.1408465, -2.6860575 ] ] } },
{ "type": "Feature", "properties": { "@osmId": "way/28177501", "@snapshotTimestamp": "2015-01-01T00:00:00Z" }, "geometry": { "type": "LineString", "coordinates": [ [ 40.1179245, -2.530925 ], [ 40.1353224, -2.6013642 ] ] } },
{ "type": "Feature", "properties": { "@osmId": "way/28177477", "@snapshotTimestamp": "2015-01-01T00:00:00Z" }, "geometry": { "type": "LineString", "coordinates": [ [ 40.1180532, -2.4623771 ], [ 40.1179245, -2.530925 ] ] } },
{ "type": "Feature", "properties": { "@osmId": "way/38445155", "@snapshotTimestamp": "2015-01-01T00:00:00Z" }, "geometry": { "type": "LineString", "coordinates": [ [ 40.1165855, -2.3848555 ], [ 40.1180532, -2.4623771 ] ] } },
{ "type": "Feature", "properties": { "@osmId": "way/34865373", "@snapshotTimestamp": "2015-01-01T00:00:00Z" }, "geometry": { "type": "LineString", "coordinates": [ [ 40.1115898, -2.3236711 ], [ 40.1165855, -2.3848555 ] ] } },
{ "type": "Feature", "properties": { "@osmId": "way/259334394", "@snapshotTimestamp": "2015-01-01T00:00:00Z" }, "geometry": { "type": "LineString", "coordinates": [ [ 38.0667793, -2.5997277 ], [ 38.0888269, -2.6483682 ], [ 38.1961119, -2.717659 ] ] } },
{ "type": "Feature", "properties": { "@osmId": "way/259334396", "@snapshotTimestamp": "2015-01-01T00:00:00Z" }, "geometry": { "type": "LineString", "coordinates": [ [ 38.0690449, -2.5992212 ], [ 38.0667482, -2.5996304 ] ] } },
{ "type": "Feature", "properties": { "@osmId": "way/203792347", "@snapshotTimestamp": "2015-01-01T00:00:00Z" }, "geometry": { "type": "LineString", "coordinates": [ [ 38.0753556, -2.5947966 ], [ 38.0690449, -2.5992212 ] ] } },
{ "type": "Feature", "properties": { "@osmId": "way/203791635", "@snapshotTimestamp": "2015-01-01T00:00:00Z" }, "geometry": { "type": "LineString", "coordinates": [ [ 38.0169245, -2.510955 ], [ 38.1459152, -2.6748647 ] ] } },
{ "type": "Feature", "properties": { "@osmId": "way/259334397", "@snapshotTimestamp": "2015-01-01T00:00:00Z" }, "geometry": { "type": "LineString", "coordinates": [ [ 38.0288118, -2.522371 ], [ 38.0201027, -2.5277534 ] ] } },
{ "type": "Feature", "properties": { "@osmId": "way/26834563", "@snapshotTimestamp": "2015-01-01T00:00:00Z" }, "geometry": { "type": "LineString", "coordinates": [ [ 37.8887665, -2.350463 ], [ 37.9099666, -2.3921289 ], [ 37.9597124, -2.4157797 ], [ 38.0667793, -2.5997277 ] ] } },
{ "type": "Feature", "properties": { "@osmId": "way/203793901", "@snapshotTimestamp": "2015-01-01T00:00:00Z" }, "geometry": { "type": "LineString", "coordinates": [ [ 37.9642254, -2.4164655 ], [ 37.9608759, -2.4177877 ] ] } },
{ "type": "Feature", "properties": { "@osmId": "way/203793899", "@snapshotTimestamp": "2015-01-01T00:00:00Z" }, "geometry": { "type": "LineString", "coordinates": [ [ 37.9645881, -2.4163144 ], [ 37.9642254, -2.4164655 ] ] } },
{ "type": "Feature", "properties": { "@osmId": "way/259708496", "@snapshotTimestamp": "2015-01-01T00:00:00Z" }, "geometry": { "type": "LineString", "coordinates": [ [ 37.9677579, -2.4105564 ], [ 37.9645881, -2.4163144 ] ] } },
{ "type": "Feature", "properties": { "@osmId": "way/33410063", "@snapshotTimestamp": "2015-01-01T00:00:00Z" }, "geometry": { "type": "LineString", "coordinates": [ [ 38.0471713, -2.2275611 ], [ 37.9677579, -2.4105564 ] ] } },
{ "type": "Feature", "properties": { "@osmId": "way/225239570", "@snapshotTimestamp": "2015-01-01T00:00:00Z" }, "geometry": { "type": "LineString", "coordinates": [ [ 38.5609422, -3.4085562 ], [ 38.561282, -3.4084581 ] ] } },
{ "type": "Feature", "properties": { "@osmId": "way/251028008", "@snapshotTimestamp": "2015-01-01T00:00:00Z" }, "geometry": { "type": "LineString", "coordinates": [ [ 38.5787913, -3.390814 ], [ 38.5930587, -3.4103228 ] ] } },
{ "type": "Feature", "properties": { "@osmId": "way/23504461", "@snapshotTimestamp": "2015-01-01T00:00:00Z" }, "geometry": { "type": "LineString", "coordinates": [ [ 38.5507192, -3.4011082 ], [ 38.5785166, -3.3908672 ] ] } },
{ "type": "Feature", "properties": { "@osmId": "way/251028007", "@snapshotTimestamp": "2015-01-01T00:00:00Z" }, "geometry": { "type": "LineString", "coordinates": [ [ 38.5785166, -3.3908672 ], [ 38.5787913, -3.390814 ] ] } },
{ "type": "Feature", "properties": { "@osmId": "way/26834565", "@snapshotTimestamp": "2015-01-01T00:00:00Z" }, "geometry": { "type": "LineString", "coordinates": [ [ 38.466837, -2.9998743 ], [ 38.5010599, -3.2365539 ], [ 38.5609422, -3.4085562 ] ] } },
{ "type": "Feature", "properties": { "@osmId": "way/96933080", "@snapshotTimestamp": "2015-01-01T00:00:00Z" }, "geometry": { "type": "LineString", "coordinates": [ [ 39.2010384, -3.0700202 ], [ 39.2328947, -3.1004679 ], [ 39.711372, -3.180122 ] ] } },
{ "type": "Feature", "properties": { "@osmId": "way/96933278", "@snapshotTimestamp": "2015-01-01T00:00:00Z" }, "geometry": { "type": "LineString", "coordinates": [ [ 39.2010384, -3.0700202 ], [ 39.1440042, -3.0600616 ] ] } },
{ "type": "Feature", "properties": { "@osmId": "way/209598076", "@snapshotTimestamp": "2015-01-01T00:00:00Z" }, "geometry": { "type": "LineString", "coordinates": [ [ 39.6991529, -0.839265 ], [ 39.6083866, -0.6886388 ], [ 39.6047027, -0.6431719 ] ] } },
{ "type": "Feature", "properties": { "@osmId": "way/209598074", "@snapshotTimestamp": "2015-01-01T00:00:00Z" }, "geometry": { "type": "LineString", "coordinates": [ [ 39.6047027, -0.6431719 ], [ 39.6046107, -0.6427311 ] ] } },
{ "type": "Feature", "properties": { "@osmId": "way/26836281", "@snapshotTimestamp": "2015-01-01T00:00:00Z" }, "geometry": { "type": "LineString", "coordinates": [ [ 38.3294013, -0.7791022 ], [ 38.4183943, -0.768553 ], [ 38.5392165, -0.8042082 ], [ 38.9731229, -0.7359421 ], [ 39.1112019, -0.6720084 ], [ 39.2230688, -0.6643292 ], [ 39.4961279, -0.4999223 ], [ 39.6356331, -0.463902 ] ] } },
{ "type": "Feature", "properties": { "@osmId": "way/26834562", "@snapshotTimestamp": "2015-01-01T00:00:00Z" }, "geometry": { "type": "LineString", "coordinates": [ [ 37.5708601, -2.1436852 ], [ 37.7530313, -2.2284941 ], [ 37.8887665, -2.350463 ] ] } },
{ "type": "Feature", "properties": { "@osmId": "way/204095328", "@snapshotTimestamp": "2015-01-01T00:00:00Z" }, "geometry": { "type": "LineString", "coordinates": [ [ 38.0576092, -2.2017123 ], [ 38.0471713, -2.2275611 ] ] } },
{ "type": "Feature", "properties": { "@osmId": "way/204095330", "@snapshotTimestamp": "2015-01-01T00:00:00Z" }, "geometry": { "type": "LineString", "coordinates": [ [ 38.0585731, -2.2010977 ], [ 38.0576092, -2.2017123 ] ] } },
{ "type": "Feature", "properties": { "@osmId": "way/34358992", "@snapshotTimestamp": "2015-01-01T00:00:00Z" }, "geometry": { "type": "LineString", "coordinates": [ [ 38.0822929, -2.1913062 ], [ 38.0585731, -2.2010977 ] ] } },
{ "type": "Feature", "properties": { "@osmId": "way/34358865", "@snapshotTimestamp": "2015-01-01T00:00:00Z" }, "geometry": { "type": "LineString", "coordinates": [ [ 38.1644213, -2.0785363 ], [ 38.0822929, -2.1913062 ] ] } },
{ "type": "Feature", "properties": { "@osmId": "way/204095329", "@snapshotTimestamp": "2015-01-01T00:00:00Z" }, "geometry": { "type": "LineString", "coordinates": [ [ 38.1651671, -2.0781035 ], [ 38.1644213, -2.0785363 ] ] } },
{ "type": "Feature", "properties": { "@osmId": "way/34357599", "@snapshotTimestamp": "2015-01-01T00:00:00Z" }, "geometry": { "type": "LineString", "coordinates": [ [ 38.2083969, -1.8475378 ], [ 38.1722926, -1.9101204 ], [ 38.190297, -2.0074919 ], [ 38.1651671, -2.0781035 ] ] } },
{ "type": "Feature", "properties": { "@osmId": "way/202975315", "@snapshotTimestamp": "2015-01-01T00:00:00Z" }, "geometry": { "type": "LineString", "coordinates": [ [ 37.6444906, -1.7736262 ], [ 37.6150846, -1.813868 ] ] } },
{ "type": "Feature", "properties": { "@osmId": "way/34358456", "@snapshotTimestamp": "2015-01-01T00:00:00Z" }, "geometry": { "type": "LineString", "coordinates": [ [ 38.0417903, -1.4258482 ], [ 38.0230331, -1.5269868 ], [ 38.0652046, -1.7177186 ], [ 38.1752396, -1.7950451 ], [ 38.2083969, -1.8475378 ] ] } },
{ "type": "Feature", "properties": { "@osmId": "way/266433281", "@snapshotTimestamp": "2015-01-01T00:00:00Z" }, "geometry": { "type": "LineString", "coordinates": [ [ 38.3088792, -1.4515474 ], [ 38.2478581, -1.4505728 ] ] } },
{ "type": "Feature", "properties": { "@osmId": "way/38445156", "@snapshotTimestamp": "2015-01-01T00:00:00Z" }, "geometry": { "type": "LineString", "coordinates": [ [ 40.3267674, -2.3270843 ], [ 40.3114466, -2.2971452 ], [ 40.2114796, -2.2672569 ] ] } },
{ "type": "Feature", "properties": { "@osmId": "way/28129203", "@snapshotTimestamp": "2015-01-01T00:00:00Z" }, "geometry": { "type": "LineString", "coordinates": [ [ 40.7215284, -2.211664 ], [ 40.7023024, -2.2076758 ], [ 40.6904577, -2.2539464 ], [ 40.698028, -2.3069649 ], [ 40.5257401, -2.3865747 ], [ 40.4025816, -2.3838734 ], [ 40.3267674, -2.3270843 ] ] } },
{ "type": "Feature", "properties": { "@osmId": "way/28130194", "@snapshotTimestamp": "2015-01-01T00:00:00Z" }, "geometry": { "type": "LineString", "coordinates": [ [ 40.2114796, -2.2672569 ], [ 40.1462912, -2.2645039 ], [ 40.1115898, -2.3236711 ] ] } },
{ "type": "Feature", "properties": { "@osmId": "way/34359005", "@snapshotTimestamp": "2015-01-01T00:00:00Z" }, "geometry": { "type": "LineString", "coordinates": [ [ 40.066127, -2.1426757 ], [ 40.0704185, -2.2646367 ], [ 40.1115898, -2.3236711 ] ] } },
{ "type": "Feature", "properties": { "@osmId": "way/28129275", "@snapshotTimestamp": "2015-01-01T00:00:00Z" }, "geometry": { "type": "LineString", "coordinates": [ [ 40.854207233314597, -2.236719951198848 ], [ 40.8133223, -2.179063 ], [ 40.7215284, -2.211664 ] ] } },
{ "type": "Feature", "properties": { "@osmId": "way/34358161", "@snapshotTimestamp": "2015-01-01T00:00:00Z" }, "geometry": { "type": "LineString", "coordinates": [ [ 40.064888, -2.0460947 ], [ 40.066127, -2.1426757 ] ] } },
{ "type": "Feature", "properties": { "@osmId": "way/31098957", "@snapshotTimestamp": "2015-01-01T00:00:00Z" }, "geometry": { "type": "LineString", "coordinates": [ [ 40.064888, -2.0460947 ], [ 40.1011259, -1.9993124 ], [ 40.02508, -1.7537969 ] ] } },
{ "type": "Feature", "properties": { "@osmId": "way/31098988", "@snapshotTimestamp": "2015-01-01T00:00:00Z" }, "geometry": { "type": "LineString", "coordinates": [ [ 40.02508, -1.7537969 ], [ 39.9747832, -1.5794628 ], [ 40.0039656, -1.5097936 ], [ 39.978903, -1.4739285 ] ] } },
{ "type": "Feature", "properties": { "@osmId": "way/31099352", "@snapshotTimestamp": "2015-01-01T00:00:00Z" }, "geometry": { "type": "LineString", "coordinates": [ [ 39.978903, -1.4739285 ], [ 39.9685288, -1.4380943 ] ] } },
{ "type": "Feature", "properties": { "@osmId": "way/191303636", "@snapshotTimestamp": "2015-01-01T00:00:00Z" }, "geometry": { "type": "LineString", "coordinates": [ [ 39.9685288, -1.4380943 ], [ 39.9162236, -1.3569198 ], [ 39.8969834, -1.2707563 ], [ 39.8295456, -1.2224395 ], [ 39.7991133, -1.1434891 ] ] } },
{ "type": "Feature", "properties": { "@osmId": "way/259456643", "@snapshotTimestamp": "2015-01-01T00:00:00Z" }, "geometry": { "type": "LineString", "coordinates": [ [ 38.2478581, -1.4505728 ], [ 38.1028208, -1.3852419 ] ] } },
{ "type": "Feature", "properties": { "@osmId": "way/50535588", "@snapshotTimestamp": "2015-01-01T00:00:00Z" }, "geometry": { "type": "LineString", "coordinates": [ [ 37.6468678, -1.4141926 ], [ 37.646308, -1.414582 ] ] } },
{ "type": "Feature", "properties": { "@osmId": "way/34357844", "@snapshotTimestamp": "2015-01-01T00:00:00Z" }, "geometry": { "type": "LineString", "coordinates": [ [ 38.0128826, -1.3996356 ], [ 38.0417903, -1.4258482 ] ] } },
{ "type": "Feature", "properties": { "@osmId": "way/202779655", "@snapshotTimestamp": "2015-01-01T00:00:00Z" }, "geometry": { "type": "LineString", "coordinates": [ [ 38.1028208, -1.3852419 ], [ 38.0738137, -1.4420145 ], [ 38.0417903, -1.4258482 ] ] } },
{ "type": "Feature", "properties": { "@osmId": "way/50535591", "@snapshotTimestamp": "2015-01-01T00:00:00Z" }, "geometry": { "type": "LineString", "coordinates": [ [ 37.913302, -1.356658 ], [ 37.7247965, -1.4194556 ], [ 37.6468678, -1.4141926 ] ] } },
{ "type": "Feature", "properties": { "@osmId": "way/34357545", "@snapshotTimestamp": "2015-01-01T00:00:00Z" }, "geometry": { "type": "LineString", "coordinates": [ [ 38.0114613, -1.3639779 ], [ 38.0128826, -1.3996356 ] ] } },
{ "type": "Feature", "properties": { "@osmId": "way/34357606", "@snapshotTimestamp": "2015-01-01T00:00:00Z" }, "geometry": { "type": "LineString", "coordinates": [ [ 37.913302, -1.356658 ], [ 37.9499659, -1.3552994 ] ] } },
{ "type": "Feature", "properties": { "@osmId": "way/34359021", "@snapshotTimestamp": "2015-01-01T00:00:00Z" }, "geometry": { "type": "LineString", "coordinates": [ [ 37.9877461, -1.337065 ], [ 38.0114613, -1.3639779 ] ] } },
{ "type": "Feature", "properties": { "@osmId": "way/50535593", "@snapshotTimestamp": "2015-01-01T00:00:00Z" }, "geometry": { "type": "LineString", "coordinates": [ [ 37.9862321, -1.336014 ], [ 37.9499659, -1.3552994 ] ] } },
{ "type": "Feature", "properties": { "@osmId": "way/39724947", "@snapshotTimestamp": "2015-01-01T00:00:00Z" }, "geometry": { "type": "LineString", "coordinates": [ [ 37.9699546, -1.3157245 ], [ 37.9877461, -1.337065 ] ] } },
{ "type": "Feature", "properties": { "@osmId": "way/34357905", "@snapshotTimestamp": "2015-01-01T00:00:00Z" }, "geometry": { "type": "LineString", "coordinates": [ [ 37.9321229, -1.28472 ], [ 37.9699546, -1.3157245 ] ] } },
{ "type": "Feature", "properties": { "@osmId": "way/34358462", "@snapshotTimestamp": "2015-01-01T00:00:00Z" }, "geometry": { "type": "LineString", "coordinates": [ [ 37.8943558, -1.2116578 ], [ 37.9321229, -1.28472 ] ] } },
{ "type": "Feature", "properties": { "@osmId": "way/34358830", "@snapshotTimestamp": "2015-01-01T00:00:00Z" }, "geometry": { "type": "LineString", "coordinates": [ [ 37.8943558, -1.2116578 ], [ 37.9497337, -1.1966828 ] ] } },
{ "type": "Feature", "properties": { "@osmId": "way/39724948", "@snapshotTimestamp": "2015-01-01T00:00:00Z" }, "geometry": { "type": "LineString", "coordinates": [ [ 37.9497337, -1.1966828 ], [ 37.9902992, -1.1677309 ] ] } },
{ "type": "Feature", "properties": { "@osmId": "way/34358399", "@snapshotTimestamp": "2015-01-01T00:00:00Z" }, "geometry": { "type": "LineString", "coordinates": [ [ 37.7073178, -1.111688 ], [ 37.7560768, -1.15827 ], [ 37.8943558, -1.2116578 ] ] } },
{ "type": "Feature", "properties": { "@osmId": "way/34358494", "@snapshotTimestamp": "2015-01-01T00:00:00Z" }, "geometry": { "type": "LineString", "coordinates": [ [ 37.9911635, -0.9800955 ], [ 38.0330162, -1.0972439 ], [ 38.0116386, -1.1030844 ], [ 38.0156822, -1.1436877 ], [ 37.9902992, -1.1677309 ] ] } },
{ "type": "Feature", "properties": { "@osmId": "way/276327187", "@snapshotTimestamp": "2015-01-01T00:00:00Z" }, "geometry": { "type": "LineString", "coordinates": [ [ 37.8888142, -1.0298117 ], [ 37.8885679, -1.0298632 ] ] } },
{ "type": "Feature", "properties": { "@osmId": "way/33203449", "@snapshotTimestamp": "2015-01-01T00:00:00Z" }, "geometry": { "type": "LineString", "coordinates": [ [ 37.6691991, -1.0982315 ], [ 37.7018577, -1.0266269 ], [ 37.6758146, -0.9416825 ] ] } },
{ "type": "Feature", "properties": { "@osmId": "way/282359392", "@snapshotTimestamp": "2015-01-01T00:00:00Z" }, "geometry": { "type": "LineString", "coordinates": [ [ 37.9247712, -1.006864 ], [ 37.8888142, -1.0298117 ] ] } },
{ "type": "Feature", "properties": { "@osmId": "way/276327100", "@snapshotTimestamp": "2015-01-01T00:00:00Z" }, "geometry": { "type": "LineString", "coordinates": [ [ 37.9251313, -1.0066031 ], [ 37.9247712, -1.006864 ] ] } },
{ "type": "Feature", "properties": { "@osmId": "way/282359396", "@snapshotTimestamp": "2015-01-01T00:00:00Z" }, "geometry": { "type": "LineString", "coordinates": [ [ 38.043278, -0.9397594 ], [ 37.9251313, -1.0066031 ] ] } },
{ "type": "Feature", "properties": { "@osmId": "way/276327101", "@snapshotTimestamp": "2015-01-01T00:00:00Z" }, "geometry": { "type": "LineString", "coordinates": [ [ 38.0435814, -0.9389736 ], [ 38.043278, -0.9397594 ] ] } },
{ "type": "Feature", "properties": { "@osmId": "way/282359394", "@snapshotTimestamp": "2015-01-01T00:00:00Z" }, "geometry": { "type": "LineString", "coordinates": [ [ 38.0968531, -0.9274063 ], [ 38.0435814, -0.9389736 ] ] } },
{ "type": "Feature", "properties": { "@osmId": "way/276327102", "@snapshotTimestamp": "2015-01-01T00:00:00Z" }, "geometry": { "type": "LineString", "coordinates": [ [ 38.0972706, -0.9272981 ], [ 38.0968531, -0.9274063 ] ] } },
{ "type": "Feature", "properties": { "@osmId": "way/310245136", "@snapshotTimestamp": "2015-01-01T00:00:00Z" }, "geometry": { "type": "LineString", "coordinates": [ [ 38.1310021, -0.9111237 ], [ 38.0972706, -0.9272981 ] ] } },
{ "type": "Feature", "properties": { "@osmId": "way/310245137", "@snapshotTimestamp": "2015-01-01T00:00:00Z" }, "geometry": { "type": "LineString", "coordinates": [ [ 38.1313706, -0.9107763 ], [ 38.1310021, -0.9111237 ] ] } },
{ "type": "Feature", "properties": { "@osmId": "way/276327207", "@snapshotTimestamp": "2015-01-01T00:00:00Z" }, "geometry": { "type": "LineString", "coordinates": [ [ 38.2601325, -0.8282389 ], [ 38.1313706, -0.9107763 ] ] } },
{ "type": "Feature", "properties": { "@osmId": "way/312063717", "@snapshotTimestamp": "2015-01-01T00:00:00Z" }, "geometry": { "type": "LineString", "coordinates": [ [ 38.2593235, -0.8292011 ], [ 38.261273, -0.8268696 ] ] } },
{ "type": "Feature", "properties": { "@osmId": "way/276327186", "@snapshotTimestamp": "2015-01-01T00:00:00Z" }, "geometry": { "type": "LineString", "coordinates": [ [ 38.2605695, -0.827503 ], [ 38.2601325, -0.8282389 ] ] } },
{ "type": "Feature", "properties": { "@osmId": "way/312063718", "@snapshotTimestamp": "2015-01-01T00:00:00Z" }, "geometry": { "type": "LineString", "coordinates": [ [ 38.2608372, -0.8268627 ], [ 38.2521459, -0.8183339 ] ] } },
{ "type": "Feature", "properties": { "@osmId": "way/33401959", "@snapshotTimestamp": "2015-01-01T00:00:00Z" }, "geometry": { "type": "LineString", "coordinates": [ [ 38.0777069, -0.7050066 ], [ 38.0960736, -0.7575136 ], [ 38.0607899, -0.9345256 ] ] } },
{ "type": "Feature", "properties": { "@osmId": "way/312063720", "@snapshotTimestamp": "2015-01-01T00:00:00Z" }, "geometry": { "type": "LineString", "coordinates": [ [ 38.2731852, -0.8175401 ], [ 38.2671663, -0.806984 ] ] } },
{ "type": "Feature", "properties": { "@osmId": "way/50535809", "@snapshotTimestamp": "2015-01-01T00:00:00Z" }, "geometry": { "type": "LineString", "coordinates": [ [ 38.3294013, -0.7791022 ], [ 38.2605695, -0.827503 ] ] } },
{ "type": "Feature", "properties": { "@osmId": "way/312063713", "@snapshotTimestamp": "2015-01-01T00:00:00Z" }, "geometry": { "type": "LineString", "coordinates": [ [ 38.2403871, -0.7564934 ], [ 38.2471034, -0.7760181 ] ] } },
{ "type": "Feature", "properties": { "@osmId": "way/311791461", "@snapshotTimestamp": "2015-01-01T00:00:00Z" }, "geometry": { "type": "LineString", "coordinates": [ [ 38.3116731, -0.8039049 ], [ 38.2385052, -0.6662267 ], [ 38.2088658, -0.6866462 ] ] } },
{ "type": "Feature", "properties": { "@osmId": "way/311791464", "@snapshotTimestamp": "2015-01-01T00:00:00Z" }, "geometry": { "type": "LineString", "coordinates": [ [ 38.2320759, -0.6557521 ], [ 38.2288047, -0.6643947 ] ] } },
{ "type": "Feature", "properties": { "@osmId": "way/311952370", "@snapshotTimestamp": "2015-01-01T00:00:00Z" }, "geometry": { "type": "LineString", "coordinates": [ [ 38.2385052, -0.6662267 ], [ 38.275856, -0.6477445 ] ] } },
{ "type": "Feature", "properties": { "@osmId": "way/311908933", "@snapshotTimestamp": "2015-01-01T00:00:00Z" }, "geometry": { "type": "LineString", "coordinates": [ [ 38.2322516, -0.6549788 ], [ 38.1926408, -0.6075173 ] ] } },
{ "type": "Feature", "properties": { "@osmId": "way/33402449", "@snapshotTimestamp": "2015-01-01T00:00:00Z" }, "geometry": { "type": "LineString", "coordinates": [ [ 38.0850983, -0.5090505 ], [ 38.1213251, -0.59436 ], [ 38.0777069, -0.7050066 ] ] } },
{ "type": "Feature", "properties": { "@osmId": "way/100784225", "@snapshotTimestamp": "2015-01-01T00:00:00Z" }, "geometry": { "type": "LineString", "coordinates": [ [ 37.8064473, -0.4554995 ], [ 37.9229198, -0.5007255 ], [ 38.0114971, -0.3889859 ], [ 38.0434261, -0.4066666 ], [ 38.0456577, -0.4634849 ], [ 38.0850983, -0.5090505 ] ] } },
{ "type": "Feature", "properties": { "@osmId": "way/223378006", "@snapshotTimestamp": "2015-01-01T00:00:00Z" }, "geometry": { "type": "LineString", "coordinates": [ [ 41.1921826, -1.1533364 ], [ 41.209368013272943, -1.140409531287998 ] ] } },
{ "type": "Feature", "properties": { "@osmId": "way/209405045", "@snapshotTimestamp": "2015-01-01T00:00:00Z" }, "geometry": { "type": "LineString", "coordinates": [ [ 39.7991133, -1.1434891 ], [ 39.7990577, -1.1432628 ] ] } },
{ "type": "Feature", "properties": { "@osmId": "way/26836750", "@snapshotTimestamp": "2015-01-01T00:00:00Z" }, "geometry": { "type": "LineString", "coordinates": [ [ 39.7990577, -1.1432628 ], [ 39.7984618, -1.1357937 ] ] } },
{ "type": "Feature", "properties": { "@osmId": "way/209598071", "@snapshotTimestamp": "2015-01-01T00:00:00Z" }, "geometry": { "type": "LineString", "coordinates": [ [ 39.7984618, -1.1357937 ], [ 39.7986512, -1.1351462 ] ] } },
{ "type": "Feature", "properties": { "@osmId": "way/209598078", "@snapshotTimestamp": "2015-01-01T00:00:00Z" }, "geometry": { "type": "LineString", "coordinates": [ [ 39.7986512, -1.1351462 ], [ 39.7914162, -1.0154948 ], [ 39.6992331, -0.839393 ] ] } },
{ "type": "Feature", "properties": { "@osmId": "way/209598073", "@snapshotTimestamp": "2015-01-01T00:00:00Z" }, "geometry": { "type": "LineString", "coordinates": [ [ 39.6992331, -0.839393 ], [ 39.6991529, -0.839265 ] ] } },
{ "type": "Feature", "properties": { "@osmId": "way/33409319", "@snapshotTimestamp": "2015-01-01T00:00:00Z" }, "geometry": { "type": "LineString", "coordinates": [ [ 40.313691, 0.0366932 ], [ 40.3188771, 0.0151197 ], [ 40.26071, -0.0156055 ], [ 40.072852, -0.0198133 ], [ 40.0268684, -0.0405536 ], [ 39.6578278, -0.4400726 ] ] } },
{ "type": "Feature", "properties": { "@osmId": "way/33410565", "@snapshotTimestamp": "2015-01-01T00:00:00Z" }, "geometry": { "type": "LineString", "coordinates": [ [ 40.3394323, 0.0227284 ], [ 40.3679202, 0.0071836 ] ] } },
{ "type": "Feature", "properties": { "@osmId": "way/239550122", "@snapshotTimestamp": "2015-01-01T00:00:00Z" }, "geometry": { "type": "LineString", "coordinates": [ [ 40.313691, 0.0366932 ], [ 40.3394323, 0.0227284 ] ] } },
{ "type": "Feature", "properties": { "@osmId": "way/33401688", "@snapshotTimestamp": "2015-01-01T00:00:00Z" }, "geometry": { "type": "LineString", "coordinates": [ [ 40.3110685, 0.0619787 ], [ 40.313691, 0.0366932 ] ] } },
{ "type": "Feature", "properties": { "@osmId": "way/312571656", "@snapshotTimestamp": "2015-01-01T00:00:00Z" }, "geometry": { "type": "LineString", "coordinates": [ [ 36.883487, -1.3352716 ], [ 36.8833851, -1.3351536 ] ] } },
{ "type": "Feature", "properties": { "@osmId": "way/309003698", "@snapshotTimestamp": "2015-01-01T00:00:00Z" }, "geometry": { "type": "LineString", "coordinates": [ [ 36.8856731, -1.333568 ], [ 36.885718, -1.332157 ] ] } },
{ "type": "Feature", "properties": { "@osmId": "way/278017675", "@snapshotTimestamp": "2015-01-01T00:00:00Z" }, "geometry": { "type": "LineString", "coordinates": [ [ 36.8910055, -1.329725 ], [ 36.883487, -1.3352716 ] ] } },
{ "type": "Feature", "properties": { "@osmId": "way/291880304", "@snapshotTimestamp": "2015-01-01T00:00:00Z" }, "geometry": { "type": "LineString", "coordinates": [ [ 36.8833851, -1.3351536 ], [ 36.890765, -1.3297306 ] ] } },
{ "type": "Feature", "properties": { "@osmId": "way/39885613", "@snapshotTimestamp": "2015-01-01T00:00:00Z" }, "geometry": { "type": "LineString", "coordinates": [ [ 36.9110219, -1.3391154 ], [ 36.9004227, -1.3243919 ] ] } },
{ "type": "Feature", "properties": { "@osmId": "way/27908587", "@snapshotTimestamp": "2015-01-01T00:00:00Z" }, "geometry": { "type": "LineString", "coordinates": [ [ 36.8704147, -1.3298838 ], [ 36.8702659, -1.3301985 ] ] } },
{ "type": "Feature", "properties": { "@osmId": "way/231510995", "@snapshotTimestamp": "2015-01-01T00:00:00Z" }, "geometry": { "type": "LineString", "coordinates": [ [ 36.8703962, -1.3296065 ], [ 36.8704147, -1.3298838 ] ] } },
{ "type": "Feature", "properties": { "@osmId": "way/25739334", "@snapshotTimestamp": "2015-01-01T00:00:00Z" }, "geometry": { "type": "LineString", "coordinates": [ [ 36.8704089, -1.3295312 ], [ 36.8709639, -1.329803 ] ] } },
{ "type": "Feature", "properties": { "@osmId": "way/293560855", "@snapshotTimestamp": "2015-01-01T00:00:00Z" }, "geometry": { "type": "LineString", "coordinates": [ [ 36.8753479, -1.3295288 ], [ 36.8749679, -1.3295789 ] ] } },
{ "type": "Feature", "properties": { "@osmId": "way/40350413", "@snapshotTimestamp": "2015-01-01T00:00:00Z" }, "geometry": { "type": "LineString", "coordinates": [ [ 36.876126, -1.3294263 ], [ 36.8753479, -1.3295288 ] ] } },
{ "type": "Feature", "properties": { "@osmId": "way/40350410", "@snapshotTimestamp": "2015-01-01T00:00:00Z" }, "geometry": { "type": "LineString", "coordinates": [ [ 36.874705, -1.3292633 ], [ 36.8750827, -1.3292148 ] ] } },
{ "type": "Feature", "properties": { "@osmId": "way/293560856", "@snapshotTimestamp": "2015-01-01T00:00:00Z" }, "geometry": { "type": "LineString", "coordinates": [ [ 36.8750827, -1.3292148 ], [ 36.8786671, -1.3287206 ] ] } },
{ "type": "Feature", "properties": { "@osmId": "way/162025577", "@snapshotTimestamp": "2015-01-01T00:00:00Z" }, "geometry": { "type": "LineString", "coordinates": [ [ 36.8993331, -1.3243351 ], [ 36.8910055, -1.329725 ] ] } },
{ "type": "Feature", "properties": { "@osmId": "way/271399316", "@snapshotTimestamp": "2015-01-01T00:00:00Z" }, "geometry": { "type": "LineString", "coordinates": [ [ 36.890765, -1.3297306 ], [ 36.8992879, -1.324264 ] ] } },
{ "type": "Feature", "properties": { "@osmId": "way/40187816", "@snapshotTimestamp": "2015-01-01T00:00:00Z" }, "geometry": { "type": "LineString", "coordinates": [ [ 36.9004227, -1.3243919 ], [ 36.9000324, -1.3241329 ] ] } },
{ "type": "Feature", "properties": { "@osmId": "way/24717189", "@snapshotTimestamp": "2015-01-01T00:00:00Z" }, "geometry": { "type": "LineString", "coordinates": [ [ 36.9004142, -1.3238427 ], [ 36.9004227, -1.3243919 ] ] } },
{ "type": "Feature", "properties": { "@osmId": "way/162025587", "@snapshotTimestamp": "2015-01-01T00:00:00Z" }, "geometry": { "type": "LineString", "coordinates": [ [ 36.9009283, -1.3233203 ], [ 36.8993331, -1.3243351 ] ] } },
{ "type": "Feature", "properties": { "@osmId": "way/162025586", "@snapshotTimestamp": "2015-01-01T00:00:00Z" }, "geometry": { "type": "LineString", "coordinates": [ [ 36.8992879, -1.324264 ], [ 36.9008753, -1.3232534 ] ] } },
{ "type": "Feature", "properties": { "@osmId": "way/24717010", "@snapshotTimestamp": "2015-01-01T00:00:00Z" }, "geometry": { "type": "LineString", "coordinates": [ [ 36.8998113, -1.3233934 ], [ 36.9003763, -1.3235309 ], [ 36.9002043, -1.3240923 ], [ 36.8996938, -1.3239538 ], [ 36.8998113, -1.3233934 ] ] } },
{ "type": "Feature", "properties": { "@osmId": "way/24717110", "@snapshotTimestamp": "2015-01-01T00:00:00Z" }, "geometry": { "type": "LineString", "coordinates": [ [ 36.8996267, -1.3237226 ], [ 36.89953, -1.3231219 ] ] } },
{ "type": "Feature", "properties": { "@osmId": "way/24717052", "@snapshotTimestamp": "2015-01-01T00:00:00Z" }, "geometry": { "type": "LineString", "coordinates": [ [ 36.89953, -1.3231219 ], [ 36.8999524, -1.323337 ] ] } },
{ "type": "Feature", "properties": { "@osmId": "way/101074610", "@snapshotTimestamp": "2015-01-01T00:00:00Z" }, "geometry": { "type": "LineString", "coordinates": [ [ 36.861859, -1.3161543 ], [ 36.8700629, -1.3299338 ] ] } },
{ "type": "Feature", "properties": { "@osmId": "way/293560854", "@snapshotTimestamp": "2015-01-01T00:00:00Z" }, "geometry": { "type": "LineString", "coordinates": [ [ 36.8749679, -1.3295789 ], [ 36.8264595, -1.3052154 ] ] } },
{ "type": "Feature", "properties": { "@osmId": "way/4723986", "@snapshotTimestamp": "2015-01-01T00:00:00Z" }, "geometry": { "type": "LineString", "coordinates": [ [ 36.8268057, -1.3050024 ], [ 36.874705, -1.3292633 ] ] } },
{ "type": "Feature", "properties": { "@osmId": "way/101074473", "@snapshotTimestamp": "2015-01-01T00:00:00Z" }, "geometry": { "type": "LineString", "coordinates": [ [ 36.8614917, -1.3159013 ], [ 36.861859, -1.3161543 ] ] } },
{ "type": "Feature", "properties": { "@osmId": "way/231510993", "@snapshotTimestamp": "2015-01-01T00:00:00Z" }, "geometry": { "type": "LineString", "coordinates": [ [ 36.8563847, -1.3138334 ], [ 36.8614917, -1.3159013 ] ] } },
{ "type": "Feature", "properties": { "@osmId": "way/261477589", "@snapshotTimestamp": "2015-01-01T00:00:00Z" }, "geometry": { "type": "LineString", "coordinates": [ [ 36.8568362, -1.3139519 ], [ 36.8549088, -1.3144339 ] ] } },
{ "type": "Feature", "properties": { "@osmId": "way/231510996", "@snapshotTimestamp": "2015-01-01T00:00:00Z" }, "geometry": { "type": "LineString", "coordinates": [ [ 36.8563847, -1.3138334 ], [ 36.8553784, -1.3139714 ] ] } },
{ "type": "Feature", "properties": { "@osmId": "way/231510991", "@snapshotTimestamp": "2015-01-01T00:00:00Z" }, "geometry": { "type": "LineString", "coordinates": [ [ 36.8554214, -1.3134244 ], [ 36.8563847, -1.3138334 ] ] } },
{ "type": "Feature", "properties": { "@osmId": "way/231510994", "@snapshotTimestamp": "2015-01-01T00:00:00Z" }, "geometry": { "type": "LineString", "coordinates": [ [ 36.8550834, -1.3131991 ], [ 36.8554643, -1.3135424 ], [ 36.8552229, -1.3140465 ], [ 36.8549166, -1.3138055 ], [ 36.8550834, -1.3131991 ] ] } },
{ "type": "Feature", "properties": { "@osmId": "way/260916930", "@snapshotTimestamp": "2015-01-01T00:00:00Z" }, "geometry": { "type": "LineString", "coordinates": [ [ 36.8552229, -1.3140465 ], [ 36.8495508, -1.3113577 ] ] } },
{ "type": "Feature", "properties": { "@osmId": "way/231510998", "@snapshotTimestamp": "2015-01-01T00:00:00Z" }, "geometry": { "type": "LineString", "coordinates": [ [ 36.8553125, -1.3126627 ], [ 36.8553355, -1.3132903 ] ] } },
{ "type": "Feature", "properties": { "@osmId": "way/231510997", "@snapshotTimestamp": "2015-01-01T00:00:00Z" }, "geometry": { "type": "LineString", "coordinates": [ [ 36.8550078, -1.3132317 ], [ 36.8553125, -1.3126627 ] ] } },
{ "type": "Feature", "properties": { "@osmId": "way/239805680", "@snapshotTimestamp": "2015-01-01T00:00:00Z" }, "geometry": { "type": "LineString", "coordinates": [ [ 36.8494307, -1.3112719 ], [ 36.8550078, -1.3132317 ] ] } },
{ "type": "Feature", "properties": { "@osmId": "way/39519111", "@snapshotTimestamp": "2015-01-01T00:00:00Z" }, "geometry": { "type": "LineString", "coordinates": [ [ 36.89953, -1.3231219 ], [ 36.8872648, -1.2996534 ] ] } },
{ "type": "Feature", "properties": { "@osmId": "way/39519112", "@snapshotTimestamp": "2015-01-01T00:00:00Z" }, "geometry": { "type": "LineString", "coordinates": [ [ 36.8438593, -1.3079706 ], [ 36.8495508, -1.3113577 ] ] } },
{ "type": "Feature", "properties": { "@osmId": "way/25747653", "@snapshotTimestamp": "2015-01-01T00:00:00Z" }, "geometry": { "type": "LineString", "coordinates": [ [ 36.8438593, -1.3079706 ], [ 36.8430002, -1.3075342 ] ] } },
{ "type": "Feature", "properties": { "@osmId": "way/24717454", "@snapshotTimestamp": "2015-01-01T00:00:00Z" }, "geometry": { "type": "LineString", "coordinates": [ [ 36.8430947, -1.3074055 ], [ 36.8438593, -1.3079706 ] ] } },
{ "type": "Feature", "properties": { "@osmId": "way/25747641", "@snapshotTimestamp": "2015-01-01T00:00:00Z" }, "geometry": { "type": "LineString", "coordinates": [ [ 36.8429058, -1.3074998 ], [ 36.8428286, -1.3073625 ], [ 36.842923, -1.307251 ], [ 36.8430947, -1.3074655 ], [ 36.8429058, -1.3074998 ] ] } },
{ "type": "Feature", "properties": { "@osmId": "way/153995746", "@snapshotTimestamp": "2015-01-01T00:00:00Z" }, "geometry": { "type": "LineString", "coordinates": [ [ 36.8604141, -1.3091748 ], [ 36.8562955, -1.306002 ] ] } },
{ "type": "Feature", "properties": { "@osmId": "way/25605766", "@snapshotTimestamp": "2015-01-01T00:00:00Z" }, "geometry": { "type": "LineString", "coordinates": [ [ 36.8428457, -1.3074569 ], [ 36.8391163, -1.3043738 ] ] } },
{ "type": "Feature", "properties": { "@osmId": "way/24717366", "@snapshotTimestamp": "2015-01-01T00:00:00Z" }, "geometry": { "type": "LineString", "coordinates": [ [ 36.8392622, -1.3042623 ], [ 36.842923, -1.307251 ] ] } },
{ "type": "Feature", "properties": { "@osmId": "way/39519106", "@snapshotTimestamp": "2015-01-01T00:00:00Z" }, "geometry": { "type": "LineString", "coordinates": [ [ 36.8864065, -1.2987782 ], [ 36.8567778, -1.3096587 ] ] } },
{ "type": "Feature", "properties": { "@osmId": "way/231510999", "@snapshotTimestamp": "2015-01-01T00:00:00Z" }, "geometry": { "type": "LineString", "coordinates": [ [ 36.8553125, -1.3126627 ], [ 36.8555406, -1.295591 ] ] } },
{ "type": "Feature", "properties": { "@osmId": "way/39519105", "@snapshotTimestamp": "2015-01-01T00:00:00Z" }, "geometry": { "type": "LineString", "coordinates": [ [ 36.8871275, -1.2986409 ], [ 36.8872648, -1.2996534 ] ] } },
{ "type": "Feature", "properties": { "@osmId": "way/24716929", "@snapshotTimestamp": "2015-01-01T00:00:00Z" }, "geometry": { "type": "LineString", "coordinates": [ [ 36.8871434, -1.2987859 ], [ 36.8865181, -1.2986323 ] ] } },
{ "type": "Feature", "properties": { "@osmId": "way/50428427", "@snapshotTimestamp": "2015-01-01T00:00:00Z" }, "geometry": { "type": "LineString", "coordinates": [ [ 36.8867685, -1.2980974 ], [ 36.8864065, -1.2987782 ] ] } },
{ "type": "Feature", "properties": { "@osmId": "way/16214934", "@snapshotTimestamp": "2015-01-01T00:00:00Z" }, "geometry": { "type": "LineString", "coordinates": [ [ 36.8864065, -1.2987782 ], [ 36.8864152, -1.2979698 ] ] } },
{ "type": "Feature", "properties": { "@osmId": "way/50428425", "@snapshotTimestamp": "2015-01-01T00:00:00Z" }, "geometry": { "type": "LineString", "coordinates": [ [ 36.8871275, -1.2986409 ], [ 36.8867685, -1.2980974 ] ] } },
{ "type": "Feature", "properties": { "@osmId": "way/24716922", "@snapshotTimestamp": "2015-01-01T00:00:00Z" }, "geometry": { "type": "LineString", "coordinates": [ [ 36.8869726, -1.2977228 ], [ 36.8871275, -1.2986409 ] ] } },
{ "type": "Feature", "properties": { "@osmId": "way/39519099", "@snapshotTimestamp": "2015-01-01T00:00:00Z" }, "geometry": { "type": "LineString", "coordinates": [ [ 36.8869047, -1.2979966 ], [ 36.8864783, -1.2980369 ], [ 36.8864331, -1.2975932 ], [ 36.8868518, -1.2975415 ], [ 36.8869047, -1.2979966 ] ] } },
{ "type": "Feature", "properties": { "@osmId": "way/39519102", "@snapshotTimestamp": "2015-01-01T00:00:00Z" }, "geometry": { "type": "LineString", "coordinates": [ [ 36.886797, -1.2969766 ], [ 36.8868518, -1.2975415 ] ] } },
{ "type": "Feature", "properties": { "@osmId": "way/41454971", "@snapshotTimestamp": "2015-01-01T00:00:00Z" }, "geometry": { "type": "LineString", "coordinates": [ [ 36.8865657, -1.2975012 ], [ 36.886797, -1.2969766 ] ] } },
{ "type": "Feature", "properties": { "@osmId": "way/25745721", "@snapshotTimestamp": "2015-01-01T00:00:00Z" }, "geometry": { "type": "LineString", "coordinates": [ [ 36.8864152, -1.2979698 ], [ 36.8559009, -1.2953136 ] ] } },
{ "type": "Feature", "properties": { "@osmId": "way/26702165", "@snapshotTimestamp": "2015-01-01T00:00:00Z" }, "geometry": { "type": "LineString", "coordinates": [ [ 36.8559953, -1.2951163 ], [ 36.8865098, -1.2975277 ] ] } },
{ "type": "Feature", "properties": { "@osmId": "way/39885385", "@snapshotTimestamp": "2015-01-01T00:00:00Z" }, "geometry": { "type": "LineString", "coordinates": [ [ 36.8557721, -1.2953308 ], [ 36.8555406, -1.295591 ] ] } },
{ "type": "Feature", "properties": { "@osmId": "way/26702161", "@snapshotTimestamp": "2015-01-01T00:00:00Z" }, "geometry": { "type": "LineString", "coordinates": [ [ 36.8555406, -1.295591 ], [ 36.8553601, -1.295245 ] ] } },
{ "type": "Feature", "properties": { "@osmId": "way/26702239", "@snapshotTimestamp": "2015-01-01T00:00:00Z" }, "geometry": { "type": "LineString", "coordinates": [ [ 36.8556348, -1.2953222 ], [ 36.8553258, -1.2952278 ], [ 36.8552043, -1.2949806 ], [ 36.8559953, -1.2951163 ], [ 36.8556348, -1.2953222 ] ] } },
{ "type": "Feature", "properties": { "@osmId": "way/239805676", "@snapshotTimestamp": "2015-01-01T00:00:00Z" }, "geometry": { "type": "LineString", "coordinates": [ [ 36.8405203, -1.2949903 ], [ 36.8403915, -1.2952049 ] ] } },
{ "type": "Feature", "properties": { "@osmId": "way/239805675", "@snapshotTimestamp": "2015-01-01T00:00:00Z" }, "geometry": { "type": "LineString", "coordinates": [ [ 36.8403143, -1.2950762 ], [ 36.8404344, -1.2948359 ] ] } },
{ "type": "Feature", "properties": { "@osmId": "way/24717220", "@snapshotTimestamp": "2015-01-01T00:00:00Z" }, "geometry": { "type": "LineString", "coordinates": [ [ 36.9008753, -1.3232534 ], [ 36.917308, -1.3182511 ] ] } },
{ "type": "Feature", "properties": { "@osmId": "way/162033249", "@snapshotTimestamp": "2015-01-01T00:00:00Z" }, "geometry": { "type": "LineString", "coordinates": [ [ 36.9230425, -1.3133627 ], [ 36.9009283, -1.3233203 ] ] } },
{ "type": "Feature", "properties": { "@osmId": "way/231508270", "@snapshotTimestamp": "2015-01-01T00:00:00Z" }, "geometry": { "type": "LineString", "coordinates": [ [ 36.917308, -1.3182511 ], [ 36.923069, -1.3129619 ] ] } },
{ "type": "Feature", "properties": { "@osmId": "way/231508276", "@snapshotTimestamp": "2015-01-01T00:00:00Z" }, "geometry": { "type": "LineString", "coordinates": [ [ 36.9232897, -1.3131777 ], [ 36.9230425, -1.3133627 ] ] } },
{ "type": "Feature", "properties": { "@osmId": "way/231508261", "@snapshotTimestamp": "2015-01-01T00:00:00Z" }, "geometry": { "type": "LineString", "coordinates": [ [ 36.9231082, -1.3130537 ], [ 36.9231762, -1.3126668 ], [ 36.923585, -1.3127329 ], [ 36.9234848, -1.3131496 ], [ 36.9231082, -1.3130537 ] ] } },
{ "type": "Feature", "properties": { "@osmId": "way/231508266", "@snapshotTimestamp": "2015-01-01T00:00:00Z" }, "geometry": { "type": "LineString", "coordinates": [ [ 36.9234274, -1.3126202 ], [ 36.9236316, -1.3128457 ] ] } },
{ "type": "Feature", "properties": { "@osmId": "way/115591631", "@snapshotTimestamp": "2015-01-01T00:00:00Z" }, "geometry": { "type": "LineString", "coordinates": [ [ 36.9255609, -1.3116015 ], [ 36.9237409, -1.3124874 ] ] } },
{ "type": "Feature", "properties": { "@osmId": "way/26472139", "@snapshotTimestamp": "2015-01-01T00:00:00Z" }, "geometry": { "type": "LineString", "coordinates": [ [ 36.9560586, -1.2958549 ], [ 36.9271484, -1.311257 ] ] } },
{ "type": "Feature", "properties": { "@osmId": "way/161486815", "@snapshotTimestamp": "2015-01-01T00:00:00Z" }, "geometry": { "type": "LineString", "coordinates": [ [ 36.9824368, -1.2646597 ], [ 36.9255609, -1.3116015 ] ] } },
{ "type": "Feature", "properties": { "@osmId": "way/161486816", "@snapshotTimestamp": "2015-01-01T00:00:00Z" }, "geometry": { "type": "LineString", "coordinates": [ [ 36.983067, -1.2636974 ], [ 36.9824368, -1.2646597 ] ] } },
{ "type": "Feature", "properties": { "@osmId": "way/39885369", "@snapshotTimestamp": "2015-01-01T00:00:00Z" }, "geometry": { "type": "LineString", "coordinates": [ [ 36.8553258, -1.2952278 ], [ 36.8522705, -1.2944583 ] ] } },
{ "type": "Feature", "properties": { "@osmId": "way/39885391", "@snapshotTimestamp": "2015-01-01T00:00:00Z" }, "geometry": { "type": "LineString", "coordinates": [ [ 36.8524336, -1.2942352 ], [ 36.8553611, -1.2949243 ] ] } },
{ "type": "Feature", "properties": { "@osmId": "way/16217895", "@snapshotTimestamp": "2015-01-01T00:00:00Z" }, "geometry": { "type": "LineString", "coordinates": [ [ 36.8516954, -1.2942867 ], [ 36.8519958, -1.2940808 ], [ 36.8524593, -1.2943382 ], [ 36.8522705, -1.2944583 ], [ 36.8516954, -1.2942867 ] ] } },
{ "type": "Feature", "properties": { "@osmId": "way/39885368", "@snapshotTimestamp": "2015-01-01T00:00:00Z" }, "geometry": { "type": "LineString", "coordinates": [ [ 36.841178, -1.2922571 ], [ 36.8405203, -1.2949903 ] ] } },
{ "type": "Feature", "properties": { "@osmId": "way/239805673", "@snapshotTimestamp": "2015-01-01T00:00:00Z" }, "geometry": { "type": "LineString", "coordinates": [ [ 36.8404344, -1.2948359 ], [ 36.8408433, -1.2922228 ] ] } },
{ "type": "Feature", "properties": { "@osmId": "way/39885370", "@snapshotTimestamp": "2015-01-01T00:00:00Z" }, "geometry": { "type": "LineString", "coordinates": [ [ 36.8517727, -1.2943554 ], [ 36.8412896, -1.292137 ] ] } },
{ "type": "Feature", "properties": { "@osmId": "way/39885383", "@snapshotTimestamp": "2015-01-01T00:00:00Z" }, "geometry": { "type": "LineString", "coordinates": [ [ 36.8413185, -1.2916953 ], [ 36.8518413, -1.2940894 ] ] } },
{ "type": "Feature", "properties": { "@osmId": "way/16210672", "@snapshotTimestamp": "2015-01-01T00:00:00Z" }, "geometry": { "type": "LineString", "coordinates": [ [ 36.8410438, -1.2914979 ], [ 36.8413582, -1.2918881 ], [ 36.8410149, -1.2923086 ], [ 36.8407189, -1.2918791 ], [ 36.8410438, -1.2914979 ] ] } },
{ "type": "Feature", "properties": { "@osmId": "way/312485791", "@snapshotTimestamp": "2015-01-01T00:00:00Z" }, "geometry": { "type": "LineString", "coordinates": [ [ 36.8820566, -1.2746818 ], [ 36.886797, -1.2969766 ] ] } },
{ "type": "Feature", "properties": { "@osmId": "way/312485790", "@snapshotTimestamp": "2015-01-01T00:00:00Z" }, "geometry": { "type": "LineString", "coordinates": [ [ 36.8818544, -1.2738709 ], [ 36.8820566, -1.2746818 ] ] } },
{ "type": "Feature", "properties": { "@osmId": "way/112470684", "@snapshotTimestamp": "2015-01-01T00:00:00Z" }, "geometry": { "type": "LineString", "coordinates": [ [ 36.879557, -1.264529 ], [ 36.8818544, -1.2738709 ] ] } },
{ "type": "Feature", "properties": { "@osmId": "way/42399907", "@snapshotTimestamp": "2015-01-01T00:00:00Z" }, "geometry": { "type": "LineString", "coordinates": [ [ 36.882729, -1.278532 ], [ 36.9124131, -1.2595842 ] ] } },
{ "type": "Feature", "properties": { "@osmId": "way/24829126", "@snapshotTimestamp": "2015-01-01T00:00:00Z" }, "geometry": { "type": "LineString", "coordinates": [ [ 36.8367927, -1.2702166 ], [ 36.8587517, -1.2658095 ] ] } },
{ "type": "Feature", "properties": { "@osmId": "way/25036516", "@snapshotTimestamp": "2015-01-01T00:00:00Z" }, "geometry": { "type": "LineString", "coordinates": [ [ 36.8593697, -1.265166 ], [ 36.8587517, -1.2658095 ] ] } },
{ "type": "Feature", "properties": { "@osmId": "way/25036530", "@snapshotTimestamp": "2015-01-01T00:00:00Z" }, "geometry": { "type": "LineString", "coordinates": [ [ 36.8587517, -1.2658095 ], [ 36.8593697, -1.265166 ] ] } },
{ "type": "Feature", "properties": { "@osmId": "way/112470619", "@snapshotTimestamp": "2015-01-01T00:00:00Z" }, "geometry": { "type": "LineString", "coordinates": [ [ 36.8794434, -1.264069 ], [ 36.879557, -1.264529 ] ] } },
{ "type": "Feature", "properties": { "@osmId": "way/39885487", "@snapshotTimestamp": "2015-01-01T00:00:00Z" }, "geometry": { "type": "LineString", "coordinates": [ [ 36.8790596, -1.2625548 ], [ 36.8794434, -1.264069 ] ] } },
{ "type": "Feature", "properties": { "@osmId": "way/25036471", "@snapshotTimestamp": "2015-01-01T00:00:00Z" }, "geometry": { "type": "LineString", "coordinates": [ [ 36.8593697, -1.265166 ], [ 36.8789459, -1.2624681 ] ] } },
{ "type": "Feature", "properties": { "@osmId": "way/231510710", "@snapshotTimestamp": "2015-01-01T00:00:00Z" }, "geometry": { "type": "LineString", "coordinates": [ [ 36.840504, -1.262528 ], [ 36.8406638, -1.262637 ], [ 36.8405504, -1.2627738 ], [ 36.840416, -1.262676 ], [ 36.840504, -1.262528 ] ] } },
{ "type": "Feature", "properties": { "@osmId": "way/39885603", "@snapshotTimestamp": "2015-01-01T00:00:00Z" }, "geometry": { "type": "LineString", "coordinates": [ [ 36.8790596, -1.2625548 ], [ 36.8789405, -1.2624304 ], [ 36.8790756, -1.2623094 ], [ 36.879184, -1.2624573 ], [ 36.8790596, -1.2625548 ] ] } },
{ "type": "Feature", "properties": { "@osmId": "way/231510708", "@snapshotTimestamp": "2015-01-01T00:00:00Z" }, "geometry": { "type": "LineString", "coordinates": [ [ 36.8404378, -1.2625739 ], [ 36.840158, -1.2621458 ] ] } },
{ "type": "Feature", "properties": { "@osmId": "way/231510707", "@snapshotTimestamp": "2015-01-01T00:00:00Z" }, "geometry": { "type": "LineString", "coordinates": [ [ 36.8402149, -1.2621031 ], [ 36.840504, -1.262528 ] ] } },
{ "type": "Feature", "properties": { "@osmId": "way/112470688", "@snapshotTimestamp": "2015-01-01T00:00:00Z" }, "geometry": { "type": "LineString", "coordinates": [ [ 36.8823083, -1.2620608 ], [ 36.879184, -1.2624573 ] ] } },
{ "type": "Feature", "properties": { "@osmId": "way/112470639", "@snapshotTimestamp": "2015-01-01T00:00:00Z" }, "geometry": { "type": "LineString", "coordinates": [ [ 36.8828379, -1.2619983 ], [ 36.8823083, -1.2620608 ] ] } },
{ "type": "Feature", "properties": { "@osmId": "way/24026994", "@snapshotTimestamp": "2015-01-01T00:00:00Z" }, "geometry": { "type": "LineString", "coordinates": [ [ 36.8430229, -1.2573461 ], [ 36.8425353, -1.2591814 ] ] } },
{ "type": "Feature", "properties": { "@osmId": "way/239559099", "@snapshotTimestamp": "2015-01-01T00:00:00Z" }, "geometry": { "type": "LineString", "coordinates": [ [ 36.842459, -1.2591644 ], [ 36.8430229, -1.2573461 ] ] } },
{ "type": "Feature", "properties": { "@osmId": "way/25036571", "@snapshotTimestamp": "2015-01-01T00:00:00Z" }, "geometry": { "type": "LineString", "coordinates": [ [ 36.9124131, -1.2595842 ], [ 36.8828379, -1.2619983 ] ] } },
{ "type": "Feature", "properties": { "@osmId": "way/231502883", "@snapshotTimestamp": "2015-01-01T00:00:00Z" }, "geometry": { "type": "LineString", "coordinates": [ [ 36.857506, -1.2546666 ], [ 36.8417228, -1.2612487 ] ] } },
{ "type": "Feature", "properties": { "@osmId": "way/231502886", "@snapshotTimestamp": "2015-01-01T00:00:00Z" }, "geometry": { "type": "LineString", "coordinates": [ [ 36.8416929, -1.2610712 ], [ 36.8574341, -1.2545593 ] ] } },
{ "type": "Feature", "properties": { "@osmId": "way/95936123", "@snapshotTimestamp": "2015-01-01T00:00:00Z" }, "geometry": { "type": "LineString", "coordinates": [ [ 36.8726578, -1.2538499 ], [ 36.8726968, -1.2539253 ] ] } },
{ "type": "Feature", "properties": { "@osmId": "way/39573548", "@snapshotTimestamp": "2015-01-01T00:00:00Z" }, "geometry": { "type": "LineString", "coordinates": [ [ 36.8034928, -1.2978352 ], [ 36.8096259, -1.2954687 ] ] } },
{ "type": "Feature", "properties": { "@osmId": "way/105272826", "@snapshotTimestamp": "2015-01-01T00:00:00Z" }, "geometry": { "type": "LineString", "coordinates": [ [ 36.8025633, -1.2953735 ], [ 36.8029882, -1.2976054 ] ] } },
{ "type": "Feature", "properties": { "@osmId": "way/39573547", "@snapshotTimestamp": "2015-01-01T00:00:00Z" }, "geometry": { "type": "LineString", "coordinates": [ [ 36.8027125, -1.2973316 ], [ 36.8023365, -1.2953895 ] ] } },
{ "type": "Feature", "properties": { "@osmId": "way/4726913", "@snapshotTimestamp": "2015-01-01T00:00:00Z" }, "geometry": { "type": "LineString", "coordinates": [ [ 36.8128943, -1.2951909 ], [ 36.8096259, -1.2954687 ] ] } },
{ "type": "Feature", "properties": { "@osmId": "way/4734789", "@snapshotTimestamp": "2015-01-01T00:00:00Z" }, "geometry": { "type": "LineString", "coordinates": [ [ 36.8100908, -1.2954236 ], [ 36.8100556, -1.295176 ] ] } },
{ "type": "Feature", "properties": { "@osmId": "way/4716873", "@snapshotTimestamp": "2015-01-01T00:00:00Z" }, "geometry": { "type": "LineString", "coordinates": [ [ 36.8026073, -1.2953044 ], [ 36.8023988, -1.2954183 ], [ 36.8022679, -1.2952088 ], [ 36.8024787, -1.2950745 ], [ 36.8026073, -1.2953044 ] ] } },
{ "type": "Feature", "properties": { "@osmId": "way/239185908", "@snapshotTimestamp": "2015-01-01T00:00:00Z" }, "geometry": { "type": "LineString", "coordinates": [ [ 36.7602564, -1.2985436 ], [ 36.7475735, -1.2915781 ] ] } },
{ "type": "Feature", "properties": { "@osmId": "way/4734780", "@snapshotTimestamp": "2015-01-01T00:00:00Z" }, "geometry": { "type": "LineString", "coordinates": [ [ 36.8122295, -1.2947388 ], [ 36.8121436, -1.2953489 ] ] } },
{ "type": "Feature", "properties": { "@osmId": "way/4734781", "@snapshotTimestamp": "2015-01-01T00:00:00Z" }, "geometry": { "type": "LineString", "coordinates": [ [ 36.8122295, -1.2947388 ], [ 36.8128943, -1.2951909 ] ] } },
{ "type": "Feature", "properties": { "@osmId": "way/4716863", "@snapshotTimestamp": "2015-01-01T00:00:00Z" }, "geometry": { "type": "LineString", "coordinates": [ [ 36.8023433, -1.2950993 ], [ 36.8024581, -1.2948509 ] ] } },
{ "type": "Feature", "properties": { "@osmId": "way/180151254", "@snapshotTimestamp": "2015-01-01T00:00:00Z" }, "geometry": { "type": "LineString", "coordinates": [ [ 36.8096259, -1.2954687 ], [ 36.8117366, -1.2939325 ] ] } },
{ "type": "Feature", "properties": { "@osmId": "way/239183919", "@snapshotTimestamp": "2015-01-01T00:00:00Z" }, "geometry": { "type": "LineString", "coordinates": [ [ 36.8120835, -1.2940002 ], [ 36.8122295, -1.2947388 ] ] } },
{ "type": "Feature", "properties": { "@osmId": "way/239784703", "@snapshotTimestamp": "2015-01-01T00:00:00Z" }, "geometry": { "type": "LineString", "coordinates": [ [ 36.7616087, -1.2896178 ], [ 36.7613327, -1.2987759 ] ] } },
{ "type": "Feature", "properties": { "@osmId": "way/4734788", "@snapshotTimestamp": "2015-01-01T00:00:00Z" }, "geometry": { "type": "LineString", "coordinates": [ [ 36.8128943, -1.2951909 ], [ 36.818205, -1.2931586 ] ] } },
{ "type": "Feature", "properties": { "@osmId": "way/239168031", "@snapshotTimestamp": "2015-01-01T00:00:00Z" }, "geometry": { "type": "LineString", "coordinates": [ [ 36.8117366, -1.2939325 ], [ 36.8120835, -1.2940002 ] ] } },
{ "type": "Feature", "properties": { "@osmId": "way/4727393", "@snapshotTimestamp": "2015-01-01T00:00:00Z" }, "geometry": { "type": "LineString", "coordinates": [ [ 36.8120852, -1.2934662 ], [ 36.8120835, -1.2940002 ] ] } },
{ "type": "Feature", "properties": { "@osmId": "way/239183915", "@snapshotTimestamp": "2015-01-01T00:00:00Z" }, "geometry": { "type": "LineString", "coordinates": [ [ 36.8117366, -1.2939325 ], [ 36.8120852, -1.2934662 ] ] } },
{ "type": "Feature", "properties": { "@osmId": "way/39885349", "@snapshotTimestamp": "2015-01-01T00:00:00Z" }, "geometry": { "type": "LineString", "coordinates": [ [ 36.8024581, -1.2948509 ], [ 36.8063382, -1.2916981 ] ] } },
{ "type": "Feature", "properties": { "@osmId": "way/4723371", "@snapshotTimestamp": "2015-01-01T00:00:00Z" }, "geometry": { "type": "LineString", "coordinates": [ [ 36.8101549, -1.2898051 ], [ 36.8024787, -1.2950745 ] ] } },
{ "type": "Feature", "properties": { "@osmId": "way/239168029", "@snapshotTimestamp": "2015-01-01T00:00:00Z" }, "geometry": { "type": "LineString", "coordinates": [ [ 36.8120852, -1.2934662 ], [ 36.8118716, -1.2893314 ] ] } },
{ "type": "Feature", "properties": { "@osmId": "way/162144287", "@snapshotTimestamp": "2015-01-01T00:00:00Z" }, "geometry": { "type": "LineString", "coordinates": [ [ 36.8219827, -1.2954706 ], [ 36.8217531, -1.2950571 ] ] } },
{ "type": "Feature", "properties": { "@osmId": "way/162144288", "@snapshotTimestamp": "2015-01-01T00:00:00Z" }, "geometry": { "type": "LineString", "coordinates": [ [ 36.8218517, -1.2950169 ], [ 36.8220856, -1.2954046 ] ] } },
{ "type": "Feature", "properties": { "@osmId": "way/162144289", "@snapshotTimestamp": "2015-01-01T00:00:00Z" }, "geometry": { "type": "LineString", "coordinates": [ [ 36.8217531, -1.2950571 ], [ 36.8203129, -1.2929202 ] ] } },
{ "type": "Feature", "properties": { "@osmId": "way/4962695", "@snapshotTimestamp": "2015-01-01T00:00:00Z" }, "geometry": { "type": "LineString", "coordinates": [ [ 36.8205845, -1.2927955 ], [ 36.8218517, -1.2950169 ] ] } },
{ "type": "Feature", "properties": { "@osmId": "way/4730070", "@snapshotTimestamp": "2015-01-01T00:00:00Z" }, "geometry": { "type": "LineString", "coordinates": [ [ 36.8203129, -1.2929202 ], [ 36.818205, -1.2931586 ] ] } },
{ "type": "Feature", "properties": { "@osmId": "way/4730069", "@snapshotTimestamp": "2015-01-01T00:00:00Z" }, "geometry": { "type": "LineString", "coordinates": [ [ 36.818205, -1.2931586 ], [ 36.8201966, -1.2926371 ] ] } },
{ "type": "Feature", "properties": { "@osmId": "way/4727405", "@snapshotTimestamp": "2015-01-01T00:00:00Z" }, "geometry": { "type": "LineString", "coordinates": [ [ 36.8204923, -1.2929057 ], [ 36.820191, -1.2927979 ], [ 36.8203157, -1.2925247 ], [ 36.8205806, -1.2926428 ], [ 36.8204923, -1.2929057 ] ] } },
{ "type": "Feature", "properties": { "@osmId": "way/7726330", "@snapshotTimestamp": "2015-01-01T00:00:00Z" }, "geometry": { "type": "LineString", "coordinates": [ [ 36.8273983, -1.289395 ], [ 36.8205845, -1.2927955 ] ] } },
{ "type": "Feature", "properties": { "@osmId": "way/162143537", "@snapshotTimestamp": "2015-01-01T00:00:00Z" }, "geometry": { "type": "LineString", "coordinates": [ [ 36.8205411, -1.2925816 ], [ 36.8273191, -1.2893039 ] ] } },
{ "type": "Feature", "properties": { "@osmId": "way/4730073", "@snapshotTimestamp": "2015-01-01T00:00:00Z" }, "geometry": { "type": "LineString", "coordinates": [ [ 36.8201966, -1.2926371 ], [ 36.8173499, -1.2868305 ] ] } },
{ "type": "Feature", "properties": { "@osmId": "way/4730074", "@snapshotTimestamp": "2015-01-01T00:00:00Z" }, "geometry": { "type": "LineString", "coordinates": [ [ 36.8175843, -1.2867237 ], [ 36.8203508, -1.292513 ] ] } },
{ "type": "Feature", "properties": { "@osmId": "way/7726359", "@snapshotTimestamp": "2015-01-01T00:00:00Z" }, "geometry": { "type": "LineString", "coordinates": [ [ 36.8272999, -1.2892289 ], [ 36.8275157, -1.2889982 ], [ 36.8277304, -1.2892189 ], [ 36.8274966, -1.2894285 ], [ 36.8272999, -1.2892289 ] ] } },
{ "type": "Feature", "properties": { "@osmId": "way/40006029", "@snapshotTimestamp": "2015-01-01T00:00:00Z" }, "geometry": { "type": "LineString", "coordinates": [ [ 36.8408819, -1.2915616 ], [ 36.8334404, -1.2860184 ] ] } },
{ "type": "Feature", "properties": { "@osmId": "way/24716186", "@snapshotTimestamp": "2015-01-01T00:00:00Z" }, "geometry": { "type": "LineString", "coordinates": [ [ 36.8340241, -1.2857438 ], [ 36.8412596, -1.2915874 ] ] } },
{ "type": "Feature", "properties": { "@osmId": "way/4730072", "@snapshotTimestamp": "2015-01-01T00:00:00Z" }, "geometry": { "type": "LineString", "coordinates": [ [ 36.8302046, -1.287854 ], [ 36.8277304, -1.2892189 ] ] } },
{ "type": "Feature", "properties": { "@osmId": "way/296151761", "@snapshotTimestamp": "2015-01-01T00:00:00Z" }, "geometry": { "type": "LineString", "coordinates": [ [ 36.8268615, -1.2878834 ], [ 36.8274456, -1.2890097 ] ] } },
{ "type": "Feature", "properties": { "@osmId": "way/40131529", "@snapshotTimestamp": "2015-01-01T00:00:00Z" }, "geometry": { "type": "LineString", "coordinates": [ [ 36.8276849, -1.2890812 ], [ 36.8301394, -1.2877644 ] ] } },
{ "type": "Feature", "properties": { "@osmId": "way/4775790", "@snapshotTimestamp": "2015-01-01T00:00:00Z" }, "geometry": { "type": "LineString", "coordinates": [ [ 36.8302176, -1.2876276 ], [ 36.830372, -1.2876856 ], [ 36.830328, -1.2878492 ], [ 36.8301472, -1.2877913 ], [ 36.8302176, -1.2876276 ] ] } },
{ "type": "Feature", "properties": { "@osmId": "way/24716338", "@snapshotTimestamp": "2015-01-01T00:00:00Z" }, "geometry": { "type": "LineString", "coordinates": [ [ 36.8323773, -1.2859005 ], [ 36.8303837, -1.28777 ] ] } },
{ "type": "Feature", "properties": { "@osmId": "way/4775791", "@snapshotTimestamp": "2015-01-01T00:00:00Z" }, "geometry": { "type": "LineString", "coordinates": [ [ 36.830372, -1.2876856 ], [ 36.8321392, -1.2857682 ] ] } },
{ "type": "Feature", "properties": { "@osmId": "way/296151762", "@snapshotTimestamp": "2015-01-01T00:00:00Z" }, "geometry": { "type": "LineString", "coordinates": [ [ 36.8255301, -1.2853082 ], [ 36.8268615, -1.2878834 ] ] } },
{ "type": "Feature", "properties": { "@osmId": "way/4730089", "@snapshotTimestamp": "2015-01-01T00:00:00Z" }, "geometry": { "type": "LineString", "coordinates": [ [ 36.81712, -1.2864986 ], [ 36.8174575, -1.2863215 ], [ 36.8176256, -1.2866371 ], [ 36.8172919, -1.2868188 ], [ 36.81712, -1.2864986 ] ] } },
{ "type": "Feature", "properties": { "@osmId": "way/4741910", "@snapshotTimestamp": "2015-01-01T00:00:00Z" }, "geometry": { "type": "LineString", "coordinates": [ [ 36.8175336, -1.2863628 ], [ 36.818696, -1.2858643 ] ] } },
{ "type": "Feature", "properties": { "@osmId": "way/40121544", "@snapshotTimestamp": "2015-01-01T00:00:00Z" }, "geometry": { "type": "LineString", "coordinates": [ [ 36.8334404, -1.2860184 ], [ 36.8324692, -1.2858698 ] ] } },
{ "type": "Feature", "properties": { "@osmId": "way/40121545", "@snapshotTimestamp": "2015-01-01T00:00:00Z" }, "geometry": { "type": "LineString", "coordinates": [ [ 36.8340241, -1.2857438 ], [ 36.8334404, -1.2860184 ] ] } },
{ "type": "Feature", "properties": { "@osmId": "way/4821489", "@snapshotTimestamp": "2015-01-01T00:00:00Z" }, "geometry": { "type": "LineString", "coordinates": [ [ 36.8321368, -1.285573 ], [ 36.8324618, -1.285462 ], [ 36.8325676, -1.285756 ], [ 36.8322961, -1.2858956 ], [ 36.8321368, -1.285573 ] ] } },
{ "type": "Feature", "properties": { "@osmId": "way/51543063", "@snapshotTimestamp": "2015-01-01T00:00:00Z" }, "geometry": { "type": "LineString", "coordinates": [ [ 36.8325169, -1.2855032 ], [ 36.8340241, -1.2857438 ] ] } },
{ "type": "Feature", "properties": { "@osmId": "way/24716054", "@snapshotTimestamp": "2015-01-01T00:00:00Z" }, "geometry": { "type": "LineString", "coordinates": [ [ 36.8325564, -1.2852547 ], [ 36.832754, -1.2854717 ] ] } },
{ "type": "Feature", "properties": { "@osmId": "way/4741911", "@snapshotTimestamp": "2015-01-01T00:00:00Z" }, "geometry": { "type": "LineString", "coordinates": [ [ 36.8236632, -1.2834666 ], [ 36.8176344, -1.2865622 ] ] } },
{ "type": "Feature", "properties": { "@osmId": "way/297314798", "@snapshotTimestamp": "2015-01-01T00:00:00Z" }, "geometry": { "type": "LineString", "coordinates": [ [ 36.818696, -1.2858643 ], [ 36.8235626, -1.283393 ] ] } },
{ "type": "Feature", "properties": { "@osmId": "way/296147516", "@snapshotTimestamp": "2015-01-01T00:00:00Z" }, "geometry": { "type": "LineString", "coordinates": [ [ 36.8063382, -1.2916981 ], [ 36.8100422, -1.2896281 ] ] } },
{ "type": "Feature", "properties": { "@osmId": "way/51164194", "@snapshotTimestamp": "2015-01-01T00:00:00Z" }, "geometry": { "type": "LineString", "coordinates": [ [ 36.8103051, -1.2895047 ], [ 36.8103748, -1.2896924 ], [ 36.8100369, -1.2897836 ], [ 36.810069, -1.2895959 ], [ 36.8103051, -1.2895047 ] ] } },
{ "type": "Feature", "properties": { "@osmId": "way/296149414", "@snapshotTimestamp": "2015-01-01T00:00:00Z" }, "geometry": { "type": "LineString", "coordinates": [ [ 36.8118716, -1.2893314 ], [ 36.81185, -1.2892312 ] ] } },
{ "type": "Feature", "properties": { "@osmId": "way/4716887", "@snapshotTimestamp": "2015-01-01T00:00:00Z" }, "geometry": { "type": "LineString", "coordinates": [ [ 36.8171991, -1.286766 ], [ 36.8103748, -1.2896924 ] ] } },
{ "type": "Feature", "properties": { "@osmId": "way/239192904", "@snapshotTimestamp": "2015-01-01T00:00:00Z" }, "geometry": { "type": "LineString", "coordinates": [ [ 36.7475735, -1.2915781 ], [ 36.7378961, -1.2847016 ] ] } },
{ "type": "Feature", "properties": { "@osmId": "way/4716862", "@snapshotTimestamp": "2015-01-01T00:00:00Z" }, "geometry": { "type": "LineString", "coordinates": [ [ 36.8103051, -1.2895047 ], [ 36.8171118, -1.2865976 ] ] } },
{ "type": "Feature", "properties": { "@osmId": "way/25060502", "@snapshotTimestamp": "2015-01-01T00:00:00Z" }, "geometry": { "type": "LineString", "coordinates": [ [ 36.7616087, -1.2896178 ], [ 36.7718208, -1.2758755 ] ] } },
{ "type": "Feature", "properties": { "@osmId": "way/4741914", "@snapshotTimestamp": "2015-01-01T00:00:00Z" }, "geometry": { "type": "LineString", "coordinates": [ [ 36.8151249, -1.2815016 ], [ 36.8152091, -1.2818018 ], [ 36.8149025, -1.2818723 ], [ 36.8148545, -1.2815558 ], [ 36.8151249, -1.2815016 ] ] } },
{ "type": "Feature", "properties": { "@osmId": "way/180750377", "@snapshotTimestamp": "2015-01-01T00:00:00Z" }, "geometry": { "type": "LineString", "coordinates": [ [ 36.8148223, -1.2816099 ], [ 36.812684, -1.275295 ] ] } },
{ "type": "Feature", "properties": { "@osmId": "way/4742013", "@snapshotTimestamp": "2015-01-01T00:00:00Z" }, "geometry": { "type": "LineString", "coordinates": [ [ 36.8128831, -1.2753737 ], [ 36.8150604, -1.2814792 ] ] } },
{ "type": "Feature", "properties": { "@osmId": "way/296151764", "@snapshotTimestamp": "2015-01-01T00:00:00Z" }, "geometry": { "type": "LineString", "coordinates": [ [ 36.8236632, -1.2834666 ], [ 36.8255301, -1.2853082 ] ] } },
{ "type": "Feature", "properties": { "@osmId": "way/4741916", "@snapshotTimestamp": "2015-01-01T00:00:00Z" }, "geometry": { "type": "LineString", "coordinates": [ [ 36.8171482, -1.2864335 ], [ 36.815021, -1.2819086 ] ] } },
{ "type": "Feature", "properties": { "@osmId": "way/4741915", "@snapshotTimestamp": "2015-01-01T00:00:00Z" }, "geometry": { "type": "LineString", "coordinates": [ [ 36.8151835, -1.2818368 ], [ 36.8173774, -1.2863074 ] ] } },
{ "type": "Feature", "properties": { "@osmId": "way/40006028", "@snapshotTimestamp": "2015-01-01T00:00:00Z" }, "geometry": { "type": "LineString", "coordinates": [ [ 36.8322356, -1.2854642 ], [ 36.8323136, -1.281128 ] ] } },
{ "type": "Feature", "properties": { "@osmId": "way/24716086", "@snapshotTimestamp": "2015-01-01T00:00:00Z" }, "geometry": { "type": "LineString", "coordinates": [ [ 36.8325754, -1.280874 ], [ 36.8325169, -1.2855032 ] ] } },
{ "type": "Feature", "properties": { "@osmId": "way/231934726", "@snapshotTimestamp": "2015-01-01T00:00:00Z" }, "geometry": { "type": "LineString", "coordinates": [ [ 36.821541, -1.2817776 ], [ 36.8236632, -1.2834666 ] ] } },
{ "type": "Feature", "properties": { "@osmId": "way/231934730", "@snapshotTimestamp": "2015-01-01T00:00:00Z" }, "geometry": { "type": "LineString", "coordinates": [ [ 36.821541, -1.2817776 ], [ 36.8209745, -1.2813504 ] ] } },
{ "type": "Feature", "properties": { "@osmId": "way/4821531", "@snapshotTimestamp": "2015-01-01T00:00:00Z" }, "geometry": { "type": "LineString", "coordinates": [ [ 36.822531, -1.2815895 ], [ 36.8223058, -1.2812653 ], [ 36.8224843, -1.2810363 ], [ 36.8229753, -1.2814478 ], [ 36.822531, -1.2815895 ] ] } },
{ "type": "Feature", "properties": { "@osmId": "way/296151765", "@snapshotTimestamp": "2015-01-01T00:00:00Z" }, "geometry": { "type": "LineString", "coordinates": [ [ 36.8209745, -1.2813504 ], [ 36.8210155, -1.2812949 ] ] } },
{ "type": "Feature", "properties": { "@osmId": "way/231934728", "@snapshotTimestamp": "2015-01-01T00:00:00Z" }, "geometry": { "type": "LineString", "coordinates": [ [ 36.819944, -1.2805174 ], [ 36.821541, -1.2817776 ] ] } },
{ "type": "Feature", "properties": { "@osmId": "way/24027538", "@snapshotTimestamp": "2015-01-01T00:00:00Z" }, "geometry": { "type": "LineString", "coordinates": [ [ 36.8223058, -1.2812653 ], [ 36.8221137, -1.2808736 ] ] } },
{ "type": "Feature", "properties": { "@osmId": "way/231934729", "@snapshotTimestamp": "2015-01-01T00:00:00Z" }, "geometry": { "type": "LineString", "coordinates": [ [ 36.8191893, -1.2800614 ], [ 36.8152348, -1.2817348 ] ] } },
{ "type": "Feature", "properties": { "@osmId": "way/4742005", "@snapshotTimestamp": "2015-01-01T00:00:00Z" }, "geometry": { "type": "LineString", "coordinates": [ [ 36.8151769, -1.2815497 ], [ 36.8182033, -1.280047 ] ] } },
{ "type": "Feature", "properties": { "@osmId": "way/24716350", "@snapshotTimestamp": "2015-01-01T00:00:00Z" }, "geometry": { "type": "LineString", "coordinates": [ [ 36.8323136, -1.281128 ], [ 36.8320089, -1.2807539 ], [ 36.8321377, -1.2804278 ], [ 36.8325497, -1.2805136 ], [ 36.8323136, -1.281128 ] ] } },
{ "type": "Feature", "properties": { "@osmId": "way/296151766", "@snapshotTimestamp": "2015-01-01T00:00:00Z" }, "geometry": { "type": "LineString", "coordinates": [ [ 36.8209745, -1.2813504 ], [ 36.8191893, -1.2800614 ] ] } },
{ "type": "Feature", "properties": { "@osmId": "way/231933312", "@snapshotTimestamp": "2015-01-01T00:00:00Z" }, "geometry": { "type": "LineString", "coordinates": [ [ 36.8221137, -1.2808736 ], [ 36.8215003, -1.2803298 ] ] } },
{ "type": "Feature", "properties": { "@osmId": "way/24716352", "@snapshotTimestamp": "2015-01-01T00:00:00Z" }, "geometry": { "type": "LineString", "coordinates": [ [ 36.8320089, -1.2807539 ], [ 36.8317772, -1.2804192 ] ] } },
{ "type": "Feature", "properties": { "@osmId": "way/239559119", "@snapshotTimestamp": "2015-01-01T00:00:00Z" }, "geometry": { "type": "LineString", "coordinates": [ [ 36.8215389, -1.2802906 ], [ 36.822158, -1.2808152 ] ] } },
{ "type": "Feature", "properties": { "@osmId": "way/24716359", "@snapshotTimestamp": "2015-01-01T00:00:00Z" }, "geometry": { "type": "LineString", "coordinates": [ [ 36.8317772, -1.2804192 ], [ 36.8321377, -1.2804278 ] ] } },
{ "type": "Feature", "properties": { "@osmId": "way/26539541", "@snapshotTimestamp": "2015-01-01T00:00:00Z" }, "geometry": { "type": "LineString", "coordinates": [ [ 36.8210155, -1.2812949 ], [ 36.8210396, -1.2795243 ] ] } },
{ "type": "Feature", "properties": { "@osmId": "way/4821617", "@snapshotTimestamp": "2015-01-01T00:00:00Z" }, "geometry": { "type": "LineString", "coordinates": [ [ 36.8214154, -1.2795528 ], [ 36.8224843, -1.2810363 ] ] } },
{ "type": "Feature", "properties": { "@osmId": "way/4742006", "@snapshotTimestamp": "2015-01-01T00:00:00Z" }, "geometry": { "type": "LineString", "coordinates": [ [ 36.8182033, -1.280047 ], [ 36.8193859, -1.2799262 ] ] } },
{ "type": "Feature", "properties": { "@osmId": "way/53787716", "@snapshotTimestamp": "2015-01-01T00:00:00Z" }, "geometry": { "type": "LineString", "coordinates": [ [ 36.8317772, -1.2804192 ], [ 36.8305128, -1.2786133 ] ] } },
{ "type": "Feature", "properties": { "@osmId": "way/24027540", "@snapshotTimestamp": "2015-01-01T00:00:00Z" }, "geometry": { "type": "LineString", "coordinates": [ [ 36.8213034, -1.279571 ], [ 36.8205102, -1.2785993 ], [ 36.8211797, -1.277827 ], [ 36.8220998, -1.2785709 ], [ 36.8213034, -1.279571 ] ] } },
{ "type": "Feature", "properties": { "@osmId": "way/231933311", "@snapshotTimestamp": "2015-01-01T00:00:00Z" }, "geometry": { "type": "LineString", "coordinates": [ [ 36.8221413, -1.2770598 ], [ 36.8215389, -1.2802906 ] ] } },
{ "type": "Feature", "properties": { "@osmId": "way/239559100", "@snapshotTimestamp": "2015-01-01T00:00:00Z" }, "geometry": { "type": "LineString", "coordinates": [ [ 36.8215003, -1.2803298 ], [ 36.8220993, -1.2770126 ] ] } },
{ "type": "Feature", "properties": { "@osmId": "way/25849963", "@snapshotTimestamp": "2015-01-01T00:00:00Z" }, "geometry": { "type": "LineString", "coordinates": [ [ 36.8305079, -1.2783488 ], [ 36.8305128, -1.2786133 ] ] } },
{ "type": "Feature", "properties": { "@osmId": "way/51543080", "@snapshotTimestamp": "2015-01-01T00:00:00Z" }, "geometry": { "type": "LineString", "coordinates": [ [ 36.8305128, -1.2786133 ], [ 36.8303046, -1.2783325 ] ] } },
{ "type": "Feature", "properties": { "@osmId": "way/25849925", "@snapshotTimestamp": "2015-01-01T00:00:00Z" }, "geometry": { "type": "LineString", "coordinates": [ [ 36.8301902, -1.2780987 ], [ 36.8304478, -1.2779369 ], [ 36.830628, -1.2781944 ], [ 36.8303963, -1.278366 ], [ 36.8301902, -1.2780987 ] ] } },
{ "type": "Feature", "properties": { "@osmId": "way/231933314", "@snapshotTimestamp": "2015-01-01T00:00:00Z" }, "geometry": { "type": "LineString", "coordinates": [ [ 36.8227385, -1.2766522 ], [ 36.8219035, -1.2780396 ] ] } },
{ "type": "Feature", "properties": { "@osmId": "way/293413775", "@snapshotTimestamp": "2015-01-01T00:00:00Z" }, "geometry": { "type": "LineString", "coordinates": [ [ 36.771786, -1.2758457 ], [ 36.7718, -1.2756633 ], [ 36.7719812, -1.2756685 ], [ 36.7719903, -1.275845 ], [ 36.771786, -1.2758457 ] ] } },
{ "type": "Feature", "properties": { "@osmId": "way/239185909", "@snapshotTimestamp": "2015-01-01T00:00:00Z" }, "geometry": { "type": "LineString", "coordinates": [ [ 36.7378961, -1.2847016 ], [ 36.722129, -1.266015 ] ] } },
{ "type": "Feature", "properties": { "@osmId": "way/230315380", "@snapshotTimestamp": "2015-01-01T00:00:00Z" }, "geometry": { "type": "LineString", "coordinates": [ [ 36.8141645, -1.2729912 ], [ 36.8125742, -1.2743193 ] ] } },
{ "type": "Feature", "properties": { "@osmId": "way/230315386", "@snapshotTimestamp": "2015-01-01T00:00:00Z" }, "geometry": { "type": "LineString", "coordinates": [ [ 36.8125009, -1.2742654 ], [ 36.8140982, -1.2729576 ] ] } },
{ "type": "Feature", "properties": { "@osmId": "way/230315373", "@snapshotTimestamp": "2015-01-01T00:00:00Z" }, "geometry": { "type": "LineString", "coordinates": [ [ 36.8152195, -1.2704173 ], [ 36.8141645, -1.2729912 ] ] } },
{ "type": "Feature", "properties": { "@osmId": "way/230315383", "@snapshotTimestamp": "2015-01-01T00:00:00Z" }, "geometry": { "type": "LineString", "coordinates": [ [ 36.8140982, -1.2729576 ], [ 36.815189, -1.2703691 ] ] } },
{ "type": "Feature", "properties": { "@osmId": "way/4751843", "@snapshotTimestamp": "2015-01-01T00:00:00Z" }, "geometry": { "type": "LineString", "coordinates": [ [ 36.812684, -1.275295 ], [ 36.8020619, -1.2649377 ] ] } },
{ "type": "Feature", "properties": { "@osmId": "way/4742016", "@snapshotTimestamp": "2015-01-01T00:00:00Z" }, "geometry": { "type": "LineString", "coordinates": [ [ 36.802237, -1.264805 ], [ 36.8128831, -1.2753737 ] ] } },
{ "type": "Feature", "properties": { "@osmId": "way/25868144", "@snapshotTimestamp": "2015-01-01T00:00:00Z" }, "geometry": { "type": "LineString", "coordinates": [ [ 36.8058369, -1.2686655 ], [ 36.8056198, -1.2689413 ] ] } },
{ "type": "Feature", "properties": { "@osmId": "way/25868142", "@snapshotTimestamp": "2015-01-01T00:00:00Z" }, "geometry": { "type": "LineString", "coordinates": [ [ 36.8051146, -1.2678686 ], [ 36.8045878, -1.2677589 ] ] } },
{ "type": "Feature", "properties": { "@osmId": "way/24027475", "@snapshotTimestamp": "2015-01-01T00:00:00Z" }, "geometry": { "type": "LineString", "coordinates": [ [ 36.820736, -1.2779742 ], [ 36.8226882, -1.2765753 ] ] } },
{ "type": "Feature", "properties": { "@osmId": "way/261477718", "@snapshotTimestamp": "2015-01-01T00:00:00Z" }, "geometry": { "type": "LineString", "coordinates": [ [ 36.8285774, -1.2772225 ], [ 36.828524, -1.2773115 ] ] } },
{ "type": "Feature", "properties": { "@osmId": "way/24027519", "@snapshotTimestamp": "2015-01-01T00:00:00Z" }, "geometry": { "type": "LineString", "coordinates": [ [ 36.8301923, -1.2781783 ], [ 36.8231848, -1.2757063 ] ] } },
{ "type": "Feature", "properties": { "@osmId": "way/24027521", "@snapshotTimestamp": "2015-01-01T00:00:00Z" }, "geometry": { "type": "LineString", "coordinates": [ [ 36.8235018, -1.2752545 ], [ 36.8302418, -1.2779627 ] ] } },
{ "type": "Feature", "properties": { "@osmId": "way/26583522", "@snapshotTimestamp": "2015-01-01T00:00:00Z" }, "geometry": { "type": "LineString", "coordinates": [ [ 36.8220993, -1.2770126 ], [ 36.8232647, -1.2753103 ] ] } },
{ "type": "Feature", "properties": { "@osmId": "way/261477676", "@snapshotTimestamp": "2015-01-01T00:00:00Z" }, "geometry": { "type": "LineString", "coordinates": [ [ 36.8244749, -1.2758757 ], [ 36.8245184, -1.2757974 ] ] } },
{ "type": "Feature", "properties": { "@osmId": "way/24027539", "@snapshotTimestamp": "2015-01-01T00:00:00Z" }, "geometry": { "type": "LineString", "coordinates": [ [ 36.8251977, -1.2740063 ], [ 36.8221413, -1.2770598 ] ] } },
{ "type": "Feature", "properties": { "@osmId": "way/239559101", "@snapshotTimestamp": "2015-01-01T00:00:00Z" }, "geometry": { "type": "LineString", "coordinates": [ [ 36.8341713, -1.2770735 ], [ 36.8365102, -1.2709609 ] ] } },
{ "type": "Feature", "properties": { "@osmId": "way/231355848", "@snapshotTimestamp": "2015-01-01T00:00:00Z" }, "geometry": { "type": "LineString", "coordinates": [ [ 36.8366405, -1.2709678 ], [ 36.8345511, -1.2768029 ] ] } },
{ "type": "Feature", "properties": { "@osmId": "way/162142250", "@snapshotTimestamp": "2015-01-01T00:00:00Z" }, "geometry": { "type": "LineString", "coordinates": [ [ 36.8232647, -1.2753103 ], [ 36.8321344, -1.2692143 ] ] } },
{ "type": "Feature", "properties": { "@osmId": "way/231933574", "@snapshotTimestamp": "2015-01-01T00:00:00Z" }, "geometry": { "type": "LineString", "coordinates": [ [ 36.8232647, -1.2753103 ], [ 36.8216473, -1.2677831 ] ] } },
{ "type": "Feature", "properties": { "@osmId": "way/239559098", "@snapshotTimestamp": "2015-01-01T00:00:00Z" }, "geometry": { "type": "LineString", "coordinates": [ [ 36.8327865, -1.2689102 ], [ 36.8251977, -1.2740063 ] ] } },
{ "type": "Feature", "properties": { "@osmId": "way/24027382", "@snapshotTimestamp": "2015-01-01T00:00:00Z" }, "geometry": { "type": "LineString", "coordinates": [ [ 36.8216473, -1.2677831 ], [ 36.8245813, -1.2742548 ] ] } },
{ "type": "Feature", "properties": { "@osmId": "way/302568882", "@snapshotTimestamp": "2015-01-01T00:00:00Z" }, "geometry": { "type": "LineString", "coordinates": [ [ 36.8367067, -1.2702367 ], [ 36.8366405, -1.2709678 ] ] } },
{ "type": "Feature", "properties": { "@osmId": "way/231932073", "@snapshotTimestamp": "2015-01-01T00:00:00Z" }, "geometry": { "type": "LineString", "coordinates": [ [ 36.837297, -1.2701332 ], [ 36.8366995, -1.2707103 ] ] } },
{ "type": "Feature", "properties": { "@osmId": "way/239432196", "@snapshotTimestamp": "2015-01-01T00:00:00Z" }, "geometry": { "type": "LineString", "coordinates": [ [ 36.8164666, -1.2694455 ], [ 36.8152195, -1.2704173 ] ] } },
{ "type": "Feature", "properties": { "@osmId": "way/24829133", "@snapshotTimestamp": "2015-01-01T00:00:00Z" }, "geometry": { "type": "LineString", "coordinates": [ [ 36.8365896, -1.2697155 ], [ 36.837297, -1.2701332 ] ] } },
{ "type": "Feature", "properties": { "@osmId": "way/239430630", "@snapshotTimestamp": "2015-01-01T00:00:00Z" }, "geometry": { "type": "LineString", "coordinates": [ [ 36.815189, -1.2703691 ], [ 36.8164312, -1.2693475 ] ] } },
{ "type": "Feature", "properties": { "@osmId": "way/231932785", "@snapshotTimestamp": "2015-01-01T00:00:00Z" }, "geometry": { "type": "LineString", "coordinates": [ [ 36.8184523, -1.2692343 ], [ 36.8164666, -1.2694455 ] ] } },
{ "type": "Feature", "properties": { "@osmId": "way/258647624", "@snapshotTimestamp": "2015-01-01T00:00:00Z" }, "geometry": { "type": "LineString", "coordinates": [ [ 36.8321344, -1.2692143 ], [ 36.832443, -1.2690148 ] ] } },
{ "type": "Feature", "properties": { "@osmId": "way/239784683", "@snapshotTimestamp": "2015-01-01T00:00:00Z" }, "geometry": { "type": "LineString", "coordinates": [ [ 36.6814516, -1.2703401 ], [ 36.6905921, -1.2805191 ] ] } },
{ "type": "Feature", "properties": { "@osmId": "way/239784686", "@snapshotTimestamp": "2015-01-01T00:00:00Z" }, "geometry": { "type": "LineString", "coordinates": [ [ 36.681295, -1.270186 ], [ 36.6814516, -1.2703401 ] ] } },
{ "type": "Feature", "properties": { "@osmId": "way/45554325", "@snapshotTimestamp": "2015-01-01T00:00:00Z" }, "geometry": { "type": "LineString", "coordinates": [ [ 36.722129, -1.266015 ], [ 36.7213032, -1.2654098 ] ] } },
{ "type": "Feature", "properties": { "@osmId": "way/45554329", "@snapshotTimestamp": "2015-01-01T00:00:00Z" }, "geometry": { "type": "LineString", "coordinates": [ [ 36.7216902, -1.2650241 ], [ 36.722129, -1.266015 ] ] } },
{ "type": "Feature", "properties": { "@osmId": "way/39962868", "@snapshotTimestamp": "2015-01-01T00:00:00Z" }, "geometry": { "type": "LineString", "coordinates": [ [ 36.7216933, -1.2649564 ], [ 36.7213032, -1.2654098 ], [ 36.7208079, -1.2649869 ], [ 36.7212913, -1.2645338 ], [ 36.7216933, -1.2649564 ] ] } },
{ "type": "Feature", "properties": { "@osmId": "way/312490043", "@snapshotTimestamp": "2015-01-01T00:00:00Z" }, "geometry": { "type": "LineString", "coordinates": [ [ 36.7208079, -1.2649869 ], [ 36.7203411, -1.264397 ] ] } },
{ "type": "Feature", "properties": { "@osmId": "way/312490044", "@snapshotTimestamp": "2015-01-01T00:00:00Z" }, "geometry": { "type": "LineString", "coordinates": [ [ 36.7203411, -1.264397 ], [ 36.7209787, -1.2646203 ] ] } },
{ "type": "Feature", "properties": { "@osmId": "way/44035357", "@snapshotTimestamp": "2015-01-01T00:00:00Z" }, "geometry": { "type": "LineString", "coordinates": [ [ 36.7166251, -1.2606101 ], [ 36.7203411, -1.264397 ] ] } },
{ "type": "Feature", "properties": { "@osmId": "way/239190769", "@snapshotTimestamp": "2015-01-01T00:00:00Z" }, "geometry": { "type": "LineString", "coordinates": [ [ 36.7166251, -1.2606101 ], [ 36.7328939, -1.2640244 ] ] } },
{ "type": "Feature", "properties": { "@osmId": "way/239190766", "@snapshotTimestamp": "2015-01-01T00:00:00Z" }, "geometry": { "type": "LineString", "coordinates": [ [ 36.7166745, -1.2607947 ], [ 36.7018185, -1.2581687 ] ] } },
{ "type": "Feature", "properties": { "@osmId": "way/231510701", "@snapshotTimestamp": "2015-01-01T00:00:00Z" }, "geometry": { "type": "LineString", "coordinates": [ [ 36.8365102, -1.2709609 ], [ 36.8346676, -1.2672678 ] ] } },
{ "type": "Feature", "properties": { "@osmId": "way/231932781", "@snapshotTimestamp": "2015-01-01T00:00:00Z" }, "geometry": { "type": "LineString", "coordinates": [ [ 36.8244359, -1.2688676 ], [ 36.8184523, -1.2692343 ] ] } },
{ "type": "Feature", "properties": { "@osmId": "way/231355408", "@snapshotTimestamp": "2015-01-01T00:00:00Z" }, "geometry": { "type": "LineString", "coordinates": [ [ 36.8218348, -1.2686862 ], [ 36.8244486, -1.2687877 ] ] } },
{ "type": "Feature", "properties": { "@osmId": "way/24027330", "@snapshotTimestamp": "2015-01-01T00:00:00Z" }, "geometry": { "type": "LineString", "coordinates": [ [ 36.8347021, -1.2669275 ], [ 36.8367067, -1.2702367 ] ] } },
{ "type": "Feature", "properties": { "@osmId": "way/239432197", "@snapshotTimestamp": "2015-01-01T00:00:00Z" }, "geometry": { "type": "LineString", "coordinates": [ [ 36.8164312, -1.2693475 ], [ 36.8181419, -1.2674384 ] ] } },
{ "type": "Feature", "properties": { "@osmId": "way/231932784", "@snapshotTimestamp": "2015-01-01T00:00:00Z" }, "geometry": { "type": "LineString", "coordinates": [ [ 36.8189675, -1.2677939 ], [ 36.8218348, -1.2686862 ] ] } },
{ "type": "Feature", "properties": { "@osmId": "way/247463075", "@snapshotTimestamp": "2015-01-01T00:00:00Z" }, "geometry": { "type": "LineString", "coordinates": [ [ 36.8310739, -1.2674556 ], [ 36.8244359, -1.2688676 ] ] } },
{ "type": "Feature", "properties": { "@osmId": "way/239559097", "@snapshotTimestamp": "2015-01-01T00:00:00Z" }, "geometry": { "type": "LineString", "coordinates": [ [ 36.832443, -1.2690148 ], [ 36.8340903, -1.2671553 ] ] } },
{ "type": "Feature", "properties": { "@osmId": "way/231202759", "@snapshotTimestamp": "2015-01-01T00:00:00Z" }, "geometry": { "type": "LineString", "coordinates": [ [ 36.8341648, -1.2672081 ], [ 36.8327865, -1.2689102 ] ] } },
{ "type": "Feature", "properties": { "@osmId": "way/162140494", "@snapshotTimestamp": "2015-01-01T00:00:00Z" }, "geometry": { "type": "LineString", "coordinates": [ [ 36.8340903, -1.2671553 ], [ 36.8327865, -1.2689102 ] ] } },
{ "type": "Feature", "properties": { "@osmId": "way/294960063", "@snapshotTimestamp": "2015-01-01T00:00:00Z" }, "geometry": { "type": "LineString", "coordinates": [ [ 36.7719812, -1.2756685 ], [ 36.7757376, -1.2598719 ] ] } },
{ "type": "Feature", "properties": { "@osmId": "way/4761138", "@snapshotTimestamp": "2015-01-01T00:00:00Z" }, "geometry": { "type": "LineString", "coordinates": [ [ 36.8119412, -1.2651346 ], [ 36.8181419, -1.2674384 ] ] } },
{ "type": "Feature", "properties": { "@osmId": "way/24009169", "@snapshotTimestamp": "2015-01-01T00:00:00Z" }, "geometry": { "type": "LineString", "coordinates": [ [ 36.81224, -1.2651023 ], [ 36.8119654, -1.2649393 ] ] } },
{ "type": "Feature", "properties": { "@osmId": "way/4761133", "@snapshotTimestamp": "2015-01-01T00:00:00Z" }, "geometry": { "type": "LineString", "coordinates": [ [ 36.8119654, -1.2649393 ], [ 36.8117766, -1.265171 ], [ 36.8115963, -1.2649479 ], [ 36.8116821, -1.2648363 ], [ 36.8119654, -1.2649393 ] ] } },
{ "type": "Feature", "properties": { "@osmId": "way/24009167", "@snapshotTimestamp": "2015-01-01T00:00:00Z" }, "geometry": { "type": "LineString", "coordinates": [ [ 36.8113302, -1.2648707 ], [ 36.8116821, -1.2648363 ] ] } },
{ "type": "Feature", "properties": { "@osmId": "way/4751845", "@snapshotTimestamp": "2015-01-01T00:00:00Z" }, "geometry": { "type": "LineString", "coordinates": [ [ 36.802237, -1.264805 ], [ 36.8018036, -1.264886 ], [ 36.8017346, -1.2644792 ], [ 36.8021323, -1.2643994 ], [ 36.802237, -1.264805 ] ] } },
{ "type": "Feature", "properties": { "@osmId": "way/87647454", "@snapshotTimestamp": "2015-01-01T00:00:00Z" }, "geometry": { "type": "LineString", "coordinates": [ [ 36.7494276, -1.2638515 ], [ 36.7494595, -1.2644208 ] ] } },
{ "type": "Feature", "properties": { "@osmId": "way/4752673", "@snapshotTimestamp": "2015-01-01T00:00:00Z" }, "geometry": { "type": "LineString", "coordinates": [ [ 36.8045067, -1.2625967 ], [ 36.8116478, -1.2650852 ] ] } },
{ "type": "Feature", "properties": { "@osmId": "way/133901081", "@snapshotTimestamp": "2015-01-01T00:00:00Z" }, "geometry": { "type": "LineString", "coordinates": [ [ 36.7328619, -1.2642945 ], [ 36.7683153, -1.2609615 ] ] } },
{ "type": "Feature", "properties": { "@osmId": "way/187198057", "@snapshotTimestamp": "2015-01-01T00:00:00Z" }, "geometry": { "type": "LineString", "coordinates": [ [ 36.7328939, -1.2640244 ], [ 36.7679578, -1.26093 ] ] } },
{ "type": "Feature", "properties": { "@osmId": "way/231852886", "@snapshotTimestamp": "2015-01-01T00:00:00Z" }, "geometry": { "type": "LineString", "coordinates": [ [ 36.8181419, -1.2674384 ], [ 36.8189675, -1.2677939 ] ] } },
{ "type": "Feature", "properties": { "@osmId": "way/231932782", "@snapshotTimestamp": "2015-01-01T00:00:00Z" }, "geometry": { "type": "LineString", "coordinates": [ [ 36.8244486, -1.2687877 ], [ 36.8344806, -1.2663014 ] ] } },
{ "type": "Feature", "properties": { "@osmId": "way/231202760", "@snapshotTimestamp": "2015-01-01T00:00:00Z" }, "geometry": { "type": "LineString", "coordinates": [ [ 36.8349297, -1.2662766 ], [ 36.8341648, -1.2672081 ] ] } },
{ "type": "Feature", "properties": { "@osmId": "way/231202763", "@snapshotTimestamp": "2015-01-01T00:00:00Z" }, "geometry": { "type": "LineString", "coordinates": [ [ 36.8417228, -1.2612487 ], [ 36.8349297, -1.2662766 ] ] } },
{ "type": "Feature", "properties": { "@osmId": "way/162140029", "@snapshotTimestamp": "2015-01-01T00:00:00Z" }, "geometry": { "type": "LineString", "coordinates": [ [ 36.8347687, -1.2660909 ], [ 36.8416929, -1.2610712 ] ] } },
{ "type": "Feature", "properties": { "@osmId": "way/231510705", "@snapshotTimestamp": "2015-01-01T00:00:00Z" }, "geometry": { "type": "LineString", "coordinates": [ [ 36.8398628, -1.2619931 ], [ 36.8392391, -1.2615588 ] ] } },
{ "type": "Feature", "properties": { "@osmId": "way/231510702", "@snapshotTimestamp": "2015-01-01T00:00:00Z" }, "geometry": { "type": "LineString", "coordinates": [ [ 36.8392391, -1.2615588 ], [ 36.8398835, -1.261869 ] ] } },
{ "type": "Feature", "properties": { "@osmId": "way/231932783", "@snapshotTimestamp": "2015-01-01T00:00:00Z" }, "geometry": { "type": "LineString", "coordinates": [ [ 36.8216473, -1.2677831 ], [ 36.817777, -1.252018 ] ] } },
{ "type": "Feature", "properties": { "@osmId": "way/231510709", "@snapshotTimestamp": "2015-01-01T00:00:00Z" }, "geometry": { "type": "LineString", "coordinates": [ [ 36.8392391, -1.2615588 ], [ 36.8220076, -1.2504546 ] ] } },
{ "type": "Feature", "properties": { "@osmId": "way/24009833", "@snapshotTimestamp": "2015-01-01T00:00:00Z" }, "geometry": { "type": "LineString", "coordinates": [ [ 36.8179359, -1.2513222 ], [ 36.817777, -1.252018 ] ] } },
{ "type": "Feature", "properties": { "@osmId": "way/187198061", "@snapshotTimestamp": "2015-01-01T00:00:00Z" }, "geometry": { "type": "LineString", "coordinates": [ [ 36.7328619, -1.2642945 ], [ 36.7166745, -1.2607947 ] ] } },
{ "type": "Feature", "properties": { "@osmId": "way/39573551", "@snapshotTimestamp": "2015-01-01T00:00:00Z" }, "geometry": { "type": "LineString", "coordinates": [ [ 36.8017346, -1.2644792 ], [ 36.7683153, -1.2609615 ] ] } },
{ "type": "Feature", "properties": { "@osmId": "way/39573554", "@snapshotTimestamp": "2015-01-01T00:00:00Z" }, "geometry": { "type": "LineString", "coordinates": [ [ 36.7679578, -1.26093 ], [ 36.8018798, -1.2643534 ] ] } },
{ "type": "Feature", "properties": { "@osmId": "way/24025777", "@snapshotTimestamp": "2015-01-01T00:00:00Z" }, "geometry": { "type": "LineString", "coordinates": [ [ 36.7757376, -1.2598719 ], [ 36.7753654, -1.2594397 ] ] } },
{ "type": "Feature", "properties": { "@osmId": "way/180751763", "@snapshotTimestamp": "2015-01-01T00:00:00Z" }, "geometry": { "type": "LineString", "coordinates": [ [ 36.7759075, -1.2593575 ], [ 36.7757376, -1.2598719 ] ] } },
{ "type": "Feature", "properties": { "@osmId": "way/39573564", "@snapshotTimestamp": "2015-01-01T00:00:00Z" }, "geometry": { "type": "LineString", "coordinates": [ [ 36.775113, -1.2594807 ], [ 36.7749794, -1.2592866 ] ] } },
{ "type": "Feature", "properties": { "@osmId": "way/40384822", "@snapshotTimestamp": "2015-01-01T00:00:00Z" }, "geometry": { "type": "LineString", "coordinates": [ [ 36.775887, -1.259131 ], [ 36.7759075, -1.2593575 ] ] } },
{ "type": "Feature", "properties": { "@osmId": "way/87647441", "@snapshotTimestamp": "2015-01-01T00:00:00Z" }, "geometry": { "type": "LineString", "coordinates": [ [ 36.7540181, -1.2518868 ], [ 36.7495603, -1.263846 ] ] } },
{ "type": "Feature", "properties": { "@osmId": "way/40056255", "@snapshotTimestamp": "2015-01-01T00:00:00Z" }, "geometry": { "type": "LineString", "coordinates": [ [ 36.786002, -1.251347 ], [ 36.8031334, -1.2612581 ] ] } },
{ "type": "Feature", "properties": { "@osmId": "way/51068009", "@snapshotTimestamp": "2015-01-01T00:00:00Z" }, "geometry": { "type": "LineString", "coordinates": [ [ 36.7668306, -1.2497994 ], [ 36.7478651, -1.2503606 ] ] } },
{ "type": "Feature", "properties": { "@osmId": "way/133901005", "@snapshotTimestamp": "2015-01-01T00:00:00Z" }, "geometry": { "type": "LineString", "coordinates": [ [ 36.7018651, -1.2580656 ], [ 36.7166251, -1.2606101 ] ] } },
{ "type": "Feature", "properties": { "@osmId": "way/43270176", "@snapshotTimestamp": "2015-01-01T00:00:00Z" }, "geometry": { "type": "LineString", "coordinates": [ [ 36.7018185, -1.2581687 ], [ 36.7015829, -1.2580847 ] ] } },
{ "type": "Feature", "properties": { "@osmId": "way/43270175", "@snapshotTimestamp": "2015-01-01T00:00:00Z" }, "geometry": { "type": "LineString", "coordinates": [ [ 36.7016007, -1.2579807 ], [ 36.7018651, -1.2580656 ] ] } },
{ "type": "Feature", "properties": { "@osmId": "way/43270177", "@snapshotTimestamp": "2015-01-01T00:00:00Z" }, "geometry": { "type": "LineString", "coordinates": [ [ 36.7015829, -1.2580847 ], [ 36.6941225, -1.2554405 ] ] } },
{ "type": "Feature", "properties": { "@osmId": "way/239190772", "@snapshotTimestamp": "2015-01-01T00:00:00Z" }, "geometry": { "type": "LineString", "coordinates": [ [ 36.6941523, -1.2553597 ], [ 36.7016007, -1.2579807 ] ] } },
{ "type": "Feature", "properties": { "@osmId": "way/56397013", "@snapshotTimestamp": "2015-01-01T00:00:00Z" }, "geometry": { "type": "LineString", "coordinates": [ [ 36.6697855, -1.2326898 ], [ 36.681295, -1.270186 ] ] } },
{ "type": "Feature", "properties": { "@osmId": "way/239190762", "@snapshotTimestamp": "2015-01-01T00:00:00Z" }, "geometry": { "type": "LineString", "coordinates": [ [ 36.6941225, -1.2554405 ], [ 36.6803717, -1.2466615 ] ] } },
{ "type": "Feature", "properties": { "@osmId": "way/187197451", "@snapshotTimestamp": "2015-01-01T00:00:00Z" }, "geometry": { "type": "LineString", "coordinates": [ [ 36.6803052, -1.2464686 ], [ 36.6941523, -1.2553597 ] ] } },
{ "type": "Feature", "properties": { "@osmId": "way/187197454", "@snapshotTimestamp": "2015-01-01T00:00:00Z" }, "geometry": { "type": "LineString", "coordinates": [ [ 36.6803717, -1.2466615 ], [ 36.6798376, -1.2461282 ] ] } },
{ "type": "Feature", "properties": { "@osmId": "way/187197446", "@snapshotTimestamp": "2015-01-01T00:00:00Z" }, "geometry": { "type": "LineString", "coordinates": [ [ 36.6798807, -1.2460486 ], [ 36.6803052, -1.2464686 ] ] } },
{ "type": "Feature", "properties": { "@osmId": "way/187197444", "@snapshotTimestamp": "2015-01-01T00:00:00Z" }, "geometry": { "type": "LineString", "coordinates": [ [ 36.6798376, -1.2461282 ], [ 36.6796094, -1.2458696 ] ] } },
{ "type": "Feature", "properties": { "@osmId": "way/187197453", "@snapshotTimestamp": "2015-01-01T00:00:00Z" }, "geometry": { "type": "LineString", "coordinates": [ [ 36.6796608, -1.2458019 ], [ 36.6798807, -1.2460486 ] ] } },
{ "type": "Feature", "properties": { "@osmId": "way/187197442", "@snapshotTimestamp": "2015-01-01T00:00:00Z" }, "geometry": { "type": "LineString", "coordinates": [ [ 36.6796094, -1.2458696 ], [ 36.6747028, -1.2389861 ] ] } },
{ "type": "Feature", "properties": { "@osmId": "way/162817969", "@snapshotTimestamp": "2015-01-01T00:00:00Z" }, "geometry": { "type": "LineString", "coordinates": [ [ 36.674773, -1.2388195 ], [ 36.6796608, -1.2458019 ] ] } },
{ "type": "Feature", "properties": { "@osmId": "way/162817957", "@snapshotTimestamp": "2015-01-01T00:00:00Z" }, "geometry": { "type": "LineString", "coordinates": [ [ 36.6747028, -1.2389861 ], [ 36.6744834, -1.2385635 ] ] } },
{ "type": "Feature", "properties": { "@osmId": "way/162817966", "@snapshotTimestamp": "2015-01-01T00:00:00Z" }, "geometry": { "type": "LineString", "coordinates": [ [ 36.6745632, -1.2384309 ], [ 36.674773, -1.2388195 ] ] } },
{ "type": "Feature", "properties": { "@osmId": "way/162817965", "@snapshotTimestamp": "2015-01-01T00:00:00Z" }, "geometry": { "type": "LineString", "coordinates": [ [ 36.6744834, -1.2385635 ], [ 36.6714404, -1.2348348 ] ] } },
{ "type": "Feature", "properties": { "@osmId": "way/162818141", "@snapshotTimestamp": "2015-01-01T00:00:00Z" }, "geometry": { "type": "LineString", "coordinates": [ [ 36.6714741, -1.2347164 ], [ 36.6745632, -1.2384309 ] ] } },
{ "type": "Feature", "properties": { "@osmId": "way/60740535", "@snapshotTimestamp": "2015-01-01T00:00:00Z" }, "geometry": { "type": "LineString", "coordinates": [ [ 36.6730721, -1.2355393 ], [ 36.6733907, -1.2358881 ] ] } },
{ "type": "Feature", "properties": { "@osmId": "way/162818143", "@snapshotTimestamp": "2015-01-01T00:00:00Z" }, "geometry": { "type": "LineString", "coordinates": [ [ 36.6715547, -1.2345889 ], [ 36.6730721, -1.2355393 ] ] } },
{ "type": "Feature", "properties": { "@osmId": "way/197833190", "@snapshotTimestamp": "2015-01-01T00:00:00Z" }, "geometry": { "type": "LineString", "coordinates": [ [ 36.817777, -1.252018 ], [ 36.8179359, -1.2513222 ] ] } },
{ "type": "Feature", "properties": { "@osmId": "way/197833188", "@snapshotTimestamp": "2015-01-01T00:00:00Z" }, "geometry": { "type": "LineString", "coordinates": [ [ 36.8179359, -1.2513222 ], [ 36.8195827, -1.2505312 ] ] } },
{ "type": "Feature", "properties": { "@osmId": "way/24009793", "@snapshotTimestamp": "2015-01-01T00:00:00Z" }, "geometry": { "type": "LineString", "coordinates": [ [ 36.821321, -1.2502302 ], [ 36.8195827, -1.2505312 ] ] } },
{ "type": "Feature", "properties": { "@osmId": "way/40057118", "@snapshotTimestamp": "2015-01-01T00:00:00Z" }, "geometry": { "type": "LineString", "coordinates": [ [ 36.8220076, -1.2504546 ], [ 36.821321, -1.2502302 ] ] } },
{ "type": "Feature", "properties": { "@osmId": "way/24009828", "@snapshotTimestamp": "2015-01-01T00:00:00Z" }, "geometry": { "type": "LineString", "coordinates": [ [ 36.8214857, -1.2500696 ], [ 36.8220076, -1.2504546 ] ] } },
{ "type": "Feature", "properties": { "@osmId": "way/24009795", "@snapshotTimestamp": "2015-01-01T00:00:00Z" }, "geometry": { "type": "LineString", "coordinates": [ [ 36.8212028, -1.250149 ], [ 36.8212712, -1.2499462 ], [ 36.8214765, -1.2500283 ], [ 36.8214128, -1.25021 ], [ 36.8212028, -1.250149 ] ] } },
{ "type": "Feature", "properties": { "@osmId": "way/39886466", "@snapshotTimestamp": "2015-01-01T00:00:00Z" }, "geometry": { "type": "LineString", "coordinates": [ [ 36.8195827, -1.2505312 ], [ 36.8210216, -1.2495632 ] ] } },
{ "type": "Feature", "properties": { "@osmId": "way/24009876", "@snapshotTimestamp": "2015-01-01T00:00:00Z" }, "geometry": { "type": "LineString", "coordinates": [ [ 36.8212265, -1.2497338 ], [ 36.8214015, -1.2499462 ] ] } },
{ "type": "Feature", "properties": { "@osmId": "way/40315869", "@snapshotTimestamp": "2015-01-01T00:00:00Z" }, "geometry": { "type": "LineString", "coordinates": [ [ 36.8212265, -1.2497338 ], [ 36.8131503, -1.240581 ] ] } },
{ "type": "Feature", "properties": { "@osmId": "way/39885585", "@snapshotTimestamp": "2015-01-01T00:00:00Z" }, "geometry": { "type": "LineString", "coordinates": [ [ 36.8430229, -1.2573461 ], [ 36.8321172, -1.2071302 ] ] } },
{ "type": "Feature", "properties": { "@osmId": "way/231502125", "@snapshotTimestamp": "2015-01-01T00:00:00Z" }, "geometry": { "type": "LineString", "coordinates": [ [ 36.8675963, -1.2453658 ], [ 36.8790339, -1.2623124 ] ] } },
{ "type": "Feature", "properties": { "@osmId": "way/231502879", "@snapshotTimestamp": "2015-01-01T00:00:00Z" }, "geometry": { "type": "LineString", "coordinates": [ [ 36.8595903, -1.2525438 ], [ 36.857506, -1.2546666 ] ] } },
{ "type": "Feature", "properties": { "@osmId": "way/231502885", "@snapshotTimestamp": "2015-01-01T00:00:00Z" }, "geometry": { "type": "LineString", "coordinates": [ [ 36.8574341, -1.2545593 ], [ 36.8595348, -1.2524199 ] ] } },
{ "type": "Feature", "properties": { "@osmId": "way/24966570", "@snapshotTimestamp": "2015-01-01T00:00:00Z" }, "geometry": { "type": "LineString", "coordinates": [ [ 36.8667178, -1.2451896 ], [ 36.8595903, -1.2525438 ] ] } },
{ "type": "Feature", "properties": { "@osmId": "way/231502880", "@snapshotTimestamp": "2015-01-01T00:00:00Z" }, "geometry": { "type": "LineString", "coordinates": [ [ 36.8595348, -1.2524199 ], [ 36.8671373, -1.2445337 ] ] } },
{ "type": "Feature", "properties": { "@osmId": "way/231502115", "@snapshotTimestamp": "2015-01-01T00:00:00Z" }, "geometry": { "type": "LineString", "coordinates": [ [ 36.8675963, -1.2453658 ], [ 36.8667572, -1.2453958 ] ] } },
{ "type": "Feature", "properties": { "@osmId": "way/231502131", "@snapshotTimestamp": "2015-01-01T00:00:00Z" }, "geometry": { "type": "LineString", "coordinates": [ [ 36.8675963, -1.2453658 ], [ 36.8671033, -1.2449977 ] ] } },
{ "type": "Feature", "properties": { "@osmId": "way/231502140", "@snapshotTimestamp": "2015-01-01T00:00:00Z" }, "geometry": { "type": "LineString", "coordinates": [ [ 36.8671446, -1.2449091 ], [ 36.8675963, -1.2453658 ] ] } },
{ "type": "Feature", "properties": { "@osmId": "way/231502138", "@snapshotTimestamp": "2015-01-01T00:00:00Z" }, "geometry": { "type": "LineString", "coordinates": [ [ 36.8675196, -1.2446527 ], [ 36.8675963, -1.2453658 ] ] } },
{ "type": "Feature", "properties": { "@osmId": "way/231502134", "@snapshotTimestamp": "2015-01-01T00:00:00Z" }, "geometry": { "type": "LineString", "coordinates": [ [ 36.8671033, -1.2449977 ], [ 36.8668015, -1.2446828 ] ] } },
{ "type": "Feature", "properties": { "@osmId": "way/287079689", "@snapshotTimestamp": "2015-01-01T00:00:00Z" }, "geometry": { "type": "LineString", "coordinates": [ [ 37.4786776, -1.4479027 ], [ 37.4489805, -1.4417536 ] ] } },
{ "type": "Feature", "properties": { "@osmId": "way/100554336", "@snapshotTimestamp": "2015-01-01T00:00:00Z" }, "geometry": { "type": "LineString", "coordinates": [ [ 37.2404779, -1.4260811 ], [ 37.2211811, -1.3731018 ], [ 37.3423132, -1.2911072 ] ] } },
{ "type": "Feature", "properties": { "@osmId": "way/100554398", "@snapshotTimestamp": "2015-01-01T00:00:00Z" }, "geometry": { "type": "LineString", "coordinates": [ [ 37.3809052, -1.3153945 ], [ 37.3969389, -1.3625167 ], [ 37.4496389, -1.3501606 ] ] } },
{ "type": "Feature", "properties": { "@osmId": "way/100553976", "@snapshotTimestamp": "2015-01-01T00:00:00Z" }, "geometry": { "type": "LineString", "coordinates": [ [ 37.4425478, -1.1800824 ], [ 37.4687465, -1.212115 ], [ 37.4487862, -1.2416997 ], [ 37.4659524, -1.3031393 ], [ 37.4422337, -1.3286534 ], [ 37.4690511, -1.4143016 ] ] } },
{ "type": "Feature", "properties": { "@osmId": "way/34358642", "@snapshotTimestamp": "2015-01-01T00:00:00Z" }, "geometry": { "type": "LineString", "coordinates": [ [ 36.9462158, -1.2486931 ], [ 37.0048775, -1.2754907 ], [ 37.2128851, -1.2910622 ], [ 37.3215345, -1.2669391 ], [ 37.3809052, -1.3153945 ] ] } },
{ "type": "Feature", "properties": { "@osmId": "way/282360420", "@snapshotTimestamp": "2015-01-01T00:00:00Z" }, "geometry": { "type": "LineString", "coordinates": [ [ 37.8885679, -1.0298632 ], [ 37.7612565, -1.1089639 ], [ 37.6626158, -1.0977224 ], [ 37.5536476, -1.1437342 ], [ 37.4619239, -1.1436598 ], [ 37.4402615, -1.1805844 ], [ 37.292115, -1.062548 ], [ 37.0633045, -1.0413694 ] ] } },
{ "type": "Feature", "properties": { "@osmId": "way/97988623", "@snapshotTimestamp": "2015-01-01T00:00:00Z" }, "geometry": { "type": "LineString", "coordinates": [ [ 37.0347314, -1.0903155 ], [ 37.0108709, -1.1170947 ] ] } },
{ "type": "Feature", "properties": { "@osmId": "way/233060433", "@snapshotTimestamp": "2015-01-01T00:00:00Z" }, "geometry": { "type": "LineString", "coordinates": [ [ 37.0105587, -1.1169225 ], [ 37.0346559, -1.0902316 ] ] } },
{ "type": "Feature", "properties": { "@osmId": "way/288107280", "@snapshotTimestamp": "2015-01-01T00:00:00Z" }, "geometry": { "type": "LineString", "coordinates": [ [ 37.0349007, -1.0901343 ], [ 37.0347314, -1.0903155 ] ] } },
{ "type": "Feature", "properties": { "@osmId": "way/288107279", "@snapshotTimestamp": "2015-01-01T00:00:00Z" }, "geometry": { "type": "LineString", "coordinates": [ [ 37.0346559, -1.0902316 ], [ 37.034831, -1.0900413 ] ] } },
{ "type": "Feature", "properties": { "@osmId": "way/100796586", "@snapshotTimestamp": "2015-01-01T00:00:00Z" }, "geometry": { "type": "LineString", "coordinates": [ [ 36.9124131, -1.2595842 ], [ 36.9455935, -1.248705 ] ] } },
{ "type": "Feature", "properties": { "@osmId": "way/103268500", "@snapshotTimestamp": "2015-01-01T00:00:00Z" }, "geometry": { "type": "LineString", "coordinates": [ [ 36.9896253, -1.241369 ], [ 36.983067, -1.2636974 ] ] } },
{ "type": "Feature", "properties": { "@osmId": "way/118163729", "@snapshotTimestamp": "2015-01-01T00:00:00Z" }, "geometry": { "type": "LineString", "coordinates": [ [ 36.9455935, -1.248705 ], [ 36.9462158, -1.2486931 ] ] } },
{ "type": "Feature", "properties": { "@osmId": "way/120730961", "@snapshotTimestamp": "2015-01-01T00:00:00Z" }, "geometry": { "type": "LineString", "coordinates": [ [ 36.9965097, -1.1874439 ], [ 36.9896253, -1.241369 ] ] } },
{ "type": "Feature", "properties": { "@osmId": "way/184369602", "@snapshotTimestamp": "2015-01-01T00:00:00Z" }, "geometry": { "type": "LineString", "coordinates": [ [ 36.9172344, -1.2036518 ], [ 36.9164459, -1.2045075 ] ] } },
{ "type": "Feature", "properties": { "@osmId": "way/33174300", "@snapshotTimestamp": "2015-01-01T00:00:00Z" }, "geometry": { "type": "LineString", "coordinates": [ [ 36.9163591, -1.2044272 ], [ 36.9171477, -1.2035818 ] ] } },
{ "type": "Feature", "properties": { "@osmId": "way/97815365", "@snapshotTimestamp": "2015-01-01T00:00:00Z" }, "geometry": { "type": "LineString", "coordinates": [ [ 36.9184806, -1.2021327 ], [ 36.9172344, -1.2036518 ] ] } },
{ "type": "Feature", "properties": { "@osmId": "way/184369593", "@snapshotTimestamp": "2015-01-01T00:00:00Z" }, "geometry": { "type": "LineString", "coordinates": [ [ 36.9171477, -1.2035818 ], [ 36.9184216, -1.2020361 ] ] } },
{ "type": "Feature", "properties": { "@osmId": "way/97815367", "@snapshotTimestamp": "2015-01-01T00:00:00Z" }, "geometry": { "type": "LineString", "coordinates": [ [ 36.9187914, -1.2017639 ], [ 36.9184806, -1.2021327 ] ] } },
{ "type": "Feature", "properties": { "@osmId": "way/97815362", "@snapshotTimestamp": "2015-01-01T00:00:00Z" }, "geometry": { "type": "LineString", "coordinates": [ [ 36.9184216, -1.2020361 ], [ 36.9187535, -1.2016374 ] ] } },
{ "type": "Feature", "properties": { "@osmId": "way/231502117", "@snapshotTimestamp": "2015-01-01T00:00:00Z" }, "geometry": { "type": "LineString", "coordinates": [ [ 36.8668572, -1.2446215 ], [ 36.8671446, -1.2449091 ] ] } },
{ "type": "Feature", "properties": { "@osmId": "way/231502113", "@snapshotTimestamp": "2015-01-01T00:00:00Z" }, "geometry": { "type": "LineString", "coordinates": [ [ 36.8668015, -1.2446828 ], [ 36.8667342, -1.2446126 ] ] } },
{ "type": "Feature", "properties": { "@osmId": "way/247463062", "@snapshotTimestamp": "2015-01-01T00:00:00Z" }, "geometry": { "type": "LineString", "coordinates": [ [ 36.8667868, -1.2445524 ], [ 36.8668572, -1.2446215 ] ] } },
{ "type": "Feature", "properties": { "@osmId": "way/231491310", "@snapshotTimestamp": "2015-01-01T00:00:00Z" }, "geometry": { "type": "LineString", "coordinates": [ [ 36.8903953, -1.2205975 ], [ 36.8667178, -1.2451896 ] ] } },
{ "type": "Feature", "properties": { "@osmId": "way/24709502", "@snapshotTimestamp": "2015-01-01T00:00:00Z" }, "geometry": { "type": "LineString", "coordinates": [ [ 36.8671373, -1.2445337 ], [ 36.890315, -1.2204792 ] ] } },
{ "type": "Feature", "properties": { "@osmId": "way/231491312", "@snapshotTimestamp": "2015-01-01T00:00:00Z" }, "geometry": { "type": "LineString", "coordinates": [ [ 36.8930806, -1.2182281 ], [ 36.8903953, -1.2205975 ] ] } },
{ "type": "Feature", "properties": { "@osmId": "way/231491311", "@snapshotTimestamp": "2015-01-01T00:00:00Z" }, "geometry": { "type": "LineString", "coordinates": [ [ 36.890315, -1.2204792 ], [ 36.8930113, -1.218153 ] ] } },
{ "type": "Feature", "properties": { "@osmId": "way/161487291", "@snapshotTimestamp": "2015-01-01T00:00:00Z" }, "geometry": { "type": "LineString", "coordinates": [ [ 36.8354006, -1.215517 ], [ 36.8504413, -1.2155788 ] ] } },
{ "type": "Feature", "properties": { "@osmId": "way/226151407", "@snapshotTimestamp": "2015-01-01T00:00:00Z" }, "geometry": { "type": "LineString", "coordinates": [ [ 36.8508794, -1.2154746 ], [ 36.8506923, -1.2157612 ], [ 36.8504413, -1.2155788 ], [ 36.8506308, -1.2153147 ], [ 36.8508794, -1.2154746 ] ] } },
{ "type": "Feature", "properties": { "@osmId": "way/97815369", "@snapshotTimestamp": "2015-01-01T00:00:00Z" }, "geometry": { "type": "LineString", "coordinates": [ [ 36.9164459, -1.2045075 ], [ 36.8930806, -1.2182281 ] ] } },
{ "type": "Feature", "properties": { "@osmId": "way/184369607", "@snapshotTimestamp": "2015-01-01T00:00:00Z" }, "geometry": { "type": "LineString", "coordinates": [ [ 36.9209306, -1.1994233 ], [ 36.9187914, -1.2017639 ] ] } },
{ "type": "Feature", "properties": { "@osmId": "way/97815364", "@snapshotTimestamp": "2015-01-01T00:00:00Z" }, "geometry": { "type": "LineString", "coordinates": [ [ 36.9187535, -1.2016374 ], [ 36.9208061, -1.1993084 ] ] } },
{ "type": "Feature", "properties": { "@osmId": "way/184369605", "@snapshotTimestamp": "2015-01-01T00:00:00Z" }, "geometry": { "type": "LineString", "coordinates": [ [ 36.9211618, -1.1991749 ], [ 36.9209306, -1.1994233 ] ] } },
{ "type": "Feature", "properties": { "@osmId": "way/184369594", "@snapshotTimestamp": "2015-01-01T00:00:00Z" }, "geometry": { "type": "LineString", "coordinates": [ [ 36.9208061, -1.1993084 ], [ 36.9210435, -1.199072 ] ] } },
{ "type": "Feature", "properties": { "@osmId": "way/184369608", "@snapshotTimestamp": "2015-01-01T00:00:00Z" }, "geometry": { "type": "LineString", "coordinates": [ [ 36.9304318, -1.1894891 ], [ 36.9211618, -1.1991749 ] ] } },
{ "type": "Feature", "properties": { "@osmId": "way/97816393", "@snapshotTimestamp": "2015-01-01T00:00:00Z" }, "geometry": { "type": "LineString", "coordinates": [ [ 36.9210435, -1.199072 ], [ 36.9303542, -1.1894035 ] ] } },
{ "type": "Feature", "properties": { "@osmId": "way/184369603", "@snapshotTimestamp": "2015-01-01T00:00:00Z" }, "geometry": { "type": "LineString", "coordinates": [ [ 36.9322287, -1.1876211 ], [ 36.9304318, -1.1894891 ] ] } },
{ "type": "Feature", "properties": { "@osmId": "way/184369604", "@snapshotTimestamp": "2015-01-01T00:00:00Z" }, "geometry": { "type": "LineString", "coordinates": [ [ 36.9303542, -1.1894035 ], [ 36.9321377, -1.1875304 ] ] } },
{ "type": "Feature", "properties": { "@osmId": "way/231493242", "@snapshotTimestamp": "2015-01-01T00:00:00Z" }, "geometry": { "type": "LineString", "coordinates": [ [ 36.9562421, -1.1664814 ], [ 36.9322287, -1.1876211 ] ] } },
{ "type": "Feature", "properties": { "@osmId": "way/184369606", "@snapshotTimestamp": "2015-01-01T00:00:00Z" }, "geometry": { "type": "LineString", "coordinates": [ [ 36.9321377, -1.1875304 ], [ 36.9561756, -1.1663956 ] ] } },
{ "type": "Feature", "properties": { "@osmId": "way/84658296", "@snapshotTimestamp": "2015-01-01T00:00:00Z" }, "geometry": { "type": "LineString", "coordinates": [ [ 36.9583161, -1.1651894 ], [ 36.9965097, -1.1874439 ] ] } },
{ "type": "Feature", "properties": { "@osmId": "way/229412246", "@snapshotTimestamp": "2015-01-01T00:00:00Z" }, "geometry": { "type": "LineString", "coordinates": [ [ 36.9070221, -1.1855344 ], [ 36.926145, -1.1551629 ] ] } },
{ "type": "Feature", "properties": { "@osmId": "way/231493244", "@snapshotTimestamp": "2015-01-01T00:00:00Z" }, "geometry": { "type": "LineString", "coordinates": [ [ 36.9566691, -1.1650823 ], [ 36.9573185, -1.1653932 ] ] } },
{ "type": "Feature", "properties": { "@osmId": "way/231493247", "@snapshotTimestamp": "2015-01-01T00:00:00Z" }, "geometry": { "type": "LineString", "coordinates": [ [ 36.9575706, -1.1648005 ], [ 36.9574472, -1.1650955 ] ] } },
{ "type": "Feature", "properties": { "@osmId": "way/231493340", "@snapshotTimestamp": "2015-01-01T00:00:00Z" }, "geometry": { "type": "LineString", "coordinates": [ [ 36.9577592, -1.1644393 ], [ 36.9573185, -1.1653932 ] ] } },
{ "type": "Feature", "properties": { "@osmId": "way/231493252", "@snapshotTimestamp": "2015-01-01T00:00:00Z" }, "geometry": { "type": "LineString", "coordinates": [ [ 36.957356, -1.1651304 ], [ 36.9568901, -1.1650052 ], [ 36.9569108, -1.1645431 ], [ 36.9575545, -1.1646879 ], [ 36.957356, -1.1651304 ] ] } },
{ "type": "Feature", "properties": { "@osmId": "way/231493253", "@snapshotTimestamp": "2015-01-01T00:00:00Z" }, "geometry": { "type": "LineString", "coordinates": [ [ 36.9578655, -1.1630943 ], [ 36.9562421, -1.1664814 ] ] } },
{ "type": "Feature", "properties": { "@osmId": "way/169041727", "@snapshotTimestamp": "2015-01-01T00:00:00Z" }, "geometry": { "type": "LineString", "coordinates": [ [ 36.9561756, -1.1663956 ], [ 36.9577838, -1.1630293 ] ] } },
{ "type": "Feature", "properties": { "@osmId": "way/231493341", "@snapshotTimestamp": "2015-01-01T00:00:00Z" }, "geometry": { "type": "LineString", "coordinates": [ [ 36.9565709, -1.1652545 ], [ 36.9570878, -1.1641543 ] ] } },
{ "type": "Feature", "properties": { "@osmId": "way/231493258", "@snapshotTimestamp": "2015-01-01T00:00:00Z" }, "geometry": { "type": "LineString", "coordinates": [ [ 36.9567921, -1.1648666 ], [ 36.9569108, -1.1645431 ] ] } },
{ "type": "Feature", "properties": { "@osmId": "way/231493245", "@snapshotTimestamp": "2015-01-01T00:00:00Z" }, "geometry": { "type": "LineString", "coordinates": [ [ 36.9577592, -1.1644393 ], [ 36.9570878, -1.1641543 ] ] } },
{ "type": "Feature", "properties": { "@osmId": "way/161487252", "@snapshotTimestamp": "2015-01-01T00:00:00Z" }, "geometry": { "type": "LineString", "coordinates": [ [ 36.9509886, -1.1628532 ], [ 36.9560092, -1.1644383 ] ] } },
{ "type": "Feature", "properties": { "@osmId": "way/161487256", "@snapshotTimestamp": "2015-01-01T00:00:00Z" }, "geometry": { "type": "LineString", "coordinates": [ [ 36.9498852, -1.1624891 ], [ 36.9509886, -1.1628532 ] ] } },
{ "type": "Feature", "properties": { "@osmId": "way/231493760", "@snapshotTimestamp": "2015-01-01T00:00:00Z" }, "geometry": { "type": "LineString", "coordinates": [ [ 36.9583323, -1.1616137 ], [ 36.9582653, -1.1623736 ] ] } },
{ "type": "Feature", "properties": { "@osmId": "way/231493757", "@snapshotTimestamp": "2015-01-01T00:00:00Z" }, "geometry": { "type": "LineString", "coordinates": [ [ 36.9578874, -1.16209 ], [ 36.9582851, -1.1613777 ] ] } },
{ "type": "Feature", "properties": { "@osmId": "way/231493754", "@snapshotTimestamp": "2015-01-01T00:00:00Z" }, "geometry": { "type": "LineString", "coordinates": [ [ 36.9587975, -1.160618 ], [ 36.958424, -1.1613052 ] ] } },
{ "type": "Feature", "properties": { "@osmId": "way/231493762", "@snapshotTimestamp": "2015-01-01T00:00:00Z" }, "geometry": { "type": "LineString", "coordinates": [ [ 36.9583594, -1.1611251 ], [ 36.9584088, -1.1603875 ] ] } },
{ "type": "Feature", "properties": { "@osmId": "way/231493248", "@snapshotTimestamp": "2015-01-01T00:00:00Z" }, "geometry": { "type": "LineString", "coordinates": [ [ 36.9265167, -1.1550399 ], [ 36.9498852, -1.1624891 ] ] } },
{ "type": "Feature", "properties": { "@osmId": "way/247463068", "@snapshotTimestamp": "2015-01-01T00:00:00Z" }, "geometry": { "type": "LineString", "coordinates": [ [ 36.9578874, -1.16209 ], [ 36.9601642, -1.1547245 ] ] } },
{ "type": "Feature", "properties": { "@osmId": "way/231493246", "@snapshotTimestamp": "2015-01-01T00:00:00Z" }, "geometry": { "type": "LineString", "coordinates": [ [ 36.962571, -1.1491532 ], [ 36.9582653, -1.1623736 ] ] } },
{ "type": "Feature", "properties": { "@osmId": "way/231493251", "@snapshotTimestamp": "2015-01-01T00:00:00Z" }, "geometry": { "type": "LineString", "coordinates": [ [ 36.926091, -1.1550753 ], [ 36.9262662, -1.1547902 ], [ 36.9265168, -1.1549752 ], [ 36.9263572, -1.1552189 ], [ 36.926091, -1.1550753 ] ] } },
{ "type": "Feature", "properties": { "@osmId": "way/97684962", "@snapshotTimestamp": "2015-01-01T00:00:00Z" }, "geometry": { "type": "LineString", "coordinates": [ [ 36.9577838, -1.1630293 ], [ 36.9630327, -1.1467464 ] ] } },
{ "type": "Feature", "properties": { "@osmId": "way/97684961", "@snapshotTimestamp": "2015-01-01T00:00:00Z" }, "geometry": { "type": "LineString", "coordinates": [ [ 36.9632515, -1.146564 ], [ 36.9578655, -1.1630943 ] ] } },
{ "type": "Feature", "properties": { "@osmId": "way/231493758", "@snapshotTimestamp": "2015-01-01T00:00:00Z" }, "geometry": { "type": "LineString", "coordinates": [ [ 36.9601642, -1.1547245 ], [ 36.9600811, -1.1539784 ] ] } },
{ "type": "Feature", "properties": { "@osmId": "way/97677241", "@snapshotTimestamp": "2015-01-01T00:00:00Z" }, "geometry": { "type": "LineString", "coordinates": [ [ 36.9578115, -1.1486443 ], [ 36.88166, -1.1592519 ] ] } },
{ "type": "Feature", "properties": { "@osmId": "way/231493764", "@snapshotTimestamp": "2015-01-01T00:00:00Z" }, "geometry": { "type": "LineString", "coordinates": [ [ 36.9600811, -1.1539784 ], [ 36.959324, -1.1527789 ] ] } },
{ "type": "Feature", "properties": { "@osmId": "way/97694669", "@snapshotTimestamp": "2015-01-01T00:00:00Z" }, "geometry": { "type": "LineString", "coordinates": [ [ 36.9589664, -1.15248 ], [ 36.959324, -1.1527789 ] ] } },
{ "type": "Feature", "properties": { "@osmId": "way/97694671", "@snapshotTimestamp": "2015-01-01T00:00:00Z" }, "geometry": { "type": "LineString", "coordinates": [ [ 36.9584316, -1.1520974 ], [ 36.9589664, -1.15248 ] ] } },
{ "type": "Feature", "properties": { "@osmId": "way/97677237", "@snapshotTimestamp": "2015-01-01T00:00:00Z" }, "geometry": { "type": "LineString", "coordinates": [ [ 36.9569165, -1.148824 ], [ 36.9584316, -1.1520974 ] ] } },
{ "type": "Feature", "properties": { "@osmId": "way/97677245", "@snapshotTimestamp": "2015-01-01T00:00:00Z" }, "geometry": { "type": "LineString", "coordinates": [ [ 36.9604051, -1.1484226 ], [ 36.9578115, -1.1486443 ] ] } },
{ "type": "Feature", "properties": { "@osmId": "way/97676904", "@snapshotTimestamp": "2015-01-01T00:00:00Z" }, "geometry": { "type": "LineString", "coordinates": [ [ 36.9578115, -1.1486443 ], [ 36.9603582, -1.1481246 ] ] } },
{ "type": "Feature", "properties": { "@osmId": "way/97677242", "@snapshotTimestamp": "2015-01-01T00:00:00Z" }, "geometry": { "type": "LineString", "coordinates": [ [ 36.9604315, -1.1480951 ], [ 36.9606237, -1.1482435 ], [ 36.9604631, -1.1484304 ], [ 36.9602877, -1.1482526 ], [ 36.9604315, -1.1480951 ] ] } },
{ "type": "Feature", "properties": { "@osmId": "way/97677246", "@snapshotTimestamp": "2015-01-01T00:00:00Z" }, "geometry": { "type": "LineString", "coordinates": [ [ 36.9603582, -1.1481246 ], [ 36.9604901, -1.1480968 ] ] } },
{ "type": "Feature", "properties": { "@osmId": "way/97677247", "@snapshotTimestamp": "2015-01-01T00:00:00Z" }, "geometry": { "type": "LineString", "coordinates": [ [ 36.9604901, -1.1480968 ], [ 36.9605698, -1.1483864 ] ] } },
{ "type": "Feature", "properties": { "@osmId": "way/97684955", "@snapshotTimestamp": "2015-01-01T00:00:00Z" }, "geometry": { "type": "LineString", "coordinates": [ [ 36.9627981, -1.1470183 ], [ 36.9619345, -1.1474179 ] ] } },
{ "type": "Feature", "properties": { "@osmId": "way/97684954", "@snapshotTimestamp": "2015-01-01T00:00:00Z" }, "geometry": { "type": "LineString", "coordinates": [ [ 36.9634116, -1.1466886 ], [ 36.9627981, -1.1470183 ] ] } },
{ "type": "Feature", "properties": { "@osmId": "way/97684967", "@snapshotTimestamp": "2015-01-01T00:00:00Z" }, "geometry": { "type": "LineString", "coordinates": [ [ 36.9659631, -1.1449751 ], [ 36.9634116, -1.1466886 ] ] } },
{ "type": "Feature", "properties": { "@osmId": "way/245637026", "@snapshotTimestamp": "2015-01-01T00:00:00Z" }, "geometry": { "type": "LineString", "coordinates": [ [ 36.9663282, -1.1472649 ], [ 36.9684669, -1.1436278 ] ] } },
{ "type": "Feature", "properties": { "@osmId": "way/97676906", "@snapshotTimestamp": "2015-01-01T00:00:00Z" }, "geometry": { "type": "LineString", "coordinates": [ [ 36.9630327, -1.1467464 ], [ 36.967574, -1.1417396 ] ] } },
{ "type": "Feature", "properties": { "@osmId": "way/97676908", "@snapshotTimestamp": "2015-01-01T00:00:00Z" }, "geometry": { "type": "LineString", "coordinates": [ [ 36.9676906, -1.1417998 ], [ 36.9632515, -1.146564 ] ] } },
{ "type": "Feature", "properties": { "@osmId": "way/97694543", "@snapshotTimestamp": "2015-01-01T00:00:00Z" }, "geometry": { "type": "LineString", "coordinates": [ [ 36.968168, -1.1410864 ], [ 36.9676906, -1.1417998 ] ] } },
{ "type": "Feature", "properties": { "@osmId": "way/97694537", "@snapshotTimestamp": "2015-01-01T00:00:00Z" }, "geometry": { "type": "LineString", "coordinates": [ [ 36.967574, -1.1417396 ], [ 36.9680794, -1.1409709 ] ] } },
{ "type": "Feature", "properties": { "@osmId": "way/231498618", "@snapshotTimestamp": "2015-01-01T00:00:00Z" }, "geometry": { "type": "LineString", "coordinates": [ [ 36.9833823, -1.1304036 ], [ 36.9656261, -1.1440694 ] ] } },
{ "type": "Feature", "properties": { "@osmId": "way/231498620", "@snapshotTimestamp": "2015-01-01T00:00:00Z" }, "geometry": { "type": "LineString", "coordinates": [ [ 36.9742947, -1.1331253 ], [ 36.968168, -1.1410864 ] ] } },
{ "type": "Feature", "properties": { "@osmId": "way/97694540", "@snapshotTimestamp": "2015-01-01T00:00:00Z" }, "geometry": { "type": "LineString", "coordinates": [ [ 36.9680794, -1.1409709 ], [ 36.9742093, -1.1329954 ] ] } },
{ "type": "Feature", "properties": { "@osmId": "way/231498629", "@snapshotTimestamp": "2015-01-01T00:00:00Z" }, "geometry": { "type": "LineString", "coordinates": [ [ 36.9745278, -1.1330008 ], [ 36.9742947, -1.1331253 ] ] } },
{ "type": "Feature", "properties": { "@osmId": "way/231498625", "@snapshotTimestamp": "2015-01-01T00:00:00Z" }, "geometry": { "type": "LineString", "coordinates": [ [ 36.9742093, -1.1329954 ], [ 36.9744617, -1.1328601 ] ] } },
{ "type": "Feature", "properties": { "@osmId": "way/247463752", "@snapshotTimestamp": "2015-01-01T00:00:00Z" }, "geometry": { "type": "LineString", "coordinates": [ [ 36.9833823, -1.1304036 ], [ 36.9745278, -1.1330008 ] ] } },
{ "type": "Feature", "properties": { "@osmId": "way/231498628", "@snapshotTimestamp": "2015-01-01T00:00:00Z" }, "geometry": { "type": "LineString", "coordinates": [ [ 36.9744617, -1.1328601 ], [ 36.9841294, -1.1300842 ] ] } },
{ "type": "Feature", "properties": { "@osmId": "way/233060431", "@snapshotTimestamp": "2015-01-01T00:00:00Z" }, "geometry": { "type": "LineString", "coordinates": [ [ 37.0108709, -1.1170947 ], [ 36.9833823, -1.1304036 ] ] } },
{ "type": "Feature", "properties": { "@osmId": "way/231491309", "@snapshotTimestamp": "2015-01-01T00:00:00Z" }, "geometry": { "type": "LineString", "coordinates": [ [ 36.8930113, -1.218153 ], [ 36.9163591, -1.2044272 ] ] } },
{ "type": "Feature", "properties": { "@osmId": "way/226151337", "@snapshotTimestamp": "2015-01-01T00:00:00Z" }, "geometry": { "type": "LineString", "coordinates": [ [ 36.8508825, -1.2154863 ], [ 36.9068425, -1.1859535 ] ] } },
{ "type": "Feature", "properties": { "@osmId": "way/228791222", "@snapshotTimestamp": "2015-01-01T00:00:00Z" }, "geometry": { "type": "LineString", "coordinates": [ [ 36.9067472, -1.1856039 ], [ 36.9070707, -1.1855642 ], [ 36.9071257, -1.1858565 ], [ 36.9068425, -1.1859535 ], [ 36.9067472, -1.1856039 ] ] } },
{ "type": "Feature", "properties": { "@osmId": "way/56311433", "@snapshotTimestamp": "2015-01-01T00:00:00Z" }, "geometry": { "type": "LineString", "coordinates": [ [ 36.8323041, -1.1736019 ], [ 36.88166, -1.1592519 ] ] } },
{ "type": "Feature", "properties": { "@osmId": "way/97085097", "@snapshotTimestamp": "2015-01-01T00:00:00Z" }, "geometry": { "type": "LineString", "coordinates": [ [ 36.8661262, -1.0939903 ], [ 36.8459755, -1.1023668 ], [ 36.8401191, -1.1620788 ] ] } },
{ "type": "Feature", "properties": { "@osmId": "way/84629930", "@snapshotTimestamp": "2015-01-01T00:00:00Z" }, "geometry": { "type": "LineString", "coordinates": [ [ 36.783362, -1.0643985 ], [ 36.858517, -1.0818689 ], [ 36.9603948, -1.1478863 ] ] } },
{ "type": "Feature", "properties": { "@osmId": "way/97735962", "@snapshotTimestamp": "2015-01-01T00:00:00Z" }, "geometry": { "type": "LineString", "coordinates": [ [ 36.8631531, -1.0888588 ], [ 36.8612553, -1.0470659 ] ] } },
{ "type": "Feature", "properties": { "@osmId": "way/98028210", "@snapshotTimestamp": "2015-01-01T00:00:00Z" }, "geometry": { "type": "LineString", "coordinates": [ [ 36.8612553, -1.0470659 ], [ 36.8940204, -1.0434927 ] ] } },
{ "type": "Feature", "properties": { "@osmId": "way/128059420", "@snapshotTimestamp": "2015-01-01T00:00:00Z" }, "geometry": { "type": "LineString", "coordinates": [ [ 36.899156, -1.0474232 ], [ 36.8940204, -1.0434927 ] ] } },
{ "type": "Feature", "properties": { "@osmId": "way/97996651", "@snapshotTimestamp": "2015-01-01T00:00:00Z" }, "geometry": { "type": "LineString", "coordinates": [ [ 36.8973817, -1.0209569 ], [ 36.899156, -1.0474232 ] ] } },
{ "type": "Feature", "properties": { "@osmId": "way/97988621", "@snapshotTimestamp": "2015-01-01T00:00:00Z" }, "geometry": { "type": "LineString", "coordinates": [ [ 37.0533806, -1.0635209 ], [ 37.0349007, -1.0901343 ] ] } },
{ "type": "Feature", "properties": { "@osmId": "way/288107278", "@snapshotTimestamp": "2015-01-01T00:00:00Z" }, "geometry": { "type": "LineString", "coordinates": [ [ 37.034831, -1.0900413 ], [ 37.056136, -1.0549777 ] ] } },
{ "type": "Feature", "properties": { "@osmId": "way/33196624", "@snapshotTimestamp": "2015-01-01T00:00:00Z" }, "geometry": { "type": "LineString", "coordinates": [ [ 37.0619591, -1.0418666 ], [ 37.0473425, -1.0743565 ] ] } },
{ "type": "Feature", "properties": { "@osmId": "way/233060278", "@snapshotTimestamp": "2015-01-01T00:00:00Z" }, "geometry": { "type": "LineString", "coordinates": [ [ 37.0452121, -1.0767937 ], [ 37.1320554, -0.9370073 ] ] } },
{ "type": "Feature", "properties": { "@osmId": "way/233303773", "@snapshotTimestamp": "2015-01-01T00:00:00Z" }, "geometry": { "type": "LineString", "coordinates": [ [ 37.1320554, -0.9370073 ], [ 37.0619591, -1.0418666 ] ] } },
{ "type": "Feature", "properties": { "@osmId": "way/248688776", "@snapshotTimestamp": "2015-01-01T00:00:00Z" }, "geometry": { "type": "LineString", "coordinates": [ [ 37.0739722, -0.9975799 ], [ 37.1177756, -0.9476176 ] ] } },
{ "type": "Feature", "properties": { "@osmId": "way/288106262", "@snapshotTimestamp": "2015-01-01T00:00:00Z" }, "geometry": { "type": "LineString", "coordinates": [ [ 37.1239011, -0.9411873 ], [ 37.121761, -0.9442071 ] ] } },
{ "type": "Feature", "properties": { "@osmId": "way/288103398", "@snapshotTimestamp": "2015-01-01T00:00:00Z" }, "geometry": { "type": "LineString", "coordinates": [ [ 37.1602408, -0.930051 ], [ 37.1320554, -0.9370073 ] ] } },
{ "type": "Feature", "properties": { "@osmId": "way/288103399", "@snapshotTimestamp": "2015-01-01T00:00:00Z" }, "geometry": { "type": "LineString", "coordinates": [ [ 37.1605739, -0.9300849 ], [ 37.1602408, -0.930051 ] ] } },
{ "type": "Feature", "properties": { "@osmId": "way/287705712", "@snapshotTimestamp": "2015-01-01T00:00:00Z" }, "geometry": { "type": "LineString", "coordinates": [ [ 37.1572054, -0.7495246 ], [ 37.1344286, -0.7923546 ], [ 37.1236774, -0.9404273 ] ] } },
{ "type": "Feature", "properties": { "@osmId": "way/247463758", "@snapshotTimestamp": "2015-01-01T00:00:00Z" }, "geometry": { "type": "LineString", "coordinates": [ [ 36.9841294, -1.1300842 ], [ 37.0105587, -1.1169225 ] ] } },
{ "type": "Feature", "properties": { "@osmId": "way/41445881", "@snapshotTimestamp": "2015-01-01T00:00:00Z" }, "geometry": { "type": "LineString", "coordinates": [ [ 37.0612371, -1.0435003 ], [ 36.9598418, -0.9846302 ] ] } },
{ "type": "Feature", "properties": { "@osmId": "way/128060308", "@snapshotTimestamp": "2015-01-01T00:00:00Z" }, "geometry": { "type": "LineString", "coordinates": [ [ 36.9598418, -0.9846302 ], [ 36.918734, -0.999314 ] ] } },
{ "type": "Feature", "properties": { "@osmId": "way/291308198", "@snapshotTimestamp": "2015-01-01T00:00:00Z" }, "geometry": { "type": "LineString", "coordinates": [ [ 37.0674313, -1.0232602 ], [ 36.9745021, -0.9425886 ] ] } },
{ "type": "Feature", "properties": { "@osmId": "way/128064497", "@snapshotTimestamp": "2015-01-01T00:00:00Z" }, "geometry": { "type": "LineString", "coordinates": [ [ 37.0751403, -1.0109042 ], [ 36.9572276, -0.8550818 ] ] } },
{ "type": "Feature", "properties": { "@osmId": "way/219156487", "@snapshotTimestamp": "2015-01-01T00:00:00Z" }, "geometry": { "type": "LineString", "coordinates": [ [ 36.9745021, -0.9425886 ], [ 36.9179758, -0.9156532 ] ] } },
{ "type": "Feature", "properties": { "@osmId": "way/248804253", "@snapshotTimestamp": "2015-01-01T00:00:00Z" }, "geometry": { "type": "LineString", "coordinates": [ [ 36.9756776, -0.834448 ], [ 36.9572276, -0.8550818 ] ] } },
{ "type": "Feature", "properties": { "@osmId": "way/248805043", "@snapshotTimestamp": "2015-01-01T00:00:00Z" }, "geometry": { "type": "LineString", "coordinates": [ [ 36.9774669, -0.7983066 ], [ 36.9756776, -0.834448 ] ] } },
{ "type": "Feature", "properties": { "@osmId": "way/248805297", "@snapshotTimestamp": "2015-01-01T00:00:00Z" }, "geometry": { "type": "LineString", "coordinates": [ [ 36.9877178, -0.7085815 ], [ 36.9622603, -0.7326682 ], [ 36.9905593, -0.7652759 ], [ 36.9762867, -0.7984987 ] ] } },
{ "type": "Feature", "properties": { "@osmId": "way/304629492", "@snapshotTimestamp": "2015-01-01T00:00:00Z" }, "geometry": { "type": "LineString", "coordinates": [ [ 36.9707933, -0.6864903 ], [ 36.9877178, -0.7085815 ] ] } },
{ "type": "Feature", "properties": { "@osmId": "way/287705715", "@snapshotTimestamp": "2015-01-01T00:00:00Z" }, "geometry": { "type": "LineString", "coordinates": [ [ 37.1577005, -0.7494844 ], [ 37.1572054, -0.7495246 ] ] } },
{ "type": "Feature", "properties": { "@osmId": "way/33201465", "@snapshotTimestamp": "2015-01-01T00:00:00Z" }, "geometry": { "type": "LineString", "coordinates": [ [ 37.6758146, -0.9416825 ], [ 37.6962318, -0.8236435 ], [ 37.6587238, -0.7888426 ], [ 37.6471367, -0.6778297 ], [ 37.5667133, -0.6552578 ], [ 37.4521408, -0.5369848 ] ] } },
{ "type": "Feature", "properties": { "@osmId": "way/76345560", "@snapshotTimestamp": "2015-01-01T00:00:00Z" }, "geometry": { "type": "LineString", "coordinates": [ [ 37.1521296, -0.7279577 ], [ 37.1577005, -0.7494844 ] ] } },
{ "type": "Feature", "properties": { "@osmId": "way/295478018", "@snapshotTimestamp": "2015-01-01T00:00:00Z" }, "geometry": { "type": "LineString", "coordinates": [ [ 37.3502564, -0.6892732 ], [ 37.3201504, -0.7491791 ], [ 37.276694, -0.7563068 ] ] } },
{ "type": "Feature", "properties": { "@osmId": "way/287707356", "@snapshotTimestamp": "2015-01-01T00:00:00Z" }, "geometry": { "type": "LineString", "coordinates": [ [ 37.1612131, -0.7231269 ], [ 37.158738, -0.7217222 ] ] } },
{ "type": "Feature", "properties": { "@osmId": "way/248862376", "@snapshotTimestamp": "2015-01-01T00:00:00Z" }, "geometry": { "type": "LineString", "coordinates": [ [ 36.9877178, -0.7085815 ], [ 37.1521296, -0.7279577 ] ] } },
{ "type": "Feature", "properties": { "@osmId": "way/240883002", "@snapshotTimestamp": "2015-01-01T00:00:00Z" }, "geometry": { "type": "LineString", "coordinates": [ [ 37.2038074, -0.6710895 ], [ 37.1521296, -0.7279577 ] ] } },
{ "type": "Feature", "properties": { "@osmId": "way/295478017", "@snapshotTimestamp": "2015-01-01T00:00:00Z" }, "geometry": { "type": "LineString", "coordinates": [ [ 37.3505261, -0.6891516 ], [ 37.3502564, -0.6892732 ] ] } },
{ "type": "Feature", "properties": { "@osmId": "way/295617217", "@snapshotTimestamp": "2015-01-01T00:00:00Z" }, "geometry": { "type": "LineString", "coordinates": [ [ 37.0434231, -0.4457259 ], [ 37.1847134, -0.531761 ], [ 37.1962882, -0.6476042 ], [ 37.2442056, -0.6686283 ], [ 37.2765212, -0.7399522 ], [ 37.2636331, -0.8091253 ], [ 37.2312426, -0.830559 ], [ 37.2285079, -0.8920078 ], [ 37.1605739, -0.9300849 ] ] } },
{ "type": "Feature", "properties": { "@osmId": "way/240883001", "@snapshotTimestamp": "2015-01-01T00:00:00Z" }, "geometry": { "type": "LineString", "coordinates": [ [ 37.2042298, -0.6709438 ], [ 37.2038074, -0.6710895 ] ] } },
{ "type": "Feature", "properties": { "@osmId": "way/240883000", "@snapshotTimestamp": "2015-01-01T00:00:00Z" }, "geometry": { "type": "LineString", "coordinates": [ [ 37.2104142, -0.6655682 ], [ 37.2042298, -0.6709438 ] ] } },
{ "type": "Feature", "properties": { "@osmId": "way/295465802", "@snapshotTimestamp": "2015-01-01T00:00:00Z" }, "geometry": { "type": "LineString", "coordinates": [ [ 37.3886641, -0.5477024 ], [ 37.3531351, -0.5785592 ], [ 37.3505261, -0.6891516 ] ] } },
{ "type": "Feature", "properties": { "@osmId": "way/34128963", "@snapshotTimestamp": "2015-01-01T00:00:00Z" }, "geometry": { "type": "LineString", "coordinates": [ [ 37.2116245, -0.6660827 ], [ 37.2776825, -0.5908229 ], [ 37.3637535, -0.5571006 ] ] } },
{ "type": "Feature", "properties": { "@osmId": "way/295465801", "@snapshotTimestamp": "2015-01-01T00:00:00Z" }, "geometry": { "type": "LineString", "coordinates": [ [ 37.3888178, -0.5475641 ], [ 37.3886641, -0.5477024 ] ] } },
{ "type": "Feature", "properties": { "@osmId": "way/285469084", "@snapshotTimestamp": "2015-01-01T00:00:00Z" }, "geometry": { "type": "LineString", "coordinates": [ [ 37.4486609, -0.5452418 ], [ 37.3888178, -0.5475641 ] ] } },
{ "type": "Feature", "properties": { "@osmId": "way/285469085", "@snapshotTimestamp": "2015-01-01T00:00:00Z" }, "geometry": { "type": "LineString", "coordinates": [ [ 37.4487653, -0.5452675 ], [ 37.4486609, -0.5452418 ] ] } },
{ "type": "Feature", "properties": { "@osmId": "way/33202166", "@snapshotTimestamp": "2015-01-01T00:00:00Z" }, "geometry": { "type": "LineString", "coordinates": [ [ 37.4521408, -0.5369848 ], [ 37.4487653, -0.5452675 ] ] } },
{ "type": "Feature", "properties": { "@osmId": "way/33202170", "@snapshotTimestamp": "2015-01-01T00:00:00Z" }, "geometry": { "type": "LineString", "coordinates": [ [ 37.4518061, -0.5367187 ], [ 37.4516694, -0.5372133 ] ] } },
{ "type": "Feature", "properties": { "@osmId": "way/33402885", "@snapshotTimestamp": "2015-01-01T00:00:00Z" }, "geometry": { "type": "LineString", "coordinates": [ [ 37.139538, -0.4870749 ], [ 37.2445036, -0.4714091 ], [ 37.3213009, -0.5679803 ] ] } },
{ "type": "Feature", "properties": { "@osmId": "way/34091312", "@snapshotTimestamp": "2015-01-01T00:00:00Z" }, "geometry": { "type": "LineString", "coordinates": [ [ 37.5582183, -0.4701614 ], [ 37.6450129, -0.4715628 ] ] } },
{ "type": "Feature", "properties": { "@osmId": "way/304629493", "@snapshotTimestamp": "2015-01-01T00:00:00Z" }, "geometry": { "type": "LineString", "coordinates": [ [ 36.9708282, -0.6863731 ], [ 36.9707442, -0.6863404 ], [ 36.9706835, -0.6863684 ], [ 36.9707722, -0.6864945 ], [ 36.9708282, -0.6863731 ] ] } },
{ "type": "Feature", "properties": { "@osmId": "way/34128842", "@snapshotTimestamp": "2015-01-01T00:00:00Z" }, "geometry": { "type": "LineString", "coordinates": [ [ 36.954855, -0.6285706 ], [ 36.9543204, -0.6833974 ], [ 36.9706912, -0.686353 ] ] } },
{ "type": "Feature", "properties": { "@osmId": "way/209328592", "@snapshotTimestamp": "2015-01-01T00:00:00Z" }, "geometry": { "type": "LineString", "coordinates": [ [ 36.9546294, -0.628262 ], [ 36.954855, -0.6285706 ] ] } },
{ "type": "Feature", "properties": { "@osmId": "way/209328595", "@snapshotTimestamp": "2015-01-01T00:00:00Z" }, "geometry": { "type": "LineString", "coordinates": [ [ 36.9529874, -0.6025263 ], [ 36.9546294, -0.628262 ] ] } },
{ "type": "Feature", "properties": { "@osmId": "way/97540774", "@snapshotTimestamp": "2015-01-01T00:00:00Z" }, "geometry": { "type": "LineString", "coordinates": [ [ 36.9413315, -0.5711022 ], [ 36.9529874, -0.6025263 ] ] } },
{ "type": "Feature", "properties": { "@osmId": "way/209328589", "@snapshotTimestamp": "2015-01-01T00:00:00Z" }, "geometry": { "type": "LineString", "coordinates": [ [ 36.9411921, -0.5709606 ], [ 36.9413315, -0.5711022 ] ] } },
{ "type": "Feature", "properties": { "@osmId": "way/169411572", "@snapshotTimestamp": "2015-01-01T00:00:00Z" }, "geometry": { "type": "LineString", "coordinates": [ [ 36.9404147, -0.4641109 ], [ 36.9411921, -0.5709606 ] ] } },
{ "type": "Feature", "properties": { "@osmId": "way/169410308", "@snapshotTimestamp": "2015-01-01T00:00:00Z" }, "geometry": { "type": "LineString", "coordinates": [ [ 36.957605, -0.4363337 ], [ 36.9404147, -0.4641109 ] ] } },
{ "type": "Feature", "properties": { "@osmId": "way/41445882", "@snapshotTimestamp": "2015-01-01T00:00:00Z" }, "geometry": { "type": "LineString", "coordinates": [ [ 36.9483268, -0.4215057 ], [ 37.0118914, -0.4624982 ] ] } },
{ "type": "Feature", "properties": { "@osmId": "way/169410306", "@snapshotTimestamp": "2015-01-01T00:00:00Z" }, "geometry": { "type": "LineString", "coordinates": [ [ 36.9595976, -0.4312787 ], [ 36.957605, -0.4363337 ] ] } },
{ "type": "Feature", "properties": { "@osmId": "way/98240942", "@snapshotTimestamp": "2015-01-01T00:00:00Z" }, "geometry": { "type": "LineString", "coordinates": [ [ 36.8973817, -1.0209569 ], [ 36.8917723, -1.0152079 ] ] } },
{ "type": "Feature", "properties": { "@osmId": "way/97993271", "@snapshotTimestamp": "2015-01-01T00:00:00Z" }, "geometry": { "type": "LineString", "coordinates": [ [ 36.8917723, -1.0152079 ], [ 36.925127, -1.013319 ], [ 36.918734, -0.999314 ] ] } },
{ "type": "Feature", "properties": { "@osmId": "way/97676907", "@snapshotTimestamp": "2015-01-01T00:00:00Z" }, "geometry": { "type": "LineString", "coordinates": [ [ 36.9598418, -0.9846302 ], [ 36.8561939, -0.9065853 ] ] } },
{ "type": "Feature", "properties": { "@osmId": "way/219156486", "@snapshotTimestamp": "2015-01-01T00:00:00Z" }, "geometry": { "type": "LineString", "coordinates": [ [ 36.9179758, -0.9156532 ], [ 36.8495333, -0.8474949 ], [ 36.8278954, -0.8608524 ], [ 36.7932198, -0.8414568 ] ] } },
{ "type": "Feature", "properties": { "@osmId": "way/35313852", "@snapshotTimestamp": "2015-01-01T00:00:00Z" }, "geometry": { "type": "LineString", "coordinates": [ [ 36.9049118, -0.3292971 ], [ 36.9015021, -0.3165426 ] ] } },
{ "type": "Feature", "properties": { "@osmId": "way/295728261", "@snapshotTimestamp": "2015-01-01T00:00:00Z" }, "geometry": { "type": "LineString", "coordinates": [ [ 36.9015021, -0.3165426 ], [ 36.9013019, -0.3163908 ] ] } },
{ "type": "Feature", "properties": { "@osmId": "way/295728259", "@snapshotTimestamp": "2015-01-01T00:00:00Z" }, "geometry": { "type": "LineString", "coordinates": [ [ 36.9013019, -0.3163908 ], [ 36.8748157, -0.2533049 ] ] } },
{ "type": "Feature", "properties": { "@osmId": "way/35313851", "@snapshotTimestamp": "2015-01-01T00:00:00Z" }, "geometry": { "type": "LineString", "coordinates": [ [ 36.8748157, -0.2533049 ], [ 36.836223, -0.1994258 ] ] } },
{ "type": "Feature", "properties": { "@osmId": "way/316785580", "@snapshotTimestamp": "2015-01-01T00:00:00Z" }, "geometry": { "type": "LineString", "coordinates": [ [ 36.9006065, 0.0907291 ], [ 36.9008587, 0.0905595 ] ] } },
{ "type": "Feature", "properties": { "@osmId": "way/41446528", "@snapshotTimestamp": "2015-01-01T00:00:00Z" }, "geometry": { "type": "LineString", "coordinates": [ [ 36.8058107, 0.1017731 ], [ 36.9006065, 0.0907291 ] ] } },
{ "type": "Feature", "properties": { "@osmId": "way/35286803", "@snapshotTimestamp": "2015-01-01T00:00:00Z" }, "geometry": { "type": "LineString", "coordinates": [ [ 36.9484014, -0.4212141 ], [ 36.9483268, -0.4215057 ] ] } },
{ "type": "Feature", "properties": { "@osmId": "way/35286809", "@snapshotTimestamp": "2015-01-01T00:00:00Z" }, "geometry": { "type": "LineString", "coordinates": [ [ 36.948472, -0.4211088 ], [ 36.9484014, -0.4212141 ], [ 36.9484729, -0.4209623 ], [ 36.9484944, -0.421023 ], [ 36.948472, -0.4211088 ] ] } },
{ "type": "Feature", "properties": { "@osmId": "way/41445884", "@snapshotTimestamp": "2015-01-01T00:00:00Z" }, "geometry": { "type": "LineString", "coordinates": [ [ 36.9489875, -0.4189064 ], [ 36.9484729, -0.4209623 ] ] } },
{ "type": "Feature", "properties": { "@osmId": "way/169413926", "@snapshotTimestamp": "2015-01-01T00:00:00Z" }, "geometry": { "type": "LineString", "coordinates": [ [ 36.9451912, -0.4184127 ], [ 36.9489875, -0.4189064 ] ] } },
{ "type": "Feature", "properties": { "@osmId": "way/169413937", "@snapshotTimestamp": "2015-01-01T00:00:00Z" }, "geometry": { "type": "LineString", "coordinates": [ [ 36.9451912, -0.4184127 ], [ 36.9448079, -0.4180138 ], [ 36.9445403, -0.4174059 ], [ 36.9450153, -0.4178095 ], [ 36.9451912, -0.4184127 ] ] } },
{ "type": "Feature", "properties": { "@osmId": "way/295728263", "@snapshotTimestamp": "2015-01-01T00:00:00Z" }, "geometry": { "type": "LineString", "coordinates": [ [ 36.9929629, -0.3996267 ], [ 36.9499779, -0.4121373 ] ] } },
{ "type": "Feature", "properties": { "@osmId": "way/295728262", "@snapshotTimestamp": "2015-01-01T00:00:00Z" }, "geometry": { "type": "LineString", "coordinates": [ [ 36.992998, -0.39974 ], [ 36.9929629, -0.3996267 ] ] } },
{ "type": "Feature", "properties": { "@osmId": "way/41445892", "@snapshotTimestamp": "2015-01-01T00:00:00Z" }, "geometry": { "type": "LineString", "coordinates": [ [ 37.0027305, -0.3905067 ], [ 36.992998, -0.39974 ] ] } },
{ "type": "Feature", "properties": { "@osmId": "way/33401939", "@snapshotTimestamp": "2015-01-01T00:00:00Z" }, "geometry": { "type": "LineString", "coordinates": [ [ 36.9445403, -0.4174059 ], [ 36.9564576, -0.3890855 ], [ 36.9049118, -0.3292971 ] ] } },
{ "type": "Feature", "properties": { "@osmId": "way/139601064", "@snapshotTimestamp": "2015-01-01T00:00:00Z" }, "geometry": { "type": "LineString", "coordinates": [ [ 37.0103042, -0.2689367 ], [ 37.0007682, -0.3866323 ], [ 37.0433504, -0.4455057 ] ] } },
{ "type": "Feature", "properties": { "@osmId": "way/296229090", "@snapshotTimestamp": "2015-01-01T00:00:00Z" }, "geometry": { "type": "LineString", "coordinates": [ [ 37.6079172, -0.3877604 ], [ 37.5715742, -0.411024 ], [ 37.5543137, -0.4744939 ], [ 37.4652043, -0.4756526 ], [ 37.4521408, -0.5369848 ] ] } },
{ "type": "Feature", "properties": { "@osmId": "way/34128998", "@snapshotTimestamp": "2015-01-01T00:00:00Z" }, "geometry": { "type": "LineString", "coordinates": [ [ 37.0118914, -0.4624982 ], [ 37.046425, -0.4519238 ] ] } },
{ "type": "Feature", "properties": { "@osmId": "way/295617216", "@snapshotTimestamp": "2015-01-01T00:00:00Z" }, "geometry": { "type": "LineString", "coordinates": [ [ 37.0433504, -0.4455057 ], [ 37.0434231, -0.4457259 ] ] } },
{ "type": "Feature", "properties": { "@osmId": "way/296229091", "@snapshotTimestamp": "2015-01-01T00:00:00Z" }, "geometry": { "type": "LineString", "coordinates": [ [ 37.6082275, -0.3876069 ], [ 37.6079172, -0.3877604 ] ] } },
{ "type": "Feature", "properties": { "@osmId": "way/316785574", "@snapshotTimestamp": "2015-01-01T00:00:00Z" }, "geometry": { "type": "LineString", "coordinates": [ [ 37.0525187, -0.0458022 ], [ 37.0150358, -0.2336319 ] ] } },
{ "type": "Feature", "properties": { "@osmId": "way/316785570", "@snapshotTimestamp": "2015-01-01T00:00:00Z" }, "geometry": { "type": "LineString", "coordinates": [ [ 37.0525824, -0.0456666 ], [ 37.0525187, -0.0458022 ] ] } },
{ "type": "Feature", "properties": { "@osmId": "way/316785571", "@snapshotTimestamp": "2015-01-01T00:00:00Z" }, "geometry": { "type": "LineString", "coordinates": [ [ 37.0798242, 0.0161649 ], [ 37.0525824, -0.0456666 ] ] } },
{ "type": "Feature", "properties": { "@osmId": "way/316785569", "@snapshotTimestamp": "2015-01-01T00:00:00Z" }, "geometry": { "type": "LineString", "coordinates": [ [ 37.0799453, 0.0162649 ], [ 37.0798242, 0.0161649 ] ] } },
{ "type": "Feature", "properties": { "@osmId": "way/316785566", "@snapshotTimestamp": "2015-01-01T00:00:00Z" }, "geometry": { "type": "LineString", "coordinates": [ [ 37.0880246, 0.0205297 ], [ 37.0799453, 0.0162649 ] ] } },
{ "type": "Feature", "properties": { "@osmId": "way/316785567", "@snapshotTimestamp": "2015-01-01T00:00:00Z" }, "geometry": { "type": "LineString", "coordinates": [ [ 37.08819, 0.0205672 ], [ 37.0880246, 0.0205297 ] ] } },
{ "type": "Feature", "properties": { "@osmId": "way/316785573", "@snapshotTimestamp": "2015-01-01T00:00:00Z" }, "geometry": { "type": "LineString", "coordinates": [ [ 37.1392062, 0.0383293 ], [ 37.08819, 0.0205672 ] ] } },
{ "type": "Feature", "properties": { "@osmId": "way/316785568", "@snapshotTimestamp": "2015-01-01T00:00:00Z" }, "geometry": { "type": "LineString", "coordinates": [ [ 37.1393988, 0.038382 ], [ 37.1392062, 0.0383293 ] ] } },
{ "type": "Feature", "properties": { "@osmId": "way/139601133", "@snapshotTimestamp": "2015-01-01T00:00:00Z" }, "geometry": { "type": "LineString", "coordinates": [ [ 37.1458488, 0.0401114 ], [ 37.1393988, 0.038382 ] ] } },
{ "type": "Feature", "properties": { "@osmId": "way/316785572", "@snapshotTimestamp": "2015-01-01T00:00:00Z" }, "geometry": { "type": "LineString", "coordinates": [ [ 37.2060905, 0.0548603 ], [ 37.1458488, 0.0401114 ] ] } },
{ "type": "Feature", "properties": { "@osmId": "way/316785575", "@snapshotTimestamp": "2015-01-01T00:00:00Z" }, "geometry": { "type": "LineString", "coordinates": [ [ 37.2066922, 0.0553956 ], [ 37.2060905, 0.0548603 ] ] } },
{ "type": "Feature", "properties": { "@osmId": "way/318375172", "@snapshotTimestamp": "2015-01-01T00:00:00Z" }, "geometry": { "type": "LineString", "coordinates": [ [ 37.2158296, 0.063439 ], [ 37.2066922, 0.0553956 ] ] } },
{ "type": "Feature", "properties": { "@osmId": "way/139604046", "@snapshotTimestamp": "2015-01-01T00:00:00Z" }, "geometry": { "type": "LineString", "coordinates": [ [ 37.3154995, 0.0804737 ], [ 37.2562827, 0.0924191 ], [ 37.2158296, 0.063439 ] ] } },
{ "type": "Feature", "properties": { "@osmId": "way/139605233", "@snapshotTimestamp": "2015-01-01T00:00:00Z" }, "geometry": { "type": "LineString", "coordinates": [ [ 37.4733089, 0.1402458 ], [ 37.4319794, 0.1085435 ], [ 37.3154995, 0.0804737 ] ] } },
{ "type": "Feature", "properties": { "@osmId": "way/34090729", "@snapshotTimestamp": "2015-01-01T00:00:00Z" }, "geometry": { "type": "LineString", "coordinates": [ [ 37.4733089, 0.1402458 ], [ 37.6076883, 0.1068825 ] ] } },
{ "type": "Feature", "properties": { "@osmId": "way/204244778", "@snapshotTimestamp": "2015-01-01T00:00:00Z" }, "geometry": { "type": "LineString", "coordinates": [ [ 37.4719627, 0.1394281 ], [ 37.4728277, 0.1412948 ] ] } },
{ "type": "Feature", "properties": { "@osmId": "way/217347064", "@snapshotTimestamp": "2015-01-01T00:00:00Z" }, "geometry": { "type": "LineString", "coordinates": [ [ 37.5505691, 0.2697766 ], [ 37.4733089, 0.1402458 ] ] } },
{ "type": "Feature", "properties": { "@osmId": "way/217347063", "@snapshotTimestamp": "2015-01-01T00:00:00Z" }, "geometry": { "type": "LineString", "coordinates": [ [ 37.5507823, 0.2698935 ], [ 37.5505691, 0.2697766 ] ] } },
{ "type": "Feature", "properties": { "@osmId": "way/41446527", "@snapshotTimestamp": "2015-01-01T00:00:00Z" }, "geometry": { "type": "LineString", "coordinates": [ [ 37.5831439, 0.3518591 ], [ 37.5507823, 0.2698935 ] ] } },
{ "type": "Feature", "properties": { "@osmId": "way/204125653", "@snapshotTimestamp": "2015-01-01T00:00:00Z" }, "geometry": { "type": "LineString", "coordinates": [ [ 37.6104227, 0.7096817 ], [ 37.6109928, 0.7090464 ] ] } },
{ "type": "Feature", "properties": { "@osmId": "way/204125670", "@snapshotTimestamp": "2015-01-01T00:00:00Z" }, "geometry": { "type": "LineString", "coordinates": [ [ 37.5575873, 0.7704085 ], [ 37.6104227, 0.7096817 ] ] } },
{ "type": "Feature", "properties": { "@osmId": "way/204125649", "@snapshotTimestamp": "2015-01-01T00:00:00Z" }, "geometry": { "type": "LineString", "coordinates": [ [ 37.5574092, 0.7707686 ], [ 37.5575873, 0.7704085 ] ] } },
{ "type": "Feature", "properties": { "@osmId": "way/213912494", "@snapshotTimestamp": "2015-01-01T00:00:00Z" }, "geometry": { "type": "LineString", "coordinates": [ [ 37.5568838, 0.7720514 ], [ 37.5015094, 0.7890768 ], [ 37.4389722, 0.8585075 ], [ 37.3164953, 0.8728242 ] ] } },
{ "type": "Feature", "properties": { "@osmId": "way/230047946", "@snapshotTimestamp": "2015-01-01T00:00:00Z" }, "geometry": { "type": "LineString", "coordinates": [ [ 37.3164953, 0.8728242 ], [ 37.3159633, 0.8738528 ] ] } },
{ "type": "Feature", "properties": { "@osmId": "way/209405073", "@snapshotTimestamp": "2015-01-01T00:00:00Z" }, "geometry": { "type": "LineString", "coordinates": [ [ 37.105527, 0.9016785 ], [ 37.1058611, 0.9017886 ] ] } },
{ "type": "Feature", "properties": { "@osmId": "way/209405074", "@snapshotTimestamp": "2015-01-01T00:00:00Z" }, "geometry": { "type": "LineString", "coordinates": [ [ 37.1058611, 0.9017886 ], [ 37.1487749, 0.9225379 ] ] } },
{ "type": "Feature", "properties": { "@osmId": "way/295787248", "@snapshotTimestamp": "2015-01-01T00:00:00Z" }, "geometry": { "type": "LineString", "coordinates": [ [ 37.0150152, -0.2337872 ], [ 37.0103042, -0.2689367 ] ] } },
{ "type": "Feature", "properties": { "@osmId": "way/295787247", "@snapshotTimestamp": "2015-01-01T00:00:00Z" }, "geometry": { "type": "LineString", "coordinates": [ [ 37.0150358, -0.2336319 ], [ 37.0150152, -0.2337872 ] ] } },
{ "type": "Feature", "properties": { "@osmId": "way/316785578", "@snapshotTimestamp": "2015-01-01T00:00:00Z" }, "geometry": { "type": "LineString", "coordinates": [ [ 36.9008587, 0.0905595 ], [ 37.0383436, 0.0765577 ], [ 37.0789504, 0.0153051 ] ] } },
{ "type": "Feature", "properties": { "@osmId": "way/33199142", "@snapshotTimestamp": "2015-01-01T00:00:00Z" }, "geometry": { "type": "LineString", "coordinates": [ [ 36.9391721, 0.7637986 ], [ 36.9820895, 0.7840597 ], [ 37.0061583, 0.8708916 ], [ 37.105527, 0.9016785 ] ] } },
{ "type": "Feature", "properties": { "@osmId": "way/241755049", "@snapshotTimestamp": "2015-01-01T00:00:00Z" }, "geometry": { "type": "LineString", "coordinates": [ [ 37.0097477, 1.152113 ], [ 37.0093656, 1.1518373 ] ] } },
{ "type": "Feature", "properties": { "@osmId": "way/241755051", "@snapshotTimestamp": "2015-01-01T00:00:00Z" }, "geometry": { "type": "LineString", "coordinates": [ [ 37.0093656, 1.1518373 ], [ 36.9598831, 1.1836265 ], [ 36.9569264, 1.2257936 ] ] } },
{ "type": "Feature", "properties": { "@osmId": "way/241755058", "@snapshotTimestamp": "2015-01-01T00:00:00Z" }, "geometry": { "type": "LineString", "coordinates": [ [ 36.8754548, 1.3301411 ], [ 36.9569264, 1.2257936 ] ] } },
{ "type": "Feature", "properties": { "@osmId": "way/241755052", "@snapshotTimestamp": "2015-01-01T00:00:00Z" }, "geometry": { "type": "LineString", "coordinates": [ [ 36.9569264, 1.2257936 ], [ 37.0215427, 1.3483635 ] ] } },
{ "type": "Feature", "properties": { "@osmId": "way/33402044", "@snapshotTimestamp": "2015-01-01T00:00:00Z" }, "geometry": { "type": "LineString", "coordinates": [ [ 36.9119844, 2.1499552 ], [ 36.9239747, 2.0340648 ], [ 36.9013842, 2.0057676 ] ] } },
{ "type": "Feature", "properties": { "@osmId": "way/230047948", "@snapshotTimestamp": "2015-01-01T00:00:00Z" }, "geometry": { "type": "LineString", "coordinates": [ [ 37.3159633, 0.8738528 ], [ 37.291865, 0.9587954 ] ] } },
{ "type": "Feature", "properties": { "@osmId": "way/172065454", "@snapshotTimestamp": "2015-01-01T00:00:00Z" }, "geometry": { "type": "LineString", "coordinates": [ [ 37.1487749, 0.9225379 ], [ 37.1931589, 0.9295514 ] ] } },
{ "type": "Feature", "properties": { "@osmId": "way/209405072", "@snapshotTimestamp": "2015-01-01T00:00:00Z" }, "geometry": { "type": "LineString", "coordinates": [ [ 37.1931589, 0.9295514 ], [ 37.1935281, 0.929629 ] ] } },
{ "type": "Feature", "properties": { "@osmId": "way/209405068", "@snapshotTimestamp": "2015-01-01T00:00:00Z" }, "geometry": { "type": "LineString", "coordinates": [ [ 37.1935281, 0.929629 ], [ 37.210419, 0.9337223 ] ] } },
{ "type": "Feature", "properties": { "@osmId": "way/209405070", "@snapshotTimestamp": "2015-01-01T00:00:00Z" }, "geometry": { "type": "LineString", "coordinates": [ [ 37.210419, 0.9337223 ], [ 37.2109692, 0.9340258 ] ] } },
{ "type": "Feature", "properties": { "@osmId": "way/209405076", "@snapshotTimestamp": "2015-01-01T00:00:00Z" }, "geometry": { "type": "LineString", "coordinates": [ [ 37.2109692, 0.9340258 ], [ 37.2909917, 0.9546117 ] ] } },
{ "type": "Feature", "properties": { "@osmId": "way/204125672", "@snapshotTimestamp": "2015-01-01T00:00:00Z" }, "geometry": { "type": "LineString", "coordinates": [ [ 37.599152, 1.1297045 ], [ 37.5614308, 1.0495915 ], [ 37.5798381, 0.9747369 ], [ 37.5574092, 0.7707686 ] ] } },
{ "type": "Feature", "properties": { "@osmId": "way/230047949", "@snapshotTimestamp": "2015-01-01T00:00:00Z" }, "geometry": { "type": "LineString", "coordinates": [ [ 37.291865, 0.9587954 ], [ 37.2406632, 1.0396514 ], [ 37.2099119, 1.0470491 ] ] } },
{ "type": "Feature", "properties": { "@osmId": "way/230047945", "@snapshotTimestamp": "2015-01-01T00:00:00Z" }, "geometry": { "type": "LineString", "coordinates": [ [ 37.2097028, 1.04702 ], [ 37.1505053, 1.0315302 ] ] } },
{ "type": "Feature", "properties": { "@osmId": "way/231682241", "@snapshotTimestamp": "2015-01-01T00:00:00Z" }, "geometry": { "type": "LineString", "coordinates": [ [ 37.0945301, 1.0565681 ], [ 37.090237, 1.0206993 ], [ 37.1505053, 1.0315302 ] ] } },
{ "type": "Feature", "properties": { "@osmId": "way/231682230", "@snapshotTimestamp": "2015-01-01T00:00:00Z" }, "geometry": { "type": "LineString", "coordinates": [ [ 37.1505053, 1.0315302 ], [ 37.1390404, 1.0473032 ] ] } },
{ "type": "Feature", "properties": { "@osmId": "way/230047947", "@snapshotTimestamp": "2015-01-01T00:00:00Z" }, "geometry": { "type": "LineString", "coordinates": [ [ 37.2099119, 1.0470491 ], [ 37.2097028, 1.04702 ] ] } },
{ "type": "Feature", "properties": { "@osmId": "way/231682237", "@snapshotTimestamp": "2015-01-01T00:00:00Z" }, "geometry": { "type": "LineString", "coordinates": [ [ 37.0945301, 1.0565681 ], [ 37.1390404, 1.0473032 ] ] } },
{ "type": "Feature", "properties": { "@osmId": "way/231682233", "@snapshotTimestamp": "2015-01-01T00:00:00Z" }, "geometry": { "type": "LineString", "coordinates": [ [ 37.1392009, 1.1225926 ], [ 37.1390404, 1.0473032 ] ] } },
{ "type": "Feature", "properties": { "@osmId": "way/241755056", "@snapshotTimestamp": "2015-01-01T00:00:00Z" }, "geometry": { "type": "LineString", "coordinates": [ [ 37.0945301, 1.0565681 ], [ 37.0640566, 1.1195206 ] ] } },
{ "type": "Feature", "properties": { "@osmId": "way/241755047", "@snapshotTimestamp": "2015-01-01T00:00:00Z" }, "geometry": { "type": "LineString", "coordinates": [ [ 37.0640566, 1.1195206 ], [ 37.0625908, 1.1193706 ] ] } },
{ "type": "Feature", "properties": { "@osmId": "way/204125655", "@snapshotTimestamp": "2015-01-01T00:00:00Z" }, "geometry": { "type": "LineString", "coordinates": [ [ 37.5988755, 1.1312481 ], [ 37.599152, 1.1297045 ] ] } },
{ "type": "Feature", "properties": { "@osmId": "way/241755057", "@snapshotTimestamp": "2015-01-01T00:00:00Z" }, "geometry": { "type": "LineString", "coordinates": [ [ 37.0625908, 1.1193706 ], [ 37.0097477, 1.152113 ] ] } },
{ "type": "Feature", "properties": { "@osmId": "way/286294959", "@snapshotTimestamp": "2015-01-01T00:00:00Z" }, "geometry": { "type": "LineString", "coordinates": [ [ 37.1208988, 1.3262778 ], [ 37.113249, 1.2379494 ], [ 37.1392009, 1.1225926 ] ] } },
{ "type": "Feature", "properties": { "@osmId": "way/33401923", "@snapshotTimestamp": "2015-01-01T00:00:00Z" }, "geometry": { "type": "LineString", "coordinates": [ [ 36.9391721, 0.7637986 ], [ 36.8068648, 0.8615651 ], [ 36.7613895, 0.9370249 ] ] } },
{ "type": "Feature", "properties": { "@osmId": "way/241755048", "@snapshotTimestamp": "2015-01-01T00:00:00Z" }, "geometry": { "type": "LineString", "coordinates": [ [ 36.8749514, 1.3304014 ], [ 36.8754548, 1.3301411 ] ] } },
{ "type": "Feature", "properties": { "@osmId": "way/241755053", "@snapshotTimestamp": "2015-01-01T00:00:00Z" }, "geometry": { "type": "LineString", "coordinates": [ [ 36.8711412, 1.331191 ], [ 36.8749514, 1.3304014 ] ] } },
{ "type": "Feature", "properties": { "@osmId": "way/286294942", "@snapshotTimestamp": "2015-01-01T00:00:00Z" }, "geometry": { "type": "LineString", "coordinates": [ [ 36.8386473, 1.4792302 ], [ 36.8711412, 1.331191 ] ] } },
{ "type": "Feature", "properties": { "@osmId": "way/139167177", "@snapshotTimestamp": "2015-01-01T00:00:00Z" }, "geometry": { "type": "LineString", "coordinates": [ [ 36.9013842, 2.0057676 ], [ 36.8145331, 1.8081857 ] ] } },
{ "type": "Feature", "properties": { "@osmId": "way/34358295", "@snapshotTimestamp": "2015-01-01T00:00:00Z" }, "geometry": { "type": "LineString", "coordinates": [ [ 36.9014782, 2.2235697 ], [ 36.9119844, 2.1499552 ] ] } },
{ "type": "Feature", "properties": { "@osmId": "way/43579225", "@snapshotTimestamp": "2015-01-01T00:00:00Z" }, "geometry": { "type": "LineString", "coordinates": [ [ 36.8769998, 2.3251799 ], [ 36.9014782, 2.2235697 ] ] } },
{ "type": "Feature", "properties": { "@osmId": "way/43579228", "@snapshotTimestamp": "2015-01-01T00:00:00Z" }, "geometry": { "type": "LineString", "coordinates": [ [ 36.8769998, 2.3251799 ], [ 36.8596481, 2.4300246 ], [ 36.8261433, 2.4647633 ] ] } },
{ "type": "Feature", "properties": { "@osmId": "way/237979523", "@snapshotTimestamp": "2015-01-01T00:00:00Z" }, "geometry": { "type": "LineString", "coordinates": [ [ 36.9788556, 3.1933212 ], [ 36.856576, 3.0741448 ], [ 36.7961834, 3.0612075 ], [ 36.7767119, 3.0022126 ], [ 36.7158649, 2.9369536 ], [ 36.7173621, 2.7577166 ] ] } },
{ "type": "Feature", "properties": { "@osmId": "way/176093637", "@snapshotTimestamp": "2015-01-01T00:00:00Z" }, "geometry": { "type": "LineString", "coordinates": [ [ 36.784163308402718, -2.551551328980273 ], [ 36.7865037, -2.5476098 ] ] } },
{ "type": "Feature", "properties": { "@osmId": "way/46035906", "@snapshotTimestamp": "2015-01-01T00:00:00Z" }, "geometry": { "type": "LineString", "coordinates": [ [ 36.7959614, -2.5476347 ], [ 36.7882422, -2.5453115 ] ] } },
{ "type": "Feature", "properties": { "@osmId": "way/42011040", "@snapshotTimestamp": "2015-01-01T00:00:00Z" }, "geometry": { "type": "LineString", "coordinates": [ [ 36.6873858, -1.4304527 ], [ 36.7638282, -1.3951625 ], [ 36.766646, -1.3431773 ] ] } },
{ "type": "Feature", "properties": { "@osmId": "way/312906755", "@snapshotTimestamp": "2015-01-01T00:00:00Z" }, "geometry": { "type": "LineString", "coordinates": [ [ 36.7668654, -1.3427593 ], [ 36.766646, -1.3431773 ] ] } },
{ "type": "Feature", "properties": { "@osmId": "way/312906762", "@snapshotTimestamp": "2015-01-01T00:00:00Z" }, "geometry": { "type": "LineString", "coordinates": [ [ 36.766646, -1.3431773 ], [ 36.7636899, -1.3423669 ] ] } },
{ "type": "Feature", "properties": { "@osmId": "way/96760897", "@snapshotTimestamp": "2015-01-01T00:00:00Z" }, "geometry": { "type": "LineString", "coordinates": [ [ 36.7665915, -1.3426625 ], [ 36.7662556, -1.3426801 ] ] } },
{ "type": "Feature", "properties": { "@osmId": "way/312906756", "@snapshotTimestamp": "2015-01-01T00:00:00Z" }, "geometry": { "type": "LineString", "coordinates": [ [ 36.7671529, -1.3425351 ], [ 36.7665915, -1.3426625 ] ] } },
{ "type": "Feature", "properties": { "@osmId": "way/312906754", "@snapshotTimestamp": "2015-01-01T00:00:00Z" }, "geometry": { "type": "LineString", "coordinates": [ [ 36.7666463, -1.3424621 ], [ 36.7668992, -1.3423929 ], [ 36.7669866, -1.3426606 ], [ 36.7667033, -1.3427343 ], [ 36.7666463, -1.3424621 ] ] } },
{ "type": "Feature", "properties": { "@osmId": "way/312906758", "@snapshotTimestamp": "2015-01-01T00:00:00Z" }, "geometry": { "type": "LineString", "coordinates": [ [ 36.7662537, -1.3426126 ], [ 36.7671387, -1.3424513 ] ] } },
{ "type": "Feature", "properties": { "@osmId": "way/312906759", "@snapshotTimestamp": "2015-01-01T00:00:00Z" }, "geometry": { "type": "LineString", "coordinates": [ [ 36.7662556, -1.3426801 ], [ 36.7634215, -1.3423056 ] ] } },
{ "type": "Feature", "properties": { "@osmId": "way/24207095", "@snapshotTimestamp": "2015-01-01T00:00:00Z" }, "geometry": { "type": "LineString", "coordinates": [ [ 36.7865037, -2.5476098 ], [ 36.8393852, -2.514636 ], [ 36.847396, -2.4325314 ] ] } },
{ "type": "Feature", "properties": { "@osmId": "way/4723998", "@snapshotTimestamp": "2015-01-01T00:00:00Z" }, "geometry": { "type": "LineString", "coordinates": [ [ 36.8158621, -1.3129206 ], [ 36.8155205, -1.3126553 ], [ 36.8157632, -1.3123928 ], [ 36.8160559, -1.3126167 ], [ 36.8158621, -1.3129206 ] ] } },
{ "type": "Feature", "properties": { "@osmId": "way/4724017", "@snapshotTimestamp": "2015-01-01T00:00:00Z" }, "geometry": { "type": "LineString", "coordinates": [ [ 36.8197396, -1.30727 ], [ 36.8160247, -1.3125285 ] ] } },
{ "type": "Feature", "properties": { "@osmId": "way/4724013", "@snapshotTimestamp": "2015-01-01T00:00:00Z" }, "geometry": { "type": "LineString", "coordinates": [ [ 36.8158203, -1.3123932 ], [ 36.8195239, -1.3071648 ] ] } },
{ "type": "Feature", "properties": { "@osmId": "way/4724002", "@snapshotTimestamp": "2015-01-01T00:00:00Z" }, "geometry": { "type": "LineString", "coordinates": [ [ 36.8197396, -1.30727 ], [ 36.8195239, -1.3071648 ], [ 36.8196027, -1.3068874 ], [ 36.8199081, -1.3070281 ], [ 36.8197396, -1.30727 ] ] } },
{ "type": "Feature", "properties": { "@osmId": "way/4724026", "@snapshotTimestamp": "2015-01-01T00:00:00Z" }, "geometry": { "type": "LineString", "coordinates": [ [ 36.8263491, -1.3051671 ], [ 36.8199081, -1.3070281 ] ] } },
{ "type": "Feature", "properties": { "@osmId": "way/4724022", "@snapshotTimestamp": "2015-01-01T00:00:00Z" }, "geometry": { "type": "LineString", "coordinates": [ [ 36.8196604, -1.3068736 ], [ 36.8262233, -1.3049031 ] ] } },
{ "type": "Feature", "properties": { "@osmId": "way/4962803", "@snapshotTimestamp": "2015-01-01T00:00:00Z" }, "geometry": { "type": "LineString", "coordinates": [ [ 36.8264595, -1.3052154 ], [ 36.826248, -1.3048022 ], [ 36.8266045, -1.3046356 ], [ 36.8268057, -1.3050024 ], [ 36.8264595, -1.3052154 ] ] } },
{ "type": "Feature", "properties": { "@osmId": "way/40121541", "@snapshotTimestamp": "2015-01-01T00:00:00Z" }, "geometry": { "type": "LineString", "coordinates": [ [ 36.8274469, -1.3043686 ], [ 36.8268188, -1.3048878 ] ] } },
{ "type": "Feature", "properties": { "@osmId": "way/25748277", "@snapshotTimestamp": "2015-01-01T00:00:00Z" }, "geometry": { "type": "LineString", "coordinates": [ [ 36.8266045, -1.3046356 ], [ 36.8274469, -1.3043686 ] ] } },
{ "type": "Feature", "properties": { "@osmId": "way/96761845", "@snapshotTimestamp": "2015-01-01T00:00:00Z" }, "geometry": { "type": "LineString", "coordinates": [ [ 36.5152342, -1.5473268 ], [ 36.4186648, -1.5666723 ] ] } },
{ "type": "Feature", "properties": { "@osmId": "way/96761666", "@snapshotTimestamp": "2015-01-01T00:00:00Z" }, "geometry": { "type": "LineString", "coordinates": [ [ 36.6166682, -1.5167711 ], [ 36.5152342, -1.5473268 ] ] } },
{ "type": "Feature", "properties": { "@osmId": "way/26842795", "@snapshotTimestamp": "2015-01-01T00:00:00Z" }, "geometry": { "type": "LineString", "coordinates": [ [ 36.6846057, -1.4366534 ], [ 36.652957, -1.463531 ], [ 36.6322963, -1.4499966 ], [ 36.6166682, -1.5167711 ] ] } },
{ "type": "Feature", "properties": { "@osmId": "way/26843316", "@snapshotTimestamp": "2015-01-01T00:00:00Z" }, "geometry": { "type": "LineString", "coordinates": [ [ 36.6873858, -1.4304527 ], [ 36.6846057, -1.4366534 ] ] } },
{ "type": "Feature", "properties": { "@osmId": "way/26842952", "@snapshotTimestamp": "2015-01-01T00:00:00Z" }, "geometry": { "type": "LineString", "coordinates": [ [ 36.6553654, -1.3623187 ], [ 36.6869118, -1.3296028 ] ] } },
{ "type": "Feature", "properties": { "@osmId": "way/26842934", "@snapshotTimestamp": "2015-01-01T00:00:00Z" }, "geometry": { "type": "LineString", "coordinates": [ [ 36.6869118, -1.3296028 ], [ 36.7071746, -1.3222928 ] ] } },
{ "type": "Feature", "properties": { "@osmId": "way/41528748", "@snapshotTimestamp": "2015-01-01T00:00:00Z" }, "geometry": { "type": "LineString", "coordinates": [ [ 36.7074041, -1.3222614 ], [ 36.7072851, -1.3223804 ], [ 36.7071661, -1.3222614 ], [ 36.7072851, -1.3221424 ], [ 36.7074041, -1.3222614 ] ] } },
{ "type": "Feature", "properties": { "@osmId": "way/48850475", "@snapshotTimestamp": "2015-01-01T00:00:00Z" }, "geometry": { "type": "LineString", "coordinates": [ [ 36.7072037, -1.322173 ], [ 36.686736, -1.2865687 ] ] } },
{ "type": "Feature", "properties": { "@osmId": "way/239183912", "@snapshotTimestamp": "2015-01-01T00:00:00Z" }, "geometry": { "type": "LineString", "coordinates": [ [ 36.686736, -1.2865687 ], [ 36.6905921, -1.2805191 ] ] } },
{ "type": "Feature", "properties": { "@osmId": "way/97084503", "@snapshotTimestamp": "2015-01-01T00:00:00Z" }, "geometry": { "type": "LineString", "coordinates": [ [ 36.6905921, -1.2805191 ], [ 36.7378961, -1.2847016 ] ] } },
{ "type": "Feature", "properties": { "@osmId": "way/305664824", "@snapshotTimestamp": "2015-01-01T00:00:00Z" }, "geometry": { "type": "LineString", "coordinates": [ [ 36.7634215, -1.3423056 ], [ 36.7662537, -1.3426126 ] ] } },
{ "type": "Feature", "properties": { "@osmId": "way/312906757", "@snapshotTimestamp": "2015-01-01T00:00:00Z" }, "geometry": { "type": "LineString", "coordinates": [ [ 36.7682846, -1.342174 ], [ 36.7669432, -1.3427165 ] ] } },
{ "type": "Feature", "properties": { "@osmId": "way/312906753", "@snapshotTimestamp": "2015-01-01T00:00:00Z" }, "geometry": { "type": "LineString", "coordinates": [ [ 36.7702754, -1.3407155 ], [ 36.766646, -1.3431773 ] ] } },
{ "type": "Feature", "properties": { "@osmId": "way/312906760", "@snapshotTimestamp": "2015-01-01T00:00:00Z" }, "geometry": { "type": "LineString", "coordinates": [ [ 36.7668992, -1.3423929 ], [ 36.7702008, -1.3406366 ] ] } },
{ "type": "Feature", "properties": { "@osmId": "way/305664826", "@snapshotTimestamp": "2015-01-01T00:00:00Z" }, "geometry": { "type": "LineString", "coordinates": [ [ 36.7634215, -1.3423056 ], [ 36.7458998, -1.3398046 ] ] } },
{ "type": "Feature", "properties": { "@osmId": "way/160273305", "@snapshotTimestamp": "2015-01-01T00:00:00Z" }, "geometry": { "type": "LineString", "coordinates": [ [ 36.7749544, -1.3370382 ], [ 36.7671529, -1.3425351 ] ] } },
{ "type": "Feature", "properties": { "@osmId": "way/312906761", "@snapshotTimestamp": "2015-01-01T00:00:00Z" }, "geometry": { "type": "LineString", "coordinates": [ [ 36.7671387, -1.3424513 ], [ 36.7748713, -1.3369854 ] ] } },
{ "type": "Feature", "properties": { "@osmId": "way/39885723", "@snapshotTimestamp": "2015-01-01T00:00:00Z" }, "geometry": { "type": "LineString", "coordinates": [ [ 36.7806619, -1.3335383 ], [ 36.7749544, -1.3370382 ] ] } },
{ "type": "Feature", "properties": { "@osmId": "way/166377952", "@snapshotTimestamp": "2015-01-01T00:00:00Z" }, "geometry": { "type": "LineString", "coordinates": [ [ 36.7458998, -1.3398046 ], [ 36.7073446, -1.3223645 ] ] } },
{ "type": "Feature", "properties": { "@osmId": "way/26744129", "@snapshotTimestamp": "2015-01-01T00:00:00Z" }, "geometry": { "type": "LineString", "coordinates": [ [ 36.7892279, -1.3287264 ], [ 36.7890053, -1.3285146 ] ] } },
{ "type": "Feature", "properties": { "@osmId": "way/26744177", "@snapshotTimestamp": "2015-01-01T00:00:00Z" }, "geometry": { "type": "LineString", "coordinates": [ [ 36.7896994, -1.3281229 ], [ 36.7897455, -1.3284448 ] ] } },
{ "type": "Feature", "properties": { "@osmId": "way/305664823", "@snapshotTimestamp": "2015-01-01T00:00:00Z" }, "geometry": { "type": "LineString", "coordinates": [ [ 36.7748713, -1.3369854 ], [ 36.8156446, -1.3129832 ] ] } },
{ "type": "Feature", "properties": { "@osmId": "way/25606227", "@snapshotTimestamp": "2015-01-01T00:00:00Z" }, "geometry": { "type": "LineString", "coordinates": [ [ 36.8159428, -1.3129015 ], [ 36.7806619, -1.3335383 ] ] } },
{ "type": "Feature", "properties": { "@osmId": "way/40006022", "@snapshotTimestamp": "2015-01-01T00:00:00Z" }, "geometry": { "type": "LineString", "coordinates": [ [ 36.8130016, -1.3170642 ], [ 36.8128435, -1.3169613 ] ] } },
{ "type": "Feature", "properties": { "@osmId": "way/43763645", "@snapshotTimestamp": "2015-01-01T00:00:00Z" }, "geometry": { "type": "LineString", "coordinates": [ [ 36.8096441, -1.3148145 ], [ 36.8095741, -1.3148199 ] ] } },
{ "type": "Feature", "properties": { "@osmId": "way/43763643", "@snapshotTimestamp": "2015-01-01T00:00:00Z" }, "geometry": { "type": "LineString", "coordinates": [ [ 36.8095427, -1.3146921 ], [ 36.809645, -1.3146841 ] ] } },
{ "type": "Feature", "properties": { "@osmId": "way/42010979", "@snapshotTimestamp": "2015-01-01T00:00:00Z" }, "geometry": { "type": "LineString", "coordinates": [ [ 36.8113148, -1.314352 ], [ 36.8112514, -1.3142144 ] ] } },
{ "type": "Feature", "properties": { "@osmId": "way/9931279", "@snapshotTimestamp": "2015-01-01T00:00:00Z" }, "geometry": { "type": "LineString", "coordinates": [ [ 36.8155442, -1.3127715 ], [ 36.8096441, -1.3148145 ] ] } },
{ "type": "Feature", "properties": { "@osmId": "way/43763644", "@snapshotTimestamp": "2015-01-01T00:00:00Z" }, "geometry": { "type": "LineString", "coordinates": [ [ 36.809645, -1.3146841 ], [ 36.8155704, -1.3125047 ] ] } },
{ "type": "Feature", "properties": { "@osmId": "way/42010975", "@snapshotTimestamp": "2015-01-01T00:00:00Z" }, "geometry": { "type": "LineString", "coordinates": [ [ 36.8132598, -1.3134497 ], [ 36.8133386, -1.3135559 ] ] } },
{ "type": "Feature", "properties": { "@osmId": "way/43763646", "@snapshotTimestamp": "2015-01-01T00:00:00Z" }, "geometry": { "type": "LineString", "coordinates": [ [ 36.8095741, -1.3148199 ], [ 36.8060871, -1.3118473 ] ] } },
{ "type": "Feature", "properties": { "@osmId": "way/43763639", "@snapshotTimestamp": "2015-01-01T00:00:00Z" }, "geometry": { "type": "LineString", "coordinates": [ [ 36.8061722, -1.3117814 ], [ 36.8095427, -1.3146921 ] ] } },
{ "type": "Feature", "properties": { "@osmId": "way/112950524", "@snapshotTimestamp": "2015-01-01T00:00:00Z" }, "geometry": { "type": "LineString", "coordinates": [ [ 36.8156446, -1.3129832 ], [ 36.8155974, -1.3128495 ] ] } },
{ "type": "Feature", "properties": { "@osmId": "way/4723383", "@snapshotTimestamp": "2015-01-01T00:00:00Z" }, "geometry": { "type": "LineString", "coordinates": [ [ 36.7073882, -1.3222019 ], [ 36.7532142, -1.301916 ] ] } },
{ "type": "Feature", "properties": { "@osmId": "way/43763640", "@snapshotTimestamp": "2015-01-01T00:00:00Z" }, "geometry": { "type": "LineString", "coordinates": [ [ 36.8060871, -1.3118473 ], [ 36.8058511, -1.3113781 ] ] } },
{ "type": "Feature", "properties": { "@osmId": "way/43763637", "@snapshotTimestamp": "2015-01-01T00:00:00Z" }, "geometry": { "type": "LineString", "coordinates": [ [ 36.8059415, -1.3113049 ], [ 36.8061722, -1.3117814 ] ] } },
{ "type": "Feature", "properties": { "@osmId": "way/43763641", "@snapshotTimestamp": "2015-01-01T00:00:00Z" }, "geometry": { "type": "LineString", "coordinates": [ [ 36.8058511, -1.3113781 ], [ 36.8027636, -1.2981459 ] ] } },
{ "type": "Feature", "properties": { "@osmId": "way/25606215", "@snapshotTimestamp": "2015-01-01T00:00:00Z" }, "geometry": { "type": "LineString", "coordinates": [ [ 36.8032143, -1.2980298 ], [ 36.8059415, -1.3113049 ] ] } },
{ "type": "Feature", "properties": { "@osmId": "way/39881091", "@snapshotTimestamp": "2015-01-01T00:00:00Z" }, "geometry": { "type": "LineString", "coordinates": [ [ 36.8028994, -1.3046037 ], [ 36.8029969, -1.3045577 ] ] } },
{ "type": "Feature", "properties": { "@osmId": "way/89822625", "@snapshotTimestamp": "2015-01-01T00:00:00Z" }, "geometry": { "type": "LineString", "coordinates": [ [ 36.802596, -1.3027442 ], [ 36.8024714, -1.3027768 ] ] } },
{ "type": "Feature", "properties": { "@osmId": "way/24717346", "@snapshotTimestamp": "2015-01-01T00:00:00Z" }, "geometry": { "type": "LineString", "coordinates": [ [ 36.8390304, -1.3041336 ], [ 36.839245, -1.3041765 ], [ 36.8392021, -1.3043395 ], [ 36.8390219, -1.3043309 ], [ 36.8390304, -1.3041336 ] ] } },
{ "type": "Feature", "properties": { "@osmId": "way/40121540", "@snapshotTimestamp": "2015-01-01T00:00:00Z" }, "geometry": { "type": "LineString", "coordinates": [ [ 36.8274469, -1.3043686 ], [ 36.8306498, -1.3027603 ] ] } },
{ "type": "Feature", "properties": { "@osmId": "way/40121543", "@snapshotTimestamp": "2015-01-01T00:00:00Z" }, "geometry": { "type": "LineString", "coordinates": [ [ 36.8312854, -1.3025811 ], [ 36.8306498, -1.3027603 ] ] } },
{ "type": "Feature", "properties": { "@osmId": "way/40121539", "@snapshotTimestamp": "2015-01-01T00:00:00Z" }, "geometry": { "type": "LineString", "coordinates": [ [ 36.8306498, -1.3027603 ], [ 36.8312184, -1.3023984 ] ] } },
{ "type": "Feature", "properties": { "@osmId": "way/4962802", "@snapshotTimestamp": "2015-01-01T00:00:00Z" }, "geometry": { "type": "LineString", "coordinates": [ [ 36.8262835, -1.304742 ], [ 36.8240827, -1.3002063 ] ] } },
{ "type": "Feature", "properties": { "@osmId": "way/25748340", "@snapshotTimestamp": "2015-01-01T00:00:00Z" }, "geometry": { "type": "LineString", "coordinates": [ [ 36.8312272, -1.3025212 ], [ 36.8313022, -1.3023105 ], [ 36.8314978, -1.3023871 ], [ 36.8314252, -1.3025864 ], [ 36.8312272, -1.3025212 ] ] } },
{ "type": "Feature", "properties": { "@osmId": "way/4962801", "@snapshotTimestamp": "2015-01-01T00:00:00Z" }, "geometry": { "type": "LineString", "coordinates": [ [ 36.8243977, -1.3001223 ], [ 36.8264851, -1.3046261 ] ] } },
{ "type": "Feature", "properties": { "@osmId": "way/25605801", "@snapshotTimestamp": "2015-01-01T00:00:00Z" }, "geometry": { "type": "LineString", "coordinates": [ [ 36.8390304, -1.3041336 ], [ 36.8368121, -1.2999857 ] ] } },
{ "type": "Feature", "properties": { "@osmId": "way/39885371", "@snapshotTimestamp": "2015-01-01T00:00:00Z" }, "geometry": { "type": "LineString", "coordinates": [ [ 36.8371268, -1.2998454 ], [ 36.8391825, -1.3041412 ] ] } },
{ "type": "Feature", "properties": { "@osmId": "way/25748334", "@snapshotTimestamp": "2015-01-01T00:00:00Z" }, "geometry": { "type": "LineString", "coordinates": [ [ 36.8367538, -1.2999642 ], [ 36.831511, -1.3024367 ] ] } },
{ "type": "Feature", "properties": { "@osmId": "way/182627061", "@snapshotTimestamp": "2015-01-01T00:00:00Z" }, "geometry": { "type": "LineString", "coordinates": [ [ 36.7532142, -1.301916 ], [ 36.7534827, -1.3018106 ] ] } },
{ "type": "Feature", "properties": { "@osmId": "way/182627060", "@snapshotTimestamp": "2015-01-01T00:00:00Z" }, "geometry": { "type": "LineString", "coordinates": [ [ 36.7534827, -1.3018106 ], [ 36.7601736, -1.2993313 ] ] } },
{ "type": "Feature", "properties": { "@osmId": "way/4716859", "@snapshotTimestamp": "2015-01-01T00:00:00Z" }, "geometry": { "type": "LineString", "coordinates": [ [ 36.7795056, -1.2998579 ], [ 36.7797048, -1.3000574 ], [ 36.7795226, -1.3002412 ], [ 36.7793269, -1.3000818 ], [ 36.7795056, -1.2998579 ] ] } },
{ "type": "Feature", "properties": { "@osmId": "way/4723377", "@snapshotTimestamp": "2015-01-01T00:00:00Z" }, "geometry": { "type": "LineString", "coordinates": [ [ 36.7797048, -1.3000574 ], [ 36.7874785, -1.2996754 ] ] } },
{ "type": "Feature", "properties": { "@osmId": "way/33136388", "@snapshotTimestamp": "2015-01-01T00:00:00Z" }, "geometry": { "type": "LineString", "coordinates": [ [ 36.7793269, -1.3000818 ], [ 36.7629985, -1.2991263 ] ] } },
{ "type": "Feature", "properties": { "@osmId": "way/239195030", "@snapshotTimestamp": "2015-01-01T00:00:00Z" }, "geometry": { "type": "LineString", "coordinates": [ [ 36.7874785, -1.2996754 ], [ 36.7881608, -1.2996451 ] ] } },
{ "type": "Feature", "properties": { "@osmId": "way/33136417", "@snapshotTimestamp": "2015-01-01T00:00:00Z" }, "geometry": { "type": "LineString", "coordinates": [ [ 36.7606923, -1.2991445 ], [ 36.7601736, -1.2993313 ] ] } },
{ "type": "Feature", "properties": { "@osmId": "way/239164440", "@snapshotTimestamp": "2015-01-01T00:00:00Z" }, "geometry": { "type": "LineString", "coordinates": [ [ 36.7629985, -1.2991263 ], [ 36.7618885, -1.2992387 ] ] } },
{ "type": "Feature", "properties": { "@osmId": "way/41454961", "@snapshotTimestamp": "2015-01-01T00:00:00Z" }, "geometry": { "type": "LineString", "coordinates": [ [ 36.7617817, -1.2988778 ], [ 36.7629985, -1.2991263 ] ] } },
{ "type": "Feature", "properties": { "@osmId": "way/41454962", "@snapshotTimestamp": "2015-01-01T00:00:00Z" }, "geometry": { "type": "LineString", "coordinates": [ [ 36.7617817, -1.2988778 ], [ 36.7618885, -1.2992387 ], [ 36.7604457, -1.29879 ], [ 36.7606426, -1.2986165 ], [ 36.7617817, -1.2988778 ] ] } },
{ "type": "Feature", "properties": { "@osmId": "way/25748335", "@snapshotTimestamp": "2015-01-01T00:00:00Z" }, "geometry": { "type": "LineString", "coordinates": [ [ 36.8314272, -1.3023144 ], [ 36.8366024, -1.2996677 ] ] } },
{ "type": "Feature", "properties": { "@osmId": "way/26584099", "@snapshotTimestamp": "2015-01-01T00:00:00Z" }, "geometry": { "type": "LineString", "coordinates": [ [ 36.8239094, -1.3000547 ], [ 36.8240644, -1.2996496 ], [ 36.8244561, -1.2998253 ], [ 36.8242757, -1.3002042 ], [ 36.8239094, -1.3000547 ] ] } },
{ "type": "Feature", "properties": { "@osmId": "way/16213668", "@snapshotTimestamp": "2015-01-01T00:00:00Z" }, "geometry": { "type": "LineString", "coordinates": [ [ 36.8366234, -1.2995982 ], [ 36.8369942, -1.2994574 ], [ 36.8371382, -1.2998213 ], [ 36.8367538, -1.2999642 ], [ 36.8366234, -1.2995982 ] ] } },
{ "type": "Feature", "properties": { "@osmId": "way/25748393", "@snapshotTimestamp": "2015-01-01T00:00:00Z" }, "geometry": { "type": "LineString", "coordinates": [ [ 36.8366626, -1.299535 ], [ 36.8363396, -1.2986769 ] ] } },
{ "type": "Feature", "properties": { "@osmId": "way/39885381", "@snapshotTimestamp": "2015-01-01T00:00:00Z" }, "geometry": { "type": "LineString", "coordinates": [ [ 36.8363396, -1.2986769 ], [ 36.8368466, -1.2994347 ] ] } },
{ "type": "Feature", "properties": { "@osmId": "way/42121015", "@snapshotTimestamp": "2015-01-01T00:00:00Z" }, "geometry": { "type": "LineString", "coordinates": [ [ 36.8239567, -1.299739 ], [ 36.8219827, -1.2954706 ] ] } },
{ "type": "Feature", "properties": { "@osmId": "way/162144290", "@snapshotTimestamp": "2015-01-01T00:00:00Z" }, "geometry": { "type": "LineString", "coordinates": [ [ 36.8220856, -1.2954046 ], [ 36.824249, -1.2996368 ] ] } },
{ "type": "Feature", "properties": { "@osmId": "way/239805677", "@snapshotTimestamp": "2015-01-01T00:00:00Z" }, "geometry": { "type": "LineString", "coordinates": [ [ 36.8403915, -1.2952049 ], [ 36.8371527, -1.2996505 ] ] } },
{ "type": "Feature", "properties": { "@osmId": "way/39885382", "@snapshotTimestamp": "2015-01-01T00:00:00Z" }, "geometry": { "type": "LineString", "coordinates": [ [ 36.8369069, -1.2994342 ], [ 36.8403143, -1.2950762 ] ] } },
{ "type": "Feature", "properties": { "@osmId": "way/16213875", "@snapshotTimestamp": "2015-01-01T00:00:00Z" }, "geometry": { "type": "LineString", "coordinates": [ [ 36.8346065, -1.2951705 ], [ 36.8363396, -1.2986769 ] ] } },
{ "type": "Feature", "properties": { "@osmId": "way/239195031", "@snapshotTimestamp": "2015-01-01T00:00:00Z" }, "geometry": { "type": "LineString", "coordinates": [ [ 36.7881608, -1.2996451 ], [ 36.8023905, -1.2979471 ] ] } },
{ "type": "Feature", "properties": { "@osmId": "way/95932149", "@snapshotTimestamp": "2015-01-01T00:00:00Z" }, "geometry": { "type": "LineString", "coordinates": [ [ 36.7604457, -1.29879 ], [ 36.7602564, -1.2985436 ] ] } },
{ "type": "Feature", "properties": { "@osmId": "way/44035354", "@snapshotTimestamp": "2015-01-01T00:00:00Z" }, "geometry": { "type": "LineString", "coordinates": [ [ 36.7602564, -1.2985436 ], [ 36.7606426, -1.2986165 ] ] } },
{ "type": "Feature", "properties": { "@osmId": "way/26584338", "@snapshotTimestamp": "2015-01-01T00:00:00Z" }, "geometry": { "type": "LineString", "coordinates": [ [ 36.8027636, -1.2981459 ], [ 36.8023905, -1.2979471 ] ] } },
{ "type": "Feature", "properties": { "@osmId": "way/89823798", "@snapshotTimestamp": "2015-01-01T00:00:00Z" }, "geometry": { "type": "LineString", "coordinates": [ [ 36.8037733, -1.2977714 ], [ 36.8030964, -1.2982773 ] ] } },
{ "type": "Feature", "properties": { "@osmId": "way/4723369", "@snapshotTimestamp": "2015-01-01T00:00:00Z" }, "geometry": { "type": "LineString", "coordinates": [ [ 36.8034928, -1.2978352 ], [ 36.8032143, -1.2980298 ] ] } },
{ "type": "Feature", "properties": { "@osmId": "way/4723375", "@snapshotTimestamp": "2015-01-01T00:00:00Z" }, "geometry": { "type": "LineString", "coordinates": [ [ 36.8030197, -1.2981934 ], [ 36.802642, -1.2979371 ], [ 36.8028836, -1.2976072 ], [ 36.8032389, -1.2978574 ], [ 36.8030197, -1.2981934 ] ] } },
{ "type": "Feature", "properties": { "@osmId": "way/39573546", "@snapshotTimestamp": "2015-01-01T00:00:00Z" }, "geometry": { "type": "LineString", "coordinates": [ [ 36.8023905, -1.2979471 ], [ 36.8026938, -1.297731 ] ] } },
{ "type": "Feature", "properties": { "@osmId": "way/26584324", "@snapshotTimestamp": "2015-01-01T00:00:00Z" }, "geometry": { "type": "LineString", "coordinates": [ [ 36.8031118, -1.2976546 ], [ 36.8034928, -1.2978352 ] ] } },
{ "type": "Feature", "properties": { "@osmId": "way/40555054", "@snapshotTimestamp": "2015-01-01T00:00:00Z" }, "geometry": { "type": "LineString", "coordinates": [ [ 36.8027212, -1.2976971 ], [ 36.8027125, -1.2973316 ] ] } },
{ "type": "Feature", "properties": { "@osmId": "way/41802280", "@snapshotTimestamp": "2015-01-01T00:00:00Z" }, "geometry": { "type": "LineString", "coordinates": [ [ 36.2905945, -1.8966224 ], [ 36.4186648, -1.5666723 ] ] } },
{ "type": "Feature", "properties": { "@osmId": "way/231682234", "@snapshotTimestamp": "2015-01-01T00:00:00Z" }, "geometry": { "type": "LineString", "coordinates": [ [ 35.859525, -1.6793536 ], [ 35.8194426, -1.7004917 ], [ 35.8147659, -1.7557546 ] ] } },
{ "type": "Feature", "properties": { "@osmId": "way/230148418", "@snapshotTimestamp": "2015-01-01T00:00:00Z" }, "geometry": { "type": "LineString", "coordinates": [ [ 35.8542152, -1.5273211 ], [ 35.859525, -1.6793536 ] ] } },
{ "type": "Feature", "properties": { "@osmId": "way/230148417", "@snapshotTimestamp": "2015-01-01T00:00:00Z" }, "geometry": { "type": "LineString", "coordinates": [ [ 35.8541802, -1.5271214 ], [ 35.8542152, -1.5273211 ] ] } },
{ "type": "Feature", "properties": { "@osmId": "way/230047912", "@snapshotTimestamp": "2015-01-01T00:00:00Z" }, "geometry": { "type": "LineString", "coordinates": [ [ 35.8261071, -1.3732931 ], [ 35.8319064, -1.4975964 ], [ 35.8541802, -1.5271214 ] ] } },
{ "type": "Feature", "properties": { "@osmId": "way/230047900", "@snapshotTimestamp": "2015-01-01T00:00:00Z" }, "geometry": { "type": "LineString", "coordinates": [ [ 35.8260411, -1.3731697 ], [ 35.8261071, -1.3732931 ] ] } },
{ "type": "Feature", "properties": { "@osmId": "way/169161515", "@snapshotTimestamp": "2015-01-01T00:00:00Z" }, "geometry": { "type": "LineString", "coordinates": [ [ 35.8698021, -1.0930226 ], [ 35.8343028, -1.1005341 ] ] } },
{ "type": "Feature", "properties": { "@osmId": "way/169161372", "@snapshotTimestamp": "2015-01-01T00:00:00Z" }, "geometry": { "type": "LineString", "coordinates": [ [ 35.8699001, -1.0928117 ], [ 35.8698021, -1.0930226 ] ] } },
{ "type": "Feature", "properties": { "@osmId": "way/204147078", "@snapshotTimestamp": "2015-01-01T00:00:00Z" }, "geometry": { "type": "LineString", "coordinates": [ [ 35.953778, -1.0914615 ], [ 35.8699001, -1.0928117 ] ] } },
{ "type": "Feature", "properties": { "@osmId": "way/204147077", "@snapshotTimestamp": "2015-01-01T00:00:00Z" }, "geometry": { "type": "LineString", "coordinates": [ [ 35.9540878, -1.091533 ], [ 35.953778, -1.0914615 ] ] } },
{ "type": "Feature", "properties": { "@osmId": "way/37426067", "@snapshotTimestamp": "2015-01-01T00:00:00Z" }, "geometry": { "type": "LineString", "coordinates": [ [ 35.2163678, -1.6568871 ], [ 35.213717430986371, -1.676389332121226 ] ] } },
{ "type": "Feature", "properties": { "@osmId": "way/34358985", "@snapshotTimestamp": "2015-01-01T00:00:00Z" }, "geometry": { "type": "LineString", "coordinates": [ [ 35.5876089, -1.4103478 ], [ 35.5111181, -1.3951687 ], [ 35.414547, -1.4331512 ], [ 35.3370675, -1.5218973 ], [ 35.2950526, -1.5273401 ], [ 35.2340586, -1.5836206 ], [ 35.2437275, -1.624413 ], [ 35.2163678, -1.6568871 ] ] } },
{ "type": "Feature", "properties": { "@osmId": "way/204104931", "@snapshotTimestamp": "2015-01-01T00:00:00Z" }, "geometry": { "type": "LineString", "coordinates": [ [ 35.207953, -1.4432978 ], [ 35.2046025, -1.5158451 ], [ 35.2451153, -1.5819888 ] ] } },
{ "type": "Feature", "properties": { "@osmId": "way/204104929", "@snapshotTimestamp": "2015-01-01T00:00:00Z" }, "geometry": { "type": "LineString", "coordinates": [ [ 35.2083883, -1.4432891 ], [ 35.207953, -1.4432978 ] ] } },
{ "type": "Feature", "properties": { "@osmId": "way/204104930", "@snapshotTimestamp": "2015-01-01T00:00:00Z" }, "geometry": { "type": "LineString", "coordinates": [ [ 35.2088108, -1.4432797 ], [ 35.2083883, -1.4432891 ] ] } },
{ "type": "Feature", "properties": { "@osmId": "way/34358356", "@snapshotTimestamp": "2015-01-01T00:00:00Z" }, "geometry": { "type": "LineString", "coordinates": [ [ 35.2405839, -1.168342 ], [ 35.2651404, -1.3033959 ], [ 35.2088108, -1.4432797 ] ] } },
{ "type": "Feature", "properties": { "@osmId": "way/48057146", "@snapshotTimestamp": "2015-01-01T00:00:00Z" }, "geometry": { "type": "LineString", "coordinates": [ [ 35.0365188, -1.2230969 ], [ 35.2564232, -1.1629692 ] ] } },
{ "type": "Feature", "properties": { "@osmId": "way/34357432", "@snapshotTimestamp": "2015-01-01T00:00:00Z" }, "geometry": { "type": "LineString", "coordinates": [ [ 35.6103398, -1.0022821 ], [ 35.2989204, -1.123494 ], [ 35.2564232, -1.1629692 ] ] } },
{ "type": "Feature", "properties": { "@osmId": "way/34357841", "@snapshotTimestamp": "2015-01-01T00:00:00Z" }, "geometry": { "type": "LineString", "coordinates": [ [ 35.1586318, -0.9472874 ], [ 35.252327, -1.0051658 ] ] } },
{ "type": "Feature", "properties": { "@osmId": "way/34357679", "@snapshotTimestamp": "2015-01-01T00:00:00Z" }, "geometry": { "type": "LineString", "coordinates": [ [ 35.1586318, -0.9472874 ], [ 35.0946889, -0.9142165 ], [ 35.097553, -0.8851365 ], [ 35.0453188, -0.8916177 ] ] } },
{ "type": "Feature", "properties": { "@osmId": "way/27096155", "@snapshotTimestamp": "2015-01-01T00:00:00Z" }, "geometry": { "type": "LineString", "coordinates": [ [ 35.641315, -1.3205539 ], [ 35.5876089, -1.4103478 ] ] } },
{ "type": "Feature", "properties": { "@osmId": "way/27096154", "@snapshotTimestamp": "2015-01-01T00:00:00Z" }, "geometry": { "type": "LineString", "coordinates": [ [ 35.6562348, -1.3035537 ], [ 35.641315, -1.3205539 ] ] } },
{ "type": "Feature", "properties": { "@osmId": "way/230047903", "@snapshotTimestamp": "2015-01-01T00:00:00Z" }, "geometry": { "type": "LineString", "coordinates": [ [ 35.778378, -1.2111308 ], [ 35.8260411, -1.3731697 ] ] } },
{ "type": "Feature", "properties": { "@osmId": "way/256277386", "@snapshotTimestamp": "2015-01-01T00:00:00Z" }, "geometry": { "type": "LineString", "coordinates": [ [ 35.6988507, -1.2434847 ], [ 35.6562348, -1.3035537 ] ] } },
{ "type": "Feature", "properties": { "@osmId": "way/230047901", "@snapshotTimestamp": "2015-01-01T00:00:00Z" }, "geometry": { "type": "LineString", "coordinates": [ [ 35.7780119, -1.2103371 ], [ 35.778378, -1.2111308 ] ] } },
{ "type": "Feature", "properties": { "@osmId": "way/34357417", "@snapshotTimestamp": "2015-01-01T00:00:00Z" }, "geometry": { "type": "LineString", "coordinates": [ [ 35.7519427, -1.1522999 ], [ 35.7780119, -1.2103371 ] ] } },
{ "type": "Feature", "properties": { "@osmId": "way/27069277", "@snapshotTimestamp": "2015-01-01T00:00:00Z" }, "geometry": { "type": "LineString", "coordinates": [ [ 35.8354044, -1.1009115 ], [ 35.7520577, -1.1520288 ], [ 35.6988507, -1.2434847 ] ] } },
{ "type": "Feature", "properties": { "@osmId": "way/34358099", "@snapshotTimestamp": "2015-01-01T00:00:00Z" }, "geometry": { "type": "LineString", "coordinates": [ [ 35.7495753, -1.0632407 ], [ 35.8343028, -1.1005341 ] ] } },
{ "type": "Feature", "properties": { "@osmId": "way/34359183", "@snapshotTimestamp": "2015-01-01T00:00:00Z" }, "geometry": { "type": "LineString", "coordinates": [ [ 35.6496059, -1.0174553 ], [ 35.7495753, -1.0632407 ] ] } },
{ "type": "Feature", "properties": { "@osmId": "way/34358745", "@snapshotTimestamp": "2015-01-01T00:00:00Z" }, "geometry": { "type": "LineString", "coordinates": [ [ 35.6103398, -1.0022821 ], [ 35.6496059, -1.0174553 ] ] } },
{ "type": "Feature", "properties": { "@osmId": "way/34358829", "@snapshotTimestamp": "2015-01-01T00:00:00Z" }, "geometry": { "type": "LineString", "coordinates": [ [ 35.335107, -0.8210262 ], [ 35.252327, -1.0051658 ] ] } },
{ "type": "Feature", "properties": { "@osmId": "way/34359123", "@snapshotTimestamp": "2015-01-01T00:00:00Z" }, "geometry": { "type": "LineString", "coordinates": [ [ 35.335107, -0.8210262 ], [ 35.3935471, -0.8549202 ], [ 35.4323391, -0.9569357 ] ] } },
{ "type": "Feature", "properties": { "@osmId": "way/34359187", "@snapshotTimestamp": "2015-01-01T00:00:00Z" }, "geometry": { "type": "LineString", "coordinates": [ [ 35.0728027, -0.8947541 ], [ 35.0924422, -0.8450053 ] ] } },
{ "type": "Feature", "properties": { "@osmId": "way/204415955", "@snapshotTimestamp": "2015-01-01T00:00:00Z" }, "geometry": { "type": "LineString", "coordinates": [ [ 35.0924422, -0.8450053 ], [ 35.0925289, -0.8448945 ] ] } },
{ "type": "Feature", "properties": { "@osmId": "way/204415956", "@snapshotTimestamp": "2015-01-01T00:00:00Z" }, "geometry": { "type": "LineString", "coordinates": [ [ 35.0925289, -0.8448945 ], [ 35.1149076, -0.8097244 ] ] } },
{ "type": "Feature", "properties": { "@osmId": "way/34358487", "@snapshotTimestamp": "2015-01-01T00:00:00Z" }, "geometry": { "type": "LineString", "coordinates": [ [ 35.338871, -0.777301 ], [ 35.335107, -0.8210262 ] ] } },
{ "type": "Feature", "properties": { "@osmId": "way/217347065", "@snapshotTimestamp": "2015-01-01T00:00:00Z" }, "geometry": { "type": "LineString", "coordinates": [ [ 35.0919352, -0.7852275 ], [ 35.1149076, -0.8097244 ] ] } },
{ "type": "Feature", "properties": { "@osmId": "way/217347066", "@snapshotTimestamp": "2015-01-01T00:00:00Z" }, "geometry": { "type": "LineString", "coordinates": [ [ 35.0918844, -0.785022 ], [ 35.0919352, -0.7852275 ] ] } },
{ "type": "Feature", "properties": { "@osmId": "way/308857544", "@snapshotTimestamp": "2015-01-01T00:00:00Z" }, "geometry": { "type": "LineString", "coordinates": [ [ 35.3402054, -0.7814512 ], [ 35.3452789, -0.7843315 ] ] } },
{ "type": "Feature", "properties": { "@osmId": "way/33402279", "@snapshotTimestamp": "2015-01-01T00:00:00Z" }, "geometry": { "type": "LineString", "coordinates": [ [ 35.226981, -0.7617809 ], [ 35.338871, -0.777301 ] ] } },
{ "type": "Feature", "properties": { "@osmId": "way/27067074", "@snapshotTimestamp": "2015-01-01T00:00:00Z" }, "geometry": { "type": "LineString", "coordinates": [ [ 36.5856086, -0.9824214 ], [ 36.3415598, -1.0438217 ], [ 36.2575604, -1.1050404 ], [ 36.0954898, -1.0924011 ], [ 35.9841804, -1.1244929 ], [ 35.9540878, -1.091533 ] ] } },
{ "type": "Feature", "properties": { "@osmId": "way/34358322", "@snapshotTimestamp": "2015-01-01T00:00:00Z" }, "geometry": { "type": "LineString", "coordinates": [ [ 35.8953486, -1.0059654 ], [ 35.8627136, -1.0520362 ], [ 35.8708497, -1.09138 ] ] } },
{ "type": "Feature", "properties": { "@osmId": "way/119905664", "@snapshotTimestamp": "2015-01-01T00:00:00Z" }, "geometry": { "type": "LineString", "coordinates": [ [ 35.8990665, -0.9920958 ], [ 35.8953486, -1.0059654 ] ] } },
{ "type": "Feature", "properties": { "@osmId": "way/171226984", "@snapshotTimestamp": "2015-01-01T00:00:00Z" }, "geometry": { "type": "LineString", "coordinates": [ [ 35.8983994, -0.9647281 ], [ 35.8990665, -0.9920958 ] ] } },
{ "type": "Feature", "properties": { "@osmId": "way/34359188", "@snapshotTimestamp": "2015-01-01T00:00:00Z" }, "geometry": { "type": "LineString", "coordinates": [ [ 35.9053459, -0.6885344 ], [ 35.8860141, -0.7469142 ], [ 35.8983994, -0.9647281 ] ] } },
{ "type": "Feature", "properties": { "@osmId": "way/34358971", "@snapshotTimestamp": "2015-01-01T00:00:00Z" }, "geometry": { "type": "LineString", "coordinates": [ [ 36.0150337, -0.6034983 ], [ 35.9802217, -0.6524702 ], [ 35.9053459, -0.6885344 ] ] } },
{ "type": "Feature", "properties": { "@osmId": "way/239571508", "@snapshotTimestamp": "2015-01-01T00:00:00Z" }, "geometry": { "type": "LineString", "coordinates": [ [ 35.969546, -0.5345991 ], [ 36.0150337, -0.6034983 ] ] } },
{ "type": "Feature", "properties": { "@osmId": "way/193170004", "@snapshotTimestamp": "2015-01-01T00:00:00Z" }, "geometry": { "type": "LineString", "coordinates": [ [ 36.3422965, -0.5451375 ], [ 36.3658356, -0.5773872 ] ] } },
{ "type": "Feature", "properties": { "@osmId": "way/193170003", "@snapshotTimestamp": "2015-01-01T00:00:00Z" }, "geometry": { "type": "LineString", "coordinates": [ [ 36.3375137, -0.5405832 ], [ 36.3422965, -0.5451375 ] ] } },
{ "type": "Feature", "properties": { "@osmId": "way/201778240", "@snapshotTimestamp": "2015-01-01T00:00:00Z" }, "geometry": { "type": "LineString", "coordinates": [ [ 35.9694929, -0.5343658 ], [ 35.969546, -0.5345991 ] ] } },
{ "type": "Feature", "properties": { "@osmId": "way/250138592", "@snapshotTimestamp": "2015-01-01T00:00:00Z" }, "geometry": { "type": "LineString", "coordinates": [ [ 35.2268393, -0.7617633 ], [ 35.226981, -0.7617809 ] ] } },
{ "type": "Feature", "properties": { "@osmId": "way/34357773", "@snapshotTimestamp": "2015-01-01T00:00:00Z" }, "geometry": { "type": "LineString", "coordinates": [ [ 35.3470472, -0.7416339 ], [ 35.338871, -0.777301 ] ] } },
{ "type": "Feature", "properties": { "@osmId": "way/34358923", "@snapshotTimestamp": "2015-01-01T00:00:00Z" }, "geometry": { "type": "LineString", "coordinates": [ [ 35.2146344, -0.7511066 ], [ 35.2268393, -0.7617633 ] ] } },
{ "type": "Feature", "properties": { "@osmId": "way/34359185", "@snapshotTimestamp": "2015-01-01T00:00:00Z" }, "geometry": { "type": "LineString", "coordinates": [ [ 35.0917918, -0.6868157 ], [ 35.0918844, -0.785022 ] ] } },
{ "type": "Feature", "properties": { "@osmId": "way/34357892", "@snapshotTimestamp": "2015-01-01T00:00:00Z" }, "geometry": { "type": "LineString", "coordinates": [ [ 35.1389456, -0.6760699 ], [ 35.168981, -0.7403077 ], [ 35.2146344, -0.7511066 ] ] } },
{ "type": "Feature", "properties": { "@osmId": "way/34358480", "@snapshotTimestamp": "2015-01-01T00:00:00Z" }, "geometry": { "type": "LineString", "coordinates": [ [ 35.0726382, -0.69268 ], [ 35.0441399, -0.7121235 ] ] } },
{ "type": "Feature", "properties": { "@osmId": "way/34357735", "@snapshotTimestamp": "2015-01-01T00:00:00Z" }, "geometry": { "type": "LineString", "coordinates": [ [ 35.0726382, -0.69268 ], [ 35.0917918, -0.6868157 ] ] } },
{ "type": "Feature", "properties": { "@osmId": "way/34358891", "@snapshotTimestamp": "2015-01-01T00:00:00Z" }, "geometry": { "type": "LineString", "coordinates": [ [ 35.0917918, -0.6868157 ], [ 35.0981878, -0.6844084 ] ] } },
{ "type": "Feature", "properties": { "@osmId": "way/312920459", "@snapshotTimestamp": "2015-01-01T00:00:00Z" }, "geometry": { "type": "LineString", "coordinates": [ [ 35.0981878, -0.6844084 ], [ 35.0987295, -0.6841982 ] ] } },
{ "type": "Feature", "properties": { "@osmId": "way/312920460", "@snapshotTimestamp": "2015-01-01T00:00:00Z" }, "geometry": { "type": "LineString", "coordinates": [ [ 35.0987295, -0.6841982 ], [ 35.1389456, -0.6760699 ] ] } },
{ "type": "Feature", "properties": { "@osmId": "way/34358405", "@snapshotTimestamp": "2015-01-01T00:00:00Z" }, "geometry": { "type": "LineString", "coordinates": [ [ 35.2551765, -0.6129183 ], [ 35.2972107, -0.6221509 ], [ 35.2927361, -0.6603391 ], [ 35.3336639, -0.6868678 ], [ 35.3470472, -0.7416339 ] ] } },
{ "type": "Feature", "properties": { "@osmId": "way/34358435", "@snapshotTimestamp": "2015-01-01T00:00:00Z" }, "geometry": { "type": "LineString", "coordinates": [ [ 35.1965529, -0.6385839 ], [ 35.1389456, -0.6760699 ] ] } },
{ "type": "Feature", "properties": { "@osmId": "way/173359528", "@snapshotTimestamp": "2015-01-01T00:00:00Z" }, "geometry": { "type": "LineString", "coordinates": [ [ 35.0581017, -0.6151582 ], [ 35.0726382, -0.69268 ] ] } },
{ "type": "Feature", "properties": { "@osmId": "way/34359038", "@snapshotTimestamp": "2015-01-01T00:00:00Z" }, "geometry": { "type": "LineString", "coordinates": [ [ 35.195931, -0.5887674 ], [ 35.1965529, -0.6385839 ] ] } },
{ "type": "Feature", "properties": { "@osmId": "way/34358975", "@snapshotTimestamp": "2015-01-01T00:00:00Z" }, "geometry": { "type": "LineString", "coordinates": [ [ 35.195931, -0.5887674 ], [ 35.2551765, -0.6129183 ] ] } },
{ "type": "Feature", "properties": { "@osmId": "way/36126056", "@snapshotTimestamp": "2015-01-01T00:00:00Z" }, "geometry": { "type": "LineString", "coordinates": [ [ 35.1656408, -0.4899026 ], [ 35.195931, -0.5887674 ] ] } },
{ "type": "Feature", "properties": { "@osmId": "way/36124945", "@snapshotTimestamp": "2015-01-01T00:00:00Z" }, "geometry": { "type": "LineString", "coordinates": [ [ 35.1656408, -0.4899026 ], [ 35.0436084, -0.5290841 ] ] } },
{ "type": "Feature", "properties": { "@osmId": "way/204459119", "@snapshotTimestamp": "2015-01-01T00:00:00Z" }, "geometry": { "type": "LineString", "coordinates": [ [ 35.1738787, -0.47575 ], [ 35.1656408, -0.4899026 ] ] } },
{ "type": "Feature", "properties": { "@osmId": "way/204459114", "@snapshotTimestamp": "2015-01-01T00:00:00Z" }, "geometry": { "type": "LineString", "coordinates": [ [ 35.1741198, -0.4754899 ], [ 35.1738787, -0.47575 ] ] } },
{ "type": "Feature", "properties": { "@osmId": "way/204459118", "@snapshotTimestamp": "2015-01-01T00:00:00Z" }, "geometry": { "type": "LineString", "coordinates": [ [ 35.1789148, -0.4651881 ], [ 35.1741198, -0.4754899 ] ] } },
{ "type": "Feature", "properties": { "@osmId": "way/34359142", "@snapshotTimestamp": "2015-01-01T00:00:00Z" }, "geometry": { "type": "LineString", "coordinates": [ [ 35.4323391, -0.9569357 ], [ 35.6103398, -1.0022821 ] ] } },
{ "type": "Feature", "properties": { "@osmId": "way/206651341", "@snapshotTimestamp": "2015-01-01T00:00:00Z" }, "geometry": { "type": "LineString", "coordinates": [ [ 35.7300912, -0.2460217 ], [ 35.7357331, -0.2193211 ] ] } },
{ "type": "Feature", "properties": { "@osmId": "way/35992907", "@snapshotTimestamp": "2015-01-01T00:00:00Z" }, "geometry": { "type": "LineString", "coordinates": [ [ 35.6689103, -0.1659297 ], [ 35.7140476, -0.2373754 ] ] } },
{ "type": "Feature", "properties": { "@osmId": "way/33402572", "@snapshotTimestamp": "2015-01-01T00:00:00Z" }, "geometry": { "type": "LineString", "coordinates": [ [ 35.6953623, -0.1607242 ], [ 35.7347839, -0.21861 ] ] } },
{ "type": "Feature", "properties": { "@osmId": "way/101352634", "@snapshotTimestamp": "2015-01-01T00:00:00Z" }, "geometry": { "type": "LineString", "coordinates": [ [ 35.4085296, -0.2131011 ], [ 35.4909749, -0.1498894 ], [ 35.5840676, -0.1626839 ] ] } },
{ "type": "Feature", "properties": { "@osmId": "way/243450094", "@snapshotTimestamp": "2015-01-01T00:00:00Z" }, "geometry": { "type": "LineString", "coordinates": [ [ 35.6702498, -0.1644268 ], [ 35.6182287, -0.1764123 ] ] } },
{ "type": "Feature", "properties": { "@osmId": "way/208431249", "@snapshotTimestamp": "2015-01-01T00:00:00Z" }, "geometry": { "type": "LineString", "coordinates": [ [ 35.5841411, -0.1628343 ], [ 35.6182287, -0.1764123 ] ] } },
{ "type": "Feature", "properties": { "@osmId": "way/243450093", "@snapshotTimestamp": "2015-01-01T00:00:00Z" }, "geometry": { "type": "LineString", "coordinates": [ [ 35.6705636, -0.1640523 ], [ 35.6702498, -0.1644268 ] ] } },
{ "type": "Feature", "properties": { "@osmId": "way/208431248", "@snapshotTimestamp": "2015-01-01T00:00:00Z" }, "geometry": { "type": "LineString", "coordinates": [ [ 35.5840676, -0.1626839 ], [ 35.5841411, -0.1628343 ] ] } },
{ "type": "Feature", "properties": { "@osmId": "way/133758433", "@snapshotTimestamp": "2015-01-01T00:00:00Z" }, "geometry": { "type": "LineString", "coordinates": [ [ 35.6928849, -0.1584287 ], [ 35.6705636, -0.1640523 ] ] } },
{ "type": "Feature", "properties": { "@osmId": "way/138999314", "@snapshotTimestamp": "2015-01-01T00:00:00Z" }, "geometry": { "type": "LineString", "coordinates": [ [ 36.3256759, -0.5003601 ], [ 36.331277, -0.5271296 ] ] } },
{ "type": "Feature", "properties": { "@osmId": "way/138999312", "@snapshotTimestamp": "2015-01-01T00:00:00Z" }, "geometry": { "type": "LineString", "coordinates": [ [ 36.3256759, -0.5003601 ], [ 36.3152731, -0.5004494 ] ] } },
{ "type": "Feature", "properties": { "@osmId": "way/138999313", "@snapshotTimestamp": "2015-01-01T00:00:00Z" }, "geometry": { "type": "LineString", "coordinates": [ [ 36.3200289, -0.4975753 ], [ 36.2749261, -0.4501472 ] ] } },
{ "type": "Feature", "properties": { "@osmId": "way/83698803", "@snapshotTimestamp": "2015-01-01T00:00:00Z" }, "geometry": { "type": "LineString", "coordinates": [ [ 35.9442542, -0.3381238 ], [ 35.9794304, -0.456165 ], [ 35.9694929, -0.5343658 ] ] } },
{ "type": "Feature", "properties": { "@osmId": "way/30160440", "@snapshotTimestamp": "2015-01-01T00:00:00Z" }, "geometry": { "type": "LineString", "coordinates": [ [ 36.1441087, -0.3182056 ], [ 36.2439659, -0.3914717 ], [ 36.3375137, -0.5405832 ] ] } },
{ "type": "Feature", "properties": { "@osmId": "way/83698801", "@snapshotTimestamp": "2015-01-01T00:00:00Z" }, "geometry": { "type": "LineString", "coordinates": [ [ 35.9443958, -0.337685 ], [ 35.9442542, -0.3381238 ] ] } },
{ "type": "Feature", "properties": { "@osmId": "way/95018945", "@snapshotTimestamp": "2015-01-01T00:00:00Z" }, "geometry": { "type": "LineString", "coordinates": [ [ 35.9436916, -0.333271 ], [ 35.9443958, -0.337685 ] ] } },
{ "type": "Feature", "properties": { "@osmId": "way/95018921", "@snapshotTimestamp": "2015-01-01T00:00:00Z" }, "geometry": { "type": "LineString", "coordinates": [ [ 35.9447409, -0.3334766 ], [ 35.9440217, -0.3323803 ] ] } },
{ "type": "Feature", "properties": { "@osmId": "way/95018956", "@snapshotTimestamp": "2015-01-01T00:00:00Z" }, "geometry": { "type": "LineString", "coordinates": [ [ 35.9440217, -0.3323803 ], [ 35.9447409, -0.3334766 ] ] } },
{ "type": "Feature", "properties": { "@osmId": "way/36239283", "@snapshotTimestamp": "2015-01-01T00:00:00Z" }, "geometry": { "type": "LineString", "coordinates": [ [ 35.9440217, -0.3323803 ], [ 35.9392989, -0.3272154 ] ] } },
{ "type": "Feature", "properties": { "@osmId": "way/94753098", "@snapshotTimestamp": "2015-01-01T00:00:00Z" }, "geometry": { "type": "LineString", "coordinates": [ [ 36.1441087, -0.3182056 ], [ 36.1399611, -0.303967 ] ] } },
{ "type": "Feature", "properties": { "@osmId": "way/87621646", "@snapshotTimestamp": "2015-01-01T00:00:00Z" }, "geometry": { "type": "LineString", "coordinates": [ [ 36.1402169, -0.3027329 ], [ 36.1441087, -0.3182056 ] ] } },
{ "type": "Feature", "properties": { "@osmId": "way/35943964", "@snapshotTimestamp": "2015-01-01T00:00:00Z" }, "geometry": { "type": "LineString", "coordinates": [ [ 36.029651, -0.2797943 ], [ 35.9667033, -0.3390725 ], [ 35.9447409, -0.3334766 ] ] } },
{ "type": "Feature", "properties": { "@osmId": "way/87621652", "@snapshotTimestamp": "2015-01-01T00:00:00Z" }, "geometry": { "type": "LineString", "coordinates": [ [ 36.1399611, -0.303967 ], [ 36.1398767, -0.3026998 ] ] } },
{ "type": "Feature", "properties": { "@osmId": "way/87621645", "@snapshotTimestamp": "2015-01-01T00:00:00Z" }, "geometry": { "type": "LineString", "coordinates": [ [ 36.1398767, -0.3026998 ], [ 36.1394227, -0.3011536 ] ] } },
{ "type": "Feature", "properties": { "@osmId": "way/82507097", "@snapshotTimestamp": "2015-01-01T00:00:00Z" }, "geometry": { "type": "LineString", "coordinates": [ [ 36.1397979, -0.3009931 ], [ 36.1402169, -0.3027329 ] ] } },
{ "type": "Feature", "properties": { "@osmId": "way/87621642", "@snapshotTimestamp": "2015-01-01T00:00:00Z" }, "geometry": { "type": "LineString", "coordinates": [ [ 36.1394227, -0.3011536 ], [ 36.0980705, -0.2829176 ] ] } },
{ "type": "Feature", "properties": { "@osmId": "way/82507095", "@snapshotTimestamp": "2015-01-01T00:00:00Z" }, "geometry": { "type": "LineString", "coordinates": [ [ 36.080147, -0.2845102 ], [ 36.1397979, -0.3009931 ] ] } },
{ "type": "Feature", "properties": { "@osmId": "way/87269998", "@snapshotTimestamp": "2015-01-01T00:00:00Z" }, "geometry": { "type": "LineString", "coordinates": [ [ 36.0551765, -0.2894388 ], [ 36.0543401, -0.2897099 ] ] } },
{ "type": "Feature", "properties": { "@osmId": "way/87270015", "@snapshotTimestamp": "2015-01-01T00:00:00Z" }, "geometry": { "type": "LineString", "coordinates": [ [ 36.0555633, -0.2893725 ], [ 36.0551765, -0.2894388 ], [ 36.0550985, -0.2890747 ], [ 36.0554853, -0.2889808 ], [ 36.0555633, -0.2893725 ] ] } },
{ "type": "Feature", "properties": { "@osmId": "way/23854461", "@snapshotTimestamp": "2015-01-01T00:00:00Z" }, "geometry": { "type": "LineString", "coordinates": [ [ 34.482648, -1.2348412 ], [ 34.458921135069893, -1.254690876860747 ] ] } },
{ "type": "Feature", "properties": { "@osmId": "way/34357815", "@snapshotTimestamp": "2015-01-01T00:00:00Z" }, "geometry": { "type": "MultiLineString", "coordinates": [ [ [ 34.450518464559799, -1.249999248950453 ], [ 34.4403455, -1.2271113 ], [ 34.389700145774505, -1.215953412823215 ] ], [ [ 34.388113540807787, -1.21506056264953 ], [ 34.349500542738667, -1.193331384463479 ] ] ] } },
{ "type": "Feature", "properties": { "@osmId": "way/34358619", "@snapshotTimestamp": "2015-01-01T00:00:00Z" }, "geometry": { "type": "LineString", "coordinates": [ [ 34.4559913, -1.0953776 ], [ 34.446793, -1.1808746 ], [ 34.482648, -1.2348412 ] ] } },
{ "type": "Feature", "properties": { "@osmId": "way/281267493", "@snapshotTimestamp": "2015-01-01T00:00:00Z" }, "geometry": { "type": "LineString", "coordinates": [ [ 34.190388897709198, -1.103792486703399 ], [ 34.203143661264342, -1.110970135263985 ] ] } },
{ "type": "Feature", "properties": { "@osmId": "way/209405037", "@snapshotTimestamp": "2015-01-01T00:00:00Z" }, "geometry": { "type": "LineString", "coordinates": [ [ 34.4711493, -1.0668241 ], [ 34.4559913, -1.0953776 ] ] } },
{ "type": "Feature", "properties": { "@osmId": "way/209405039", "@snapshotTimestamp": "2015-01-01T00:00:00Z" }, "geometry": { "type": "LineString", "coordinates": [ [ 34.4713941, -1.0662381 ], [ 34.4711493, -1.0668241 ] ] } },
{ "type": "Feature", "properties": { "@osmId": "way/230047936", "@snapshotTimestamp": "2015-01-01T00:00:00Z" }, "geometry": { "type": "LineString", "coordinates": [ [ 34.3130139, -1.020924 ], [ 34.3872909, -1.0418634 ], [ 34.4562248, -1.094724 ] ] } },
{ "type": "Feature", "properties": { "@osmId": "way/209405043", "@snapshotTimestamp": "2015-01-01T00:00:00Z" }, "geometry": { "type": "LineString", "coordinates": [ [ 34.5004747, -0.9817226 ], [ 34.4713941, -1.0662381 ] ] } },
{ "type": "Feature", "properties": { "@osmId": "way/230047935", "@snapshotTimestamp": "2015-01-01T00:00:00Z" }, "geometry": { "type": "LineString", "coordinates": [ [ 34.3129598, -1.0211281 ], [ 34.3130139, -1.020924 ] ] } },
{ "type": "Feature", "properties": { "@osmId": "way/34357877", "@snapshotTimestamp": "2015-01-01T00:00:00Z" }, "geometry": { "type": "LineString", "coordinates": [ [ 34.278823, -1.0089617 ], [ 34.3129598, -1.0211281 ] ] } },
{ "type": "Feature", "properties": { "@osmId": "way/34358522", "@snapshotTimestamp": "2015-01-01T00:00:00Z" }, "geometry": { "type": "MultiLineString", "coordinates": [ [ [ 34.4705253, -1.257841 ], [ 34.483724903924447, -1.268540051846095 ] ], [ [ 34.494980511523721, -1.274824616104168 ], [ 34.58570730033933, -1.325473725578699 ] ] ] } },
{ "type": "Feature", "properties": { "@osmId": "way/204115226", "@snapshotTimestamp": "2015-01-01T00:00:00Z" }, "geometry": { "type": "LineString", "coordinates": [ [ 34.7105727, -1.2041321 ], [ 34.7110537, -1.2037278 ] ] } },
{ "type": "Feature", "properties": { "@osmId": "way/34358859", "@snapshotTimestamp": "2015-01-01T00:00:00Z" }, "geometry": { "type": "LineString", "coordinates": [ [ 34.6828003, -1.1953284 ], [ 34.7105727, -1.2041321 ] ] } },
{ "type": "Feature", "properties": { "@osmId": "way/34358035", "@snapshotTimestamp": "2015-01-01T00:00:00Z" }, "geometry": { "type": "LineString", "coordinates": [ [ 34.6366676, -1.1619373 ], [ 34.6828003, -1.1953284 ] ] } },
{ "type": "Feature", "properties": { "@osmId": "way/34359045", "@snapshotTimestamp": "2015-01-01T00:00:00Z" }, "geometry": { "type": "LineString", "coordinates": [ [ 34.6270087, -1.16143 ], [ 34.6366676, -1.1619373 ] ] } },
{ "type": "Feature", "properties": { "@osmId": "way/34357580", "@snapshotTimestamp": "2015-01-01T00:00:00Z" }, "geometry": { "type": "LineString", "coordinates": [ [ 34.5345394, -1.1215224 ], [ 34.6270087, -1.16143 ] ] } },
{ "type": "Feature", "properties": { "@osmId": "way/34358818", "@snapshotTimestamp": "2015-01-01T00:00:00Z" }, "geometry": { "type": "LineString", "coordinates": [ [ 34.4559913, -1.0953776 ], [ 34.5345394, -1.1215224 ] ] } },
{ "type": "Feature", "properties": { "@osmId": "way/209405041", "@snapshotTimestamp": "2015-01-01T00:00:00Z" }, "geometry": { "type": "LineString", "coordinates": [ [ 34.500619, -0.9815203 ], [ 34.5004747, -0.9817226 ] ] } },
{ "type": "Feature", "properties": { "@osmId": "way/34357498", "@snapshotTimestamp": "2015-01-01T00:00:00Z" }, "geometry": { "type": "LineString", "coordinates": [ [ 34.5110907, -0.9552289 ], [ 34.500619, -0.9815203 ] ] } },
{ "type": "Feature", "properties": { "@osmId": "way/204422460", "@snapshotTimestamp": "2015-01-01T00:00:00Z" }, "geometry": { "type": "LineString", "coordinates": [ [ 34.5403758, -0.8951299 ], [ 34.5110907, -0.9552289 ] ] } },
{ "type": "Feature", "properties": { "@osmId": "way/36837957", "@snapshotTimestamp": "2015-01-01T00:00:00Z" }, "geometry": { "type": "LineString", "coordinates": [ [ 34.808861, -1.2278311 ], [ 34.9174353, -1.2725253 ], [ 35.0360279, -1.222831 ] ] } },
{ "type": "Feature", "properties": { "@osmId": "way/48057150", "@snapshotTimestamp": "2015-01-01T00:00:00Z" }, "geometry": { "type": "LineString", "coordinates": [ [ 35.0360279, -1.222831 ], [ 35.0365188, -1.2230969 ] ] } },
{ "type": "Feature", "properties": { "@osmId": "way/204115227", "@snapshotTimestamp": "2015-01-01T00:00:00Z" }, "geometry": { "type": "LineString", "coordinates": [ [ 34.7110537, -1.2037278 ], [ 34.808861, -1.2278311 ] ] } },
{ "type": "Feature", "properties": { "@osmId": "way/34359369", "@snapshotTimestamp": "2015-01-01T00:00:00Z" }, "geometry": { "type": "LineString", "coordinates": [ [ 34.836055, -1.1727371 ], [ 34.808861, -1.2278311 ] ] } },
{ "type": "Feature", "properties": { "@osmId": "way/209405056", "@snapshotTimestamp": "2015-01-01T00:00:00Z" }, "geometry": { "type": "LineString", "coordinates": [ [ 34.8365046, -1.1723783 ], [ 34.836055, -1.1727371 ] ] } },
{ "type": "Feature", "properties": { "@osmId": "way/209405059", "@snapshotTimestamp": "2015-01-01T00:00:00Z" }, "geometry": { "type": "LineString", "coordinates": [ [ 34.8368612, -1.1720738 ], [ 34.8365046, -1.1723783 ] ] } },
{ "type": "Feature", "properties": { "@osmId": "way/127678306", "@snapshotTimestamp": "2015-01-01T00:00:00Z" }, "geometry": { "type": "LineString", "coordinates": [ [ 34.8828364, -1.0079068 ], [ 34.8821754, -1.0903283 ], [ 34.8368612, -1.1720738 ] ] } },
{ "type": "Feature", "properties": { "@osmId": "way/276342424", "@snapshotTimestamp": "2015-01-01T00:00:00Z" }, "geometry": { "type": "LineString", "coordinates": [ [ 34.9837324, -0.8811492 ], [ 34.9450098, -0.9698168 ], [ 34.8828364, -1.0079068 ] ] } },
{ "type": "Feature", "properties": { "@osmId": "way/34357760", "@snapshotTimestamp": "2015-01-01T00:00:00Z" }, "geometry": { "type": "LineString", "coordinates": [ [ 34.759787, -0.8625588 ], [ 34.8000045, -0.9227678 ], [ 34.847212, -0.9357453 ], [ 34.8828364, -1.0079068 ] ] } },
{ "type": "Feature", "properties": { "@osmId": "way/276342421", "@snapshotTimestamp": "2015-01-01T00:00:00Z" }, "geometry": { "type": "LineString", "coordinates": [ [ 35.0453188, -0.8916177 ], [ 35.0347186, -0.8799607 ] ] } },
{ "type": "Feature", "properties": { "@osmId": "way/204422458", "@snapshotTimestamp": "2015-01-01T00:00:00Z" }, "geometry": { "type": "LineString", "coordinates": [ [ 34.5403667, -0.8949156 ], [ 34.5403758, -0.8951299 ] ] } },
{ "type": "Feature", "properties": { "@osmId": "way/126408665", "@snapshotTimestamp": "2015-01-01T00:00:00Z" }, "geometry": { "type": "LineString", "coordinates": [ [ 34.5510725, -0.8707288 ], [ 34.5403667, -0.8949156 ] ] } },
{ "type": "Feature", "properties": { "@osmId": "way/34358632", "@snapshotTimestamp": "2015-01-01T00:00:00Z" }, "geometry": { "type": "LineString", "coordinates": [ [ 34.5662919, -0.8619719 ], [ 34.5510725, -0.8707288 ] ] } },
{ "type": "Feature", "properties": { "@osmId": "way/34358688", "@snapshotTimestamp": "2015-01-01T00:00:00Z" }, "geometry": { "type": "LineString", "coordinates": [ [ 34.5662919, -0.8619719 ], [ 34.5868106, -0.8346958 ] ] } },
{ "type": "Feature", "properties": { "@osmId": "way/204104927", "@snapshotTimestamp": "2015-01-01T00:00:00Z" }, "geometry": { "type": "LineString", "coordinates": [ [ 34.5870867, -0.8340018 ], [ 34.5868106, -0.8346958 ] ] } },
{ "type": "Feature", "properties": { "@osmId": "way/34358465", "@snapshotTimestamp": "2015-01-01T00:00:00Z" }, "geometry": { "type": "LineString", "coordinates": [ [ 34.7257283, -0.7989685 ], [ 34.759787, -0.8625588 ] ] } },
{ "type": "Feature", "properties": { "@osmId": "way/225239569", "@snapshotTimestamp": "2015-01-01T00:00:00Z" }, "geometry": { "type": "LineString", "coordinates": [ [ 34.7263436, -0.7980687 ], [ 34.7257283, -0.7989685 ] ] } },
{ "type": "Feature", "properties": { "@osmId": "way/225239568", "@snapshotTimestamp": "2015-01-01T00:00:00Z" }, "geometry": { "type": "LineString", "coordinates": [ [ 34.7267111, -0.7976171 ], [ 34.7263436, -0.7980687 ] ] } },
{ "type": "Feature", "properties": { "@osmId": "way/204415957", "@snapshotTimestamp": "2015-01-01T00:00:00Z" }, "geometry": { "type": "LineString", "coordinates": [ [ 34.7219831, -0.7968543 ], [ 34.7257283, -0.7989685 ] ] } },
{ "type": "Feature", "properties": { "@osmId": "way/204415958", "@snapshotTimestamp": "2015-01-01T00:00:00Z" }, "geometry": { "type": "LineString", "coordinates": [ [ 34.7218585, -0.796896 ], [ 34.7219831, -0.7968543 ] ] } },
{ "type": "Feature", "properties": { "@osmId": "way/309981530", "@snapshotTimestamp": "2015-01-01T00:00:00Z" }, "geometry": { "type": "LineString", "coordinates": [ [ 34.9897203, -0.8720415 ], [ 34.9837324, -0.8811492 ] ] } },
{ "type": "Feature", "properties": { "@osmId": "way/309981529", "@snapshotTimestamp": "2015-01-01T00:00:00Z" }, "geometry": { "type": "LineString", "coordinates": [ [ 35.0347186, -0.8799607 ], [ 34.9897203, -0.8720415 ] ] } },
{ "type": "Feature", "properties": { "@osmId": "way/36826035", "@snapshotTimestamp": "2015-01-01T00:00:00Z" }, "geometry": { "type": "LineString", "coordinates": [ [ 34.8405038, -0.9317684 ], [ 34.8988822, -0.8727602 ], [ 34.9369572, -0.8775416 ], [ 34.9475043, -0.7792737 ] ] } },
{ "type": "Feature", "properties": { "@osmId": "way/312930241", "@snapshotTimestamp": "2015-01-01T00:00:00Z" }, "geometry": { "type": "LineString", "coordinates": [ [ 34.8515938, -0.7805142 ], [ 34.8886846, -0.8384239 ] ] } },
{ "type": "Feature", "properties": { "@osmId": "way/314120338", "@snapshotTimestamp": "2015-01-01T00:00:00Z" }, "geometry": { "type": "LineString", "coordinates": [ [ 34.8047393, -0.8027472 ], [ 34.802262, -0.8009525 ] ] } },
{ "type": "Feature", "properties": { "@osmId": "way/314120337", "@snapshotTimestamp": "2015-01-01T00:00:00Z" }, "geometry": { "type": "LineString", "coordinates": [ [ 34.8292974, -0.7789604 ], [ 34.8047393, -0.8027472 ] ] } },
{ "type": "Feature", "properties": { "@osmId": "way/314120783", "@snapshotTimestamp": "2015-01-01T00:00:00Z" }, "geometry": { "type": "LineString", "coordinates": [ [ 34.8427991, -0.7804078 ], [ 34.8515938, -0.7805142 ] ] } },
{ "type": "Feature", "properties": { "@osmId": "way/314120782", "@snapshotTimestamp": "2015-01-01T00:00:00Z" }, "geometry": { "type": "LineString", "coordinates": [ [ 34.8365258, -0.7787571 ], [ 34.8427991, -0.7804078 ] ] } },
{ "type": "Feature", "properties": { "@osmId": "way/314120336", "@snapshotTimestamp": "2015-01-01T00:00:00Z" }, "geometry": { "type": "LineString", "coordinates": [ [ 34.8301345, -0.7772935 ], [ 34.8365258, -0.7787571 ] ] } },
{ "type": "Feature", "properties": { "@osmId": "way/314120335", "@snapshotTimestamp": "2015-01-01T00:00:00Z" }, "geometry": { "type": "LineString", "coordinates": [ [ 34.8462498, -0.7335873 ], [ 34.8292974, -0.7789604 ] ] } },
{ "type": "Feature", "properties": { "@osmId": "way/209405135", "@snapshotTimestamp": "2015-01-01T00:00:00Z" }, "geometry": { "type": "LineString", "coordinates": [ [ 34.2255259, -1.0133279 ], [ 34.2258365, -1.0135062 ] ] } },
{ "type": "Feature", "properties": { "@osmId": "way/209405137", "@snapshotTimestamp": "2015-01-01T00:00:00Z" }, "geometry": { "type": "LineString", "coordinates": [ [ 34.2258365, -1.0135062 ], [ 34.2288043, -1.0117739 ] ] } },
{ "type": "Feature", "properties": { "@osmId": "way/34359121", "@snapshotTimestamp": "2015-01-01T00:00:00Z" }, "geometry": { "type": "LineString", "coordinates": [ [ 34.1807788, -1.004207 ], [ 34.2255259, -1.0133279 ] ] } },
{ "type": "Feature", "properties": { "@osmId": "way/34358893", "@snapshotTimestamp": "2015-01-01T00:00:00Z" }, "geometry": { "type": "LineString", "coordinates": [ [ 34.0946591, -0.9993236 ], [ 34.1470417, -1.0179252 ], [ 34.1770863, -1.0046248 ] ] } },
{ "type": "Feature", "properties": { "@osmId": "way/209405141", "@snapshotTimestamp": "2015-01-01T00:00:00Z" }, "geometry": { "type": "LineString", "coordinates": [ [ 34.2672579, -1.0048426 ], [ 34.278823, -1.0089617 ] ] } },
{ "type": "Feature", "properties": { "@osmId": "way/209405138", "@snapshotTimestamp": "2015-01-01T00:00:00Z" }, "geometry": { "type": "LineString", "coordinates": [ [ 34.2288043, -1.0117739 ], [ 34.2670469, -1.0047905 ] ] } },
{ "type": "Feature", "properties": { "@osmId": "way/209405136", "@snapshotTimestamp": "2015-01-01T00:00:00Z" }, "geometry": { "type": "LineString", "coordinates": [ [ 34.2670469, -1.0047905 ], [ 34.2672579, -1.0048426 ] ] } },
{ "type": "Feature", "properties": { "@osmId": "way/34358978", "@snapshotTimestamp": "2015-01-01T00:00:00Z" }, "geometry": { "type": "LineString", "coordinates": [ [ 34.1807788, -1.004207 ], [ 34.1770863, -1.0046248 ] ] } },
{ "type": "Feature", "properties": { "@osmId": "way/34358249", "@snapshotTimestamp": "2015-01-01T00:00:00Z" }, "geometry": { "type": "LineString", "coordinates": [ [ 34.3213362, -0.7477672 ], [ 34.1570081, -0.8431125 ] ] } },
{ "type": "Feature", "properties": { "@osmId": "way/220063098", "@snapshotTimestamp": "2015-01-01T00:00:00Z" }, "geometry": { "type": "LineString", "coordinates": [ [ 34.5026297, -0.6240272 ], [ 34.3213362, -0.7477672 ] ] } },
{ "type": "Feature", "properties": { "@osmId": "way/34357652", "@snapshotTimestamp": "2015-01-01T00:00:00Z" }, "geometry": { "type": "LineString", "coordinates": [ [ 34.6030637, -0.7579127 ], [ 34.5870867, -0.8340018 ] ] } },
{ "type": "Feature", "properties": { "@osmId": "way/34359064", "@snapshotTimestamp": "2015-01-01T00:00:00Z" }, "geometry": { "type": "LineString", "coordinates": [ [ 34.667083, -0.7572451 ], [ 34.7218585, -0.796896 ] ] } },
{ "type": "Feature", "properties": { "@osmId": "way/96789413", "@snapshotTimestamp": "2015-01-01T00:00:00Z" }, "geometry": { "type": "LineString", "coordinates": [ [ 34.6023601, -0.7585181 ], [ 34.6329787, -0.7726219 ] ] } },
{ "type": "Feature", "properties": { "@osmId": "way/186053578", "@snapshotTimestamp": "2015-01-01T00:00:00Z" }, "geometry": { "type": "LineString", "coordinates": [ [ 34.6329787, -0.7726219 ], [ 34.667083, -0.7572451 ] ] } },
{ "type": "Feature", "properties": { "@osmId": "way/34358814", "@snapshotTimestamp": "2015-01-01T00:00:00Z" }, "geometry": { "type": "LineString", "coordinates": [ [ 34.6496529, -0.718474 ], [ 34.6030637, -0.7579127 ] ] } },
{ "type": "Feature", "properties": { "@osmId": "way/34358641", "@snapshotTimestamp": "2015-01-01T00:00:00Z" }, "geometry": { "type": "LineString", "coordinates": [ [ 34.7045619, -0.6786561 ], [ 34.6496529, -0.718474 ] ] } },
{ "type": "Feature", "properties": { "@osmId": "way/34358921", "@snapshotTimestamp": "2015-01-01T00:00:00Z" }, "geometry": { "type": "LineString", "coordinates": [ [ 34.5033067, -0.6248642 ], [ 34.6030637, -0.7579127 ] ] } },
{ "type": "Feature", "properties": { "@osmId": "way/34358563", "@snapshotTimestamp": "2015-01-01T00:00:00Z" }, "geometry": { "type": "LineString", "coordinates": [ [ 34.7045619, -0.6786561 ], [ 34.7543075, -0.66298 ] ] } },
{ "type": "Feature", "properties": { "@osmId": "way/298667617", "@snapshotTimestamp": "2015-01-01T00:00:00Z" }, "geometry": { "type": "LineString", "coordinates": [ [ 34.521631, -0.6501052 ], [ 34.518317, -0.6531916 ] ] } },
{ "type": "Feature", "properties": { "@osmId": "way/232008029", "@snapshotTimestamp": "2015-01-01T00:00:00Z" }, "geometry": { "type": "LineString", "coordinates": [ [ 34.519172, -0.6049424 ], [ 34.5032572, -0.624803 ] ] } },
{ "type": "Feature", "properties": { "@osmId": "way/173359537", "@snapshotTimestamp": "2015-01-01T00:00:00Z" }, "geometry": { "type": "LineString", "coordinates": [ [ 35.0441399, -0.7121235 ], [ 35.0123737, -0.7614353 ], [ 34.9536554, -0.7817368 ], [ 34.9242378, -0.7626401 ] ] } },
{ "type": "Feature", "properties": { "@osmId": "way/34357804", "@snapshotTimestamp": "2015-01-01T00:00:00Z" }, "geometry": { "type": "LineString", "coordinates": [ [ 34.7739631, -0.6792894 ], [ 34.783682, -0.7418994 ], [ 34.7267111, -0.7976171 ] ] } },
{ "type": "Feature", "properties": { "@osmId": "way/34358907", "@snapshotTimestamp": "2015-01-01T00:00:00Z" }, "geometry": { "type": "LineString", "coordinates": [ [ 34.777168, -0.6808085 ], [ 34.9242378, -0.7626401 ] ] } },
{ "type": "Feature", "properties": { "@osmId": "way/36109339", "@snapshotTimestamp": "2015-01-01T00:00:00Z" }, "geometry": { "type": "LineString", "coordinates": [ [ 34.7713029, -0.6761541 ], [ 34.777168, -0.6808085 ] ] } },
{ "type": "Feature", "properties": { "@osmId": "way/36116614", "@snapshotTimestamp": "2015-01-01T00:00:00Z" }, "geometry": { "type": "LineString", "coordinates": [ [ 34.82014, -0.6809655 ], [ 34.7995664, -0.6658819 ], [ 34.777168, -0.6808085 ] ] } },
{ "type": "Feature", "properties": { "@osmId": "way/34359065", "@snapshotTimestamp": "2015-01-01T00:00:00Z" }, "geometry": { "type": "LineString", "coordinates": [ [ 34.7543075, -0.66298 ], [ 34.7713029, -0.6761541 ] ] } },
{ "type": "Feature", "properties": { "@osmId": "way/33402437", "@snapshotTimestamp": "2015-01-01T00:00:00Z" }, "geometry": { "type": "LineString", "coordinates": [ [ 34.8684502, -0.6177678 ], [ 34.82014, -0.6809655 ] ] } },
{ "type": "Feature", "properties": { "@osmId": "way/34358144", "@snapshotTimestamp": "2015-01-01T00:00:00Z" }, "geometry": { "type": "LineString", "coordinates": [ [ 34.7557525, -0.615982 ], [ 34.7543075, -0.66298 ] ] } },
{ "type": "Feature", "properties": { "@osmId": "way/34358800", "@snapshotTimestamp": "2015-01-01T00:00:00Z" }, "geometry": { "type": "LineString", "coordinates": [ [ 34.8684502, -0.6177678 ], [ 34.9284755, -0.5915978 ], [ 34.9632632, -0.6011463 ] ] } },
{ "type": "Feature", "properties": { "@osmId": "way/313307584", "@snapshotTimestamp": "2015-01-01T00:00:00Z" }, "geometry": { "type": "LineString", "coordinates": [ [ 35.0333083, -0.5479669 ], [ 35.0581017, -0.6151582 ] ] } },
{ "type": "Feature", "properties": { "@osmId": "way/34358609", "@snapshotTimestamp": "2015-01-01T00:00:00Z" }, "geometry": { "type": "LineString", "coordinates": [ [ 35.0436084, -0.5290841 ], [ 34.9854623, -0.5315355 ], [ 34.9632632, -0.6011463 ] ] } },
{ "type": "Feature", "properties": { "@osmId": "way/313307583", "@snapshotTimestamp": "2015-01-01T00:00:00Z" }, "geometry": { "type": "LineString", "coordinates": [ [ 35.0333083, -0.5479669 ], [ 35.0266498, -0.5326732 ] ] } },
{ "type": "Feature", "properties": { "@osmId": "way/173349376", "@snapshotTimestamp": "2015-01-01T00:00:00Z" }, "geometry": { "type": "LineString", "coordinates": [ [ 35.0266498, -0.5326732 ], [ 35.0223451, -0.4830238 ] ] } },
{ "type": "Feature", "properties": { "@osmId": "way/34359305", "@snapshotTimestamp": "2015-01-01T00:00:00Z" }, "geometry": { "type": "LineString", "coordinates": [ [ 34.8900612, -0.4474094 ], [ 34.736237, -0.5071818 ] ] } },
{ "type": "Feature", "properties": { "@osmId": "way/313310361", "@snapshotTimestamp": "2015-01-01T00:00:00Z" }, "geometry": { "type": "LineString", "coordinates": [ [ 35.0223451, -0.4830238 ], [ 35.0056387, -0.4205972 ] ] } },
{ "type": "Feature", "properties": { "@osmId": "way/34358321", "@snapshotTimestamp": "2015-01-01T00:00:00Z" }, "geometry": { "type": "LineString", "coordinates": [ [ 34.8900612, -0.4474094 ], [ 34.9699138, -0.4310162 ] ] } },
{ "type": "Feature", "properties": { "@osmId": "way/48082280", "@snapshotTimestamp": "2015-01-01T00:00:00Z" }, "geometry": { "type": "LineString", "coordinates": [ [ 34.9699138, -0.4310162 ], [ 35.0056387, -0.4205972 ] ] } },
{ "type": "Feature", "properties": { "@osmId": "way/173353191", "@snapshotTimestamp": "2015-01-01T00:00:00Z" }, "geometry": { "type": "LineString", "coordinates": [ [ 35.0177109, -0.3976832 ], [ 35.0056387, -0.4205972 ] ] } },
{ "type": "Feature", "properties": { "@osmId": "way/102268981", "@snapshotTimestamp": "2015-01-01T00:00:00Z" }, "geometry": { "type": "LineString", "coordinates": [ [ 35.0154347, -0.3920239 ], [ 35.0570047, -0.4105661 ] ] } },
{ "type": "Feature", "properties": { "@osmId": "way/34358311", "@snapshotTimestamp": "2015-01-01T00:00:00Z" }, "geometry": { "type": "LineString", "coordinates": [ [ 35.0177527, -0.3970159 ], [ 35.0177109, -0.3976832 ] ] } },
{ "type": "Feature", "properties": { "@osmId": "way/34358340", "@snapshotTimestamp": "2015-01-01T00:00:00Z" }, "geometry": { "type": "LineString", "coordinates": [ [ 34.519172, -0.6049424 ], [ 34.5886001, -0.6020151 ] ] } },
{ "type": "Feature", "properties": { "@osmId": "way/144077200", "@snapshotTimestamp": "2015-01-01T00:00:00Z" }, "geometry": { "type": "LineString", "coordinates": [ [ 34.505272, -0.5859798 ], [ 34.519172, -0.6049424 ] ] } },
{ "type": "Feature", "properties": { "@osmId": "way/34359180", "@snapshotTimestamp": "2015-01-01T00:00:00Z" }, "geometry": { "type": "LineString", "coordinates": [ [ 34.726431, -0.5281131 ], [ 34.7557525, -0.615982 ] ] } },
{ "type": "Feature", "properties": { "@osmId": "way/34358825", "@snapshotTimestamp": "2015-01-01T00:00:00Z" }, "geometry": { "type": "LineString", "coordinates": [ [ 34.726431, -0.5281131 ], [ 34.5886001, -0.6020151 ] ] } },
{ "type": "Feature", "properties": { "@osmId": "way/294378365", "@snapshotTimestamp": "2015-01-01T00:00:00Z" }, "geometry": { "type": "LineString", "coordinates": [ [ 34.5329188, -0.5970644 ], [ 34.5334768, -0.4902941 ] ] } },
{ "type": "Feature", "properties": { "@osmId": "way/34358545", "@snapshotTimestamp": "2015-01-01T00:00:00Z" }, "geometry": { "type": "LineString", "coordinates": [ [ 34.7325677, -0.5159009 ], [ 34.726431, -0.5281131 ] ] } },
{ "type": "Feature", "properties": { "@osmId": "way/34357623", "@snapshotTimestamp": "2015-01-01T00:00:00Z" }, "geometry": { "type": "LineString", "coordinates": [ [ 34.736237, -0.5071818 ], [ 34.7325677, -0.5159009 ] ] } },
{ "type": "Feature", "properties": { "@osmId": "way/204104937", "@snapshotTimestamp": "2015-01-01T00:00:00Z" }, "geometry": { "type": "LineString", "coordinates": [ [ 34.5494828, -0.468525 ], [ 34.4829537, -0.5195137 ] ] } },
{ "type": "Feature", "properties": { "@osmId": "way/204104933", "@snapshotTimestamp": "2015-01-01T00:00:00Z" }, "geometry": { "type": "LineString", "coordinates": [ [ 34.5496415, -0.4683566 ], [ 34.5494828, -0.468525 ] ] } },
{ "type": "Feature", "properties": { "@osmId": "way/34357920", "@snapshotTimestamp": "2015-01-01T00:00:00Z" }, "geometry": { "type": "LineString", "coordinates": [ [ 34.6502569, -0.3695106 ], [ 34.736237, -0.5071818 ] ] } },
{ "type": "Feature", "properties": { "@osmId": "way/162818139", "@snapshotTimestamp": "2015-01-01T00:00:00Z" }, "geometry": { "type": "LineString", "coordinates": [ [ 36.6714404, -1.2348348 ], [ 36.6711046, -1.2345916 ] ] } },
{ "type": "Feature", "properties": { "@osmId": "way/162818142", "@snapshotTimestamp": "2015-01-01T00:00:00Z" }, "geometry": { "type": "LineString", "coordinates": [ [ 36.671164, -1.2344884 ], [ 36.6714741, -1.2347164 ] ] } },
{ "type": "Feature", "properties": { "@osmId": "way/162818140", "@snapshotTimestamp": "2015-01-01T00:00:00Z" }, "geometry": { "type": "LineString", "coordinates": [ [ 36.6712387, -1.2343673 ], [ 36.6715547, -1.2345889 ] ] } },
{ "type": "Feature", "properties": { "@osmId": "way/162818138", "@snapshotTimestamp": "2015-01-01T00:00:00Z" }, "geometry": { "type": "LineString", "coordinates": [ [ 36.6711046, -1.2345916 ], [ 36.6696677, -1.2335525 ] ] } },
{ "type": "Feature", "properties": { "@osmId": "way/56397020", "@snapshotTimestamp": "2015-01-01T00:00:00Z" }, "geometry": { "type": "LineString", "coordinates": [ [ 36.6694663, -1.2332692 ], [ 36.671164, -1.2344884 ] ] } },
{ "type": "Feature", "properties": { "@osmId": "way/48489679", "@snapshotTimestamp": "2015-01-01T00:00:00Z" }, "geometry": { "type": "LineString", "coordinates": [ [ 36.6697855, -1.2326898 ], [ 36.6712387, -1.2343673 ] ] } },
{ "type": "Feature", "properties": { "@osmId": "way/187196991", "@snapshotTimestamp": "2015-01-01T00:00:00Z" }, "geometry": { "type": "LineString", "coordinates": [ [ 36.6696677, -1.2335525 ], [ 36.6694075, -1.2333643 ] ] } },
{ "type": "Feature", "properties": { "@osmId": "way/56397018", "@snapshotTimestamp": "2015-01-01T00:00:00Z" }, "geometry": { "type": "LineString", "coordinates": [ [ 36.6694075, -1.2333643 ], [ 36.6692021, -1.2331889 ] ] } },
{ "type": "Feature", "properties": { "@osmId": "way/56397014", "@snapshotTimestamp": "2015-01-01T00:00:00Z" }, "geometry": { "type": "LineString", "coordinates": [ [ 36.6692642, -1.2330947 ], [ 36.6694663, -1.2332692 ] ] } },
{ "type": "Feature", "properties": { "@osmId": "way/187196990", "@snapshotTimestamp": "2015-01-01T00:00:00Z" }, "geometry": { "type": "LineString", "coordinates": [ [ 36.6646107, -1.2277446 ], [ 36.6692642, -1.2330947 ] ] } },
{ "type": "Feature", "properties": { "@osmId": "way/24008123", "@snapshotTimestamp": "2015-01-01T00:00:00Z" }, "geometry": { "type": "LineString", "coordinates": [ [ 36.8098691, -1.2379416 ], [ 36.8131503, -1.240581 ] ] } },
{ "type": "Feature", "properties": { "@osmId": "way/46038697", "@snapshotTimestamp": "2015-01-01T00:00:00Z" }, "geometry": { "type": "LineString", "coordinates": [ [ 36.8131503, -1.240581 ], [ 36.8098691, -1.2379416 ] ] } },
{ "type": "Feature", "properties": { "@osmId": "way/46038695", "@snapshotTimestamp": "2015-01-01T00:00:00Z" }, "geometry": { "type": "LineString", "coordinates": [ [ 36.8098691, -1.2379416 ], [ 36.7803253, -1.2060583 ] ] } },
{ "type": "Feature", "properties": { "@osmId": "way/231503849", "@snapshotTimestamp": "2015-01-01T00:00:00Z" }, "geometry": { "type": "LineString", "coordinates": [ [ 36.8139983, -1.2153022 ], [ 36.816511, -1.2158353 ] ] } },
{ "type": "Feature", "properties": { "@osmId": "way/231503036", "@snapshotTimestamp": "2015-01-01T00:00:00Z" }, "geometry": { "type": "LineString", "coordinates": [ [ 36.8061548, -1.2126784 ], [ 36.8139983, -1.2153022 ] ] } },
{ "type": "Feature", "properties": { "@osmId": "way/231503037", "@snapshotTimestamp": "2015-01-01T00:00:00Z" }, "geometry": { "type": "LineString", "coordinates": [ [ 36.8038714, -1.2116028 ], [ 36.8061548, -1.2126784 ] ] } },
{ "type": "Feature", "properties": { "@osmId": "way/231503034", "@snapshotTimestamp": "2015-01-01T00:00:00Z" }, "geometry": { "type": "LineString", "coordinates": [ [ 36.7867325, -1.2045256 ], [ 36.8038714, -1.2116028 ] ] } },
{ "type": "Feature", "properties": { "@osmId": "way/231503847", "@snapshotTimestamp": "2015-01-01T00:00:00Z" }, "geometry": { "type": "LineString", "coordinates": [ [ 36.7803253, -1.2060583 ], [ 36.7797958, -1.2058588 ] ] } },
{ "type": "Feature", "properties": { "@osmId": "way/231503845", "@snapshotTimestamp": "2015-01-01T00:00:00Z" }, "geometry": { "type": "LineString", "coordinates": [ [ 36.7800076, -1.2056799 ], [ 36.7803253, -1.2060583 ] ] } },
{ "type": "Feature", "properties": { "@osmId": "way/183810315", "@snapshotTimestamp": "2015-01-01T00:00:00Z" }, "geometry": { "type": "LineString", "coordinates": [ [ 36.7795378, -1.2057901 ], [ 36.7794087, -1.2053431 ], [ 36.7799549, -1.205396 ], [ 36.7799532, -1.2057629 ], [ 36.7795378, -1.2057901 ] ] } },
{ "type": "Feature", "properties": { "@osmId": "way/187196992", "@snapshotTimestamp": "2015-01-01T00:00:00Z" }, "geometry": { "type": "LineString", "coordinates": [ [ 36.6692021, -1.2331889 ], [ 36.6552672, -1.2026343 ] ] } },
{ "type": "Feature", "properties": { "@osmId": "way/53627921", "@snapshotTimestamp": "2015-01-01T00:00:00Z" }, "geometry": { "type": "LineString", "coordinates": [ [ 36.6697855, -1.2326898 ], [ 36.7438119, -1.1922308 ] ] } },
{ "type": "Feature", "properties": { "@osmId": "way/103615659", "@snapshotTimestamp": "2015-01-01T00:00:00Z" }, "geometry": { "type": "LineString", "coordinates": [ [ 36.6480881, -1.1881775 ], [ 36.6646107, -1.2277446 ] ] } },
{ "type": "Feature", "properties": { "@osmId": "way/10035730", "@snapshotTimestamp": "2015-01-01T00:00:00Z" }, "geometry": { "type": "LineString", "coordinates": [ [ 36.6552672, -1.2026343 ], [ 36.6480374, -1.1882995 ] ] } },
{ "type": "Feature", "properties": { "@osmId": "way/162818953", "@snapshotTimestamp": "2015-01-01T00:00:00Z" }, "geometry": { "type": "LineString", "coordinates": [ [ 36.6480374, -1.1882995 ], [ 36.6478611, -1.1879096 ] ] } },
{ "type": "Feature", "properties": { "@osmId": "way/162818950", "@snapshotTimestamp": "2015-01-01T00:00:00Z" }, "geometry": { "type": "LineString", "coordinates": [ [ 36.6479234, -1.1878409 ], [ 36.6480881, -1.1881775 ] ] } },
{ "type": "Feature", "properties": { "@osmId": "way/162818949", "@snapshotTimestamp": "2015-01-01T00:00:00Z" }, "geometry": { "type": "LineString", "coordinates": [ [ 36.6478611, -1.1879096 ], [ 36.639506, -1.1591006 ] ] } },
{ "type": "Feature", "properties": { "@osmId": "way/184369601", "@snapshotTimestamp": "2015-01-01T00:00:00Z" }, "geometry": { "type": "LineString", "coordinates": [ [ 36.6396292, -1.1590793 ], [ 36.6479234, -1.1878409 ] ] } },
{ "type": "Feature", "properties": { "@osmId": "way/231503846", "@snapshotTimestamp": "2015-01-01T00:00:00Z" }, "geometry": { "type": "LineString", "coordinates": [ [ 36.7776182, -1.2051607 ], [ 36.6360146, -1.1323729 ] ] } },
{ "type": "Feature", "properties": { "@osmId": "way/184369600", "@snapshotTimestamp": "2015-01-01T00:00:00Z" }, "geometry": { "type": "LineString", "coordinates": [ [ 36.639506, -1.1591006 ], [ 36.639382, -1.1583375 ] ] } },
{ "type": "Feature", "properties": { "@osmId": "way/184369599", "@snapshotTimestamp": "2015-01-01T00:00:00Z" }, "geometry": { "type": "LineString", "coordinates": [ [ 36.6394865, -1.158322 ], [ 36.6396292, -1.1590793 ] ] } },
{ "type": "Feature", "properties": { "@osmId": "way/45368253", "@snapshotTimestamp": "2015-01-01T00:00:00Z" }, "geometry": { "type": "LineString", "coordinates": [ [ 36.6357584, -1.1359154 ], [ 36.6394865, -1.158322 ] ] } },
{ "type": "Feature", "properties": { "@osmId": "way/184369598", "@snapshotTimestamp": "2015-01-01T00:00:00Z" }, "geometry": { "type": "LineString", "coordinates": [ [ 36.639382, -1.1583375 ], [ 36.6350461, -1.1332408 ] ] } },
{ "type": "Feature", "properties": { "@osmId": "way/94705388", "@snapshotTimestamp": "2015-01-01T00:00:00Z" }, "geometry": { "type": "LineString", "coordinates": [ [ 36.6350461, -1.1332408 ], [ 36.6357584, -1.1359154 ] ] } },
{ "type": "Feature", "properties": { "@osmId": "way/27113107", "@snapshotTimestamp": "2015-01-01T00:00:00Z" }, "geometry": { "type": "LineString", "coordinates": [ [ 36.6347436, -1.1330397 ], [ 36.6351807, -1.1328026 ] ] } },
{ "type": "Feature", "properties": { "@osmId": "way/298489491", "@snapshotTimestamp": "2015-01-01T00:00:00Z" }, "geometry": { "type": "LineString", "coordinates": [ [ 36.6360146, -1.1323729 ], [ 36.6351807, -1.1328026 ] ] } },
{ "type": "Feature", "properties": { "@osmId": "way/140305993", "@snapshotTimestamp": "2015-01-01T00:00:00Z" }, "geometry": { "type": "LineString", "coordinates": [ [ 36.6232133, -1.0275332 ], [ 36.6350461, -1.1332408 ] ] } },
{ "type": "Feature", "properties": { "@osmId": "way/27113106", "@snapshotTimestamp": "2015-01-01T00:00:00Z" }, "geometry": { "type": "LineString", "coordinates": [ [ 36.5856086, -0.9824214 ], [ 36.6347436, -1.1330397 ] ] } },
{ "type": "Feature", "properties": { "@osmId": "way/158939231", "@snapshotTimestamp": "2015-01-01T00:00:00Z" }, "geometry": { "type": "LineString", "coordinates": [ [ 36.630887, -1.0534445 ], [ 36.6416586, -1.0378868 ], [ 36.6780739, -1.0640269 ] ] } },
{ "type": "Feature", "properties": { "@osmId": "way/140306006", "@snapshotTimestamp": "2015-01-01T00:00:00Z" }, "geometry": { "type": "LineString", "coordinates": [ [ 36.6227687, -1.0266023 ], [ 36.6232133, -1.0275332 ] ] } },
{ "type": "Feature", "properties": { "@osmId": "way/231503848", "@snapshotTimestamp": "2015-01-01T00:00:00Z" }, "geometry": { "type": "LineString", "coordinates": [ [ 36.7793603, -1.2057289 ], [ 36.7776182, -1.2051607 ] ] } },
{ "type": "Feature", "properties": { "@osmId": "way/99190152", "@snapshotTimestamp": "2015-01-01T00:00:00Z" }, "geometry": { "type": "LineString", "coordinates": [ [ 36.7804093, -1.2052628 ], [ 36.7800113, -1.2054802 ] ] } },
{ "type": "Feature", "properties": { "@osmId": "way/183810314", "@snapshotTimestamp": "2015-01-01T00:00:00Z" }, "geometry": { "type": "LineString", "coordinates": [ [ 36.7776182, -1.2051607 ], [ 36.7794087, -1.2053431 ] ] } },
{ "type": "Feature", "properties": { "@osmId": "way/228807174", "@snapshotTimestamp": "2015-01-01T00:00:00Z" }, "geometry": { "type": "LineString", "coordinates": [ [ 36.7804093, -1.2052628 ], [ 36.7832392, -1.2045833 ] ] } },
{ "type": "Feature", "properties": { "@osmId": "way/231503035", "@snapshotTimestamp": "2015-01-01T00:00:00Z" }, "geometry": { "type": "LineString", "coordinates": [ [ 36.7832392, -1.2045833 ], [ 36.7867325, -1.2045256 ] ] } },
{ "type": "Feature", "properties": { "@osmId": "way/53058230", "@snapshotTimestamp": "2015-01-01T00:00:00Z" }, "geometry": { "type": "LineString", "coordinates": [ [ 36.758992, -1.174454 ], [ 36.7451478, -1.1923673 ] ] } },
{ "type": "Feature", "properties": { "@osmId": "way/97085101", "@snapshotTimestamp": "2015-01-01T00:00:00Z" }, "geometry": { "type": "LineString", "coordinates": [ [ 36.758992, -1.174454 ], [ 36.743615, -1.159407 ] ] } },
{ "type": "Feature", "properties": { "@osmId": "way/87652992", "@snapshotTimestamp": "2015-01-01T00:00:00Z" }, "geometry": { "type": "LineString", "coordinates": [ [ 36.8342812, -1.1749915 ], [ 36.743615, -1.159407 ] ] } },
{ "type": "Feature", "properties": { "@osmId": "way/98240674", "@snapshotTimestamp": "2015-01-01T00:00:00Z" }, "geometry": { "type": "LineString", "coordinates": [ [ 36.783362, -1.0643985 ], [ 36.6780739, -1.0640269 ] ] } },
{ "type": "Feature", "properties": { "@osmId": "way/128063574", "@snapshotTimestamp": "2015-01-01T00:00:00Z" }, "geometry": { "type": "LineString", "coordinates": [ [ 36.7932198, -0.8414568 ], [ 36.7366659, -0.8080722 ], [ 36.6777673, -0.725043 ] ] } },
{ "type": "Feature", "properties": { "@osmId": "way/163642779", "@snapshotTimestamp": "2015-01-01T00:00:00Z" }, "geometry": { "type": "LineString", "coordinates": [ [ 36.6304482, -0.9866545 ], [ 36.6227687, -1.0266023 ] ] } },
{ "type": "Feature", "properties": { "@osmId": "way/163642797", "@snapshotTimestamp": "2015-01-01T00:00:00Z" }, "geometry": { "type": "LineString", "coordinates": [ [ 36.630353, -0.9861531 ], [ 36.6304482, -0.9866545 ] ] } },
{ "type": "Feature", "properties": { "@osmId": "way/27097168", "@snapshotTimestamp": "2015-01-01T00:00:00Z" }, "geometry": { "type": "LineString", "coordinates": [ [ 36.5856086, -0.9824214 ], [ 36.501277, -0.8887882 ] ] } },
{ "type": "Feature", "properties": { "@osmId": "way/140301543", "@snapshotTimestamp": "2015-01-01T00:00:00Z" }, "geometry": { "type": "LineString", "coordinates": [ [ 36.501277, -0.8887882 ], [ 36.5011214, -0.8884479 ] ] } },
{ "type": "Feature", "properties": { "@osmId": "way/188883887", "@snapshotTimestamp": "2015-01-01T00:00:00Z" }, "geometry": { "type": "LineString", "coordinates": [ [ 36.5011214, -0.8884479 ], [ 36.4998284, -0.88675 ] ] } },
{ "type": "Feature", "properties": { "@osmId": "way/85498835", "@snapshotTimestamp": "2015-01-01T00:00:00Z" }, "geometry": { "type": "LineString", "coordinates": [ [ 36.5735274, -0.8768293 ], [ 36.6526307, -0.8452022 ], [ 36.8561939, -0.9065853 ] ] } },
{ "type": "Feature", "properties": { "@osmId": "way/316678313", "@snapshotTimestamp": "2015-01-01T00:00:00Z" }, "geometry": { "type": "LineString", "coordinates": [ [ 36.4228578, -0.6950856 ], [ 36.6082013, -0.9108644 ], [ 36.630353, -0.9861531 ] ] } },
{ "type": "Feature", "properties": { "@osmId": "way/140300696", "@snapshotTimestamp": "2015-01-01T00:00:00Z" }, "geometry": { "type": "LineString", "coordinates": [ [ 36.4998284, -0.88675 ], [ 36.4497912, -0.7702453 ] ] } },
{ "type": "Feature", "properties": { "@osmId": "way/34357831", "@snapshotTimestamp": "2015-01-01T00:00:00Z" }, "geometry": { "type": "LineString", "coordinates": [ [ 36.6186006, -0.7384998 ], [ 36.5648499, -0.8190258 ], [ 36.5771875, -0.8839039 ] ] } },
{ "type": "Feature", "properties": { "@osmId": "way/251022235", "@snapshotTimestamp": "2015-01-01T00:00:00Z" }, "geometry": { "type": "LineString", "coordinates": [ [ 36.4497912, -0.7702453 ], [ 36.4496108, -0.7700782 ] ] } },
{ "type": "Feature", "properties": { "@osmId": "way/140300699", "@snapshotTimestamp": "2015-01-01T00:00:00Z" }, "geometry": { "type": "LineString", "coordinates": [ [ 36.4496108, -0.7700782 ], [ 36.4337961, -0.7239047 ] ] } },
{ "type": "Feature", "properties": { "@osmId": "way/97542579", "@snapshotTimestamp": "2015-01-01T00:00:00Z" }, "geometry": { "type": "LineString", "coordinates": [ [ 36.474348, -0.7201469 ], [ 36.5252027, -0.7503353 ], [ 36.5408454, -0.7283645 ], [ 36.6186006, -0.7384998 ] ] } },
{ "type": "Feature", "properties": { "@osmId": "way/232008025", "@snapshotTimestamp": "2015-01-01T00:00:00Z" }, "geometry": { "type": "LineString", "coordinates": [ [ 36.647339, -0.7283143 ], [ 36.6186006, -0.7384998 ] ] } },
{ "type": "Feature", "properties": { "@osmId": "way/97542580", "@snapshotTimestamp": "2015-01-01T00:00:00Z" }, "geometry": { "type": "LineString", "coordinates": [ [ 36.474348, -0.7201469 ], [ 36.456803, -0.737514 ] ] } },
{ "type": "Feature", "properties": { "@osmId": "way/232008024", "@snapshotTimestamp": "2015-01-01T00:00:00Z" }, "geometry": { "type": "LineString", "coordinates": [ [ 36.6474945, -0.728186 ], [ 36.647339, -0.7283143 ] ] } },
{ "type": "Feature", "properties": { "@osmId": "way/244925975", "@snapshotTimestamp": "2015-01-01T00:00:00Z" }, "geometry": { "type": "LineString", "coordinates": [ [ 36.6566972, -0.7276338 ], [ 36.6565899, -0.7277657 ] ] } },
{ "type": "Feature", "properties": { "@osmId": "way/35428458", "@snapshotTimestamp": "2015-01-01T00:00:00Z" }, "geometry": { "type": "LineString", "coordinates": [ [ 36.4330174, -0.7193501 ], [ 36.4554513, -0.7351219 ] ] } },
{ "type": "Feature", "properties": { "@osmId": "way/244925978", "@snapshotTimestamp": "2015-01-01T00:00:00Z" }, "geometry": { "type": "LineString", "coordinates": [ [ 36.6565899, -0.7277657 ], [ 36.6529464, -0.7261724 ] ] } },
{ "type": "Feature", "properties": { "@osmId": "way/128065500", "@snapshotTimestamp": "2015-01-01T00:00:00Z" }, "geometry": { "type": "LineString", "coordinates": [ [ 36.6777673, -0.725043 ], [ 36.6566972, -0.7276338 ] ] } },
{ "type": "Feature", "properties": { "@osmId": "way/232008023", "@snapshotTimestamp": "2015-01-01T00:00:00Z" }, "geometry": { "type": "LineString", "coordinates": [ [ 36.6502766, -0.7204037 ], [ 36.6474945, -0.728186 ] ] } },
{ "type": "Feature", "properties": { "@osmId": "way/188885447", "@snapshotTimestamp": "2015-01-01T00:00:00Z" }, "geometry": { "type": "LineString", "coordinates": [ [ 36.4337961, -0.7239047 ], [ 36.4339427, -0.7229782 ] ] } },
{ "type": "Feature", "properties": { "@osmId": "way/33402610", "@snapshotTimestamp": "2015-01-01T00:00:00Z" }, "geometry": { "type": "LineString", "coordinates": [ [ 36.6501977, -0.7201782 ], [ 36.6502766, -0.7204037 ] ] } },
{ "type": "Feature", "properties": { "@osmId": "way/188885446", "@snapshotTimestamp": "2015-01-01T00:00:00Z" }, "geometry": { "type": "LineString", "coordinates": [ [ 36.4339427, -0.7229782 ], [ 36.4312033, -0.7157277 ] ] } },
{ "type": "Feature", "properties": { "@osmId": "way/188885451", "@snapshotTimestamp": "2015-01-01T00:00:00Z" }, "geometry": { "type": "LineString", "coordinates": [ [ 36.4312033, -0.7157277 ], [ 36.4269094, -0.7073067 ] ] } },
{ "type": "Feature", "properties": { "@osmId": "way/188885445", "@snapshotTimestamp": "2015-01-01T00:00:00Z" }, "geometry": { "type": "LineString", "coordinates": [ [ 36.427255, -0.7071943 ], [ 36.4312033, -0.7157277 ] ] } },
{ "type": "Feature", "properties": { "@osmId": "way/188885452", "@snapshotTimestamp": "2015-01-01T00:00:00Z" }, "geometry": { "type": "LineString", "coordinates": [ [ 36.4268087, -0.7069753 ], [ 36.4271035, -0.7068518 ], [ 36.427255, -0.7071943 ], [ 36.4269094, -0.7073067 ], [ 36.4268087, -0.7069753 ] ] } },
{ "type": "Feature", "properties": { "@osmId": "way/188885450", "@snapshotTimestamp": "2015-01-01T00:00:00Z" }, "geometry": { "type": "LineString", "coordinates": [ [ 36.4280328, -0.702933 ], [ 36.4271035, -0.7068518 ] ] } },
{ "type": "Feature", "properties": { "@osmId": "way/188885453", "@snapshotTimestamp": "2015-01-01T00:00:00Z" }, "geometry": { "type": "LineString", "coordinates": [ [ 36.426861, -0.7069066 ], [ 36.4280328, -0.702933 ] ] } },
{ "type": "Feature", "properties": { "@osmId": "way/188885448", "@snapshotTimestamp": "2015-01-01T00:00:00Z" }, "geometry": { "type": "LineString", "coordinates": [ [ 36.4291689, -0.7011845 ], [ 36.4302147, -0.6997503 ] ] } },
{ "type": "Feature", "properties": { "@osmId": "way/32946232", "@snapshotTimestamp": "2015-01-01T00:00:00Z" }, "geometry": { "type": "LineString", "coordinates": [ [ 36.4302147, -0.6997503 ], [ 36.431107, -0.6985838 ] ] } },
{ "type": "Feature", "properties": { "@osmId": "way/158928661", "@snapshotTimestamp": "2015-01-01T00:00:00Z" }, "geometry": { "type": "LineString", "coordinates": [ [ 36.4301472, -0.6970612 ], [ 36.4301806, -0.6988885 ] ] } },
{ "type": "Feature", "properties": { "@osmId": "way/32946233", "@snapshotTimestamp": "2015-01-01T00:00:00Z" }, "geometry": { "type": "LineString", "coordinates": [ [ 36.431107, -0.6985838 ], [ 36.4301472, -0.6970612 ] ] } },
{ "type": "Feature", "properties": { "@osmId": "way/158928660", "@snapshotTimestamp": "2015-01-01T00:00:00Z" }, "geometry": { "type": "LineString", "coordinates": [ [ 36.4278047, -0.6973156 ], [ 36.4301472, -0.6970612 ] ] } },
{ "type": "Feature", "properties": { "@osmId": "way/316678312", "@snapshotTimestamp": "2015-01-01T00:00:00Z" }, "geometry": { "type": "LineString", "coordinates": [ [ 36.422503, -0.6949408 ], [ 36.4228578, -0.6950856 ] ] } },
{ "type": "Feature", "properties": { "@osmId": "way/175048469", "@snapshotTimestamp": "2015-01-01T00:00:00Z" }, "geometry": { "type": "LineString", "coordinates": [ [ 36.419272, -0.6934733 ], [ 36.422503, -0.6949408 ] ] } },
{ "type": "Feature", "properties": { "@osmId": "way/232008028", "@snapshotTimestamp": "2015-01-01T00:00:00Z" }, "geometry": { "type": "LineString", "coordinates": [ [ 36.6059028, -0.6491429 ], [ 36.6501977, -0.7201782 ] ] } },
{ "type": "Feature", "properties": { "@osmId": "way/316678310", "@snapshotTimestamp": "2015-01-01T00:00:00Z" }, "geometry": { "type": "LineString", "coordinates": [ [ 36.3879853, -0.6680976 ], [ 36.419272, -0.6934733 ] ] } },
{ "type": "Feature", "properties": { "@osmId": "way/316678311", "@snapshotTimestamp": "2015-01-01T00:00:00Z" }, "geometry": { "type": "LineString", "coordinates": [ [ 36.3878661, -0.6677698 ], [ 36.3879853, -0.6680976 ] ] } },
{ "type": "Feature", "properties": { "@osmId": "way/232008027", "@snapshotTimestamp": "2015-01-01T00:00:00Z" }, "geometry": { "type": "LineString", "coordinates": [ [ 36.6055245, -0.646639 ], [ 36.6059028, -0.6491429 ] ] } },
{ "type": "Feature", "properties": { "@osmId": "way/232008026", "@snapshotTimestamp": "2015-01-01T00:00:00Z" }, "geometry": { "type": "LineString", "coordinates": [ [ 36.6054203, -0.646473 ], [ 36.6055245, -0.646639 ] ] } },
{ "type": "Feature", "properties": { "@osmId": "way/97625423", "@snapshotTimestamp": "2015-01-01T00:00:00Z" }, "geometry": { "type": "LineString", "coordinates": [ [ 36.5758772, -0.604725 ], [ 36.6054203, -0.646473 ] ] } },
{ "type": "Feature", "properties": { "@osmId": "way/199469214", "@snapshotTimestamp": "2015-01-01T00:00:00Z" }, "geometry": { "type": "LineString", "coordinates": [ [ 36.3667183, -0.5785378 ], [ 36.3878661, -0.6677698 ] ] } },
{ "type": "Feature", "properties": { "@osmId": "way/200667103", "@snapshotTimestamp": "2015-01-01T00:00:00Z" }, "geometry": { "type": "LineString", "coordinates": [ [ 36.5821388, -0.5925328 ], [ 36.5758772, -0.604725 ] ] } },
{ "type": "Feature", "properties": { "@osmId": "way/199469215", "@snapshotTimestamp": "2015-01-01T00:00:00Z" }, "geometry": { "type": "LineString", "coordinates": [ [ 36.3658356, -0.5773872 ], [ 36.3667183, -0.5785378 ] ] } },
{ "type": "Feature", "properties": { "@osmId": "way/199469213", "@snapshotTimestamp": "2015-01-01T00:00:00Z" }, "geometry": { "type": "LineString", "coordinates": [ [ 36.3667183, -0.5785378 ], [ 36.3658356, -0.5773872 ] ] } },
{ "type": "Feature", "properties": { "@osmId": "way/34359173", "@snapshotTimestamp": "2015-01-01T00:00:00Z" }, "geometry": { "type": "LineString", "coordinates": [ [ 36.5576978, -0.5469468 ], [ 36.5821388, -0.5925328 ] ] } },
{ "type": "Feature", "properties": { "@osmId": "way/34357934", "@snapshotTimestamp": "2015-01-01T00:00:00Z" }, "geometry": { "type": "LineString", "coordinates": [ [ 36.5417606, -0.5457837 ], [ 36.5576978, -0.5469468 ] ] } },
{ "type": "Feature", "properties": { "@osmId": "way/204415978", "@snapshotTimestamp": "2015-01-01T00:00:00Z" }, "geometry": { "type": "LineString", "coordinates": [ [ 36.533035, -0.5231134 ], [ 36.5417606, -0.5457837 ] ] } },
{ "type": "Feature", "properties": { "@osmId": "way/204415979", "@snapshotTimestamp": "2015-01-01T00:00:00Z" }, "geometry": { "type": "LineString", "coordinates": [ [ 36.533023, -0.5227509 ], [ 36.533035, -0.5231134 ] ] } },
{ "type": "Feature", "properties": { "@osmId": "way/34359264", "@snapshotTimestamp": "2015-01-01T00:00:00Z" }, "geometry": { "type": "LineString", "coordinates": [ [ 36.4839563, -0.4192654 ], [ 36.533023, -0.5227509 ] ] } },
{ "type": "Feature", "properties": { "@osmId": "way/34358485", "@snapshotTimestamp": "2015-01-01T00:00:00Z" }, "geometry": { "type": "LineString", "coordinates": [ [ 34.4717236, -0.5786123 ], [ 34.5033067, -0.6248642 ] ] } },
{ "type": "Feature", "properties": { "@osmId": "way/34359239", "@snapshotTimestamp": "2015-01-01T00:00:00Z" }, "geometry": { "type": "LineString", "coordinates": [ [ 34.3461255, -0.5643261 ], [ 34.4152856, -0.6033335 ], [ 34.4525495, -0.5524409 ] ] } },
{ "type": "Feature", "properties": { "@osmId": "way/34357922", "@snapshotTimestamp": "2015-01-01T00:00:00Z" }, "geometry": { "type": "LineString", "coordinates": [ [ 34.4525495, -0.5524409 ], [ 34.4717236, -0.5786123 ] ] } },
{ "type": "Feature", "properties": { "@osmId": "way/36102351", "@snapshotTimestamp": "2015-01-01T00:00:00Z" }, "geometry": { "type": "LineString", "coordinates": [ [ 34.4557041, -0.5256709 ], [ 34.4525495, -0.5524409 ] ] } },
{ "type": "Feature", "properties": { "@osmId": "way/204104936", "@snapshotTimestamp": "2015-01-01T00:00:00Z" }, "geometry": { "type": "LineString", "coordinates": [ [ 34.4827053, -0.5196716 ], [ 34.4557041, -0.5256709 ] ] } },
{ "type": "Feature", "properties": { "@osmId": "way/204104934", "@snapshotTimestamp": "2015-01-01T00:00:00Z" }, "geometry": { "type": "LineString", "coordinates": [ [ 34.4829537, -0.5195137 ], [ 34.4827053, -0.5196716 ] ] } },
{ "type": "Feature", "properties": { "@osmId": "way/36262378", "@snapshotTimestamp": "2015-01-01T00:00:00Z" }, "geometry": { "type": "LineString", "coordinates": [ [ 34.2093619, -0.4326221 ], [ 34.1672555, -0.4877653 ], [ 34.1658815, -0.5384971 ], [ 34.3457828, -0.5637017 ] ] } },
{ "type": "Feature", "properties": { "@osmId": "way/34358396", "@snapshotTimestamp": "2015-01-01T00:00:00Z" }, "geometry": { "type": "LineString", "coordinates": [ [ 34.2008916, -0.4147298 ], [ 34.2781088, -0.4628268 ], [ 34.3461255, -0.5643261 ] ] } },
{ "type": "Feature", "properties": { "@osmId": "way/223377994", "@snapshotTimestamp": "2015-01-01T00:00:00Z" }, "geometry": { "type": "LineString", "coordinates": [ [ 34.1987102, -0.4126906 ], [ 34.1631846, -0.4364894 ], [ 34.1412869, -0.4207503 ], [ 34.1770602, -0.3854723 ], [ 34.1987102, -0.4126906 ] ] } },
{ "type": "Feature", "properties": { "@osmId": "way/35426944", "@snapshotTimestamp": "2015-01-01T00:00:00Z" }, "geometry": { "type": "LineString", "coordinates": [ [ 34.3229246, -0.3317569 ], [ 34.2833533, -0.3836558 ] ] } },
{ "type": "Feature", "properties": { "@osmId": "way/34358390", "@snapshotTimestamp": "2015-01-01T00:00:00Z" }, "geometry": { "type": "LineString", "coordinates": [ [ 35.0026561, -0.3718573 ], [ 35.0177527, -0.3970159 ] ] } },
{ "type": "Feature", "properties": { "@osmId": "way/173353480", "@snapshotTimestamp": "2015-01-01T00:00:00Z" }, "geometry": { "type": "LineString", "coordinates": [ [ 34.7908472, -0.3478752 ], [ 34.7433634, -0.3602655 ] ] } },
{ "type": "Feature", "properties": { "@osmId": "way/235440682", "@snapshotTimestamp": "2015-01-01T00:00:00Z" }, "geometry": { "type": "LineString", "coordinates": [ [ 34.7661353, -0.3517318 ], [ 34.7657064, -0.3515973 ] ] } },
{ "type": "Feature", "properties": { "@osmId": "way/173353479", "@snapshotTimestamp": "2015-01-01T00:00:00Z" }, "geometry": { "type": "LineString", "coordinates": [ [ 34.7918692, -0.3478762 ], [ 34.7908472, -0.3478752 ] ] } },
{ "type": "Feature", "properties": { "@osmId": "way/254388254", "@snapshotTimestamp": "2015-01-01T00:00:00Z" }, "geometry": { "type": "LineString", "coordinates": [ [ 34.8117009, -0.3414553 ], [ 34.7918692, -0.3478762 ] ] } },
{ "type": "Feature", "properties": { "@osmId": "way/34358198", "@snapshotTimestamp": "2015-01-01T00:00:00Z" }, "geometry": { "type": "LineString", "coordinates": [ [ 35.0004132, -0.3060199 ], [ 35.0026561, -0.3718573 ] ] } },
{ "type": "Feature", "properties": { "@osmId": "way/35994745", "@snapshotTimestamp": "2015-01-01T00:00:00Z" }, "geometry": { "type": "LineString", "coordinates": [ [ 34.8325237, -0.3329075 ], [ 34.8117009, -0.3414553 ] ] } },
{ "type": "Feature", "properties": { "@osmId": "way/235440680", "@snapshotTimestamp": "2015-01-01T00:00:00Z" }, "geometry": { "type": "LineString", "coordinates": [ [ 34.7700604, -0.3214692 ], [ 34.7657064, -0.3515973 ] ] } },
{ "type": "Feature", "properties": { "@osmId": "way/235440681", "@snapshotTimestamp": "2015-01-01T00:00:00Z" }, "geometry": { "type": "LineString", "coordinates": [ [ 34.7731009, -0.3229051 ], [ 34.7769902, -0.3184607 ] ] } },
{ "type": "Feature", "properties": { "@osmId": "way/235440679", "@snapshotTimestamp": "2015-01-01T00:00:00Z" }, "geometry": { "type": "LineString", "coordinates": [ [ 34.7782988, -0.3153425 ], [ 34.793981, -0.3016006 ], [ 34.8244978, -0.3360207 ] ] } },
{ "type": "Feature", "properties": { "@osmId": "way/204104935", "@snapshotTimestamp": "2015-01-01T00:00:00Z" }, "geometry": { "type": "LineString", "coordinates": [ [ 34.6128814, -0.4066409 ], [ 34.5496415, -0.4683566 ] ] } },
{ "type": "Feature", "properties": { "@osmId": "way/204104932", "@snapshotTimestamp": "2015-01-01T00:00:00Z" }, "geometry": { "type": "LineString", "coordinates": [ [ 34.6130445, -0.4064484 ], [ 34.6128814, -0.4066409 ] ] } },
{ "type": "Feature", "properties": { "@osmId": "way/34357465", "@snapshotTimestamp": "2015-01-01T00:00:00Z" }, "geometry": { "type": "LineString", "coordinates": [ [ 34.6332583, -0.3832088 ], [ 34.6130445, -0.4064484 ] ] } },
{ "type": "Feature", "properties": { "@osmId": "way/34359137", "@snapshotTimestamp": "2015-01-01T00:00:00Z" }, "geometry": { "type": "LineString", "coordinates": [ [ 34.6502569, -0.3695106 ], [ 34.6332583, -0.3832088 ] ] } },
{ "type": "Feature", "properties": { "@osmId": "way/101550438", "@snapshotTimestamp": "2015-01-01T00:00:00Z" }, "geometry": { "type": "LineString", "coordinates": [ [ 34.6524187, -0.3682877 ], [ 34.6502569, -0.3695106 ] ] } },
{ "type": "Feature", "properties": { "@osmId": "way/34358124", "@snapshotTimestamp": "2015-01-01T00:00:00Z" }, "geometry": { "type": "LineString", "coordinates": [ [ 34.7433634, -0.3602655 ], [ 34.6524187, -0.3682877 ] ] } },
{ "type": "Feature", "properties": { "@osmId": "way/96747124", "@snapshotTimestamp": "2015-01-01T00:00:00Z" }, "geometry": { "type": "LineString", "coordinates": [ [ 34.6562039, -0.3491463 ], [ 34.6513788, -0.3687872 ] ] } },
{ "type": "Feature", "properties": { "@osmId": "way/101557489", "@snapshotTimestamp": "2015-01-01T00:00:00Z" }, "geometry": { "type": "LineString", "coordinates": [ [ 34.7366203, -0.1447487 ], [ 34.7463525, -0.1184525 ] ] } },
{ "type": "Feature", "properties": { "@osmId": "way/61727957", "@snapshotTimestamp": "2015-01-01T00:00:00Z" }, "geometry": { "type": "LineString", "coordinates": [ [ 34.7463525, -0.1184525 ], [ 34.7503751, -0.1155879 ] ] } },
{ "type": "Feature", "properties": { "@osmId": "way/170225073", "@snapshotTimestamp": "2015-01-01T00:00:00Z" }, "geometry": { "type": "LineString", "coordinates": [ [ 34.7503751, -0.1155879 ], [ 34.7484309, -0.1101653 ] ] } },
{ "type": "Feature", "properties": { "@osmId": "way/35994746", "@snapshotTimestamp": "2015-01-01T00:00:00Z" }, "geometry": { "type": "LineString", "coordinates": [ [ 34.9720729, -0.2700343 ], [ 34.9332087, -0.3109852 ], [ 34.8325237, -0.3329075 ] ] } },
{ "type": "Feature", "properties": { "@osmId": "way/34358553", "@snapshotTimestamp": "2015-01-01T00:00:00Z" }, "geometry": { "type": "LineString", "coordinates": [ [ 34.9720729, -0.2700343 ], [ 35.0004132, -0.3060199 ] ] } },
{ "type": "Feature", "properties": { "@osmId": "way/204459107", "@snapshotTimestamp": "2015-01-01T00:00:00Z" }, "geometry": { "type": "LineString", "coordinates": [ [ 34.9572651, -0.233933 ], [ 34.9720729, -0.2700343 ] ] } },
{ "type": "Feature", "properties": { "@osmId": "way/204459104", "@snapshotTimestamp": "2015-01-01T00:00:00Z" }, "geometry": { "type": "LineString", "coordinates": [ [ 34.9572551, -0.2336769 ], [ 34.9572651, -0.233933 ] ] } },
{ "type": "Feature", "properties": { "@osmId": "way/35994743", "@snapshotTimestamp": "2015-01-01T00:00:00Z" }, "geometry": { "type": "LineString", "coordinates": [ [ 34.9357167, -0.1745496 ], [ 34.9572551, -0.2336769 ] ] } },
{ "type": "Feature", "properties": { "@osmId": "way/35994744", "@snapshotTimestamp": "2015-01-01T00:00:00Z" }, "geometry": { "type": "LineString", "coordinates": [ [ 34.9357167, -0.1745496 ], [ 34.9212849, -0.172206 ] ] } },
{ "type": "Feature", "properties": { "@osmId": "way/204459109", "@snapshotTimestamp": "2015-01-01T00:00:00Z" }, "geometry": { "type": "LineString", "coordinates": [ [ 34.9212849, -0.172206 ], [ 34.9205326, -0.172233 ] ] } },
{ "type": "Feature", "properties": { "@osmId": "way/204459111", "@snapshotTimestamp": "2015-01-01T00:00:00Z" }, "geometry": { "type": "LineString", "coordinates": [ [ 34.9205326, -0.172233 ], [ 34.8316455, -0.1538574 ] ] } },
{ "type": "Feature", "properties": { "@osmId": "way/283328009", "@snapshotTimestamp": "2015-01-01T00:00:00Z" }, "geometry": { "type": "LineString", "coordinates": [ [ 34.7885134, -0.1179449 ], [ 34.8316455, -0.1538574 ] ] } },
{ "type": "Feature", "properties": { "@osmId": "way/283328008", "@snapshotTimestamp": "2015-01-01T00:00:00Z" }, "geometry": { "type": "LineString", "coordinates": [ [ 34.7883174, -0.1176687 ], [ 34.7885134, -0.1179449 ] ] } },
{ "type": "Feature", "properties": { "@osmId": "way/35426946", "@snapshotTimestamp": "2015-01-01T00:00:00Z" }, "geometry": { "type": "LineString", "coordinates": [ [ 34.345174, -0.2450365 ], [ 34.3653732, -0.2714777 ], [ 34.3229246, -0.3317569 ] ] } },
{ "type": "Feature", "properties": { "@osmId": "way/35426948", "@snapshotTimestamp": "2015-01-01T00:00:00Z" }, "geometry": { "type": "LineString", "coordinates": [ [ 34.3290424, -0.2366281 ], [ 34.345174, -0.2450365 ] ] } },
{ "type": "Feature", "properties": { "@osmId": "way/310549441", "@snapshotTimestamp": "2015-01-01T00:00:00Z" }, "geometry": { "type": "LineString", "coordinates": [ [ 34.2920425, -0.19406 ], [ 34.2981885, -0.1685837 ] ] } },
{ "type": "Feature", "properties": { "@osmId": "way/256937544", "@snapshotTimestamp": "2015-01-01T00:00:00Z" }, "geometry": { "type": "LineString", "coordinates": [ [ 34.3015662, -0.1584618 ], [ 34.2981885, -0.1685837 ] ] } },
{ "type": "Feature", "properties": { "@osmId": "way/256937543", "@snapshotTimestamp": "2015-01-01T00:00:00Z" }, "geometry": { "type": "LineString", "coordinates": [ [ 34.290555, -0.1542741 ], [ 34.3055914, -0.1563609 ] ] } },
{ "type": "Feature", "properties": { "@osmId": "way/35426949", "@snapshotTimestamp": "2015-01-01T00:00:00Z" }, "geometry": { "type": "LineString", "coordinates": [ [ 34.3812041, -0.0688675 ], [ 34.3879651, -0.1428652 ], [ 34.3290424, -0.2366281 ] ] } },
{ "type": "Feature", "properties": { "@osmId": "way/256675802", "@snapshotTimestamp": "2015-01-01T00:00:00Z" }, "geometry": { "type": "LineString", "coordinates": [ [ 34.4113102, -0.1382721 ], [ 34.40709, -0.1650116 ] ] } },
{ "type": "Feature", "properties": { "@osmId": "way/256672207", "@snapshotTimestamp": "2015-01-01T00:00:00Z" }, "geometry": { "type": "LineString", "coordinates": [ [ 34.4113102, -0.1382721 ], [ 34.4057022, -0.1182002 ] ] } },
{ "type": "Feature", "properties": { "@osmId": "way/256939312", "@snapshotTimestamp": "2015-01-01T00:00:00Z" }, "geometry": { "type": "LineString", "coordinates": [ [ 34.3063269, -0.1286455 ], [ 34.3127749, -0.1243325 ] ] } },
{ "type": "Feature", "properties": { "@osmId": "way/256939313", "@snapshotTimestamp": "2015-01-01T00:00:00Z" }, "geometry": { "type": "LineString", "coordinates": [ [ 34.3263936, -0.0938066 ], [ 34.3201134, -0.1331301 ] ] } },
{ "type": "Feature", "properties": { "@osmId": "way/34870512", "@snapshotTimestamp": "2015-01-01T00:00:00Z" }, "geometry": { "type": "LineString", "coordinates": [ [ 34.7697767, -0.1083679 ], [ 34.7883174, -0.1176687 ] ] } },
{ "type": "Feature", "properties": { "@osmId": "way/34870521", "@snapshotTimestamp": "2015-01-01T00:00:00Z" }, "geometry": { "type": "LineString", "coordinates": [ [ 34.7578797, -0.1014076 ], [ 34.7697767, -0.1083679 ] ] } },
{ "type": "Feature", "properties": { "@osmId": "way/34870546", "@snapshotTimestamp": "2015-01-01T00:00:00Z" }, "geometry": { "type": "LineString", "coordinates": [ [ 34.7536252, -0.1051698 ], [ 34.7567735, -0.1022722 ] ] } },
{ "type": "Feature", "properties": { "@osmId": "way/34870545", "@snapshotTimestamp": "2015-01-01T00:00:00Z" }, "geometry": { "type": "LineString", "coordinates": [ [ 34.7567081, -0.1021363 ], [ 34.7569379, -0.101978 ], [ 34.7570462, -0.1021489 ], [ 34.7568276, -0.1022926 ], [ 34.7567081, -0.1021363 ] ] } },
{ "type": "Feature", "properties": { "@osmId": "way/102270267", "@snapshotTimestamp": "2015-01-01T00:00:00Z" }, "geometry": { "type": "LineString", "coordinates": [ [ 34.7689813, -0.10813 ], [ 34.7634687, -0.0960513 ] ] } },
{ "type": "Feature", "properties": { "@osmId": "way/34870523", "@snapshotTimestamp": "2015-01-01T00:00:00Z" }, "geometry": { "type": "LineString", "coordinates": [ [ 34.7570066, -0.1020205 ], [ 34.757701, -0.1013887 ] ] } },
{ "type": "Feature", "properties": { "@osmId": "way/34870535", "@snapshotTimestamp": "2015-01-01T00:00:00Z" }, "geometry": { "type": "LineString", "coordinates": [ [ 34.7579115, -0.1012065 ], [ 34.7578797, -0.1014076 ], [ 34.757701, -0.1013887 ], [ 34.7576996, -0.101197 ], [ 34.7579115, -0.1012065 ] ] } },
{ "type": "Feature", "properties": { "@osmId": "way/34870527", "@snapshotTimestamp": "2015-01-01T00:00:00Z" }, "geometry": { "type": "LineString", "coordinates": [ [ 34.755228, -0.0983019 ], [ 34.7576996, -0.101197 ] ] } },
{ "type": "Feature", "properties": { "@osmId": "way/34870550", "@snapshotTimestamp": "2015-01-01T00:00:00Z" }, "geometry": { "type": "LineString", "coordinates": [ [ 34.7552416, -0.0981275 ], [ 34.755228, -0.0983019 ], [ 34.7550679, -0.0982809 ], [ 34.7550789, -0.0981247 ], [ 34.7552416, -0.0981275 ] ] } },
{ "type": "Feature", "properties": { "@osmId": "way/34870542", "@snapshotTimestamp": "2015-01-01T00:00:00Z" }, "geometry": { "type": "LineString", "coordinates": [ [ 34.7550549, -0.0981571 ], [ 34.7526354, -0.0954982 ] ] } },
{ "type": "Feature", "properties": { "@osmId": "way/34870515", "@snapshotTimestamp": "2015-01-01T00:00:00Z" }, "geometry": { "type": "LineString", "coordinates": [ [ 34.7533379, -0.1053917 ], [ 34.7484309, -0.1101653 ] ] } },
{ "type": "Feature", "properties": { "@osmId": "way/34870522", "@snapshotTimestamp": "2015-01-01T00:00:00Z" }, "geometry": { "type": "LineString", "coordinates": [ [ 34.7535475, -0.1054306 ], [ 34.7533027, -0.105339 ], [ 34.7534062, -0.1050943 ], [ 34.7536252, -0.1051698 ], [ 34.7535475, -0.1054306 ] ] } },
{ "type": "Feature", "properties": { "@osmId": "way/34870526", "@snapshotTimestamp": "2015-01-01T00:00:00Z" }, "geometry": { "type": "LineString", "coordinates": [ [ 34.7533297, -0.1051485 ], [ 34.7525313, -0.1034826 ] ] } },
{ "type": "Feature", "properties": { "@osmId": "way/102270268", "@snapshotTimestamp": "2015-01-01T00:00:00Z" }, "geometry": { "type": "LineString", "coordinates": [ [ 34.7526201, -0.1034407 ], [ 34.7534062, -0.1050943 ] ] } },
{ "type": "Feature", "properties": { "@osmId": "way/101557487", "@snapshotTimestamp": "2015-01-01T00:00:00Z" }, "geometry": { "type": "LineString", "coordinates": [ [ 34.7525313, -0.1034826 ], [ 34.7526201, -0.1034407 ] ] } },
{ "type": "Feature", "properties": { "@osmId": "way/102270265", "@snapshotTimestamp": "2015-01-01T00:00:00Z" }, "geometry": { "type": "LineString", "coordinates": [ [ 34.7525313, -0.1034826 ], [ 34.7516685, -0.1015248 ] ] } },
{ "type": "Feature", "properties": { "@osmId": "way/102270269", "@snapshotTimestamp": "2015-01-01T00:00:00Z" }, "geometry": { "type": "LineString", "coordinates": [ [ 34.7517752, -0.1014771 ], [ 34.7526201, -0.1034407 ] ] } },
{ "type": "Feature", "properties": { "@osmId": "way/34870543", "@snapshotTimestamp": "2015-01-01T00:00:00Z" }, "geometry": { "type": "LineString", "coordinates": [ [ 34.7515739, -0.1014419 ], [ 34.7516382, -0.10131 ], [ 34.7517888, -0.1013763 ], [ 34.7517125, -0.1015217 ], [ 34.7515739, -0.1014419 ] ] } },
{ "type": "Feature", "properties": { "@osmId": "way/34870551", "@snapshotTimestamp": "2015-01-01T00:00:00Z" }, "geometry": { "type": "LineString", "coordinates": [ [ 34.7516382, -0.10131 ], [ 34.751257, -0.1005375 ] ] } },
{ "type": "Feature", "properties": { "@osmId": "way/34870552", "@snapshotTimestamp": "2015-01-01T00:00:00Z" }, "geometry": { "type": "LineString", "coordinates": [ [ 34.751257, -0.1005375 ], [ 34.7511795, -0.1005224 ], [ 34.7512023, -0.1004277 ], [ 34.7512796, -0.1004517 ], [ 34.751257, -0.1005375 ] ] } },
{ "type": "Feature", "properties": { "@osmId": "way/310549442", "@snapshotTimestamp": "2015-01-01T00:00:00Z" }, "geometry": { "type": "LineString", "coordinates": [ [ 34.3875144, -0.10075 ], [ 34.4057022, -0.1182002 ] ] } },
{ "type": "Feature", "properties": { "@osmId": "way/33409040", "@snapshotTimestamp": "2015-01-01T00:00:00Z" }, "geometry": { "type": "LineString", "coordinates": [ [ 34.2724293, -0.1022594 ], [ 34.3790808, -0.0706514 ] ] } },
{ "type": "Feature", "properties": { "@osmId": "way/35427773", "@snapshotTimestamp": "2015-01-01T00:00:00Z" }, "geometry": { "type": "LineString", "coordinates": [ [ 34.5179456, -0.1102139 ], [ 34.4354101, -0.0614705 ] ] } },
{ "type": "Feature", "properties": { "@osmId": "way/33410765", "@snapshotTimestamp": "2015-01-01T00:00:00Z" }, "geometry": { "type": "LineString", "coordinates": [ [ 34.1472574, -0.051495 ], [ 34.2724293, -0.1022594 ] ] } },
{ "type": "Feature", "properties": { "@osmId": "way/204095334", "@snapshotTimestamp": "2015-01-01T00:00:00Z" }, "geometry": { "type": "LineString", "coordinates": [ [ 34.3795052, -0.0704378 ], [ 34.3790808, -0.0706514 ] ] } },
{ "type": "Feature", "properties": { "@osmId": "way/35426952", "@snapshotTimestamp": "2015-01-01T00:00:00Z" }, "geometry": { "type": "LineString", "coordinates": [ [ 34.4354101, -0.0614705 ], [ 34.3795052, -0.0704378 ] ] } },
{ "type": "Feature", "properties": { "@osmId": "way/33402269", "@snapshotTimestamp": "2015-01-01T00:00:00Z" }, "geometry": { "type": "LineString", "coordinates": [ [ 34.0447639, -0.0626955 ], [ 34.1472574, -0.051495 ] ] } },
{ "type": "Feature", "properties": { "@osmId": "way/204095335", "@snapshotTimestamp": "2015-01-01T00:00:00Z" }, "geometry": { "type": "LineString", "coordinates": [ [ 34.3423241, -0.0315626 ], [ 34.3795052, -0.0704378 ] ] } },
{ "type": "Feature", "properties": { "@osmId": "way/176049163", "@snapshotTimestamp": "2015-01-01T00:00:00Z" }, "geometry": { "type": "LineString", "coordinates": [ [ 34.0146091, -0.0279059 ], [ 34.0447639, -0.0626955 ] ] } },
{ "type": "Feature", "properties": { "@osmId": "way/204095333", "@snapshotTimestamp": "2015-01-01T00:00:00Z" }, "geometry": { "type": "LineString", "coordinates": [ [ 34.3424164, -0.0311966 ], [ 34.3423241, -0.0315626 ] ] } },
{ "type": "Feature", "properties": { "@osmId": "way/34870524", "@snapshotTimestamp": "2015-01-01T00:00:00Z" }, "geometry": { "type": "LineString", "coordinates": [ [ 34.7512023, -0.1004277 ], [ 34.7509016, -0.0997325 ] ] } },
{ "type": "Feature", "properties": { "@osmId": "way/34870519", "@snapshotTimestamp": "2015-01-01T00:00:00Z" }, "geometry": { "type": "LineString", "coordinates": [ [ 34.7509016, -0.0997325 ], [ 34.7507876, -0.0996855 ], [ 34.7508314, -0.0995915 ], [ 34.7509306, -0.0996226 ], [ 34.7509016, -0.0997325 ] ] } },
{ "type": "Feature", "properties": { "@osmId": "way/34870538", "@snapshotTimestamp": "2015-01-01T00:00:00Z" }, "geometry": { "type": "LineString", "coordinates": [ [ 34.7508314, -0.0995915 ], [ 34.7500149, -0.0978413 ] ] } },
{ "type": "Feature", "properties": { "@osmId": "way/35427774", "@snapshotTimestamp": "2015-01-01T00:00:00Z" }, "geometry": { "type": "LineString", "coordinates": [ [ 34.6630565, -0.072626 ], [ 34.6284005, -0.1045302 ], [ 34.5179456, -0.1102139 ] ] } },
{ "type": "Feature", "properties": { "@osmId": "way/48083507", "@snapshotTimestamp": "2015-01-01T00:00:00Z" }, "geometry": { "type": "LineString", "coordinates": [ [ 34.7480441, -0.082885 ], [ 34.7302171, -0.0935192 ] ] } },
{ "type": "Feature", "properties": { "@osmId": "way/35427775", "@snapshotTimestamp": "2015-01-01T00:00:00Z" }, "geometry": { "type": "LineString", "coordinates": [ [ 34.7573003, -0.0884305 ], [ 34.6630565, -0.072626 ] ] } },
{ "type": "Feature", "properties": { "@osmId": "way/33402113", "@snapshotTimestamp": "2015-01-01T00:00:00Z" }, "geometry": { "type": "LineString", "coordinates": [ [ 34.5980361, -0.0042449 ], [ 34.6630565, -0.072626 ] ] } },
{ "type": "Feature", "properties": { "@osmId": "way/96746622", "@snapshotTimestamp": "2015-01-01T00:00:00Z" }, "geometry": { "type": "LineString", "coordinates": [ [ 34.6509549, -0.0480878 ], [ 34.7475095, -0.0240053 ] ] } },
{ "type": "Feature", "properties": { "@osmId": "way/33403197", "@snapshotTimestamp": "2015-01-01T00:00:00Z" }, "geometry": { "type": "LineString", "coordinates": [ [ 34.5856087, 0.0261134 ], [ 34.5980361, -0.0042449 ] ] } },
{ "type": "Feature", "properties": { "@osmId": "way/96752329", "@snapshotTimestamp": "2015-01-01T00:00:00Z" }, "geometry": { "type": "LineString", "coordinates": [ [ 34.6237145, 0.0253077 ], [ 34.5989082, 0.0162758 ] ] } },
{ "type": "Feature", "properties": { "@osmId": "way/101557492", "@snapshotTimestamp": "2015-01-01T00:00:00Z" }, "geometry": { "type": "LineString", "coordinates": [ [ 34.7740568, -0.0838352 ], [ 34.7579115, -0.1012065 ] ] } },
{ "type": "Feature", "properties": { "@osmId": "way/96747355", "@snapshotTimestamp": "2015-01-01T00:00:00Z" }, "geometry": { "type": "LineString", "coordinates": [ [ 34.7526354, -0.0954982 ], [ 34.7573003, -0.0884305 ] ] } },
{ "type": "Feature", "properties": { "@osmId": "way/101557498", "@snapshotTimestamp": "2015-01-01T00:00:00Z" }, "geometry": { "type": "LineString", "coordinates": [ [ 34.7740568, -0.0838352 ], [ 34.7752894, -0.0754272 ] ] } },
{ "type": "Feature", "properties": { "@osmId": "way/195632933", "@snapshotTimestamp": "2015-01-01T00:00:00Z" }, "geometry": { "type": "LineString", "coordinates": [ [ 34.7755705, -0.0705013 ], [ 34.7752894, -0.0754272 ] ] } },
{ "type": "Feature", "properties": { "@osmId": "way/195632936", "@snapshotTimestamp": "2015-01-01T00:00:00Z" }, "geometry": { "type": "LineString", "coordinates": [ [ 34.7755827, -0.0703009 ], [ 34.7755705, -0.0705013 ] ] } },
{ "type": "Feature", "properties": { "@osmId": "way/250108932", "@snapshotTimestamp": "2015-01-01T00:00:00Z" }, "geometry": { "type": "LineString", "coordinates": [ [ 35.0711107, -0.0607923 ], [ 34.9682997, -0.0541715 ] ] } },
{ "type": "Feature", "properties": { "@osmId": "way/84959988", "@snapshotTimestamp": "2015-01-01T00:00:00Z" }, "geometry": { "type": "LineString", "coordinates": [ [ 34.776023, -0.062934 ], [ 34.816153, -0.0458036 ], [ 34.9682997, -0.0541715 ] ] } },
{ "type": "Feature", "properties": { "@osmId": "way/34357999", "@snapshotTimestamp": "2015-01-01T00:00:00Z" }, "geometry": { "type": "LineString", "coordinates": [ [ 34.7395155, -0.0015107 ], [ 34.7755827, -0.0703009 ] ] } },
{ "type": "Feature", "properties": { "@osmId": "way/96753398", "@snapshotTimestamp": "2015-01-01T00:00:00Z" }, "geometry": { "type": "LineString", "coordinates": [ [ 34.7806532, 0.1197999 ], [ 34.83181, 0.1105632 ] ] } },
{ "type": "Feature", "properties": { "@osmId": "way/96753319", "@snapshotTimestamp": "2015-01-01T00:00:00Z" }, "geometry": { "type": "LineString", "coordinates": [ [ 34.7377095, 0.1243624 ], [ 34.7806532, 0.1197999 ] ] } },
{ "type": "Feature", "properties": { "@osmId": "way/204459117", "@snapshotTimestamp": "2015-01-01T00:00:00Z" }, "geometry": { "type": "LineString", "coordinates": [ [ 35.179088, -0.4649865 ], [ 35.1789148, -0.4651881 ] ] } },
{ "type": "Feature", "properties": { "@osmId": "way/36126068", "@snapshotTimestamp": "2015-01-01T00:00:00Z" }, "geometry": { "type": "LineString", "coordinates": [ [ 35.2203597, -0.4252175 ], [ 35.179088, -0.4649865 ] ] } },
{ "type": "Feature", "properties": { "@osmId": "way/34357960", "@snapshotTimestamp": "2015-01-01T00:00:00Z" }, "geometry": { "type": "LineString", "coordinates": [ [ 35.2675149, -0.3764439 ], [ 35.2203597, -0.4252175 ] ] } },
{ "type": "Feature", "properties": { "@osmId": "way/102268982", "@snapshotTimestamp": "2015-01-01T00:00:00Z" }, "geometry": { "type": "LineString", "coordinates": [ [ 35.0570047, -0.4105661 ], [ 35.1704438, -0.3644626 ] ] } },
{ "type": "Feature", "properties": { "@osmId": "way/33409815", "@snapshotTimestamp": "2015-01-01T00:00:00Z" }, "geometry": { "type": "LineString", "coordinates": [ [ 35.2172742, -0.3185548 ], [ 35.1704438, -0.3644626 ] ] } },
{ "type": "Feature", "properties": { "@osmId": "way/33402614", "@snapshotTimestamp": "2015-01-01T00:00:00Z" }, "geometry": { "type": "LineString", "coordinates": [ [ 35.6182287, -0.1764123 ], [ 35.2675149, -0.3764439 ] ] } },
{ "type": "Feature", "properties": { "@osmId": "way/34357563", "@snapshotTimestamp": "2015-01-01T00:00:00Z" }, "geometry": { "type": "LineString", "coordinates": [ [ 35.2675149, -0.3764439 ], [ 35.2335743, -0.3253482 ], [ 35.1582864, -0.3075538 ], [ 35.1473154, -0.1994778 ], [ 35.0374528, -0.1463976 ], [ 34.9357167, -0.1745496 ] ] } },
{ "type": "Feature", "properties": { "@osmId": "way/101352636", "@snapshotTimestamp": "2015-01-01T00:00:00Z" }, "geometry": { "type": "LineString", "coordinates": [ [ 35.4085296, -0.2131011 ], [ 35.3532729, -0.2269451 ], [ 35.3579272, -0.2011291 ], [ 35.2973934, -0.2111152 ], [ 35.1873468, -0.156497 ] ] } },
{ "type": "Feature", "properties": { "@osmId": "way/101350965", "@snapshotTimestamp": "2015-01-01T00:00:00Z" }, "geometry": { "type": "LineString", "coordinates": [ [ 35.1528381, -0.2127191 ], [ 35.1836081, -0.1661831 ] ] } },
{ "type": "Feature", "properties": { "@osmId": "way/204459128", "@snapshotTimestamp": "2015-01-01T00:00:00Z" }, "geometry": { "type": "LineString", "coordinates": [ [ 35.1836081, -0.1661831 ], [ 35.1836097, -0.1654211 ] ] } },
{ "type": "Feature", "properties": { "@osmId": "way/92127868", "@snapshotTimestamp": "2015-01-01T00:00:00Z" }, "geometry": { "type": "LineString", "coordinates": [ [ 36.0543401, -0.2897099 ], [ 36.0432624, -0.2863449 ] ] } },
{ "type": "Feature", "properties": { "@osmId": "way/87269989", "@snapshotTimestamp": "2015-01-01T00:00:00Z" }, "geometry": { "type": "LineString", "coordinates": [ [ 36.0629594, -0.2865587 ], [ 36.0555633, -0.2893725 ] ] } },
{ "type": "Feature", "properties": { "@osmId": "way/188822685", "@snapshotTimestamp": "2015-01-01T00:00:00Z" }, "geometry": { "type": "LineString", "coordinates": [ [ 36.0434092, -0.2860514 ], [ 36.055061, -0.2892022 ] ] } },
{ "type": "Feature", "properties": { "@osmId": "way/87269999", "@snapshotTimestamp": "2015-01-01T00:00:00Z" }, "geometry": { "type": "LineString", "coordinates": [ [ 36.0555471, -0.2890345 ], [ 36.0627479, -0.2863432 ] ] } },
{ "type": "Feature", "properties": { "@osmId": "way/34870321", "@snapshotTimestamp": "2015-01-01T00:00:00Z" }, "geometry": { "type": "LineString", "coordinates": [ [ 36.0627479, -0.2863432 ], [ 36.0632999, -0.2859502 ], [ 36.0635707, -0.2861789 ], [ 36.0630493, -0.2865749 ], [ 36.0627479, -0.2863432 ] ] } },
{ "type": "Feature", "properties": { "@osmId": "way/95075651", "@snapshotTimestamp": "2015-01-01T00:00:00Z" }, "geometry": { "type": "LineString", "coordinates": [ [ 36.042905, -0.2861765 ], [ 36.0430963, -0.2858551 ], [ 36.0434092, -0.2860514 ], [ 36.0431881, -0.2863658 ], [ 36.042905, -0.2861765 ] ] } },
{ "type": "Feature", "properties": { "@osmId": "way/41792391", "@snapshotTimestamp": "2015-01-01T00:00:00Z" }, "geometry": { "type": "LineString", "coordinates": [ [ 36.3643176, -0.0717305 ], [ 36.3826424, -0.1883917 ], [ 36.34978, -0.4301876 ], [ 36.363005, -0.4956124 ], [ 36.3256759, -0.5003601 ] ] } },
{ "type": "Feature", "properties": { "@osmId": "way/34870309", "@snapshotTimestamp": "2015-01-01T00:00:00Z" }, "geometry": { "type": "LineString", "coordinates": [ [ 36.0744695, -0.2825342 ], [ 36.0635489, -0.2861207 ] ] } },
{ "type": "Feature", "properties": { "@osmId": "way/34870301", "@snapshotTimestamp": "2015-01-01T00:00:00Z" }, "geometry": { "type": "LineString", "coordinates": [ [ 36.0632999, -0.2859502 ], [ 36.0744068, -0.2823617 ] ] } },
{ "type": "Feature", "properties": { "@osmId": "way/87607045", "@snapshotTimestamp": "2015-01-01T00:00:00Z" }, "geometry": { "type": "LineString", "coordinates": [ [ 36.0980705, -0.2829176 ], [ 36.074809, -0.2823782 ] ] } },
{ "type": "Feature", "properties": { "@osmId": "way/82507099", "@snapshotTimestamp": "2015-01-01T00:00:00Z" }, "geometry": { "type": "LineString", "coordinates": [ [ 36.0747802, -0.2822903 ], [ 36.080147, -0.2845102 ] ] } },
{ "type": "Feature", "properties": { "@osmId": "way/188822681", "@snapshotTimestamp": "2015-01-01T00:00:00Z" }, "geometry": { "type": "LineString", "coordinates": [ [ 36.042905, -0.2861765 ], [ 36.0275955, -0.2789483 ] ] } },
{ "type": "Feature", "properties": { "@osmId": "way/87270010", "@snapshotTimestamp": "2015-01-01T00:00:00Z" }, "geometry": { "type": "LineString", "coordinates": [ [ 36.0275955, -0.2789483 ], [ 36.0430963, -0.2858551 ] ] } },
{ "type": "Feature", "properties": { "@osmId": "way/34870315", "@snapshotTimestamp": "2015-01-01T00:00:00Z" }, "geometry": { "type": "LineString", "coordinates": [ [ 36.0744068, -0.2823617 ], [ 36.0746314, -0.2821889 ], [ 36.074809, -0.2823782 ], [ 36.0745693, -0.282584 ], [ 36.0744068, -0.2823617 ] ] } },
{ "type": "Feature", "properties": { "@osmId": "way/206519934", "@snapshotTimestamp": "2015-01-01T00:00:00Z" }, "geometry": { "type": "LineString", "coordinates": [ [ 35.7140476, -0.2373754 ], [ 35.7715834, -0.2984027 ], [ 35.8777934, -0.2795108 ], [ 35.9392989, -0.3272154 ] ] } },
{ "type": "Feature", "properties": { "@osmId": "way/317165817", "@snapshotTimestamp": "2015-01-01T00:00:00Z" }, "geometry": { "type": "LineString", "coordinates": [ [ 36.0764856, -0.27999 ], [ 36.0772308, -0.2822234 ] ] } },
{ "type": "Feature", "properties": { "@osmId": "way/87312412", "@snapshotTimestamp": "2015-01-01T00:00:00Z" }, "geometry": { "type": "LineString", "coordinates": [ [ 36.0620467, -0.2811864 ], [ 36.0764856, -0.27999 ] ] } },
{ "type": "Feature", "properties": { "@osmId": "way/127446353", "@snapshotTimestamp": "2015-01-01T00:00:00Z" }, "geometry": { "type": "LineString", "coordinates": [ [ 36.0083076, -0.2720835 ], [ 36.0275955, -0.2789483 ] ] } },
{ "type": "Feature", "properties": { "@osmId": "way/33402789", "@snapshotTimestamp": "2015-01-01T00:00:00Z" }, "geometry": { "type": "LineString", "coordinates": [ [ 36.1372479, -0.2989743 ], [ 36.2117436, -0.2517764 ], [ 36.2952431, -0.2581206 ] ] } },
{ "type": "Feature", "properties": { "@osmId": "way/127446355", "@snapshotTimestamp": "2015-01-01T00:00:00Z" }, "geometry": { "type": "LineString", "coordinates": [ [ 36.0065975, -0.2706367 ], [ 36.0083076, -0.2720835 ] ] } },
{ "type": "Feature", "properties": { "@osmId": "way/133902338", "@snapshotTimestamp": "2015-01-01T00:00:00Z" }, "geometry": { "type": "LineString", "coordinates": [ [ 35.9573295, -0.2475417 ], [ 36.0065975, -0.2706367 ] ] } },
{ "type": "Feature", "properties": { "@osmId": "way/193438640", "@snapshotTimestamp": "2015-01-01T00:00:00Z" }, "geometry": { "type": "LineString", "coordinates": [ [ 36.3775934, -0.2751245 ], [ 36.3130562, -0.2412173 ] ] } },
{ "type": "Feature", "properties": { "@osmId": "way/230047938", "@snapshotTimestamp": "2015-01-01T00:00:00Z" }, "geometry": { "type": "LineString", "coordinates": [ [ 36.2952741, -0.2580227 ], [ 36.2952431, -0.2581206 ] ] } },
{ "type": "Feature", "properties": { "@osmId": "way/230047940", "@snapshotTimestamp": "2015-01-01T00:00:00Z" }, "geometry": { "type": "LineString", "coordinates": [ [ 36.3128869, -0.2412095 ], [ 36.2952741, -0.2580227 ] ] } },
{ "type": "Feature", "properties": { "@osmId": "way/230047939", "@snapshotTimestamp": "2015-01-01T00:00:00Z" }, "geometry": { "type": "LineString", "coordinates": [ [ 36.3130562, -0.2412173 ], [ 36.3128869, -0.2412095 ] ] } },
{ "type": "Feature", "properties": { "@osmId": "way/35997771", "@snapshotTimestamp": "2015-01-01T00:00:00Z" }, "geometry": { "type": "LineString", "coordinates": [ [ 36.1240129, -0.1705444 ], [ 36.0952193, -0.2825144 ] ] } },
{ "type": "Feature", "properties": { "@osmId": "way/133101566", "@snapshotTimestamp": "2015-01-01T00:00:00Z" }, "geometry": { "type": "LineString", "coordinates": [ [ 36.2301019, -0.1933594 ], [ 36.233996, -0.2543055 ] ] } },
{ "type": "Feature", "properties": { "@osmId": "way/133902184", "@snapshotTimestamp": "2015-01-01T00:00:00Z" }, "geometry": { "type": "LineString", "coordinates": [ [ 35.9573295, -0.2475417 ], [ 35.8319349, -0.1994683 ], [ 35.7347839, -0.21861 ] ] } },
{ "type": "Feature", "properties": { "@osmId": "way/128130345", "@snapshotTimestamp": "2015-01-01T00:00:00Z" }, "geometry": { "type": "LineString", "coordinates": [ [ 35.9650055, -0.0242929 ], [ 35.9369445, -0.0898628 ], [ 35.9461615, -0.1371966 ], [ 36.0184458, -0.261581 ], [ 36.0629197, -0.2857636 ] ] } },
{ "type": "Feature", "properties": { "@osmId": "way/34129537", "@snapshotTimestamp": "2015-01-01T00:00:00Z" }, "geometry": { "type": "LineString", "coordinates": [ [ 36.3643176, -0.0717305 ], [ 36.2969594, -0.1602077 ], [ 36.2301019, -0.1933594 ] ] } },
{ "type": "Feature", "properties": { "@osmId": "way/204459124", "@snapshotTimestamp": "2015-01-01T00:00:00Z" }, "geometry": { "type": "LineString", "coordinates": [ [ 35.1836097, -0.1654211 ], [ 35.1933003, -0.148533 ] ] } },
{ "type": "Feature", "properties": { "@osmId": "way/170778535", "@snapshotTimestamp": "2015-01-01T00:00:00Z" }, "geometry": { "type": "LineString", "coordinates": [ [ 35.1933003, -0.148533 ], [ 35.1933735, -0.1482626 ] ] } },
{ "type": "Feature", "properties": { "@osmId": "way/170778531", "@snapshotTimestamp": "2015-01-01T00:00:00Z" }, "geometry": { "type": "LineString", "coordinates": [ [ 35.1933735, -0.1482626 ], [ 35.1902352, -0.1425 ] ] } },
{ "type": "Feature", "properties": { "@osmId": "way/170765900", "@snapshotTimestamp": "2015-01-01T00:00:00Z" }, "geometry": { "type": "LineString", "coordinates": [ [ 35.1137283, -0.1086627 ], [ 35.0736861, -0.1606662 ] ] } },
{ "type": "Feature", "properties": { "@osmId": "way/101350187", "@snapshotTimestamp": "2015-01-01T00:00:00Z" }, "geometry": { "type": "LineString", "coordinates": [ [ 35.1902352, -0.1425 ], [ 35.1280491, -0.0883624 ] ] } },
{ "type": "Feature", "properties": { "@osmId": "way/170765893", "@snapshotTimestamp": "2015-01-01T00:00:00Z" }, "geometry": { "type": "LineString", "coordinates": [ [ 35.1153314, -0.105558 ], [ 35.1137283, -0.1086627 ] ] } },
{ "type": "Feature", "properties": { "@osmId": "way/170764708", "@snapshotTimestamp": "2015-01-01T00:00:00Z" }, "geometry": { "type": "LineString", "coordinates": [ [ 35.125619, -0.0898913 ], [ 35.1153314, -0.105558 ] ] } },
{ "type": "Feature", "properties": { "@osmId": "way/170765895", "@snapshotTimestamp": "2015-01-01T00:00:00Z" }, "geometry": { "type": "LineString", "coordinates": [ [ 35.1266007, -0.0885151 ], [ 35.1254482, -0.0881716 ] ] } },
{ "type": "Feature", "properties": { "@osmId": "way/170765905", "@snapshotTimestamp": "2015-01-01T00:00:00Z" }, "geometry": { "type": "LineString", "coordinates": [ [ 35.1272009, -0.0874275 ], [ 35.1268892, -0.0883383 ] ] } },
{ "type": "Feature", "properties": { "@osmId": "way/170765894", "@snapshotTimestamp": "2015-01-01T00:00:00Z" }, "geometry": { "type": "LineString", "coordinates": [ [ 35.1259162, -0.0866907 ], [ 35.1272009, -0.0874275 ], [ 35.1266007, -0.0885151 ], [ 35.1252827, -0.0877714 ], [ 35.1259162, -0.0866907 ] ] } },
{ "type": "Feature", "properties": { "@osmId": "way/170765892", "@snapshotTimestamp": "2015-01-01T00:00:00Z" }, "geometry": { "type": "LineString", "coordinates": [ [ 35.1252827, -0.0877714 ], [ 35.1259162, -0.0866907 ] ] } },
{ "type": "Feature", "properties": { "@osmId": "way/170765902", "@snapshotTimestamp": "2015-01-01T00:00:00Z" }, "geometry": { "type": "LineString", "coordinates": [ [ 35.1262314, -0.0866342 ], [ 35.1270812, -0.087111 ] ] } },
{ "type": "Feature", "properties": { "@osmId": "way/170764706", "@snapshotTimestamp": "2015-01-01T00:00:00Z" }, "geometry": { "type": "LineString", "coordinates": [ [ 35.1243047, -0.0862918 ], [ 35.0794676, -0.0644727 ] ] } },
{ "type": "Feature", "properties": { "@osmId": "way/250108935", "@snapshotTimestamp": "2015-01-01T00:00:00Z" }, "geometry": { "type": "LineString", "coordinates": [ [ 35.0794676, -0.0644727 ], [ 35.0791515, -0.0642278 ] ] } },
{ "type": "Feature", "properties": { "@osmId": "way/250108930", "@snapshotTimestamp": "2015-01-01T00:00:00Z" }, "geometry": { "type": "LineString", "coordinates": [ [ 35.0791515, -0.0642278 ], [ 35.0714516, -0.0608489 ] ] } },
{ "type": "Feature", "properties": { "@osmId": "way/250108927", "@snapshotTimestamp": "2015-01-01T00:00:00Z" }, "geometry": { "type": "LineString", "coordinates": [ [ 35.0714516, -0.0608489 ], [ 35.0711107, -0.0607923 ] ] } },
{ "type": "Feature", "properties": { "@osmId": "way/101350070", "@snapshotTimestamp": "2015-01-01T00:00:00Z" }, "geometry": { "type": "LineString", "coordinates": [ [ 35.1799528, -0.0343339 ], [ 35.1273732, -0.0856749 ] ] } },
{ "type": "Feature", "properties": { "@osmId": "way/101350072", "@snapshotTimestamp": "2015-01-01T00:00:00Z" }, "geometry": { "type": "LineString", "coordinates": [ [ 35.1802001, -0.0271842 ], [ 35.1799528, -0.0343339 ] ] } },
{ "type": "Feature", "properties": { "@osmId": "way/101350068", "@snapshotTimestamp": "2015-01-01T00:00:00Z" }, "geometry": { "type": "LineString", "coordinates": [ [ 35.1802001, -0.0271842 ], [ 35.2017546, 0.0303737 ], [ 35.1728363, 0.1336358 ] ] } },
{ "type": "Feature", "properties": { "@osmId": "way/204415963", "@snapshotTimestamp": "2015-01-01T00:00:00Z" }, "geometry": { "type": "LineString", "coordinates": [ [ 35.1602731, 0.140551 ], [ 35.1728363, 0.1336358 ] ] } },
{ "type": "Feature", "properties": { "@osmId": "way/232008021", "@snapshotTimestamp": "2015-01-01T00:00:00Z" }, "geometry": { "type": "LineString", "coordinates": [ [ 35.9140559, -0.0836335 ], [ 35.9359231, -0.100891 ] ] } },
{ "type": "Feature", "properties": { "@osmId": "way/232008022", "@snapshotTimestamp": "2015-01-01T00:00:00Z" }, "geometry": { "type": "LineString", "coordinates": [ [ 35.9138811, -0.0833843 ], [ 35.9140559, -0.0836335 ] ] } },
{ "type": "Feature", "properties": { "@osmId": "way/35997772", "@snapshotTimestamp": "2015-01-01T00:00:00Z" }, "geometry": { "type": "LineString", "coordinates": [ [ 36.1240129, -0.1705444 ], [ 36.1851867, -0.0472641 ], [ 36.2600875, 0.0285551 ], [ 36.266826, 0.0079262 ], [ 36.2966316, 0.0412704 ], [ 36.3639768, 0.0381088 ] ] } },
{ "type": "Feature", "properties": { "@osmId": "way/128130347", "@snapshotTimestamp": "2015-01-01T00:00:00Z" }, "geometry": { "type": "LineString", "coordinates": [ [ 35.9649429, -0.0241017 ], [ 35.9650055, -0.0242929 ] ] } },
{ "type": "Feature", "properties": { "@osmId": "way/35999563", "@snapshotTimestamp": "2015-01-01T00:00:00Z" }, "geometry": { "type": "LineString", "coordinates": [ [ 36.3641143, 0.0380307 ], [ 36.3643176, -0.0717305 ] ] } },
{ "type": "Feature", "properties": { "@osmId": "way/42436168", "@snapshotTimestamp": "2015-01-01T00:00:00Z" }, "geometry": { "type": "LineString", "coordinates": [ [ 35.708416, 0.0438266 ], [ 35.737968, 0.059073 ], [ 35.7717756, 0.0248157 ], [ 35.841717, 0.014849 ], [ 35.9138811, -0.0833843 ] ] } },
{ "type": "Feature", "properties": { "@osmId": "way/30160455", "@snapshotTimestamp": "2015-01-01T00:00:00Z" }, "geometry": { "type": "LineString", "coordinates": [ [ 35.9627977, 0.0007005 ], [ 35.9649429, -0.0241017 ] ] } },
{ "type": "Feature", "properties": { "@osmId": "way/35999564", "@snapshotTimestamp": "2015-01-01T00:00:00Z" }, "geometry": { "type": "LineString", "coordinates": [ [ 36.3639768, 0.0381088 ], [ 36.3640425, 0.0382172 ], [ 36.3641719, 0.0381499 ], [ 36.3640804, 0.0380231 ], [ 36.3639768, 0.0381088 ] ] } },
{ "type": "Feature", "properties": { "@osmId": "way/103426530", "@snapshotTimestamp": "2015-01-01T00:00:00Z" }, "geometry": { "type": "LineString", "coordinates": [ [ 36.3649879, 0.0425022 ], [ 36.3640706, 0.0382227 ] ] } },
{ "type": "Feature", "properties": { "@osmId": "way/28944835", "@snapshotTimestamp": "2015-01-01T00:00:00Z" }, "geometry": { "type": "LineString", "coordinates": [ [ 36.3887328, 0.1188622 ], [ 36.3308823, 0.1816929 ], [ 36.3205926, 0.2470347 ] ] } },
{ "type": "Feature", "properties": { "@osmId": "way/35992905", "@snapshotTimestamp": "2015-01-01T00:00:00Z" }, "geometry": { "type": "LineString", "coordinates": [ [ 35.6928849, -0.1584287 ], [ 35.6953623, -0.1607242 ] ] } },
{ "type": "Feature", "properties": { "@osmId": "way/33401663", "@snapshotTimestamp": "2015-01-01T00:00:00Z" }, "geometry": { "type": "LineString", "coordinates": [ [ 35.5428517, 0.0686211 ], [ 35.5287273, 0.006432 ], [ 35.6340746, -0.037037 ], [ 35.6928849, -0.1584287 ] ] } },
{ "type": "Feature", "properties": { "@osmId": "way/33402051", "@snapshotTimestamp": "2015-01-01T00:00:00Z" }, "geometry": { "type": "LineString", "coordinates": [ [ 35.5301549, 0.0833116 ], [ 35.5428517, 0.0686211 ] ] } },
{ "type": "Feature", "properties": { "@osmId": "way/33402068", "@snapshotTimestamp": "2015-01-01T00:00:00Z" }, "geometry": { "type": "LineString", "coordinates": [ [ 35.467876, 0.1404982 ], [ 35.4728161, 0.1068353 ], [ 35.5301549, 0.0833116 ] ] } },
{ "type": "Feature", "properties": { "@osmId": "way/101169112", "@snapshotTimestamp": "2015-01-01T00:00:00Z" }, "geometry": { "type": "LineString", "coordinates": [ [ 35.5699376, 0.1999592 ], [ 35.6304413, 0.1678842 ], [ 35.5958449, 0.1525721 ], [ 35.6051948, 0.0694085 ], [ 35.6793499, 0.0859841 ], [ 35.708416, 0.0438266 ] ] } },
{ "type": "Feature", "properties": { "@osmId": "way/101169111", "@snapshotTimestamp": "2015-01-01T00:00:00Z" }, "geometry": { "type": "LineString", "coordinates": [ [ 35.5236774, 0.1734609 ], [ 35.5316159, 0.1836489 ] ] } },
{ "type": "Feature", "properties": { "@osmId": "way/316678321", "@snapshotTimestamp": "2015-01-01T00:00:00Z" }, "geometry": { "type": "LineString", "coordinates": [ [ 35.5316159, 0.1836489 ], [ 35.5320034, 0.1832849 ] ] } },
{ "type": "Feature", "properties": { "@osmId": "way/101169120", "@snapshotTimestamp": "2015-01-01T00:00:00Z" }, "geometry": { "type": "LineString", "coordinates": [ [ 35.4438598, 0.2008741 ], [ 35.5236774, 0.1734609 ] ] } },
{ "type": "Feature", "properties": { "@osmId": "way/101169121", "@snapshotTimestamp": "2015-01-01T00:00:00Z" }, "geometry": { "type": "LineString", "coordinates": [ [ 35.5320034, 0.1832849 ], [ 35.5699376, 0.1999592 ] ] } },
{ "type": "Feature", "properties": { "@osmId": "way/34357568", "@snapshotTimestamp": "2015-01-01T00:00:00Z" }, "geometry": { "type": "LineString", "coordinates": [ [ 35.57557, 0.3270769 ], [ 35.5522977, 0.2572721 ], [ 35.5699376, 0.1999592 ] ] } },
{ "type": "Feature", "properties": { "@osmId": "way/103268391", "@snapshotTimestamp": "2015-01-01T00:00:00Z" }, "geometry": { "type": "LineString", "coordinates": [ [ 36.1280136, 0.1642074 ], [ 36.1722583, 0.2575594 ] ] } },
{ "type": "Feature", "properties": { "@osmId": "way/126822682", "@snapshotTimestamp": "2015-01-01T00:00:00Z" }, "geometry": { "type": "LineString", "coordinates": [ [ 35.9697473, 0.4588642 ], [ 35.8945114, 0.2379259 ], [ 35.9018713, 0.131649 ], [ 35.9627977, 0.0007005 ] ] } },
{ "type": "Feature", "properties": { "@osmId": "way/223164790", "@snapshotTimestamp": "2015-01-01T00:00:00Z" }, "geometry": { "type": "LineString", "coordinates": [ [ 36.172435, 0.2577361 ], [ 36.179953, 0.2549402 ] ] } },
{ "type": "Feature", "properties": { "@osmId": "way/223164779", "@snapshotTimestamp": "2015-01-01T00:00:00Z" }, "geometry": { "type": "LineString", "coordinates": [ [ 36.1722583, 0.2575594 ], [ 36.172435, 0.2577361 ] ] } },
{ "type": "Feature", "properties": { "@osmId": "way/208215233", "@snapshotTimestamp": "2015-01-01T00:00:00Z" }, "geometry": { "type": "LineString", "coordinates": [ [ 36.3205926, 0.2470347 ], [ 36.3168842, 0.27891 ] ] } },
{ "type": "Feature", "properties": { "@osmId": "way/222729555", "@snapshotTimestamp": "2015-01-01T00:00:00Z" }, "geometry": { "type": "LineString", "coordinates": [ [ 36.179953, 0.2549402 ], [ 36.2169355, 0.3025488 ] ] } },
{ "type": "Feature", "properties": { "@osmId": "way/84531187", "@snapshotTimestamp": "2015-01-01T00:00:00Z" }, "geometry": { "type": "LineString", "coordinates": [ [ 36.2169355, 0.3025488 ], [ 36.2405773, 0.3193582 ], [ 36.3155709, 0.2747537 ] ] } },
{ "type": "Feature", "properties": { "@osmId": "way/28944820", "@snapshotTimestamp": "2015-01-01T00:00:00Z" }, "geometry": { "type": "LineString", "coordinates": [ [ 36.1812054, 0.3300622 ], [ 36.2169355, 0.3025488 ] ] } },
{ "type": "Feature", "properties": { "@osmId": "way/103268261", "@snapshotTimestamp": "2015-01-01T00:00:00Z" }, "geometry": { "type": "LineString", "coordinates": [ [ 36.0843348, 0.248724 ], [ 36.0737686, 0.3384439 ], [ 36.0022725, 0.4374225 ] ] } },
{ "type": "Feature", "properties": { "@osmId": "way/208215234", "@snapshotTimestamp": "2015-01-01T00:00:00Z" }, "geometry": { "type": "LineString", "coordinates": [ [ 36.3168842, 0.27891 ], [ 36.2920518, 0.3695833 ], [ 36.3185058, 0.4121646 ] ] } },
{ "type": "Feature", "properties": { "@osmId": "way/204415964", "@snapshotTimestamp": "2015-01-01T00:00:00Z" }, "geometry": { "type": "LineString", "coordinates": [ [ 35.1599744, 0.1408739 ], [ 35.1602731, 0.140551 ] ] } },
{ "type": "Feature", "properties": { "@osmId": "way/33403152", "@snapshotTimestamp": "2015-01-01T00:00:00Z" }, "geometry": { "type": "LineString", "coordinates": [ [ 35.2980547, 0.2045812 ], [ 35.467876, 0.1404982 ] ] } },
{ "type": "Feature", "properties": { "@osmId": "way/33409703", "@snapshotTimestamp": "2015-01-01T00:00:00Z" }, "geometry": { "type": "LineString", "coordinates": [ [ 35.1195342, 0.2023016 ], [ 35.1599744, 0.1408739 ] ] } },
{ "type": "Feature", "properties": { "@osmId": "way/34359266", "@snapshotTimestamp": "2015-01-01T00:00:00Z" }, "geometry": { "type": "LineString", "coordinates": [ [ 35.2980547, 0.2045812 ], [ 35.2393653, 0.1729563 ] ] } },
{ "type": "Feature", "properties": { "@osmId": "way/34358810", "@snapshotTimestamp": "2015-01-01T00:00:00Z" }, "geometry": { "type": "LineString", "coordinates": [ [ 35.1380469, 0.2107236 ], [ 35.2013762, 0.2041648 ], [ 35.2393653, 0.1729563 ] ] } },
{ "type": "Feature", "properties": { "@osmId": "way/16174261", "@snapshotTimestamp": "2015-01-01T00:00:00Z" }, "geometry": { "type": "LineString", "coordinates": [ [ 35.1195342, 0.2023016 ], [ 35.1380469, 0.2107236 ] ] } },
{ "type": "Feature", "properties": { "@osmId": "way/33401737", "@snapshotTimestamp": "2015-01-01T00:00:00Z" }, "geometry": { "type": "LineString", "coordinates": [ [ 35.3565206, 0.3557343 ], [ 35.467876, 0.1404982 ] ] } },
{ "type": "Feature", "properties": { "@osmId": "way/232008019", "@snapshotTimestamp": "2015-01-01T00:00:00Z" }, "geometry": { "type": "LineString", "coordinates": [ [ 35.0758588, 0.2797667 ], [ 35.1015957, 0.2309686 ], [ 35.1441218, 0.2285205 ] ] } },
{ "type": "Feature", "properties": { "@osmId": "way/232008017", "@snapshotTimestamp": "2015-01-01T00:00:00Z" }, "geometry": { "type": "LineString", "coordinates": [ [ 35.0757852, 0.2799571 ], [ 35.0758588, 0.2797667 ] ] } },
{ "type": "Feature", "properties": { "@osmId": "way/101712713", "@snapshotTimestamp": "2015-01-01T00:00:00Z" }, "geometry": { "type": "LineString", "coordinates": [ [ 35.1380469, 0.2107236 ], [ 35.1465577, 0.2862849 ], [ 35.1895877, 0.3396849 ], [ 35.1990183, 0.3936723 ] ] } },
{ "type": "Feature", "properties": { "@osmId": "way/33409122", "@snapshotTimestamp": "2015-01-01T00:00:00Z" }, "geometry": { "type": "LineString", "coordinates": [ [ 34.3681398, 0.0447503 ], [ 34.3424164, -0.0311966 ] ] } },
{ "type": "Feature", "properties": { "@osmId": "way/256705854", "@snapshotTimestamp": "2015-01-01T00:00:00Z" }, "geometry": { "type": "LineString", "coordinates": [ [ 34.317754, 0.0072645 ], [ 34.3174536, 0.0067697 ] ] } },
{ "type": "Feature", "properties": { "@osmId": "way/256705853", "@snapshotTimestamp": "2015-01-01T00:00:00Z" }, "geometry": { "type": "LineString", "coordinates": [ [ 34.317754, 0.0072645 ], [ 34.3296308, 0.0164055 ] ] } },
{ "type": "Feature", "properties": { "@osmId": "way/30481912", "@snapshotTimestamp": "2015-01-01T00:00:00Z" }, "geometry": { "type": "LineString", "coordinates": [ [ 34.2884702, 0.0561137 ], [ 34.3681398, 0.0447503 ] ] } },
{ "type": "Feature", "properties": { "@osmId": "way/30481911", "@snapshotTimestamp": "2015-01-01T00:00:00Z" }, "geometry": { "type": "LineString", "coordinates": [ [ 34.3681398, 0.0447503 ], [ 34.4347385, 0.0539168 ] ] } },
{ "type": "Feature", "properties": { "@osmId": "way/257588465", "@snapshotTimestamp": "2015-01-01T00:00:00Z" }, "geometry": { "type": "LineString", "coordinates": [ [ 34.3681398, 0.0447503 ], [ 34.4347385, 0.0539168 ] ] } },
{ "type": "Feature", "properties": { "@osmId": "way/204422469", "@snapshotTimestamp": "2015-01-01T00:00:00Z" }, "geometry": { "type": "LineString", "coordinates": [ [ 34.5073756, 0.0583905 ], [ 34.4347385, 0.0539168 ] ] } },
{ "type": "Feature", "properties": { "@osmId": "way/33402042", "@snapshotTimestamp": "2015-01-01T00:00:00Z" }, "geometry": { "type": "LineString", "coordinates": [ [ 34.2838429, 0.061106 ], [ 34.2884702, 0.0561137 ] ] } },
{ "type": "Feature", "properties": { "@osmId": "way/30481913", "@snapshotTimestamp": "2015-01-01T00:00:00Z" }, "geometry": { "type": "LineString", "coordinates": [ [ 34.2838429, 0.061106 ], [ 34.2350499, 0.0862518 ] ] } },
{ "type": "Feature", "properties": { "@osmId": "way/33403201", "@snapshotTimestamp": "2015-01-01T00:00:00Z" }, "geometry": { "type": "LineString", "coordinates": [ [ 34.2820221, 0.1079947 ], [ 34.2863647, 0.0598309 ] ] } },
{ "type": "Feature", "properties": { "@osmId": "way/34359341", "@snapshotTimestamp": "2015-01-01T00:00:00Z" }, "geometry": { "type": "LineString", "coordinates": [ [ 34.7233178, 0.0489667 ], [ 34.7395155, -0.0015107 ] ] } },
{ "type": "Feature", "properties": { "@osmId": "way/30483201", "@snapshotTimestamp": "2015-01-01T00:00:00Z" }, "geometry": { "type": "LineString", "coordinates": [ [ 34.5618215, 0.0446985 ], [ 34.5856087, 0.0261134 ] ] } },
{ "type": "Feature", "properties": { "@osmId": "way/96752322", "@snapshotTimestamp": "2015-01-01T00:00:00Z" }, "geometry": { "type": "LineString", "coordinates": [ [ 34.6237145, 0.0253077 ], [ 34.7233178, 0.0489667 ] ] } },
{ "type": "Feature", "properties": { "@osmId": "way/257727837", "@snapshotTimestamp": "2015-01-01T00:00:00Z" }, "geometry": { "type": "LineString", "coordinates": [ [ 34.5057347, 0.0405622 ], [ 34.5027165, 0.041061 ] ] } },
{ "type": "Feature", "properties": { "@osmId": "way/102270489", "@snapshotTimestamp": "2015-01-01T00:00:00Z" }, "geometry": { "type": "LineString", "coordinates": [ [ 34.5618215, 0.0446985 ], [ 34.5079482, 0.0581926 ] ] } },
{ "type": "Feature", "properties": { "@osmId": "way/33401678", "@snapshotTimestamp": "2015-01-01T00:00:00Z" }, "geometry": { "type": "LineString", "coordinates": [ [ 34.5677663, 0.0847336 ], [ 34.5856087, 0.0261134 ] ] } },
{ "type": "Feature", "properties": { "@osmId": "way/204422468", "@snapshotTimestamp": "2015-01-01T00:00:00Z" }, "geometry": { "type": "LineString", "coordinates": [ [ 34.5079482, 0.0581926 ], [ 34.5073756, 0.0583905 ] ] } },
{ "type": "Feature", "properties": { "@osmId": "way/34357622", "@snapshotTimestamp": "2015-01-01T00:00:00Z" }, "geometry": { "type": "LineString", "coordinates": [ [ 34.7264488, 0.111233 ], [ 34.7233178, 0.0489667 ] ] } },
{ "type": "Feature", "properties": { "@osmId": "way/225239558", "@snapshotTimestamp": "2015-01-01T00:00:00Z" }, "geometry": { "type": "LineString", "coordinates": [ [ 34.543064, 0.0859199 ], [ 34.5677663, 0.0847336 ] ] } },
{ "type": "Feature", "properties": { "@osmId": "way/225239559", "@snapshotTimestamp": "2015-01-01T00:00:00Z" }, "geometry": { "type": "LineString", "coordinates": [ [ 34.5426946, 0.0860259 ], [ 34.543064, 0.0859199 ] ] } },
{ "type": "Feature", "properties": { "@osmId": "way/257613241", "@snapshotTimestamp": "2015-01-01T00:00:00Z" }, "geometry": { "type": "LineString", "coordinates": [ [ 33.9893938, 0.1038579 ], [ 33.9782477, 0.0966632 ] ] } },
{ "type": "Feature", "properties": { "@osmId": "way/174143368", "@snapshotTimestamp": "2015-01-01T00:00:00Z" }, "geometry": { "type": "LineString", "coordinates": [ [ 34.0936182, 0.1180797 ], [ 34.2350499, 0.0862518 ] ] } },
{ "type": "Feature", "properties": { "@osmId": "way/34357427", "@snapshotTimestamp": "2015-01-01T00:00:00Z" }, "geometry": { "type": "LineString", "coordinates": [ [ 34.4573773, 0.1075828 ], [ 34.4770889, 0.1102135 ] ] } },
{ "type": "Feature", "properties": { "@osmId": "way/257613242", "@snapshotTimestamp": "2015-01-01T00:00:00Z" }, "geometry": { "type": "LineString", "coordinates": [ [ 33.9893938, 0.1038579 ], [ 34.0009046, 0.1147687 ] ] } },
{ "type": "Feature", "properties": { "@osmId": "way/174143367", "@snapshotTimestamp": "2015-01-01T00:00:00Z" }, "geometry": { "type": "LineString", "coordinates": [ [ 34.0896726, 0.120918 ], [ 34.0930769, 0.1152761 ] ] } },
{ "type": "Feature", "properties": { "@osmId": "way/174143363", "@snapshotTimestamp": "2015-01-01T00:00:00Z" }, "geometry": { "type": "LineString", "coordinates": [ [ 34.0939658, 0.1187694 ], [ 34.0936182, 0.1180797 ] ] } },
{ "type": "Feature", "properties": { "@osmId": "way/34357846", "@snapshotTimestamp": "2015-01-01T00:00:00Z" }, "geometry": { "type": "LineString", "coordinates": [ [ 34.0930916, 0.1239737 ], [ 34.0939658, 0.1187694 ] ] } },
{ "type": "Feature", "properties": { "@osmId": "way/34359406", "@snapshotTimestamp": "2015-01-01T00:00:00Z" }, "geometry": { "type": "LineString", "coordinates": [ [ 34.0939157, 0.1277728 ], [ 34.0930916, 0.1239737 ] ] } },
{ "type": "Feature", "properties": { "@osmId": "way/33402413", "@snapshotTimestamp": "2015-01-01T00:00:00Z" }, "geometry": { "type": "LineString", "coordinates": [ [ 34.3253279, 0.1529595 ], [ 34.2820221, 0.1079947 ] ] } },
{ "type": "Feature", "properties": { "@osmId": "way/34358461", "@snapshotTimestamp": "2015-01-01T00:00:00Z" }, "geometry": { "type": "LineString", "coordinates": [ [ 34.3857884, 0.1534282 ], [ 34.4573773, 0.1075828 ] ] } },
{ "type": "Feature", "properties": { "@osmId": "way/33402724", "@snapshotTimestamp": "2015-01-01T00:00:00Z" }, "geometry": { "type": "LineString", "coordinates": [ [ 34.5456633, 0.0860967 ], [ 34.5465785, 0.0882197 ] ] } },
{ "type": "Feature", "properties": { "@osmId": "way/204415965", "@snapshotTimestamp": "2015-01-01T00:00:00Z" }, "geometry": { "type": "LineString", "coordinates": [ [ 34.5465785, 0.0882197 ], [ 34.5466427, 0.0883999 ] ] } },
{ "type": "Feature", "properties": { "@osmId": "way/204415966", "@snapshotTimestamp": "2015-01-01T00:00:00Z" }, "geometry": { "type": "LineString", "coordinates": [ [ 34.5466427, 0.0883999 ], [ 34.5469002, 0.0889233 ] ] } },
{ "type": "Feature", "properties": { "@osmId": "way/175922054", "@snapshotTimestamp": "2015-01-01T00:00:00Z" }, "geometry": { "type": "LineString", "coordinates": [ [ 34.4770889, 0.1102135 ], [ 34.5426946, 0.0860259 ] ] } },
{ "type": "Feature", "properties": { "@osmId": "way/204415967", "@snapshotTimestamp": "2015-01-01T00:00:00Z" }, "geometry": { "type": "LineString", "coordinates": [ [ 34.5469002, 0.0889233 ], [ 34.6031044, 0.1191778 ], [ 34.6599126, 0.1166438 ] ] } },
{ "type": "Feature", "properties": { "@osmId": "way/30482552", "@snapshotTimestamp": "2015-01-01T00:00:00Z" }, "geometry": { "type": "LineString", "coordinates": [ [ 34.5677663, 0.0847336 ], [ 34.5697609, 0.1270411 ] ] } },
{ "type": "Feature", "properties": { "@osmId": "way/34358252", "@snapshotTimestamp": "2015-01-01T00:00:00Z" }, "geometry": { "type": "LineString", "coordinates": [ [ 34.6599126, 0.1166438 ], [ 34.7264488, 0.111233 ] ] } },
{ "type": "Feature", "properties": { "@osmId": "way/33402704", "@snapshotTimestamp": "2015-01-01T00:00:00Z" }, "geometry": { "type": "LineString", "coordinates": [ [ 34.743839, 0.1373769 ], [ 34.7264488, 0.111233 ] ] } },
{ "type": "Feature", "properties": { "@osmId": "way/204095336", "@snapshotTimestamp": "2015-01-01T00:00:00Z" }, "geometry": { "type": "LineString", "coordinates": [ [ 34.5697609, 0.1270411 ], [ 34.5697038, 0.1275551 ] ] } },
{ "type": "Feature", "properties": { "@osmId": "way/225779682", "@snapshotTimestamp": "2015-01-01T00:00:00Z" }, "geometry": { "type": "LineString", "coordinates": [ [ 34.743729, 0.1591273 ], [ 34.743839, 0.1373769 ] ] } },
{ "type": "Feature", "properties": { "@osmId": "way/256953950", "@snapshotTimestamp": "2015-01-01T00:00:00Z" }, "geometry": { "type": "LineString", "coordinates": [ [ 34.0009046, 0.1147687 ], [ 34.0632502, 0.1593785 ] ] } },
{ "type": "Feature", "properties": { "@osmId": "way/175929227", "@snapshotTimestamp": "2015-01-01T00:00:00Z" }, "geometry": { "type": "LineString", "coordinates": [ [ 34.0752478, 0.1484137 ], [ 34.0939157, 0.1277728 ] ] } },
{ "type": "Feature", "properties": { "@osmId": "way/174758184", "@snapshotTimestamp": "2015-01-01T00:00:00Z" }, "geometry": { "type": "LineString", "coordinates": [ [ 34.3345282, 0.1534057 ], [ 34.3253279, 0.1529595 ] ] } },
{ "type": "Feature", "properties": { "@osmId": "way/256957148", "@snapshotTimestamp": "2015-01-01T00:00:00Z" }, "geometry": { "type": "LineString", "coordinates": [ [ 34.047851, 0.1565434 ], [ 34.0464643, 0.1497675 ] ] } },
{ "type": "Feature", "properties": { "@osmId": "way/33401685", "@snapshotTimestamp": "2015-01-01T00:00:00Z" }, "geometry": { "type": "LineString", "coordinates": [ [ 34.3763695, 0.155941 ], [ 34.3857884, 0.1534282 ] ] } },
{ "type": "Feature", "properties": { "@osmId": "way/33401999", "@snapshotTimestamp": "2015-01-01T00:00:00Z" }, "geometry": { "type": "LineString", "coordinates": [ [ 34.3257925, 0.1556165 ], [ 34.3695009, 0.1566214 ] ] } },
{ "type": "Feature", "properties": { "@osmId": "way/177110547", "@snapshotTimestamp": "2015-01-01T00:00:00Z" }, "geometry": { "type": "LineString", "coordinates": [ [ 34.3194143, 0.1589022 ], [ 34.3253279, 0.1529595 ] ] } },
{ "type": "Feature", "properties": { "@osmId": "way/30483198", "@snapshotTimestamp": "2015-01-01T00:00:00Z" }, "geometry": { "type": "LineString", "coordinates": [ [ 34.3695009, 0.1566214 ], [ 34.3763695, 0.155941 ] ] } },
{ "type": "Feature", "properties": { "@osmId": "way/256959204", "@snapshotTimestamp": "2015-01-01T00:00:00Z" }, "geometry": { "type": "LineString", "coordinates": [ [ 33.9972405, 0.1602723 ], [ 34.0008159, 0.1602964 ] ] } },
{ "type": "Feature", "properties": { "@osmId": "way/33401627", "@snapshotTimestamp": "2015-01-01T00:00:00Z" }, "geometry": { "type": "LineString", "coordinates": [ [ 34.1894435, 0.1941308 ], [ 34.0939157, 0.1277728 ] ] } },
{ "type": "Feature", "properties": { "@osmId": "way/303613305", "@snapshotTimestamp": "2015-01-01T00:00:00Z" }, "geometry": { "type": "LineString", "coordinates": [ [ 34.0632502, 0.1593785 ], [ 34.0794427, 0.1698284 ] ] } },
{ "type": "Feature", "properties": { "@osmId": "way/33402883", "@snapshotTimestamp": "2015-01-01T00:00:00Z" }, "geometry": { "type": "LineString", "coordinates": [ [ 34.296418, 0.1812114 ], [ 34.3257925, 0.1556165 ] ] } },
{ "type": "Feature", "properties": { "@osmId": "way/174142409", "@snapshotTimestamp": "2015-01-01T00:00:00Z" }, "geometry": { "type": "LineString", "coordinates": [ [ 34.2265268, 0.1740015 ], [ 34.2541019, 0.1726344 ] ] } },
{ "type": "Feature", "properties": { "@osmId": "way/174142408", "@snapshotTimestamp": "2015-01-01T00:00:00Z" }, "geometry": { "type": "LineString", "coordinates": [ [ 34.226011, 0.1739661 ], [ 34.2265268, 0.1740015 ] ] } },
{ "type": "Feature", "properties": { "@osmId": "way/33402006", "@snapshotTimestamp": "2015-01-01T00:00:00Z" }, "geometry": { "type": "LineString", "coordinates": [ [ 34.212941, 0.1772684 ], [ 34.226011, 0.1739661 ] ] } },
{ "type": "Feature", "properties": { "@osmId": "way/30483196", "@snapshotTimestamp": "2015-01-01T00:00:00Z" }, "geometry": { "type": "LineString", "coordinates": [ [ 34.2541019, 0.1726344 ], [ 34.2964511, 0.1811587 ] ] } },
{ "type": "Feature", "properties": { "@osmId": "way/174158768", "@snapshotTimestamp": "2015-01-01T00:00:00Z" }, "geometry": { "type": "LineString", "coordinates": [ [ 34.2616751, 0.1749043 ], [ 34.2645767, 0.1841171 ] ] } },
{ "type": "Feature", "properties": { "@osmId": "way/33402091", "@snapshotTimestamp": "2015-01-01T00:00:00Z" }, "geometry": { "type": "LineString", "coordinates": [ [ 34.2944665, 0.1832042 ], [ 34.296418, 0.1812114 ] ] } },
{ "type": "Feature", "properties": { "@osmId": "way/33401670", "@snapshotTimestamp": "2015-01-01T00:00:00Z" }, "geometry": { "type": "LineString", "coordinates": [ [ 34.1894435, 0.1941308 ], [ 34.212941, 0.1772684 ] ] } },
{ "type": "Feature", "properties": { "@osmId": "way/30481916", "@snapshotTimestamp": "2015-01-01T00:00:00Z" }, "geometry": { "type": "LineString", "coordinates": [ [ 34.2944665, 0.1832042 ], [ 34.2754114, 0.1967076 ] ] } },
{ "type": "Feature", "properties": { "@osmId": "way/225779683", "@snapshotTimestamp": "2015-01-01T00:00:00Z" }, "geometry": { "type": "LineString", "coordinates": [ [ 34.7435261, 0.1593853 ], [ 34.743729, 0.1591273 ] ] } },
{ "type": "Feature", "properties": { "@osmId": "way/33403133", "@snapshotTimestamp": "2015-01-01T00:00:00Z" }, "geometry": { "type": "LineString", "coordinates": [ [ 34.5304713, 0.2108281 ], [ 34.5697038, 0.1275551 ] ] } },
{ "type": "Feature", "properties": { "@osmId": "way/34359366", "@snapshotTimestamp": "2015-01-01T00:00:00Z" }, "geometry": { "type": "LineString", "coordinates": [ [ 34.7623386, 0.1923466 ], [ 34.7435261, 0.1593853 ] ] } },
{ "type": "Feature", "properties": { "@osmId": "way/204415960", "@snapshotTimestamp": "2015-01-01T00:00:00Z" }, "geometry": { "type": "LineString", "coordinates": [ [ 34.5302443, 0.2110108 ], [ 34.5304713, 0.2108281 ] ] } },
{ "type": "Feature", "properties": { "@osmId": "way/34358782", "@snapshotTimestamp": "2015-01-01T00:00:00Z" }, "geometry": { "type": "LineString", "coordinates": [ [ 34.5238721, 0.2300397 ], [ 34.5302443, 0.2110108 ] ] } },
{ "type": "Feature", "properties": { "@osmId": "way/33401714", "@snapshotTimestamp": "2015-01-01T00:00:00Z" }, "geometry": { "type": "LineString", "coordinates": [ [ 34.7525404, 0.2669259 ], [ 34.753071, 0.2354867 ] ] } },
{ "type": "Feature", "properties": { "@osmId": "way/101562148", "@snapshotTimestamp": "2015-01-01T00:00:00Z" }, "geometry": { "type": "LineString", "coordinates": [ [ 34.7540532, 0.2821669 ], [ 34.7525404, 0.2669259 ] ] } },
{ "type": "Feature", "properties": { "@osmId": "way/30483206", "@snapshotTimestamp": "2015-01-01T00:00:00Z" }, "geometry": { "type": "LineString", "coordinates": [ [ 34.5238721, 0.2300397 ], [ 34.5042239, 0.3250532 ] ] } },
{ "type": "Feature", "properties": { "@osmId": "way/34358658", "@snapshotTimestamp": "2015-01-01T00:00:00Z" }, "geometry": { "type": "LineString", "coordinates": [ [ 34.7519014, 0.2827956 ], [ 34.7540532, 0.2821669 ] ] } },
{ "type": "Feature", "properties": { "@osmId": "way/101562146", "@snapshotTimestamp": "2015-01-01T00:00:00Z" }, "geometry": { "type": "LineString", "coordinates": [ [ 34.7553854, 0.2858413 ], [ 34.7519014, 0.2827956 ] ] } },
{ "type": "Feature", "properties": { "@osmId": "way/174141091", "@snapshotTimestamp": "2015-01-01T00:00:00Z" }, "geometry": { "type": "LineString", "coordinates": [ [ 34.2754114, 0.1967076 ], [ 34.2751184, 0.1971893 ] ] } },
{ "type": "Feature", "properties": { "@osmId": "way/257621927", "@snapshotTimestamp": "2015-01-01T00:00:00Z" }, "geometry": { "type": "LineString", "coordinates": [ [ 34.0881852, 0.198438 ], [ 34.0866113, 0.1987853 ] ] } },
{ "type": "Feature", "properties": { "@osmId": "way/174141089", "@snapshotTimestamp": "2015-01-01T00:00:00Z" }, "geometry": { "type": "LineString", "coordinates": [ [ 34.2751184, 0.1971893 ], [ 34.2731862, 0.2007292 ] ] } },
{ "type": "Feature", "properties": { "@osmId": "way/34358797", "@snapshotTimestamp": "2015-01-01T00:00:00Z" }, "geometry": { "type": "LineString", "coordinates": [ [ 34.0990309, 0.2776133 ], [ 34.0752478, 0.1484137 ] ] } },
{ "type": "Feature", "properties": { "@osmId": "way/303612760", "@snapshotTimestamp": "2015-01-01T00:00:00Z" }, "geometry": { "type": "LineString", "coordinates": [ [ 34.0501243, 0.2095645 ], [ 34.0237584, 0.2222809 ] ] } },
{ "type": "Feature", "properties": { "@osmId": "way/30481915", "@snapshotTimestamp": "2015-01-01T00:00:00Z" }, "geometry": { "type": "LineString", "coordinates": [ [ 34.2731862, 0.2007292 ], [ 34.2313882, 0.2485247 ] ] } },
{ "type": "Feature", "properties": { "@osmId": "way/171571461", "@snapshotTimestamp": "2015-01-01T00:00:00Z" }, "geometry": { "type": "LineString", "coordinates": [ [ 34.0936492, 0.2752333 ], [ 34.0237584, 0.2222809 ] ] } },
{ "type": "Feature", "properties": { "@osmId": "way/33403149", "@snapshotTimestamp": "2015-01-01T00:00:00Z" }, "geometry": { "type": "LineString", "coordinates": [ [ 34.226679, 0.2605769 ], [ 34.2313882, 0.2485247 ] ] } },
{ "type": "Feature", "properties": { "@osmId": "way/33403161", "@snapshotTimestamp": "2015-01-01T00:00:00Z" }, "geometry": { "type": "LineString", "coordinates": [ [ 34.0990309, 0.2776133 ], [ 34.1475644, 0.2855026 ] ] } },
{ "type": "Feature", "properties": { "@osmId": "way/33402733", "@snapshotTimestamp": "2015-01-01T00:00:00Z" }, "geometry": { "type": "LineString", "coordinates": [ [ 34.2032585, 0.3044594 ], [ 34.226679, 0.2605769 ] ] } },
{ "type": "Feature", "properties": { "@osmId": "way/204415968", "@snapshotTimestamp": "2015-01-01T00:00:00Z" }, "geometry": { "type": "LineString", "coordinates": [ [ 34.9415416, 0.1789253 ], [ 34.83181, 0.1105632 ] ] } },
{ "type": "Feature", "properties": { "@osmId": "way/204415969", "@snapshotTimestamp": "2015-01-01T00:00:00Z" }, "geometry": { "type": "LineString", "coordinates": [ [ 34.9416913, 0.1793696 ], [ 34.9415416, 0.1789253 ] ] } },
{ "type": "Feature", "properties": { "@osmId": "way/33402961", "@snapshotTimestamp": "2015-01-01T00:00:00Z" }, "geometry": { "type": "LineString", "coordinates": [ [ 34.948934, 0.1893615 ], [ 34.9416913, 0.1793696 ] ] } },
{ "type": "Feature", "properties": { "@osmId": "way/33402878", "@snapshotTimestamp": "2015-01-01T00:00:00Z" }, "geometry": { "type": "LineString", "coordinates": [ [ 34.948934, 0.1893615 ], [ 35.1195342, 0.2023016 ] ] } },
{ "type": "Feature", "properties": { "@osmId": "way/34357485", "@snapshotTimestamp": "2015-01-01T00:00:00Z" }, "geometry": { "type": "LineString", "coordinates": [ [ 34.7725831, 0.2065492 ], [ 34.7623386, 0.1923466 ] ] } },
{ "type": "Feature", "properties": { "@osmId": "way/34359284", "@snapshotTimestamp": "2015-01-01T00:00:00Z" }, "geometry": { "type": "LineString", "coordinates": [ [ 34.753071, 0.2354867 ], [ 34.7725831, 0.2065492 ] ] } },
{ "type": "Feature", "properties": { "@osmId": "way/101562152", "@snapshotTimestamp": "2015-01-01T00:00:00Z" }, "geometry": { "type": "LineString", "coordinates": [ [ 34.7540532, 0.2821669 ], [ 34.7553854, 0.2858413 ] ] } },
{ "type": "Feature", "properties": { "@osmId": "way/33409559", "@snapshotTimestamp": "2015-01-01T00:00:00Z" }, "geometry": { "type": "LineString", "coordinates": [ [ 34.7673348, 0.2980123 ], [ 34.7553854, 0.2858413 ] ] } },
{ "type": "Feature", "properties": { "@osmId": "way/33402304", "@snapshotTimestamp": "2015-01-01T00:00:00Z" }, "geometry": { "type": "LineString", "coordinates": [ [ 34.7858549, 0.3219327 ], [ 34.7673348, 0.2980123 ] ] } },
{ "type": "Feature", "properties": { "@osmId": "way/34358974", "@snapshotTimestamp": "2015-01-01T00:00:00Z" }, "geometry": { "type": "LineString", "coordinates": [ [ 34.8416666, 0.3532226 ], [ 34.7858549, 0.3219327 ] ] } },
{ "type": "Feature", "properties": { "@osmId": "way/33402290", "@snapshotTimestamp": "2015-01-01T00:00:00Z" }, "geometry": { "type": "LineString", "coordinates": [ [ 34.5042239, 0.3250532 ], [ 34.6916233, 0.2760847 ], [ 34.7519014, 0.2827956 ] ] } },
{ "type": "Feature", "properties": { "@osmId": "way/209405063", "@snapshotTimestamp": "2015-01-01T00:00:00Z" }, "geometry": { "type": "LineString", "coordinates": [ [ 34.7236664, 0.3380707 ], [ 34.7673348, 0.2980123 ] ] } },
{ "type": "Feature", "properties": { "@osmId": "way/251231208", "@snapshotTimestamp": "2015-01-01T00:00:00Z" }, "geometry": { "type": "LineString", "coordinates": [ [ 34.498925, 0.3298294 ], [ 34.5042239, 0.3250532 ] ] } },
{ "type": "Feature", "properties": { "@osmId": "way/34359101", "@snapshotTimestamp": "2015-01-01T00:00:00Z" }, "geometry": { "type": "LineString", "coordinates": [ [ 34.4890678, 0.3338626 ], [ 34.498925, 0.3298294 ] ] } },
{ "type": "Feature", "properties": { "@osmId": "way/209405061", "@snapshotTimestamp": "2015-01-01T00:00:00Z" }, "geometry": { "type": "LineString", "coordinates": [ [ 34.7235391, 0.3382065 ], [ 34.7236664, 0.3380707 ] ] } },
{ "type": "Feature", "properties": { "@osmId": "way/33409740", "@snapshotTimestamp": "2015-01-01T00:00:00Z" }, "geometry": { "type": "LineString", "coordinates": [ [ 34.7224479, 0.3418885 ], [ 34.7235391, 0.3382065 ] ] } },
{ "type": "Feature", "properties": { "@osmId": "way/34358913", "@snapshotTimestamp": "2015-01-01T00:00:00Z" }, "geometry": { "type": "LineString", "coordinates": [ [ 34.7174743, 0.3532938 ], [ 34.7224479, 0.3418885 ] ] } },
{ "type": "Feature", "properties": { "@osmId": "way/33409166", "@snapshotTimestamp": "2015-01-01T00:00:00Z" }, "geometry": { "type": "LineString", "coordinates": [ [ 34.7002885, 0.3526633 ], [ 34.7174743, 0.3532938 ] ] } },
{ "type": "Feature", "properties": { "@osmId": "way/204415975", "@snapshotTimestamp": "2015-01-01T00:00:00Z" }, "geometry": { "type": "LineString", "coordinates": [ [ 34.677081, 0.3780057 ], [ 34.7002885, 0.3526633 ] ] } },
{ "type": "Feature", "properties": { "@osmId": "way/204415973", "@snapshotTimestamp": "2015-01-01T00:00:00Z" }, "geometry": { "type": "LineString", "coordinates": [ [ 34.676906, 0.378054 ], [ 34.677081, 0.3780057 ] ] } },
{ "type": "Feature", "properties": { "@osmId": "way/205238499", "@snapshotTimestamp": "2015-01-01T00:00:00Z" }, "geometry": { "type": "LineString", "coordinates": [ [ 36.1051246, 0.4552346 ], [ 36.2157417, 0.4265842 ], [ 36.1812054, 0.3300622 ] ] } },
{ "type": "Feature", "properties": { "@osmId": "way/84531448", "@snapshotTimestamp": "2015-01-01T00:00:00Z" }, "geometry": { "type": "LineString", "coordinates": [ [ 36.3185058, 0.4121646 ], [ 36.3201083, 0.4159828 ] ] } },
{ "type": "Feature", "properties": { "@osmId": "way/189854058", "@snapshotTimestamp": "2015-01-01T00:00:00Z" }, "geometry": { "type": "LineString", "coordinates": [ [ 36.0019294, 0.437719 ], [ 36.0022725, 0.4374225 ] ] } },
{ "type": "Feature", "properties": { "@osmId": "way/174124427", "@snapshotTimestamp": "2015-01-01T00:00:00Z" }, "geometry": { "type": "LineString", "coordinates": [ [ 36.0019294, 0.437719 ], [ 35.9668553, 0.4476375 ] ] } },
{ "type": "Feature", "properties": { "@osmId": "way/313815148", "@snapshotTimestamp": "2015-01-01T00:00:00Z" }, "geometry": { "type": "LineString", "coordinates": [ [ 36.0519696, 0.4550918 ], [ 36.0004238, 0.4385375 ] ] } },
{ "type": "Feature", "properties": { "@osmId": "way/204242162", "@snapshotTimestamp": "2015-01-01T00:00:00Z" }, "geometry": { "type": "LineString", "coordinates": [ [ 36.0765796, 0.4516238 ], [ 36.0768924, 0.4515897 ] ] } },
{ "type": "Feature", "properties": { "@osmId": "way/313815146", "@snapshotTimestamp": "2015-01-01T00:00:00Z" }, "geometry": { "type": "LineString", "coordinates": [ [ 36.0519696, 0.4550918 ], [ 36.0765796, 0.4516238 ] ] } },
{ "type": "Feature", "properties": { "@osmId": "way/313812507", "@snapshotTimestamp": "2015-01-01T00:00:00Z" }, "geometry": { "type": "LineString", "coordinates": [ [ 36.0768924, 0.4515897 ], [ 36.1051246, 0.4552346 ] ] } },
{ "type": "Feature", "properties": { "@osmId": "way/126822683", "@snapshotTimestamp": "2015-01-01T00:00:00Z" }, "geometry": { "type": "LineString", "coordinates": [ [ 35.9696482, 0.4594904 ], [ 35.9697473, 0.4588642 ] ] } },
{ "type": "Feature", "properties": { "@osmId": "way/30160442", "@snapshotTimestamp": "2015-01-01T00:00:00Z" }, "geometry": { "type": "LineString", "coordinates": [ [ 35.9696482, 0.4594904 ], [ 35.9723693, 0.4630372 ] ] } },
{ "type": "Feature", "properties": { "@osmId": "way/216669425", "@snapshotTimestamp": "2015-01-01T00:00:00Z" }, "geometry": { "type": "LineString", "coordinates": [ [ 35.5748978, 0.3259171 ], [ 35.5901639, 0.2958885 ], [ 35.6329513, 0.3133668 ] ] } },
{ "type": "Feature", "properties": { "@osmId": "way/33403123", "@snapshotTimestamp": "2015-01-01T00:00:00Z" }, "geometry": { "type": "LineString", "coordinates": [ [ 35.5533691, 0.3557784 ], [ 35.57557, 0.3270769 ] ] } },
{ "type": "Feature", "properties": { "@osmId": "way/33402107", "@snapshotTimestamp": "2015-01-01T00:00:00Z" }, "geometry": { "type": "LineString", "coordinates": [ [ 35.5795394, 0.3827657 ], [ 35.57557, 0.3270769 ] ] } },
{ "type": "Feature", "properties": { "@osmId": "way/96755443", "@snapshotTimestamp": "2015-01-01T00:00:00Z" }, "geometry": { "type": "LineString", "coordinates": [ [ 35.4843043, 0.3883294 ], [ 35.5533691, 0.3557784 ] ] } },
{ "type": "Feature", "properties": { "@osmId": "way/101346722", "@snapshotTimestamp": "2015-01-01T00:00:00Z" }, "geometry": { "type": "LineString", "coordinates": [ [ 35.4523943, 0.4383271 ], [ 35.4843043, 0.3883294 ] ] } },
{ "type": "Feature", "properties": { "@osmId": "way/33401843", "@snapshotTimestamp": "2015-01-01T00:00:00Z" }, "geometry": { "type": "LineString", "coordinates": [ [ 35.5408516, 0.4640839 ], [ 35.568531, 0.4484377 ], [ 35.5795394, 0.3827657 ] ] } },
{ "type": "Feature", "properties": { "@osmId": "way/316385510", "@snapshotTimestamp": "2015-01-01T00:00:00Z" }, "geometry": { "type": "LineString", "coordinates": [ [ 35.6486902, 0.4531556 ], [ 35.6488433, 0.4531809 ] ] } },
{ "type": "Feature", "properties": { "@osmId": "way/316385511", "@snapshotTimestamp": "2015-01-01T00:00:00Z" }, "geometry": { "type": "LineString", "coordinates": [ [ 35.6488433, 0.4531809 ], [ 35.655664, 0.4562369 ] ] } },
{ "type": "Feature", "properties": { "@osmId": "way/225083482", "@snapshotTimestamp": "2015-01-01T00:00:00Z" }, "geometry": { "type": "LineString", "coordinates": [ [ 35.655664, 0.4562369 ], [ 35.7263236, 0.4967835 ] ] } },
{ "type": "Feature", "properties": { "@osmId": "way/30160448", "@snapshotTimestamp": "2015-01-01T00:00:00Z" }, "geometry": { "type": "LineString", "coordinates": [ [ 35.7263236, 0.4967835 ], [ 35.8013957, 0.4775405 ], [ 35.8224724, 0.5017979 ], [ 35.8421824, 0.4845747 ] ] } },
{ "type": "Feature", "properties": { "@osmId": "way/204459147", "@snapshotTimestamp": "2015-01-01T00:00:00Z" }, "geometry": { "type": "LineString", "coordinates": [ [ 35.1990183, 0.3936723 ], [ 35.1997131, 0.3936685 ] ] } },
{ "type": "Feature", "properties": { "@osmId": "way/33401954", "@snapshotTimestamp": "2015-01-01T00:00:00Z" }, "geometry": { "type": "LineString", "coordinates": [ [ 35.3007721, 0.4861944 ], [ 35.2974814, 0.454866 ], [ 35.3565206, 0.3557343 ] ] } },
{ "type": "Feature", "properties": { "@osmId": "way/204459149", "@snapshotTimestamp": "2015-01-01T00:00:00Z" }, "geometry": { "type": "LineString", "coordinates": [ [ 35.2764701, 0.5177403 ], [ 35.1997131, 0.3936685 ] ] } },
{ "type": "Feature", "properties": { "@osmId": "way/169494296", "@snapshotTimestamp": "2015-01-01T00:00:00Z" }, "geometry": { "type": "LineString", "coordinates": [ [ 35.3006306, 0.5043617 ], [ 35.4523943, 0.4383271 ] ] } },
{ "type": "Feature", "properties": { "@osmId": "way/33402739", "@snapshotTimestamp": "2015-01-01T00:00:00Z" }, "geometry": { "type": "LineString", "coordinates": [ [ 35.3006306, 0.5043617 ], [ 35.3007721, 0.4861944 ] ] } },
{ "type": "Feature", "properties": { "@osmId": "way/33409945", "@snapshotTimestamp": "2015-01-01T00:00:00Z" }, "geometry": { "type": "LineString", "coordinates": [ [ 35.2993029, 0.5062491 ], [ 35.3006306, 0.5043617 ] ] } },
{ "type": "Feature", "properties": { "@osmId": "way/16034033", "@snapshotTimestamp": "2015-01-01T00:00:00Z" }, "geometry": { "type": "LineString", "coordinates": [ [ 35.2764701, 0.5177403 ], [ 35.2993029, 0.5062491 ] ] } },
{ "type": "Feature", "properties": { "@osmId": "way/261114758", "@snapshotTimestamp": "2015-01-01T00:00:00Z" }, "geometry": { "type": "LineString", "coordinates": [ [ 35.2756139, 0.5146887 ], [ 35.2764701, 0.5177403 ] ] } },
{ "type": "Feature", "properties": { "@osmId": "way/16082571", "@snapshotTimestamp": "2015-01-01T00:00:00Z" }, "geometry": { "type": "LineString", "coordinates": [ [ 35.2764701, 0.5177403 ], [ 35.2721344, 0.5189253 ] ] } },
{ "type": "Feature", "properties": { "@osmId": "way/296144916", "@snapshotTimestamp": "2015-01-01T00:00:00Z" }, "geometry": { "type": "LineString", "coordinates": [ [ 35.2686474, 0.519926 ], [ 35.2764701, 0.5177403 ] ] } },
{ "type": "Feature", "properties": { "@osmId": "way/209405065", "@snapshotTimestamp": "2015-01-01T00:00:00Z" }, "geometry": { "type": "LineString", "coordinates": [ [ 36.3201083, 0.4159828 ], [ 36.3316236, 0.5081672 ] ] } },
{ "type": "Feature", "properties": { "@osmId": "way/190157845", "@snapshotTimestamp": "2015-01-01T00:00:00Z" }, "geometry": { "type": "LineString", "coordinates": [ [ 35.976273, 0.4628261 ], [ 35.9723693, 0.4630372 ] ] } },
{ "type": "Feature", "properties": { "@osmId": "way/190157843", "@snapshotTimestamp": "2015-01-01T00:00:00Z" }, "geometry": { "type": "LineString", "coordinates": [ [ 35.976507, 0.4629855 ], [ 35.976273, 0.4628261 ] ] } },
{ "type": "Feature", "properties": { "@osmId": "way/204095338", "@snapshotTimestamp": "2015-01-01T00:00:00Z" }, "geometry": { "type": "LineString", "coordinates": [ [ 35.8597691, 0.4660852 ], [ 35.9723693, 0.4630372 ] ] } },
{ "type": "Feature", "properties": { "@osmId": "way/204095340", "@snapshotTimestamp": "2015-01-01T00:00:00Z" }, "geometry": { "type": "LineString", "coordinates": [ [ 35.8596073, 0.4663216 ], [ 35.8597691, 0.4660852 ] ] } },
{ "type": "Feature", "properties": { "@osmId": "way/189917563", "@snapshotTimestamp": "2015-01-01T00:00:00Z" }, "geometry": { "type": "LineString", "coordinates": [ [ 36.0063702, 0.4684673 ], [ 36.0076607, 0.4675136 ] ] } },
{ "type": "Feature", "properties": { "@osmId": "way/189801715", "@snapshotTimestamp": "2015-01-01T00:00:00Z" }, "geometry": { "type": "LineString", "coordinates": [ [ 36.0076607, 0.4675136 ], [ 36.0115968, 0.4687735 ] ] } },
{ "type": "Feature", "properties": { "@osmId": "way/206623076", "@snapshotTimestamp": "2015-01-01T00:00:00Z" }, "geometry": { "type": "LineString", "coordinates": [ [ 36.006331, 0.4683764 ], [ 36.0062616, 0.4682932 ] ] } },
{ "type": "Feature", "properties": { "@osmId": "way/189827538", "@snapshotTimestamp": "2015-01-01T00:00:00Z" }, "geometry": { "type": "LineString", "coordinates": [ [ 36.0063702, 0.4684673 ], [ 36.006331, 0.4683764 ] ] } },
{ "type": "Feature", "properties": { "@osmId": "way/189631805", "@snapshotTimestamp": "2015-01-01T00:00:00Z" }, "geometry": { "type": "LineString", "coordinates": [ [ 35.9833498, 0.4817824 ], [ 35.976507, 0.4629855 ] ] } },
{ "type": "Feature", "properties": { "@osmId": "way/204095341", "@snapshotTimestamp": "2015-01-01T00:00:00Z" }, "geometry": { "type": "LineString", "coordinates": [ [ 35.8421279, 0.4842589 ], [ 35.8596073, 0.4663216 ] ] } },
{ "type": "Feature", "properties": { "@osmId": "way/193059864", "@snapshotTimestamp": "2015-01-01T00:00:00Z" }, "geometry": { "type": "LineString", "coordinates": [ [ 35.9833806, 0.4824057 ], [ 35.9833498, 0.4817824 ] ] } },
{ "type": "Feature", "properties": { "@osmId": "way/193060004", "@snapshotTimestamp": "2015-01-01T00:00:00Z" }, "geometry": { "type": "LineString", "coordinates": [ [ 35.9834768, 0.4832885 ], [ 35.9833806, 0.4824057 ] ] } },
{ "type": "Feature", "properties": { "@osmId": "way/204095339", "@snapshotTimestamp": "2015-01-01T00:00:00Z" }, "geometry": { "type": "LineString", "coordinates": [ [ 35.8421824, 0.4845747 ], [ 35.8421279, 0.4842589 ] ] } },
{ "type": "Feature", "properties": { "@osmId": "way/193043267", "@snapshotTimestamp": "2015-01-01T00:00:00Z" }, "geometry": { "type": "LineString", "coordinates": [ [ 35.983529, 0.4864854 ], [ 35.9834768, 0.4832885 ] ] } },
{ "type": "Feature", "properties": { "@osmId": "way/193043266", "@snapshotTimestamp": "2015-01-01T00:00:00Z" }, "geometry": { "type": "LineString", "coordinates": [ [ 35.9834927, 0.4865904 ], [ 35.983529, 0.4864854 ] ] } },
{ "type": "Feature", "properties": { "@osmId": "way/201761418", "@snapshotTimestamp": "2015-01-01T00:00:00Z" }, "geometry": { "type": "LineString", "coordinates": [ [ 35.9863481, 0.5117469 ], [ 35.9834927, 0.4865904 ] ] } },
{ "type": "Feature", "properties": { "@osmId": "way/201761417", "@snapshotTimestamp": "2015-01-01T00:00:00Z" }, "geometry": { "type": "LineString", "coordinates": [ [ 35.9864828, 0.5121319 ], [ 35.9863481, 0.5117469 ] ] } },
{ "type": "Feature", "properties": { "@osmId": "way/126822681", "@snapshotTimestamp": "2015-01-01T00:00:00Z" }, "geometry": { "type": "LineString", "coordinates": [ [ 35.98811, 0.5271423 ], [ 35.9864828, 0.5121319 ] ] } },
{ "type": "Feature", "properties": { "@osmId": "way/126822678", "@snapshotTimestamp": "2015-01-01T00:00:00Z" }, "geometry": { "type": "LineString", "coordinates": [ [ 35.9880338, 0.5280419 ], [ 35.98811, 0.5271423 ] ] } },
{ "type": "Feature", "properties": { "@osmId": "way/225083483", "@snapshotTimestamp": "2015-01-01T00:00:00Z" }, "geometry": { "type": "LineString", "coordinates": [ [ 35.5525033, 0.5408021 ], [ 35.5992487, 0.4737903 ], [ 35.6486902, 0.4531556 ] ] } },
{ "type": "Feature", "properties": { "@osmId": "way/101344529", "@snapshotTimestamp": "2015-01-01T00:00:00Z" }, "geometry": { "type": "LineString", "coordinates": [ [ 35.5578848, 0.5362591 ], [ 35.5448036, 0.5596063 ] ] } },
{ "type": "Feature", "properties": { "@osmId": "way/33402170", "@snapshotTimestamp": "2015-01-01T00:00:00Z" }, "geometry": { "type": "LineString", "coordinates": [ [ 35.4985967, 0.6582127 ], [ 35.4757957, 0.5418093 ], [ 35.5408516, 0.4640839 ] ] } },
{ "type": "Feature", "properties": { "@osmId": "way/30160441", "@snapshotTimestamp": "2015-01-01T00:00:00Z" }, "geometry": { "type": "LineString", "coordinates": [ [ 35.5177894, 0.6675012 ], [ 35.5201713, 0.5741404 ], [ 35.5525033, 0.5408021 ] ] } },
{ "type": "Feature", "properties": { "@osmId": "way/34358335", "@snapshotTimestamp": "2015-01-01T00:00:00Z" }, "geometry": { "type": "LineString", "coordinates": [ [ 35.5661725, 0.6843749 ], [ 35.5448036, 0.5596063 ] ] } },
{ "type": "Feature", "properties": { "@osmId": "way/38239621", "@snapshotTimestamp": "2015-01-01T00:00:00Z" }, "geometry": { "type": "LineString", "coordinates": [ [ 35.7456601, 0.4943211 ], [ 35.7718566, 0.5988734 ], [ 35.8218916, 0.6576491 ], [ 35.8254415, 0.753103 ] ] } },
{ "type": "Feature", "properties": { "@osmId": "way/292742967", "@snapshotTimestamp": "2015-01-01T00:00:00Z" }, "geometry": { "type": "LineString", "coordinates": [ [ 35.4049636, 0.6089097 ], [ 35.5061029, 0.6685392 ] ] } },
{ "type": "Feature", "properties": { "@osmId": "way/34130362", "@snapshotTimestamp": "2015-01-01T00:00:00Z" }, "geometry": { "type": "LineString", "coordinates": [ [ 35.5061029, 0.6685392 ], [ 35.5177894, 0.6675012 ] ] } },
{ "type": "Feature", "properties": { "@osmId": "way/223378011", "@snapshotTimestamp": "2015-01-01T00:00:00Z" }, "geometry": { "type": "LineString", "coordinates": [ [ 35.7971515, 0.6378849 ], [ 35.7492008, 0.6949207 ], [ 35.7018547, 0.7037272 ] ] } },
{ "type": "Feature", "properties": { "@osmId": "way/225083502", "@snapshotTimestamp": "2015-01-01T00:00:00Z" }, "geometry": { "type": "LineString", "coordinates": [ [ 35.6990155, 0.6977811 ], [ 35.6989553, 0.6981726 ] ] } },
{ "type": "Feature", "properties": { "@osmId": "way/22047922", "@snapshotTimestamp": "2015-01-01T00:00:00Z" }, "geometry": { "type": "LineString", "coordinates": [ [ 35.2721344, 0.5189253 ], [ 35.2629367, 0.5215849 ] ] } },
{ "type": "Feature", "properties": { "@osmId": "way/34130312", "@snapshotTimestamp": "2015-01-01T00:00:00Z" }, "geometry": { "type": "LineString", "coordinates": [ [ 35.2764701, 0.5177403 ], [ 35.3765265, 0.6082165 ], [ 35.4049636, 0.6089097 ] ] } },
{ "type": "Feature", "properties": { "@osmId": "way/26801066", "@snapshotTimestamp": "2015-01-01T00:00:00Z" }, "geometry": { "type": "LineString", "coordinates": [ [ 35.2629367, 0.5215849 ], [ 35.1955064, 0.6066385 ], [ 35.0412561, 0.6371637 ], [ 34.9648804, 0.6070637 ] ] } },
{ "type": "Feature", "properties": { "@osmId": "way/232008018", "@snapshotTimestamp": "2015-01-01T00:00:00Z" }, "geometry": { "type": "LineString", "coordinates": [ [ 35.0505496, 0.6297582 ], [ 35.0504726, 0.6295938 ] ] } },
{ "type": "Feature", "properties": { "@osmId": "way/34358997", "@snapshotTimestamp": "2015-01-01T00:00:00Z" }, "geometry": { "type": "LineString", "coordinates": [ [ 35.0485677, 0.6339059 ], [ 35.0505496, 0.6297582 ] ] } },
{ "type": "Feature", "properties": { "@osmId": "way/16180672", "@snapshotTimestamp": "2015-01-01T00:00:00Z" }, "geometry": { "type": "LineString", "coordinates": [ [ 35.3790097, 0.609333 ], [ 35.3851171, 0.7974028 ] ] } },
{ "type": "Feature", "properties": { "@osmId": "way/33402972", "@snapshotTimestamp": "2015-01-01T00:00:00Z" }, "geometry": { "type": "LineString", "coordinates": [ [ 35.120049, 0.8365015 ], [ 35.1556805, 0.672309 ], [ 35.1962419, 0.6064137 ] ] } },
{ "type": "Feature", "properties": { "@osmId": "way/199396012", "@snapshotTimestamp": "2015-01-01T00:00:00Z" }, "geometry": { "type": "LineString", "coordinates": [ [ 35.3851171, 0.7974028 ], [ 35.254725, 0.8482223 ] ] } },
{ "type": "Feature", "properties": { "@osmId": "way/199396016", "@snapshotTimestamp": "2015-01-01T00:00:00Z" }, "geometry": { "type": "LineString", "coordinates": [ [ 35.2537227, 0.8527706 ], [ 35.254725, 0.8482223 ] ] } },
{ "type": "Feature", "properties": { "@osmId": "way/199396014", "@snapshotTimestamp": "2015-01-01T00:00:00Z" }, "geometry": { "type": "LineString", "coordinates": [ [ 35.121282, 0.8728491 ], [ 35.120049, 0.8365015 ] ] } },
{ "type": "Feature", "properties": { "@osmId": "way/33402057", "@snapshotTimestamp": "2015-01-01T00:00:00Z" }, "geometry": { "type": "LineString", "coordinates": [ [ 35.9874897, 0.53059 ], [ 35.9880338, 0.5280419 ] ] } },
{ "type": "Feature", "properties": { "@osmId": "way/48072962", "@snapshotTimestamp": "2015-01-01T00:00:00Z" }, "geometry": { "type": "LineString", "coordinates": [ [ 35.9872872, 0.5313286 ], [ 35.9874897, 0.53059 ] ] } },
{ "type": "Feature", "properties": { "@osmId": "way/193107783", "@snapshotTimestamp": "2015-01-01T00:00:00Z" }, "geometry": { "type": "LineString", "coordinates": [ [ 35.9879904, 0.5427752 ], [ 35.9872872, 0.5313286 ] ] } },
{ "type": "Feature", "properties": { "@osmId": "way/193107781", "@snapshotTimestamp": "2015-01-01T00:00:00Z" }, "geometry": { "type": "LineString", "coordinates": [ [ 35.9880188, 0.5430238 ], [ 35.9879904, 0.5427752 ] ] } },
{ "type": "Feature", "properties": { "@osmId": "way/28944727", "@snapshotTimestamp": "2015-01-01T00:00:00Z" }, "geometry": { "type": "LineString", "coordinates": [ [ 35.9929976, 0.5712524 ], [ 35.9880188, 0.5430238 ] ] } },
{ "type": "Feature", "properties": { "@osmId": "way/222729556", "@snapshotTimestamp": "2015-01-01T00:00:00Z" }, "geometry": { "type": "LineString", "coordinates": [ [ 35.8131092, 0.750273 ], [ 35.8254415, 0.753103 ] ] } },
{ "type": "Feature", "properties": { "@osmId": "way/28944700", "@snapshotTimestamp": "2015-01-01T00:00:00Z" }, "geometry": { "type": "LineString", "coordinates": [ [ 35.9929976, 0.5712524 ], [ 36.0351538, 0.7255893 ], [ 36.0163827, 0.7786531 ], [ 36.0298473, 0.9358781 ] ] } },
{ "type": "Feature", "properties": { "@osmId": "way/34358543", "@snapshotTimestamp": "2015-01-01T00:00:00Z" }, "geometry": { "type": "LineString", "coordinates": [ [ 36.0315006, 0.7133519 ], [ 36.058634, 0.7476429 ], [ 36.0839627, 0.7393658 ], [ 36.0959142, 0.6935907 ], [ 36.1298608, 0.7008121 ], [ 36.2369062, 0.8159605 ], [ 36.2768054, 0.8019958 ] ] } },
{ "type": "Feature", "properties": { "@osmId": "way/314446846", "@snapshotTimestamp": "2015-01-01T00:00:00Z" }, "geometry": { "type": "LineString", "coordinates": [ [ 36.2769724, 0.8018652 ], [ 36.4354552, 0.7670334 ] ] } },
{ "type": "Feature", "properties": { "@osmId": "way/314446842", "@snapshotTimestamp": "2015-01-01T00:00:00Z" }, "geometry": { "type": "LineString", "coordinates": [ [ 36.2768054, 0.8019958 ], [ 36.2769724, 0.8018652 ] ] } },
{ "type": "Feature", "properties": { "@osmId": "way/225083491", "@snapshotTimestamp": "2015-01-01T00:00:00Z" }, "geometry": { "type": "LineString", "coordinates": [ [ 35.6989553, 0.6981726 ], [ 35.7018547, 0.7037272 ] ] } },
{ "type": "Feature", "properties": { "@osmId": "way/223378017", "@snapshotTimestamp": "2015-01-01T00:00:00Z" }, "geometry": { "type": "LineString", "coordinates": [ [ 35.7018547, 0.7037272 ], [ 35.7059264, 0.7625996 ] ] } },
{ "type": "Feature", "properties": { "@osmId": "way/217347067", "@snapshotTimestamp": "2015-01-01T00:00:00Z" }, "geometry": { "type": "LineString", "coordinates": [ [ 35.5978869, 0.8060451 ], [ 35.5661725, 0.6843749 ] ] } },
{ "type": "Feature", "properties": { "@osmId": "way/223377999", "@snapshotTimestamp": "2015-01-01T00:00:00Z" }, "geometry": { "type": "LineString", "coordinates": [ [ 35.7059264, 0.7625996 ], [ 35.7060992, 0.7635002 ] ] } },
{ "type": "Feature", "properties": { "@osmId": "way/223378008", "@snapshotTimestamp": "2015-01-01T00:00:00Z" }, "geometry": { "type": "LineString", "coordinates": [ [ 35.7060992, 0.7635002 ], [ 35.707086, 0.779718 ] ] } },
{ "type": "Feature", "properties": { "@osmId": "way/223378001", "@snapshotTimestamp": "2015-01-01T00:00:00Z" }, "geometry": { "type": "LineString", "coordinates": [ [ 35.707086, 0.779718 ], [ 35.7072404, 0.7804384 ] ] } },
{ "type": "Feature", "properties": { "@osmId": "way/223378018", "@snapshotTimestamp": "2015-01-01T00:00:00Z" }, "geometry": { "type": "LineString", "coordinates": [ [ 35.7072404, 0.7804384 ], [ 35.6893002, 0.8440163 ] ] } },
{ "type": "Feature", "properties": { "@osmId": "way/223377998", "@snapshotTimestamp": "2015-01-01T00:00:00Z" }, "geometry": { "type": "LineString", "coordinates": [ [ 35.6893002, 0.8440163 ], [ 35.6893796, 0.8445456 ] ] } },
{ "type": "Feature", "properties": { "@osmId": "way/205346074", "@snapshotTimestamp": "2015-01-01T00:00:00Z" }, "geometry": { "type": "LineString", "coordinates": [ [ 35.6224758, 0.9231962 ], [ 35.5978869, 0.8060451 ] ] } },
{ "type": "Feature", "properties": { "@osmId": "way/223378014", "@snapshotTimestamp": "2015-01-01T00:00:00Z" }, "geometry": { "type": "LineString", "coordinates": [ [ 35.6893796, 0.8445456 ], [ 35.692825, 0.9201642 ] ] } },
{ "type": "Feature", "properties": { "@osmId": "way/199396015", "@snapshotTimestamp": "2015-01-01T00:00:00Z" }, "geometry": { "type": "LineString", "coordinates": [ [ 35.2537227, 0.8527706 ], [ 35.226839, 0.8715411 ], [ 35.12584, 0.8584992 ] ] } },
{ "type": "Feature", "properties": { "@osmId": "way/244082715", "@snapshotTimestamp": "2015-01-01T00:00:00Z" }, "geometry": { "type": "LineString", "coordinates": [ [ 35.1173196, 0.8834326 ], [ 35.121282, 0.8728491 ] ] } },
{ "type": "Feature", "properties": { "@osmId": "way/244082714", "@snapshotTimestamp": "2015-01-01T00:00:00Z" }, "geometry": { "type": "LineString", "coordinates": [ [ 35.1170658, 0.8838067 ], [ 35.1173196, 0.8834326 ] ] } },
{ "type": "Feature", "properties": { "@osmId": "way/101345856", "@snapshotTimestamp": "2015-01-01T00:00:00Z" }, "geometry": { "type": "LineString", "coordinates": [ [ 35.3601623, 1.0132768 ], [ 35.3759471, 0.9433942 ], [ 35.3921927, 0.9452139 ], [ 35.3578789, 0.8651491 ], [ 35.3851171, 0.7974028 ] ] } },
{ "type": "Feature", "properties": { "@osmId": "way/33402996", "@snapshotTimestamp": "2015-01-01T00:00:00Z" }, "geometry": { "type": "LineString", "coordinates": [ [ 35.064563, 0.9520225 ], [ 35.1170658, 0.8838067 ] ] } },
{ "type": "Feature", "properties": { "@osmId": "way/34357624", "@snapshotTimestamp": "2015-01-01T00:00:00Z" }, "geometry": { "type": "LineString", "coordinates": [ [ 35.060711, 0.9548158 ], [ 35.064563, 0.9520225 ] ] } },
{ "type": "Feature", "properties": { "@osmId": "way/259043753", "@snapshotTimestamp": "2015-01-01T00:00:00Z" }, "geometry": { "type": "LineString", "coordinates": [ [ 35.221035, 0.9827912 ], [ 35.2679765, 1.0147511 ] ] } },
{ "type": "Feature", "properties": { "@osmId": "way/34358599", "@snapshotTimestamp": "2015-01-01T00:00:00Z" }, "geometry": { "type": "LineString", "coordinates": [ [ 35.1932988, 1.0332234 ], [ 35.221035, 0.9827912 ] ] } },
{ "type": "Feature", "properties": { "@osmId": "way/260887900", "@snapshotTimestamp": "2015-01-01T00:00:00Z" }, "geometry": { "type": "LineString", "coordinates": [ [ 35.0697163, 1.0229914 ], [ 35.0701649, 1.0231641 ] ] } },
{ "type": "Feature", "properties": { "@osmId": "way/260887899", "@snapshotTimestamp": "2015-01-01T00:00:00Z" }, "geometry": { "type": "LineString", "coordinates": [ [ 35.0701649, 1.0231641 ], [ 35.0928139, 1.0275511 ] ] } },
{ "type": "Feature", "properties": { "@osmId": "way/34359081", "@snapshotTimestamp": "2015-01-01T00:00:00Z" }, "geometry": { "type": "LineString", "coordinates": [ [ 34.0581556, 0.306744 ], [ 34.0990309, 0.2776133 ] ] } },
{ "type": "Feature", "properties": { "@osmId": "way/33402677", "@snapshotTimestamp": "2015-01-01T00:00:00Z" }, "geometry": { "type": "LineString", "coordinates": [ [ 34.1475644, 0.2855026 ], [ 34.2032585, 0.3044594 ] ] } },
{ "type": "Feature", "properties": { "@osmId": "way/217831877", "@snapshotTimestamp": "2015-01-01T00:00:00Z" }, "geometry": { "type": "LineString", "coordinates": [ [ 34.054220762324967, 0.302673329023894 ], [ 34.0592376, 0.3051787 ] ] } },
{ "type": "Feature", "properties": { "@osmId": "way/220064938", "@snapshotTimestamp": "2015-01-01T00:00:00Z" }, "geometry": { "type": "LineString", "coordinates": [ [ 34.2035579, 0.3039877 ], [ 34.2575866, 0.3348424 ], [ 34.2885933, 0.306016 ] ] } },
{ "type": "Feature", "properties": { "@osmId": "way/33402236", "@snapshotTimestamp": "2015-01-01T00:00:00Z" }, "geometry": { "type": "LineString", "coordinates": [ [ 34.337533, 0.3410133 ], [ 34.2885933, 0.306016 ] ] } },
{ "type": "Feature", "properties": { "@osmId": "way/251231207", "@snapshotTimestamp": "2015-01-01T00:00:00Z" }, "geometry": { "type": "LineString", "coordinates": [ [ 34.4913942, 0.3420839 ], [ 34.4890678, 0.3338626 ] ] } },
{ "type": "Feature", "properties": { "@osmId": "way/204415961", "@snapshotTimestamp": "2015-01-01T00:00:00Z" }, "geometry": { "type": "LineString", "coordinates": [ [ 34.486785, 0.3687254 ], [ 34.498925, 0.3298294 ] ] } },
{ "type": "Feature", "properties": { "@osmId": "way/204415959", "@snapshotTimestamp": "2015-01-01T00:00:00Z" }, "geometry": { "type": "LineString", "coordinates": [ [ 34.4869365, 0.3694767 ], [ 34.486785, 0.3687254 ] ] } },
{ "type": "Feature", "properties": { "@osmId": "way/33410236", "@snapshotTimestamp": "2015-01-01T00:00:00Z" }, "geometry": { "type": "LineString", "coordinates": [ [ 34.4885483, 0.3761863 ], [ 34.4869365, 0.3694767 ] ] } },
{ "type": "Feature", "properties": { "@osmId": "way/33402001", "@snapshotTimestamp": "2015-01-01T00:00:00Z" }, "geometry": { "type": "LineString", "coordinates": [ [ 34.1457845, 0.444006 ], [ 34.1423577, 0.3877047 ], [ 34.2032585, 0.3044594 ] ] } },
{ "type": "Feature", "properties": { "@osmId": "way/33401974", "@snapshotTimestamp": "2015-01-01T00:00:00Z" }, "geometry": { "type": "LineString", "coordinates": [ [ 34.4384977, 0.4140675 ], [ 34.419919, 0.3671893 ], [ 34.337533, 0.3410133 ] ] } },
{ "type": "Feature", "properties": { "@osmId": "way/33402133", "@snapshotTimestamp": "2015-01-01T00:00:00Z" }, "geometry": { "type": "LineString", "coordinates": [ [ 34.3202493, 0.4695404 ], [ 34.4885483, 0.3761863 ] ] } },
{ "type": "Feature", "properties": { "@osmId": "way/34359298", "@snapshotTimestamp": "2015-01-01T00:00:00Z" }, "geometry": { "type": "LineString", "coordinates": [ [ 34.1448318, 0.4446927 ], [ 34.1457845, 0.444006 ] ] } },
{ "type": "Feature", "properties": { "@osmId": "way/139589978", "@snapshotTimestamp": "2015-01-01T00:00:00Z" }, "geometry": { "type": "LineString", "coordinates": [ [ 34.123187240556071, 0.456773028084948 ], [ 34.1448318, 0.4446927 ] ] } },
{ "type": "Feature", "properties": { "@osmId": "way/256813954", "@snapshotTimestamp": "2015-01-01T00:00:00Z" }, "geometry": { "type": "LineString", "coordinates": [ [ 34.2516317, 0.4616555 ], [ 34.2512956, 0.4483892 ] ] } },
{ "type": "Feature", "properties": { "@osmId": "way/33402493", "@snapshotTimestamp": "2015-01-01T00:00:00Z" }, "geometry": { "type": "LineString", "coordinates": [ [ 34.2512956, 0.4483892 ], [ 34.3149126, 0.4711528 ] ] } },
{ "type": "Feature", "properties": { "@osmId": "way/33403190", "@snapshotTimestamp": "2015-01-01T00:00:00Z" }, "geometry": { "type": "LineString", "coordinates": [ [ 34.1448318, 0.4446927 ], [ 34.2182878, 0.4839144 ], [ 34.2512956, 0.4483892 ] ] } },
{ "type": "Feature", "properties": { "@osmId": "way/316623547", "@snapshotTimestamp": "2015-01-01T00:00:00Z" }, "geometry": { "type": "LineString", "coordinates": [ [ 34.1366393, 0.4845653 ], [ 34.1383228, 0.4486789 ] ] } },
{ "type": "Feature", "properties": { "@osmId": "way/33403267", "@snapshotTimestamp": "2015-01-01T00:00:00Z" }, "geometry": { "type": "LineString", "coordinates": [ [ 34.3149126, 0.4711528 ], [ 34.3202493, 0.4695404 ] ] } },
{ "type": "Feature", "properties": { "@osmId": "way/256942120", "@snapshotTimestamp": "2015-01-01T00:00:00Z" }, "geometry": { "type": "LineString", "coordinates": [ [ 34.3775561, 0.4800772 ], [ 34.3741953, 0.4731895 ] ] } },
{ "type": "Feature", "properties": { "@osmId": "way/34358282", "@snapshotTimestamp": "2015-01-01T00:00:00Z" }, "geometry": { "type": "LineString", "coordinates": [ [ 35.0195999, 0.4148085 ], [ 35.0757852, 0.2799571 ] ] } },
{ "type": "Feature", "properties": { "@osmId": "way/34358443", "@snapshotTimestamp": "2015-01-01T00:00:00Z" }, "geometry": { "type": "LineString", "coordinates": [ [ 34.8542214, 0.36958 ], [ 34.8416666, 0.3532226 ] ] } },
{ "type": "Feature", "properties": { "@osmId": "way/33409543", "@snapshotTimestamp": "2015-01-01T00:00:00Z" }, "geometry": { "type": "LineString", "coordinates": [ [ 34.8533951, 0.3761837 ], [ 34.8542214, 0.36958 ] ] } },
{ "type": "Feature", "properties": { "@osmId": "way/34358475", "@snapshotTimestamp": "2015-01-01T00:00:00Z" }, "geometry": { "type": "LineString", "coordinates": [ [ 34.853359, 0.4451528 ], [ 34.8533951, 0.3761837 ] ] } },
{ "type": "Feature", "properties": { "@osmId": "way/33409498", "@snapshotTimestamp": "2015-01-01T00:00:00Z" }, "geometry": { "type": "LineString", "coordinates": [ [ 35.0148291, 0.4211036 ], [ 35.0195999, 0.4148085 ] ] } },
{ "type": "Feature", "properties": { "@osmId": "way/33402742", "@snapshotTimestamp": "2015-01-01T00:00:00Z" }, "geometry": { "type": "LineString", "coordinates": [ [ 35.0268644, 0.4957974 ], [ 35.0442491, 0.4698552 ], [ 35.0148291, 0.4211036 ] ] } },
{ "type": "Feature", "properties": { "@osmId": "way/34358491", "@snapshotTimestamp": "2015-01-01T00:00:00Z" }, "geometry": { "type": "LineString", "coordinates": [ [ 34.8062802, 0.5771428 ], [ 34.853359, 0.4451528 ] ] } },
{ "type": "Feature", "properties": { "@osmId": "way/232008020", "@snapshotTimestamp": "2015-01-01T00:00:00Z" }, "geometry": { "type": "LineString", "coordinates": [ [ 35.0504726, 0.6295938 ], [ 35.0216197, 0.5604052 ], [ 35.0268644, 0.4957974 ] ] } },
{ "type": "Feature", "properties": { "@osmId": "way/209598091", "@snapshotTimestamp": "2015-01-01T00:00:00Z" }, "geometry": { "type": "LineString", "coordinates": [ [ 34.8296088, 0.590761 ], [ 34.8003584, 0.5832912 ] ] } },
{ "type": "Feature", "properties": { "@osmId": "way/209405101", "@snapshotTimestamp": "2015-01-01T00:00:00Z" }, "geometry": { "type": "LineString", "coordinates": [ [ 34.8003584, 0.5832912 ], [ 34.8001001, 0.5837676 ] ] } },
{ "type": "Feature", "properties": { "@osmId": "way/33402890", "@snapshotTimestamp": "2015-01-01T00:00:00Z" }, "geometry": { "type": "LineString", "coordinates": [ [ 34.6638628, 0.3866989 ], [ 34.676906, 0.378054 ] ] } },
{ "type": "Feature", "properties": { "@osmId": "way/33401995", "@snapshotTimestamp": "2015-01-01T00:00:00Z" }, "geometry": { "type": "LineString", "coordinates": [ [ 34.6585049, 0.4113843 ], [ 34.6638628, 0.3866989 ] ] } },
{ "type": "Feature", "properties": { "@osmId": "way/204415977", "@snapshotTimestamp": "2015-01-01T00:00:00Z" }, "geometry": { "type": "LineString", "coordinates": [ [ 34.6174115, 0.4510365 ], [ 34.6585049, 0.4113843 ] ] } },
{ "type": "Feature", "properties": { "@osmId": "way/204415970", "@snapshotTimestamp": "2015-01-01T00:00:00Z" }, "geometry": { "type": "LineString", "coordinates": [ [ 34.6166405, 0.4511735 ], [ 34.6174115, 0.4510365 ] ] } },
{ "type": "Feature", "properties": { "@osmId": "way/34359122", "@snapshotTimestamp": "2015-01-01T00:00:00Z" }, "geometry": { "type": "LineString", "coordinates": [ [ 34.613786, 0.4532095 ], [ 34.6166405, 0.4511735 ] ] } },
{ "type": "Feature", "properties": { "@osmId": "way/33402967", "@snapshotTimestamp": "2015-01-01T00:00:00Z" }, "geometry": { "type": "LineString", "coordinates": [ [ 34.5535558, 0.532632 ], [ 34.4885483, 0.3761863 ] ] } },
{ "type": "Feature", "properties": { "@osmId": "way/204415974", "@snapshotTimestamp": "2015-01-01T00:00:00Z" }, "geometry": { "type": "LineString", "coordinates": [ [ 34.6055003, 0.497932 ], [ 34.613786, 0.4532095 ] ] } },
{ "type": "Feature", "properties": { "@osmId": "way/204415972", "@snapshotTimestamp": "2015-01-01T00:00:00Z" }, "geometry": { "type": "LineString", "coordinates": [ [ 34.6054229, 0.4980685 ], [ 34.6055003, 0.497932 ] ] } },
{ "type": "Feature", "properties": { "@osmId": "way/204415976", "@snapshotTimestamp": "2015-01-01T00:00:00Z" }, "geometry": { "type": "LineString", "coordinates": [ [ 34.5638952, 0.5397438 ], [ 34.5987883, 0.5315072 ], [ 34.6054229, 0.4980685 ] ] } },
{ "type": "Feature", "properties": { "@osmId": "way/33402630", "@snapshotTimestamp": "2015-01-01T00:00:00Z" }, "geometry": { "type": "LineString", "coordinates": [ [ 34.5549908, 0.5397618 ], [ 34.5638004, 0.5396843 ] ] } },
{ "type": "Feature", "properties": { "@osmId": "way/257455330", "@snapshotTimestamp": "2015-01-01T00:00:00Z" }, "geometry": { "type": "LineString", "coordinates": [ [ 34.1366393, 0.4845653 ], [ 34.1348385, 0.4983031 ] ] } },
{ "type": "Feature", "properties": { "@osmId": "way/256938033", "@snapshotTimestamp": "2015-01-01T00:00:00Z" }, "geometry": { "type": "LineString", "coordinates": [ [ 34.3223369, 0.5035093 ], [ 34.3143279, 0.4932368 ] ] } },
{ "type": "Feature", "properties": { "@osmId": "way/316623553", "@snapshotTimestamp": "2015-01-01T00:00:00Z" }, "geometry": { "type": "LineString", "coordinates": [ [ 34.1586436, 0.5235014 ], [ 34.1348385, 0.4983031 ] ] } },
{ "type": "Feature", "properties": { "@osmId": "way/256824346", "@snapshotTimestamp": "2015-01-01T00:00:00Z" }, "geometry": { "type": "LineString", "coordinates": [ [ 34.1586436, 0.5235014 ], [ 34.1752035, 0.5458332 ] ] } },
{ "type": "Feature", "properties": { "@osmId": "way/256939249", "@snapshotTimestamp": "2015-01-01T00:00:00Z" }, "geometry": { "type": "LineString", "coordinates": [ [ 34.407338, 0.603791 ], [ 34.3818855, 0.5521619 ], [ 34.3141455, 0.4987566 ], [ 34.3149126, 0.4711528 ] ] } },
{ "type": "Feature", "properties": { "@osmId": "way/256934007", "@snapshotTimestamp": "2015-01-01T00:00:00Z" }, "geometry": { "type": "LineString", "coordinates": [ [ 34.3440086, 0.5654445 ], [ 34.3497579, 0.5635805 ] ] } },
{ "type": "Feature", "properties": { "@osmId": "way/256571269", "@snapshotTimestamp": "2015-01-01T00:00:00Z" }, "geometry": { "type": "LineString", "coordinates": [ [ 34.2145379, 0.5880072 ], [ 34.1752035, 0.5458332 ] ] } },
{ "type": "Feature", "properties": { "@osmId": "way/204422476", "@snapshotTimestamp": "2015-01-01T00:00:00Z" }, "geometry": { "type": "LineString", "coordinates": [ [ 34.2425274, 0.613549 ], [ 34.2145379, 0.5880072 ] ] } },
{ "type": "Feature", "properties": { "@osmId": "way/204422473", "@snapshotTimestamp": "2015-01-01T00:00:00Z" }, "geometry": { "type": "LineString", "coordinates": [ [ 34.2424985, 0.6137539 ], [ 34.2425274, 0.613549 ] ] } },
{ "type": "Feature", "properties": { "@osmId": "way/209598081", "@snapshotTimestamp": "2015-01-01T00:00:00Z" }, "geometry": { "type": "LineString", "coordinates": [ [ 34.340862, 0.6219937 ], [ 34.340815, 0.6221848 ] ] } },
{ "type": "Feature", "properties": { "@osmId": "way/204415971", "@snapshotTimestamp": "2015-01-01T00:00:00Z" }, "geometry": { "type": "LineString", "coordinates": [ [ 34.5638004, 0.5396843 ], [ 34.5638952, 0.5397438 ] ] } },
{ "type": "Feature", "properties": { "@osmId": "way/33401758", "@snapshotTimestamp": "2015-01-01T00:00:00Z" }, "geometry": { "type": "LineString", "coordinates": [ [ 34.5530708, 0.5928619 ], [ 34.5535558, 0.532632 ] ] } },
{ "type": "Feature", "properties": { "@osmId": "way/209598097", "@snapshotTimestamp": "2015-01-01T00:00:00Z" }, "geometry": { "type": "LineString", "coordinates": [ [ 34.6997177, 0.620102 ], [ 34.5061482, 0.590151 ], [ 34.340862, 0.6219937 ] ] } },
{ "type": "Feature", "properties": { "@osmId": "way/209842656", "@snapshotTimestamp": "2015-01-01T00:00:00Z" }, "geometry": { "type": "LineString", "coordinates": [ [ 34.7636579, 0.6045334 ], [ 34.6999243, 0.6199957 ] ] } },
{ "type": "Feature", "properties": { "@osmId": "way/209598084", "@snapshotTimestamp": "2015-01-01T00:00:00Z" }, "geometry": { "type": "LineString", "coordinates": [ [ 34.6999243, 0.6199957 ], [ 34.6997177, 0.620102 ] ] } },
{ "type": "Feature", "properties": { "@osmId": "way/176826832", "@snapshotTimestamp": "2015-01-01T00:00:00Z" }, "geometry": { "type": "LineString", "coordinates": [ [ 34.5728492, 0.7192654 ], [ 34.5166109, 0.6485212 ], [ 34.54683, 0.5927799 ] ] } },
{ "type": "Feature", "properties": { "@osmId": "way/33409172", "@snapshotTimestamp": "2015-01-01T00:00:00Z" }, "geometry": { "type": "LineString", "coordinates": [ [ 34.5729377, 0.7318874 ], [ 34.5728492, 0.7192654 ] ] } },
{ "type": "Feature", "properties": { "@osmId": "way/33409535", "@snapshotTimestamp": "2015-01-01T00:00:00Z" }, "geometry": { "type": "LineString", "coordinates": [ [ 34.5791474, 0.7359539 ], [ 34.5729377, 0.7318874 ] ] } },
{ "type": "Feature", "properties": { "@osmId": "way/33402357", "@snapshotTimestamp": "2015-01-01T00:00:00Z" }, "geometry": { "type": "LineString", "coordinates": [ [ 34.5791474, 0.7359539 ], [ 34.6256607, 0.7525134 ] ] } },
{ "type": "Feature", "properties": { "@osmId": "way/33409591", "@snapshotTimestamp": "2015-01-01T00:00:00Z" }, "geometry": { "type": "LineString", "coordinates": [ [ 34.5214739, 0.7688242 ], [ 34.5791474, 0.7359539 ] ] } },
{ "type": "Feature", "properties": { "@osmId": "way/209598086", "@snapshotTimestamp": "2015-01-01T00:00:00Z" }, "geometry": { "type": "LineString", "coordinates": [ [ 34.829836, 0.5910478 ], [ 34.8296088, 0.590761 ] ] } },
{ "type": "Feature", "properties": { "@osmId": "way/209405079", "@snapshotTimestamp": "2015-01-01T00:00:00Z" }, "geometry": { "type": "LineString", "coordinates": [ [ 34.8001001, 0.5837676 ], [ 34.7637662, 0.604318 ] ] } },
{ "type": "Feature", "properties": { "@osmId": "way/209598094", "@snapshotTimestamp": "2015-01-01T00:00:00Z" }, "geometry": { "type": "LineString", "coordinates": [ [ 34.9643719, 0.6069622 ], [ 34.829836, 0.5910478 ] ] } },
{ "type": "Feature", "properties": { "@osmId": "way/209842652", "@snapshotTimestamp": "2015-01-01T00:00:00Z" }, "geometry": { "type": "LineString", "coordinates": [ [ 34.7637662, 0.604318 ], [ 34.7636579, 0.6045334 ] ] } },
{ "type": "Feature", "properties": { "@osmId": "way/209598083", "@snapshotTimestamp": "2015-01-01T00:00:00Z" }, "geometry": { "type": "LineString", "coordinates": [ [ 34.9648804, 0.6070637 ], [ 34.9643719, 0.6069622 ] ] } },
{ "type": "Feature", "properties": { "@osmId": "way/33401691", "@snapshotTimestamp": "2015-01-01T00:00:00Z" }, "geometry": { "type": "LineString", "coordinates": [ [ 34.761932, 0.6150657 ], [ 34.7599089, 0.608443 ] ] } },
{ "type": "Feature", "properties": { "@osmId": "way/34357924", "@snapshotTimestamp": "2015-01-01T00:00:00Z" }, "geometry": { "type": "LineString", "coordinates": [ [ 34.7555645, 0.6575668 ], [ 34.761932, 0.6150657 ] ] } },
{ "type": "Feature", "properties": { "@osmId": "way/199389807", "@snapshotTimestamp": "2015-01-01T00:00:00Z" }, "geometry": { "type": "LineString", "coordinates": [ [ 34.9232233, 0.722552 ], [ 35.0291893, 0.6735707 ], [ 35.042232, 0.6369871 ] ] } },
{ "type": "Feature", "properties": { "@osmId": "way/33409212", "@snapshotTimestamp": "2015-01-01T00:00:00Z" }, "geometry": { "type": "LineString", "coordinates": [ [ 34.7621231, 0.7267693 ], [ 34.7555645, 0.6575668 ] ] } },
{ "type": "Feature", "properties": { "@osmId": "way/225239564", "@snapshotTimestamp": "2015-01-01T00:00:00Z" }, "geometry": { "type": "LineString", "coordinates": [ [ 34.9226908, 0.7227381 ], [ 34.9232233, 0.722552 ] ] } },
{ "type": "Feature", "properties": { "@osmId": "way/174966949", "@snapshotTimestamp": "2015-01-01T00:00:00Z" }, "geometry": { "type": "LineString", "coordinates": [ [ 34.2738831, 0.6344005 ], [ 34.2424985, 0.6137539 ] ] } },
{ "type": "Feature", "properties": { "@osmId": "way/33401597", "@snapshotTimestamp": "2015-01-01T00:00:00Z" }, "geometry": { "type": "LineString", "coordinates": [ [ 34.4288287, 0.6505824 ], [ 34.4077293, 0.6037298 ] ] } },
{ "type": "Feature", "properties": { "@osmId": "way/256679723", "@snapshotTimestamp": "2015-01-01T00:00:00Z" }, "geometry": { "type": "LineString", "coordinates": [ [ 34.2821693, 0.6267555 ], [ 34.281673, 0.6301456 ] ] } },
{ "type": "Feature", "properties": { "@osmId": "way/209598088", "@snapshotTimestamp": "2015-01-01T00:00:00Z" }, "geometry": { "type": "LineString", "coordinates": [ [ 34.340815, 0.6221848 ], [ 34.2684265, 0.6373791 ] ] } },
{ "type": "Feature", "properties": { "@osmId": "way/223190327", "@snapshotTimestamp": "2015-01-01T00:00:00Z" }, "geometry": { "type": "LineString", "coordinates": [ [ 34.2645563, 0.6380858 ], [ 34.2684265, 0.6373791 ] ] } },
{ "type": "Feature", "properties": { "@osmId": "way/223190326", "@snapshotTimestamp": "2015-01-01T00:00:00Z" }, "geometry": { "type": "LineString", "coordinates": [ [ 34.2625188, 0.6388312 ], [ 34.2625639, 0.6386824 ], [ 34.2634516, 0.6382553 ], [ 34.2645563, 0.6380858 ], [ 34.2625188, 0.6388312 ] ] } },
{ "type": "Feature", "properties": { "@osmId": "way/26801247", "@snapshotTimestamp": "2015-01-01T00:00:00Z" }, "geometry": { "type": "LineString", "coordinates": [ [ 34.253666909870105, 0.640134321507785 ], [ 34.2625188, 0.6388312 ] ] } },
{ "type": "Feature", "properties": { "@osmId": "way/33402648", "@snapshotTimestamp": "2015-01-01T00:00:00Z" }, "geometry": { "type": "LineString", "coordinates": [ [ 34.4272462, 0.6697235 ], [ 34.4288287, 0.6505824 ] ] } },
{ "type": "Feature", "properties": { "@osmId": "way/33402945", "@snapshotTimestamp": "2015-01-01T00:00:00Z" }, "geometry": { "type": "LineString", "coordinates": [ [ 34.4169752, 0.686419 ], [ 34.4272462, 0.6697235 ] ] } },
{ "type": "Feature", "properties": { "@osmId": "way/175913988", "@snapshotTimestamp": "2015-01-01T00:00:00Z" }, "geometry": { "type": "LineString", "coordinates": [ [ 34.4269554, 0.6704177 ], [ 34.5037141, 0.7552513 ] ] } },
{ "type": "Feature", "properties": { "@osmId": "way/34358007", "@snapshotTimestamp": "2015-01-01T00:00:00Z" }, "geometry": { "type": "LineString", "coordinates": [ [ 34.897835, 0.7368977 ], [ 34.9226908, 0.7227381 ] ] } },
{ "type": "Feature", "properties": { "@osmId": "way/291097805", "@snapshotTimestamp": "2015-01-01T00:00:00Z" }, "geometry": { "type": "LineString", "coordinates": [ [ 34.8958348, 0.754825 ], [ 34.897835, 0.7368977 ] ] } },
{ "type": "Feature", "properties": { "@osmId": "way/34357894", "@snapshotTimestamp": "2015-01-01T00:00:00Z" }, "geometry": { "type": "LineString", "coordinates": [ [ 34.7903347, 0.7778726 ], [ 34.7621231, 0.7267693 ] ] } },
{ "type": "Feature", "properties": { "@osmId": "way/176455005", "@snapshotTimestamp": "2015-01-01T00:00:00Z" }, "geometry": { "type": "LineString", "coordinates": [ [ 34.7404337, 0.7855189 ], [ 34.7903347, 0.7778726 ] ] } },
{ "type": "Feature", "properties": { "@osmId": "way/33401654", "@snapshotTimestamp": "2015-01-01T00:00:00Z" }, "geometry": { "type": "LineString", "coordinates": [ [ 34.8672685, 0.8418413 ], [ 34.8958348, 0.754825 ] ] } },
{ "type": "Feature", "properties": { "@osmId": "way/33410663", "@snapshotTimestamp": "2015-01-01T00:00:00Z" }, "geometry": { "type": "LineString", "coordinates": [ [ 34.8672685, 0.8418413 ], [ 34.8427464, 0.7971161 ], [ 34.7903347, 0.7778726 ] ] } },
{ "type": "Feature", "properties": { "@osmId": "way/40746980", "@snapshotTimestamp": "2015-01-01T00:00:00Z" }, "geometry": { "type": "LineString", "coordinates": [ [ 34.8685913, 0.8613045 ], [ 34.8672685, 0.8418413 ] ] } },
{ "type": "Feature", "properties": { "@osmId": "way/40664403", "@snapshotTimestamp": "2015-01-01T00:00:00Z" }, "geometry": { "type": "LineString", "coordinates": [ [ 34.9528349, 0.9718597 ], [ 34.9365383, 0.9000481 ], [ 34.8685913, 0.8613045 ] ] } },
{ "type": "Feature", "properties": { "@osmId": "way/289867955", "@snapshotTimestamp": "2015-01-01T00:00:00Z" }, "geometry": { "type": "LineString", "coordinates": [ [ 34.8414022, 0.9770451 ], [ 34.8685913, 0.8613045 ] ] } },
{ "type": "Feature", "properties": { "@osmId": "way/34359281", "@snapshotTimestamp": "2015-01-01T00:00:00Z" }, "geometry": { "type": "LineString", "coordinates": [ [ 35.0053661, 0.9932823 ], [ 35.060711, 0.9548158 ] ] } },
{ "type": "Feature", "properties": { "@osmId": "way/33403251", "@snapshotTimestamp": "2015-01-01T00:00:00Z" }, "geometry": { "type": "LineString", "coordinates": [ [ 34.9854456, 0.9848942 ], [ 34.9528349, 0.9718597 ] ] } },
{ "type": "Feature", "properties": { "@osmId": "way/33403237", "@snapshotTimestamp": "2015-01-01T00:00:00Z" }, "geometry": { "type": "LineString", "coordinates": [ [ 34.8538961, 0.9919606 ], [ 34.8414022, 0.9770451 ] ] } },
{ "type": "Feature", "properties": { "@osmId": "way/34359148", "@snapshotTimestamp": "2015-01-01T00:00:00Z" }, "geometry": { "type": "LineString", "coordinates": [ [ 35.0053661, 0.9932823 ], [ 34.9854456, 0.9848942 ] ] } },
{ "type": "Feature", "properties": { "@osmId": "way/199402149", "@snapshotTimestamp": "2015-01-01T00:00:00Z" }, "geometry": { "type": "LineString", "coordinates": [ [ 35.0059115, 1.0137223 ], [ 35.0053661, 0.9932823 ] ] } },
{ "type": "Feature", "properties": { "@osmId": "way/33403214", "@snapshotTimestamp": "2015-01-01T00:00:00Z" }, "geometry": { "type": "LineString", "coordinates": [ [ 35.0014704, 1.0201419 ], [ 35.0059115, 1.0137223 ] ] } },
{ "type": "Feature", "properties": { "@osmId": "way/34358725", "@snapshotTimestamp": "2015-01-01T00:00:00Z" }, "geometry": { "type": "LineString", "coordinates": [ [ 35.0059115, 1.0137223 ], [ 35.0203049, 1.0202989 ] ] } },
{ "type": "Feature", "properties": { "@osmId": "way/199402157", "@snapshotTimestamp": "2015-01-01T00:00:00Z" }, "geometry": { "type": "LineString", "coordinates": [ [ 35.0203049, 1.0202989 ], [ 35.0697163, 1.0229914 ] ] } },
{ "type": "Feature", "properties": { "@osmId": "way/34358410", "@snapshotTimestamp": "2015-01-01T00:00:00Z" }, "geometry": { "type": "LineString", "coordinates": [ [ 34.9965591, 1.0325888 ], [ 35.0014704, 1.0201419 ] ] } },
{ "type": "Feature", "properties": { "@osmId": "way/33409242", "@snapshotTimestamp": "2015-01-01T00:00:00Z" }, "geometry": { "type": "LineString", "coordinates": [ [ 34.8564737, 1.0734422 ], [ 34.8538961, 0.9919606 ] ] } },
{ "type": "Feature", "properties": { "@osmId": "way/34358738", "@snapshotTimestamp": "2015-01-01T00:00:00Z" }, "geometry": { "type": "LineString", "coordinates": [ [ 34.9123194, 1.0558328 ], [ 34.9965591, 1.0325888 ] ] } },
{ "type": "Feature", "properties": { "@osmId": "way/132379516", "@snapshotTimestamp": "2015-01-01T00:00:00Z" }, "geometry": { "type": "LineString", "coordinates": [ [ 36.4839563, -0.4192654 ], [ 36.4921183, -0.309845 ] ] } },
{ "type": "Feature", "properties": { "@osmId": "way/97542153", "@snapshotTimestamp": "2015-01-01T00:00:00Z" }, "geometry": { "type": "LineString", "coordinates": [ [ 36.4921183, -0.309845 ], [ 36.4723758, -0.2629174 ], [ 36.4410645, -0.2531453 ] ] } },
{ "type": "Feature", "properties": { "@osmId": "way/316678243", "@snapshotTimestamp": "2015-01-01T00:00:00Z" }, "geometry": { "type": "LineString", "coordinates": [ [ 36.4408824, -0.2531121 ], [ 36.3776334, -0.2688351 ] ] } },
{ "type": "Feature", "properties": { "@osmId": "way/316678240", "@snapshotTimestamp": "2015-01-01T00:00:00Z" }, "geometry": { "type": "LineString", "coordinates": [ [ 36.4410645, -0.2531453 ], [ 36.4408824, -0.2531121 ] ] } },
{ "type": "Feature", "properties": { "@osmId": "way/316785577", "@snapshotTimestamp": "2015-01-01T00:00:00Z" }, "geometry": { "type": "LineString", "coordinates": [ [ 36.8360076, -0.1994305 ], [ 36.7224525, -0.1536328 ], [ 36.6465331, -0.0797745 ], [ 36.5370547, -0.0724914 ], [ 36.4918259, 0.0144942 ], [ 36.3649879, 0.0425022 ] ] } },
{ "type": "Feature", "properties": { "@osmId": "way/254911153", "@snapshotTimestamp": "2015-01-01T00:00:00Z" }, "geometry": { "type": "LineString", "coordinates": [ [ 36.4892199, 0.0153581 ], [ 36.5777099, 0.078555 ], [ 36.6422068, 0.0623925 ], [ 36.6572155, 0.0883059 ] ] } },
{ "type": "Feature", "properties": { "@osmId": "way/276327099", "@snapshotTimestamp": "2015-01-01T00:00:00Z" }, "geometry": { "type": "LineString", "coordinates": [ [ 36.3907304, 0.2202157 ], [ 36.3649879, 0.0425022 ] ] } },
{ "type": "Feature", "properties": { "@osmId": "way/276327096", "@snapshotTimestamp": "2015-01-01T00:00:00Z" }, "geometry": { "type": "LineString", "coordinates": [ [ 36.3908019, 0.2203158 ], [ 36.3907304, 0.2202157 ] ] } },
{ "type": "Feature", "properties": { "@osmId": "way/276327098", "@snapshotTimestamp": "2015-01-01T00:00:00Z" }, "geometry": { "type": "LineString", "coordinates": [ [ 36.571466, 0.3224122 ], [ 36.5191378, 0.249501 ], [ 36.402919, 0.2400386 ], [ 36.3908019, 0.2203158 ] ] } },
{ "type": "Feature", "properties": { "@osmId": "way/276327097", "@snapshotTimestamp": "2015-01-01T00:00:00Z" }, "geometry": { "type": "LineString", "coordinates": [ [ 36.5715477, 0.3225528 ], [ 36.571466, 0.3224122 ] ] } },
{ "type": "Feature", "properties": { "@osmId": "way/231503843", "@snapshotTimestamp": "2015-01-01T00:00:00Z" }, "geometry": { "type": "LineString", "coordinates": [ [ 36.816511, -1.2158353 ], [ 36.8349007, -1.2155261 ] ] } },
{ "type": "Feature", "properties": { "@osmId": "way/161487292", "@snapshotTimestamp": "2015-01-01T00:00:00Z" }, "geometry": { "type": "LineString", "coordinates": [ [ 36.8349007, -1.2155261 ], [ 36.8354006, -1.215517 ] ] } },
{ "type": "Feature", "properties": { "@osmId": "way/97086247", "@snapshotTimestamp": "2015-01-01T00:00:00Z" }, "geometry": { "type": "LineString", "coordinates": [ [ 36.8374713, -1.1788268 ], [ 36.8321172, -1.2071302 ] ] } },
{ "type": "Feature", "properties": { "@osmId": "way/97085100", "@snapshotTimestamp": "2015-01-01T00:00:00Z" }, "geometry": { "type": "LineString", "coordinates": [ [ 36.8342812, -1.1749915 ], [ 36.8374713, -1.1788268 ] ] } },
{ "type": "Feature", "properties": { "@osmId": "way/97085103", "@snapshotTimestamp": "2015-01-01T00:00:00Z" }, "geometry": { "type": "LineString", "coordinates": [ [ 36.8323041, -1.1736019 ], [ 36.8342812, -1.1749915 ] ] } },
{ "type": "Feature", "properties": { "@osmId": "way/97086248", "@snapshotTimestamp": "2015-01-01T00:00:00Z" }, "geometry": { "type": "LineString", "coordinates": [ [ 36.8374713, -1.1788268 ], [ 36.8401191, -1.1620788 ] ] } },
{ "type": "Feature", "properties": { "@osmId": "way/316785576", "@snapshotTimestamp": "2015-01-01T00:00:00Z" }, "geometry": { "type": "LineString", "coordinates": [ [ 36.836223, -0.1994258 ], [ 36.8360076, -0.1994305 ] ] } },
{ "type": "Feature", "properties": { "@osmId": "way/204459130", "@snapshotTimestamp": "2015-01-01T00:00:00Z" }, "geometry": { "type": "LineString", "coordinates": [ [ 36.8261433, 2.4647633 ], [ 36.8260418, 2.4650384 ] ] } },
{ "type": "Feature", "properties": { "@osmId": "way/204459132", "@snapshotTimestamp": "2015-01-01T00:00:00Z" }, "geometry": { "type": "LineString", "coordinates": [ [ 36.8260418, 2.4650384 ], [ 36.8089388, 2.514291 ] ] } },
{ "type": "Feature", "properties": { "@osmId": "way/33403178", "@snapshotTimestamp": "2015-01-01T00:00:00Z" }, "geometry": { "type": "LineString", "coordinates": [ [ 36.625804, 0.6094187 ], [ 36.6333998, 0.4963754 ], [ 36.6796153, 0.4331916 ], [ 36.630796, 0.3587381 ], [ 36.5715477, 0.3225528 ] ] } },
{ "type": "Feature", "properties": { "@osmId": "way/34358706", "@snapshotTimestamp": "2015-01-01T00:00:00Z" }, "geometry": { "type": "LineString", "coordinates": [ [ 36.5930315, 0.7054129 ], [ 36.625804, 0.6094187 ] ] } },
{ "type": "Feature", "properties": { "@osmId": "way/33402455", "@snapshotTimestamp": "2015-01-01T00:00:00Z" }, "geometry": { "type": "LineString", "coordinates": [ [ 36.4354552, 0.7670334 ], [ 36.5440897, 0.7474344 ], [ 36.5458649, 0.7216388 ], [ 36.594346, 0.7099466 ] ] } },
{ "type": "Feature", "properties": { "@osmId": "way/33401719", "@snapshotTimestamp": "2015-01-01T00:00:00Z" }, "geometry": { "type": "LineString", "coordinates": [ [ 36.7642672, 0.9499842 ], [ 36.7455, 0.8545138 ], [ 36.6326483, 0.7905254 ], [ 36.5930315, 0.7054129 ] ] } },
{ "type": "Feature", "properties": { "@osmId": "way/139165933", "@snapshotTimestamp": "2015-01-01T00:00:00Z" }, "geometry": { "type": "LineString", "coordinates": [ [ 36.6088744, 1.2141234 ], [ 36.6687684, 1.0867898 ], [ 36.6944994, 1.0927618 ] ] } },
{ "type": "Feature", "properties": { "@osmId": "way/43587166", "@snapshotTimestamp": "2015-01-01T00:00:00Z" }, "geometry": { "type": "LineString", "coordinates": [ [ 36.6088744, 1.2141234 ], [ 36.6057245, 1.2310002 ] ] } },
{ "type": "Feature", "properties": { "@osmId": "way/173997031", "@snapshotTimestamp": "2015-01-01T00:00:00Z" }, "geometry": { "type": "LineString", "coordinates": [ [ 36.6090704, 1.2349613 ], [ 36.6057245, 1.2310002 ] ] } },
{ "type": "Feature", "properties": { "@osmId": "way/43587168", "@snapshotTimestamp": "2015-01-01T00:00:00Z" }, "geometry": { "type": "LineString", "coordinates": [ [ 36.6090704, 1.2349613 ], [ 36.608559, 1.2399864 ] ] } },
{ "type": "Feature", "properties": { "@osmId": "way/33402949", "@snapshotTimestamp": "2015-01-01T00:00:00Z" }, "geometry": { "type": "LineString", "coordinates": [ [ 36.6804297, 1.4200341 ], [ 36.6224398, 1.3667492 ], [ 36.608559, 1.2399864 ] ] } },
{ "type": "Feature", "properties": { "@osmId": "way/33410715", "@snapshotTimestamp": "2015-01-01T00:00:00Z" }, "geometry": { "type": "LineString", "coordinates": [ [ 36.7253678, 1.4927705 ], [ 36.6804297, 1.4200341 ] ] } },
{ "type": "Feature", "properties": { "@osmId": "way/97541730", "@snapshotTimestamp": "2015-01-01T00:00:00Z" }, "geometry": { "type": "LineString", "coordinates": [ [ 36.6572155, 0.0883059 ], [ 36.6763265, 0.0641401 ], [ 36.8058107, 0.1017731 ] ] } },
{ "type": "Feature", "properties": { "@osmId": "way/33403119", "@snapshotTimestamp": "2015-01-01T00:00:00Z" }, "geometry": { "type": "LineString", "coordinates": [ [ 36.7574818, 0.9661417 ], [ 36.7642672, 0.9499842 ] ] } },
{ "type": "Feature", "properties": { "@osmId": "way/33402877", "@snapshotTimestamp": "2015-01-01T00:00:00Z" }, "geometry": { "type": "LineString", "coordinates": [ [ 36.6944994, 1.0927618 ], [ 36.7574818, 0.9661417 ] ] } },
{ "type": "Feature", "properties": { "@osmId": "way/230047942", "@snapshotTimestamp": "2015-01-01T00:00:00Z" }, "geometry": { "type": "LineString", "coordinates": [ [ 36.794529, 1.7738328 ], [ 36.803532, 1.6619393 ], [ 36.7275783, 1.5997152 ], [ 36.7253678, 1.4927705 ] ] } },
{ "type": "Feature", "properties": { "@osmId": "way/230047944", "@snapshotTimestamp": "2015-01-01T00:00:00Z" }, "geometry": { "type": "LineString", "coordinates": [ [ 36.7945528, 1.7741419 ], [ 36.794529, 1.7738328 ] ] } },
{ "type": "Feature", "properties": { "@osmId": "way/230047941", "@snapshotTimestamp": "2015-01-01T00:00:00Z" }, "geometry": { "type": "LineString", "coordinates": [ [ 36.7877646, 1.7834428 ], [ 36.7945528, 1.7741419 ] ] } },
{ "type": "Feature", "properties": { "@osmId": "way/230047943", "@snapshotTimestamp": "2015-01-01T00:00:00Z" }, "geometry": { "type": "LineString", "coordinates": [ [ 36.8145331, 1.8081857 ], [ 36.7877646, 1.7834428 ] ] } },
{ "type": "Feature", "properties": { "@osmId": "way/204633644", "@snapshotTimestamp": "2015-01-01T00:00:00Z" }, "geometry": { "type": "LineString", "coordinates": [ [ 36.8089388, 2.514291 ], [ 36.8087017, 2.5143359 ] ] } },
{ "type": "Feature", "properties": { "@osmId": "way/204633646", "@snapshotTimestamp": "2015-01-01T00:00:00Z" }, "geometry": { "type": "LineString", "coordinates": [ [ 36.8087017, 2.5143359 ], [ 36.6991617, 2.6017307 ], [ 36.7173621, 2.7577166 ] ] } },
{ "type": "Feature", "properties": { "@osmId": "way/198507844", "@snapshotTimestamp": "2015-01-01T00:00:00Z" }, "geometry": { "type": "LineString", "coordinates": [ [ 36.3656984, 3.1544216 ], [ 36.4202853, 3.0009713 ], [ 36.4693631, 2.9510379 ], [ 36.5130142, 2.9194763 ], [ 36.5505433, 2.930135 ], [ 36.6639861, 2.9006046 ], [ 36.7023646, 2.8586602 ] ] } },
{ "type": "Feature", "properties": { "@osmId": "way/198507856", "@snapshotTimestamp": "2015-01-01T00:00:00Z" }, "geometry": { "type": "LineString", "coordinates": [ [ 36.3619083, 3.1541117 ], [ 36.3105411, 3.2717002 ], [ 36.2763159, 3.2899299 ], [ 36.2963944, 3.3337881 ], [ 36.3518345, 3.3880305 ], [ 36.3723136, 3.4719873 ], [ 36.415703, 3.5158154 ], [ 36.4493428, 3.4892695 ], [ 36.5222085, 3.4981839 ] ] } },
{ "type": "Feature", "properties": { "@osmId": "way/319540703", "@snapshotTimestamp": "2015-01-01T00:00:00Z" }, "geometry": { "type": "LineString", "coordinates": [ [ 36.5222085, 3.4981839 ], [ 36.5260227, 3.5410027 ], [ 36.466986, 3.6533989 ], [ 36.4611254, 3.7182727 ], [ 36.4920287, 3.7765503 ], [ 36.4794389, 3.8116305 ] ] } },
{ "type": "Feature", "properties": { "@osmId": "way/319553683", "@snapshotTimestamp": "2015-01-01T00:00:00Z" }, "geometry": { "type": "LineString", "coordinates": [ [ 36.4765755, 3.8057246 ], [ 36.434836, 3.7978872 ], [ 36.3382913, 3.715025 ] ] } },
{ "type": "Feature", "properties": { "@osmId": "way/319586039", "@snapshotTimestamp": "2015-01-01T00:00:00Z" }, "geometry": { "type": "LineString", "coordinates": [ [ 36.4753366, 3.9121942 ], [ 36.5197314, 3.836021 ], [ 36.4765755, 3.8057246 ] ] } },
{ "type": "Feature", "properties": { "@osmId": "way/319586035", "@snapshotTimestamp": "2015-01-01T00:00:00Z" }, "geometry": { "type": "LineString", "coordinates": [ [ 36.4751694, 3.9124047 ], [ 36.4753366, 3.9121942 ] ] } },
{ "type": "Feature", "properties": { "@osmId": "way/319586036", "@snapshotTimestamp": "2015-01-01T00:00:00Z" }, "geometry": { "type": "LineString", "coordinates": [ [ 36.4695765, 3.9469562 ], [ 36.4751694, 3.9124047 ] ] } },
{ "type": "Feature", "properties": { "@osmId": "way/319586034", "@snapshotTimestamp": "2015-01-01T00:00:00Z" }, "geometry": { "type": "LineString", "coordinates": [ [ 36.4696108, 3.9470852 ], [ 36.4695765, 3.9469562 ] ] } },
{ "type": "Feature", "properties": { "@osmId": "way/319575810", "@snapshotTimestamp": "2015-01-01T00:00:00Z" }, "geometry": { "type": "LineString", "coordinates": [ [ 36.2605269, 4.2224607 ], [ 36.4447484, 4.1931643 ], [ 36.433185, 4.1536549 ], [ 36.5098419, 4.1053848 ], [ 36.4559985, 3.9861114 ], [ 36.4696108, 3.9470852 ] ] } },
{ "type": "Feature", "properties": { "@osmId": "way/209598075", "@snapshotTimestamp": "2015-01-01T00:00:00Z" }, "geometry": { "type": "LineString", "coordinates": [ [ 39.6046107, -0.6427311 ], [ 39.5291795, -0.4907186 ] ] } },
{ "type": "Feature", "properties": { "@osmId": "way/34700943", "@snapshotTimestamp": "2015-01-01T00:00:00Z" }, "geometry": { "type": "LineString", "coordinates": [ [ 39.6356331, -0.463902 ], [ 39.637144, -0.4637669 ] ] } },
{ "type": "Feature", "properties": { "@osmId": "way/282902570", "@snapshotTimestamp": "2015-01-01T00:00:00Z" }, "geometry": { "type": "LineString", "coordinates": [ [ 39.6410825, -0.4603622 ], [ 39.637144, -0.4637669 ] ] } },
{ "type": "Feature", "properties": { "@osmId": "way/282936242", "@snapshotTimestamp": "2015-01-01T00:00:00Z" }, "geometry": { "type": "LineString", "coordinates": [ [ 39.6578278, -0.4400726 ], [ 39.6410825, -0.4603622 ] ] } },
{ "type": "Feature", "properties": { "@osmId": "way/26837149", "@snapshotTimestamp": "2015-01-01T00:00:00Z" }, "geometry": { "type": "LineString", "coordinates": [ [ 39.6421647, -0.4576017 ], [ 39.626155, -0.3837925 ], [ 39.5719244, -0.3096639 ] ] } },
{ "type": "Feature", "properties": { "@osmId": "way/191149479", "@snapshotTimestamp": "2015-01-01T00:00:00Z" }, "geometry": { "type": "LineString", "coordinates": [ [ 39.5719244, -0.3096639 ], [ 39.5705808, -0.3079691 ] ] } },
{ "type": "Feature", "properties": { "@osmId": "way/33409986", "@snapshotTimestamp": "2015-01-01T00:00:00Z" }, "geometry": { "type": "LineString", "coordinates": [ [ 39.5705808, -0.3079691 ], [ 39.4917952, -0.2386423 ] ] } },
{ "type": "Feature", "properties": { "@osmId": "way/222729547", "@snapshotTimestamp": "2015-01-01T00:00:00Z" }, "geometry": { "type": "LineString", "coordinates": [ [ 39.4781406, -0.2197133 ], [ 39.4917952, -0.2386423 ] ] } },
{ "type": "Feature", "properties": { "@osmId": "way/222729550", "@snapshotTimestamp": "2015-01-01T00:00:00Z" }, "geometry": { "type": "LineString", "coordinates": [ [ 39.4781406, -0.2197133 ], [ 39.4917952, -0.2386423 ] ] } },
{ "type": "Feature", "properties": { "@osmId": "way/222729549", "@snapshotTimestamp": "2015-01-01T00:00:00Z" }, "geometry": { "type": "LineString", "coordinates": [ [ 39.3281278, -0.1361444 ], [ 39.4781406, -0.2197133 ] ] } },
{ "type": "Feature", "properties": { "@osmId": "way/44131917", "@snapshotTimestamp": "2015-01-01T00:00:00Z" }, "geometry": { "type": "LineString", "coordinates": [ [ 37.6450129, -0.4715628 ], [ 37.8064473, -0.4554995 ], [ 37.8559451, -0.3948807 ] ] } },
{ "type": "Feature", "properties": { "@osmId": "way/295989679", "@snapshotTimestamp": "2015-01-01T00:00:00Z" }, "geometry": { "type": "LineString", "coordinates": [ [ 37.6114756, -0.3554553 ], [ 37.6082275, -0.3876069 ] ] } },
{ "type": "Feature", "properties": { "@osmId": "way/295989678", "@snapshotTimestamp": "2015-01-01T00:00:00Z" }, "geometry": { "type": "LineString", "coordinates": [ [ 37.6116679, -0.3551595 ], [ 37.6114756, -0.3554553 ] ] } },
{ "type": "Feature", "properties": { "@osmId": "way/295850545", "@snapshotTimestamp": "2015-01-01T00:00:00Z" }, "geometry": { "type": "LineString", "coordinates": [ [ 37.6642785, -0.2874532 ], [ 37.6592417, -0.3246372 ], [ 37.6116679, -0.3551595 ] ] } },
{ "type": "Feature", "properties": { "@osmId": "way/295850543", "@snapshotTimestamp": "2015-01-01T00:00:00Z" }, "geometry": { "type": "LineString", "coordinates": [ [ 37.6642232, -0.286955 ], [ 37.6642785, -0.2874532 ] ] } },
{ "type": "Feature", "properties": { "@osmId": "way/295966971", "@snapshotTimestamp": "2015-01-01T00:00:00Z" }, "geometry": { "type": "LineString", "coordinates": [ [ 37.6496453, -0.2644682 ], [ 37.6642232, -0.286955 ] ] } },
{ "type": "Feature", "properties": { "@osmId": "way/295966970", "@snapshotTimestamp": "2015-01-01T00:00:00Z" }, "geometry": { "type": "LineString", "coordinates": [ [ 37.649354, -0.2642218 ], [ 37.6496453, -0.2644682 ] ] } },
{ "type": "Feature", "properties": { "@osmId": "way/33174742", "@snapshotTimestamp": "2015-01-01T00:00:00Z" }, "geometry": { "type": "LineString", "coordinates": [ [ 37.6380678, -0.2497494 ], [ 37.649354, -0.2642218 ] ] } },
{ "type": "Feature", "properties": { "@osmId": "way/295966972", "@snapshotTimestamp": "2015-01-01T00:00:00Z" }, "geometry": { "type": "LineString", "coordinates": [ [ 37.6621117, -0.2031284 ], [ 37.6380678, -0.2497494 ] ] } },
{ "type": "Feature", "properties": { "@osmId": "way/295966968", "@snapshotTimestamp": "2015-01-01T00:00:00Z" }, "geometry": { "type": "LineString", "coordinates": [ [ 37.6621157, -0.2027528 ], [ 37.6621117, -0.2031284 ] ] } },
{ "type": "Feature", "properties": { "@osmId": "way/295966973", "@snapshotTimestamp": "2015-01-01T00:00:00Z" }, "geometry": { "type": "LineString", "coordinates": [ [ 37.6775414, -0.1524282 ], [ 37.6621157, -0.2027528 ] ] } },
{ "type": "Feature", "properties": { "@osmId": "way/295966969", "@snapshotTimestamp": "2015-01-01T00:00:00Z" }, "geometry": { "type": "LineString", "coordinates": [ [ 37.6776093, -0.1520962 ], [ 37.6775414, -0.1524282 ] ] } },
{ "type": "Feature", "properties": { "@osmId": "way/285452352", "@snapshotTimestamp": "2015-01-01T00:00:00Z" }, "geometry": { "type": "LineString", "coordinates": [ [ 37.8373003, -0.1753843 ], [ 37.785352, -0.111991 ] ] } },
{ "type": "Feature", "properties": { "@osmId": "way/33409631", "@snapshotTimestamp": "2015-01-01T00:00:00Z" }, "geometry": { "type": "LineString", "coordinates": [ [ 37.6666152, -0.0705909 ], [ 37.6964161, -0.0993082 ], [ 37.785352, -0.111991 ] ] } },
{ "type": "Feature", "properties": { "@osmId": "way/204243310", "@snapshotTimestamp": "2015-01-01T00:00:00Z" }, "geometry": { "type": "LineString", "coordinates": [ [ 37.6534171, 0.0430235 ], [ 37.6776093, -0.1520962 ] ] } },
{ "type": "Feature", "properties": { "@osmId": "way/285452353", "@snapshotTimestamp": "2015-01-01T00:00:00Z" }, "geometry": { "type": "LineString", "coordinates": [ [ 37.785352, -0.111991 ], [ 37.8073835, -0.0298715 ], [ 37.7305281, -0.0207025 ], [ 37.6530555, 0.0386147 ] ] } },
{ "type": "Feature", "properties": { "@osmId": "way/204243309", "@snapshotTimestamp": "2015-01-01T00:00:00Z" }, "geometry": { "type": "LineString", "coordinates": [ [ 37.6536213, 0.0434027 ], [ 37.6534171, 0.0430235 ] ] } },
{ "type": "Feature", "properties": { "@osmId": "way/33174385", "@snapshotTimestamp": "2015-01-01T00:00:00Z" }, "geometry": { "type": "LineString", "coordinates": [ [ 37.6524501, 0.047721 ], [ 37.6536213, 0.0434027 ] ] } },
{ "type": "Feature", "properties": { "@osmId": "way/33196969", "@snapshotTimestamp": "2015-01-01T00:00:00Z" }, "geometry": { "type": "LineString", "coordinates": [ [ 37.6424466, 0.0568843 ], [ 37.6524501, 0.047721 ] ] } },
{ "type": "Feature", "properties": { "@osmId": "way/33402098", "@snapshotTimestamp": "2015-01-01T00:00:00Z" }, "geometry": { "type": "LineString", "coordinates": [ [ 37.6076883, 0.1068825 ], [ 37.6424466, 0.0568843 ] ] } },
{ "type": "Feature", "properties": { "@osmId": "way/33175051", "@snapshotTimestamp": "2015-01-01T00:00:00Z" }, "geometry": { "type": "LineString", "coordinates": [ [ 37.9317799, 0.2657465 ], [ 37.8859034, 0.2761319 ], [ 37.8351345, 0.2530437 ], [ 37.6424466, 0.0568843 ] ] } },
{ "type": "Feature", "properties": { "@osmId": "way/33175325", "@snapshotTimestamp": "2015-01-01T00:00:00Z" }, "geometry": { "type": "LineString", "coordinates": [ [ 37.9317799, 0.2657465 ], [ 37.9409076, 0.2320348 ] ] } },
{ "type": "Feature", "properties": { "@osmId": "way/33267845", "@snapshotTimestamp": "2015-01-01T00:00:00Z" }, "geometry": { "type": "LineString", "coordinates": [ [ 37.5876177, 0.3666373 ], [ 37.6518774, 0.3788439 ] ] } },
{ "type": "Feature", "properties": { "@osmId": "way/203940540", "@snapshotTimestamp": "2015-01-01T00:00:00Z" }, "geometry": { "type": "LineString", "coordinates": [ [ 37.6518774, 0.3788439 ], [ 37.6521452, 0.3787865 ] ] } },
{ "type": "Feature", "properties": { "@osmId": "way/203940537", "@snapshotTimestamp": "2015-01-01T00:00:00Z" }, "geometry": { "type": "LineString", "coordinates": [ [ 37.6521452, 0.3787865 ], [ 37.6695841, 0.3926469 ] ] } },
{ "type": "Feature", "properties": { "@osmId": "way/203940539", "@snapshotTimestamp": "2015-01-01T00:00:00Z" }, "geometry": { "type": "LineString", "coordinates": [ [ 37.6695841, 0.3926469 ], [ 37.6702089, 0.3928729 ] ] } },
{ "type": "Feature", "properties": { "@osmId": "way/203940542", "@snapshotTimestamp": "2015-01-01T00:00:00Z" }, "geometry": { "type": "LineString", "coordinates": [ [ 37.6702089, 0.3928729 ], [ 37.6744805, 0.3948088 ] ] } },
{ "type": "Feature", "properties": { "@osmId": "way/204125665", "@snapshotTimestamp": "2015-01-01T00:00:00Z" }, "geometry": { "type": "LineString", "coordinates": [ [ 37.6482038, 0.5132743 ], [ 37.5831439, 0.3518591 ] ] } },
{ "type": "Feature", "properties": { "@osmId": "way/203940545", "@snapshotTimestamp": "2015-01-01T00:00:00Z" }, "geometry": { "type": "LineString", "coordinates": [ [ 37.6744805, 0.3948088 ], [ 37.890211, 0.4892638 ] ] } },
{ "type": "Feature", "properties": { "@osmId": "way/203940538", "@snapshotTimestamp": "2015-01-01T00:00:00Z" }, "geometry": { "type": "LineString", "coordinates": [ [ 37.890211, 0.4892638 ], [ 37.8904386, 0.4893114 ] ] } },
{ "type": "Feature", "properties": { "@osmId": "way/203940536", "@snapshotTimestamp": "2015-01-01T00:00:00Z" }, "geometry": { "type": "LineString", "coordinates": [ [ 37.8904386, 0.4893114 ], [ 37.9101078, 0.4935646 ] ] } },
{ "type": "Feature", "properties": { "@osmId": "way/203940541", "@snapshotTimestamp": "2015-01-01T00:00:00Z" }, "geometry": { "type": "LineString", "coordinates": [ [ 37.9101078, 0.4935646 ], [ 37.9104039, 0.4937502 ] ] } },
{ "type": "Feature", "properties": { "@osmId": "way/204125657", "@snapshotTimestamp": "2015-01-01T00:00:00Z" }, "geometry": { "type": "LineString", "coordinates": [ [ 37.6484818, 0.5137471 ], [ 37.6482038, 0.5132743 ] ] } },
{ "type": "Feature", "properties": { "@osmId": "way/203940543", "@snapshotTimestamp": "2015-01-01T00:00:00Z" }, "geometry": { "type": "LineString", "coordinates": [ [ 37.9104039, 0.4937502 ], [ 38.0313996, 0.5592266 ] ] } },
{ "type": "Feature", "properties": { "@osmId": "way/217334213", "@snapshotTimestamp": "2015-01-01T00:00:00Z" }, "geometry": { "type": "LineString", "coordinates": [ [ 38.0313996, 0.5592266 ], [ 38.1922285, 0.5713006 ] ] } },
{ "type": "Feature", "properties": { "@osmId": "way/172176241", "@snapshotTimestamp": "2015-01-01T00:00:00Z" }, "geometry": { "type": "LineString", "coordinates": [ [ 38.1922285, 0.5713006 ], [ 38.2763879, 0.5690032 ] ] } },
{ "type": "Feature", "properties": { "@osmId": "way/204125662", "@snapshotTimestamp": "2015-01-01T00:00:00Z" }, "geometry": { "type": "LineString", "coordinates": [ [ 37.6722271, 0.6349772 ], [ 37.6785312, 0.5650503 ], [ 37.6484818, 0.5137471 ] ] } },
{ "type": "Feature", "properties": { "@osmId": "way/204125650", "@snapshotTimestamp": "2015-01-01T00:00:00Z" }, "geometry": { "type": "LineString", "coordinates": [ [ 37.671455, 0.6358999 ], [ 37.6722271, 0.6349772 ] ] } },
{ "type": "Feature", "properties": { "@osmId": "way/204125648", "@snapshotTimestamp": "2015-01-01T00:00:00Z" }, "geometry": { "type": "LineString", "coordinates": [ [ 37.6456165, 0.6642515 ], [ 37.671455, 0.6358999 ] ] } },
{ "type": "Feature", "properties": { "@osmId": "way/204125654", "@snapshotTimestamp": "2015-01-01T00:00:00Z" }, "geometry": { "type": "LineString", "coordinates": [ [ 37.645492, 0.6644662 ], [ 37.6456165, 0.6642515 ] ] } },
{ "type": "Feature", "properties": { "@osmId": "way/33409877", "@snapshotTimestamp": "2015-01-01T00:00:00Z" }, "geometry": { "type": "LineString", "coordinates": [ [ 40.3089286, 0.0861059 ], [ 40.3110685, 0.0619787 ] ] } },
{ "type": "Feature", "properties": { "@osmId": "way/33410396", "@snapshotTimestamp": "2015-01-01T00:00:00Z" }, "geometry": { "type": "LineString", "coordinates": [ [ 40.3981195, 0.1223095 ], [ 40.3110685, 0.0619787 ] ] } },
{ "type": "Feature", "properties": { "@osmId": "way/100967766", "@snapshotTimestamp": "2015-01-01T00:00:00Z" }, "geometry": { "type": "LineString", "coordinates": [ [ 40.3000059, 0.1297661 ], [ 40.3089286, 0.0861059 ] ] } },
{ "type": "Feature", "properties": { "@osmId": "way/100967765", "@snapshotTimestamp": "2015-01-01T00:00:00Z" }, "geometry": { "type": "LineString", "coordinates": [ [ 40.3000059, 0.1297661 ], [ 40.2915321, 0.1835909 ], [ 40.3316853, 0.2333367 ], [ 40.1876165, 0.3402992 ] ] } },
{ "type": "Feature", "properties": { "@osmId": "way/33402624", "@snapshotTimestamp": "2015-01-01T00:00:00Z" }, "geometry": { "type": "LineString", "coordinates": [ [ 40.3981195, 0.1223095 ], [ 40.4161186, 0.1543342 ], [ 40.5536201, 0.2161151 ], [ 40.6028086, 0.2046242 ], [ 40.6796433, 0.2336545 ], [ 40.7573185, 0.314811 ], [ 40.8237087, 0.3192833 ], [ 40.9279365, 0.3914435 ] ] } },
{ "type": "Feature", "properties": { "@osmId": "way/70194408", "@snapshotTimestamp": "2015-01-01T00:00:00Z" }, "geometry": { "type": "LineString", "coordinates": [ [ 40.9279365, 0.3914435 ], [ 40.988609, 0.409302450827596 ] ] } },
{ "type": "Feature", "properties": { "@osmId": "way/126778781", "@snapshotTimestamp": "2015-01-01T00:00:00Z" }, "geometry": { "type": "LineString", "coordinates": [ [ 40.1876165, 0.3402992 ], [ 40.2056531, 0.3885175 ], [ 40.179002, 0.5317424 ] ] } },
{ "type": "Feature", "properties": { "@osmId": "way/204422466", "@snapshotTimestamp": "2015-01-01T00:00:00Z" }, "geometry": { "type": "LineString", "coordinates": [ [ 40.179002, 0.5317424 ], [ 40.0418755, 0.5620951 ] ] } },
{ "type": "Feature", "properties": { "@osmId": "way/100987541", "@snapshotTimestamp": "2015-01-01T00:00:00Z" }, "geometry": { "type": "LineString", "coordinates": [ [ 40.031598, 0.7331468 ], [ 39.9732331, 0.7830959 ], [ 39.9716881, 0.9039324 ], [ 39.8915223, 1.0139519 ], [ 39.921048, 1.0692178 ], [ 39.768278, 1.226325 ] ] } },
{ "type": "Feature", "properties": { "@osmId": "way/26839008", "@snapshotTimestamp": "2015-01-01T00:00:00Z" }, "geometry": { "type": "LineString", "coordinates": [ [ 40.0586343, 1.7488999 ], [ 40.0583043, 1.7490155 ] ] } },
{ "type": "Feature", "properties": { "@osmId": "way/222729554", "@snapshotTimestamp": "2015-01-01T00:00:00Z" }, "geometry": { "type": "LineString", "coordinates": [ [ 39.2415564, -0.1085423 ], [ 39.3281278, -0.1361444 ] ] } },
{ "type": "Feature", "properties": { "@osmId": "way/223164780", "@snapshotTimestamp": "2015-01-01T00:00:00Z" }, "geometry": { "type": "LineString", "coordinates": [ [ 39.2073361, -0.0957111 ], [ 39.2415564, -0.1085423 ] ] } },
{ "type": "Feature", "properties": { "@osmId": "way/223164783", "@snapshotTimestamp": "2015-01-01T00:00:00Z" }, "geometry": { "type": "LineString", "coordinates": [ [ 39.1955751, -0.0653396 ], [ 39.2073361, -0.0957111 ] ] } },
{ "type": "Feature", "properties": { "@osmId": "way/223164789", "@snapshotTimestamp": "2015-01-01T00:00:00Z" }, "geometry": { "type": "LineString", "coordinates": [ [ 39.2177934, -0.0257449 ], [ 39.2415564, -0.1085423 ] ] } },
{ "type": "Feature", "properties": { "@osmId": "way/222729548", "@snapshotTimestamp": "2015-01-01T00:00:00Z" }, "geometry": { "type": "LineString", "coordinates": [ [ 39.3754795, 0.0320673 ], [ 39.3281278, -0.1361444 ] ] } },
{ "type": "Feature", "properties": { "@osmId": "way/223164781", "@snapshotTimestamp": "2015-01-01T00:00:00Z" }, "geometry": { "type": "LineString", "coordinates": [ [ 39.2177934, -0.0257449 ], [ 39.1955751, -0.0653396 ] ] } },
{ "type": "Feature", "properties": { "@osmId": "way/223164787", "@snapshotTimestamp": "2015-01-01T00:00:00Z" }, "geometry": { "type": "LineString", "coordinates": [ [ 39.2099963, 0.0270996 ], [ 39.2177934, -0.0257449 ] ] } },
{ "type": "Feature", "properties": { "@osmId": "way/26834833", "@snapshotTimestamp": "2015-01-01T00:00:00Z" }, "geometry": { "type": "LineString", "coordinates": [ [ 39.4236313, 0.0156265 ], [ 39.4330338, 0.1974268 ], [ 39.3744973, 0.268494 ], [ 39.3298091, 0.4500091 ], [ 39.1721949, 0.7301531 ] ] } },
{ "type": "Feature", "properties": { "@osmId": "way/172176243", "@snapshotTimestamp": "2015-01-01T00:00:00Z" }, "geometry": { "type": "LineString", "coordinates": [ [ 38.2763879, 0.5690032 ], [ 38.7859757, 0.5716234 ], [ 39.1721949, 0.7301531 ] ] } },
{ "type": "Feature", "properties": { "@osmId": "way/26834831", "@snapshotTimestamp": "2015-01-01T00:00:00Z" }, "geometry": { "type": "LineString", "coordinates": [ [ 39.1721949, 0.7301531 ], [ 39.3106236, 0.9209241 ], [ 39.4996406, 1.0199824 ], [ 39.8416196, 1.2887885 ], [ 39.9229284, 1.5077437 ], [ 40.027318, 1.6624665 ], [ 40.0906022, 1.814158 ], [ 40.1235612, 1.9677113 ], [ 40.1196154, 2.1670228 ] ] } },
{ "type": "Feature", "properties": { "@osmId": "way/204125663", "@snapshotTimestamp": "2015-01-01T00:00:00Z" }, "geometry": { "type": "LineString", "coordinates": [ [ 37.6387237, 0.6760408 ], [ 37.645492, 0.6644662 ] ] } },
{ "type": "Feature", "properties": { "@osmId": "way/204125652", "@snapshotTimestamp": "2015-01-01T00:00:00Z" }, "geometry": { "type": "LineString", "coordinates": [ [ 37.6384776, 0.6765167 ], [ 37.6387237, 0.6760408 ] ] } },
{ "type": "Feature", "properties": { "@osmId": "way/204125669", "@snapshotTimestamp": "2015-01-01T00:00:00Z" }, "geometry": { "type": "LineString", "coordinates": [ [ 37.6109928, 0.7090464 ], [ 37.6384776, 0.6765167 ] ] } },
{ "type": "Feature", "properties": { "@osmId": "way/234348220", "@snapshotTimestamp": "2015-01-01T00:00:00Z" }, "geometry": { "type": "LineString", "coordinates": [ [ 37.7230515, 1.4068623 ], [ 37.6642491, 1.2238715 ], [ 37.5838787, 1.1851472 ], [ 37.5988755, 1.1312481 ] ] } },
{ "type": "Feature", "properties": { "@osmId": "way/234348221", "@snapshotTimestamp": "2015-01-01T00:00:00Z" }, "geometry": { "type": "LineString", "coordinates": [ [ 37.7230691, 1.4081759 ], [ 37.7230515, 1.4068623 ] ] } },
{ "type": "Feature", "properties": { "@osmId": "way/180648115", "@snapshotTimestamp": "2015-01-01T00:00:00Z" }, "geometry": { "type": "LineString", "coordinates": [ [ 37.7230789, 1.4088111 ], [ 37.7230691, 1.4081759 ] ] } },
{ "type": "Feature", "properties": { "@osmId": "way/210271864", "@snapshotTimestamp": "2015-01-01T00:00:00Z" }, "geometry": { "type": "LineString", "coordinates": [ [ 37.7278859, 1.4502954 ], [ 37.7230789, 1.4088111 ] ] } },
{ "type": "Feature", "properties": { "@osmId": "way/210271865", "@snapshotTimestamp": "2015-01-01T00:00:00Z" }, "geometry": { "type": "LineString", "coordinates": [ [ 37.7280298, 1.4505841 ], [ 37.7278859, 1.4502954 ] ] } },
{ "type": "Feature", "properties": { "@osmId": "way/210271872", "@snapshotTimestamp": "2015-01-01T00:00:00Z" }, "geometry": { "type": "LineString", "coordinates": [ [ 37.7901868, 1.5728515 ], [ 37.7280298, 1.4505841 ] ] } },
{ "type": "Feature", "properties": { "@osmId": "way/210271866", "@snapshotTimestamp": "2015-01-01T00:00:00Z" }, "geometry": { "type": "LineString", "coordinates": [ [ 37.7902775, 1.5733288 ], [ 37.7901868, 1.5728515 ] ] } },
{ "type": "Feature", "properties": { "@osmId": "way/210271873", "@snapshotTimestamp": "2015-01-01T00:00:00Z" }, "geometry": { "type": "LineString", "coordinates": [ [ 37.8609119, 1.835794 ], [ 37.8327322, 1.6664131 ], [ 37.7902775, 1.5733288 ] ] } },
{ "type": "Feature", "properties": { "@osmId": "way/210271869", "@snapshotTimestamp": "2015-01-01T00:00:00Z" }, "geometry": { "type": "LineString", "coordinates": [ [ 37.8609693, 1.8363984 ], [ 37.8609119, 1.835794 ] ] } },
{ "type": "Feature", "properties": { "@osmId": "way/210271877", "@snapshotTimestamp": "2015-01-01T00:00:00Z" }, "geometry": { "type": "LineString", "coordinates": [ [ 37.8854283, 2.1190856 ], [ 37.9161574, 1.9882999 ], [ 37.8609693, 1.8363984 ] ] } },
{ "type": "Feature", "properties": { "@osmId": "way/210271867", "@snapshotTimestamp": "2015-01-01T00:00:00Z" }, "geometry": { "type": "LineString", "coordinates": [ [ 37.8851598, 2.119993 ], [ 37.8854283, 2.1190856 ] ] } },
{ "type": "Feature", "properties": { "@osmId": "way/210432078", "@snapshotTimestamp": "2015-01-01T00:00:00Z" }, "geometry": { "type": "LineString", "coordinates": [ [ 37.9038825, 2.2709333 ], [ 37.8735246, 2.1801988 ], [ 37.8851598, 2.119993 ] ] } },
{ "type": "Feature", "properties": { "@osmId": "way/210432076", "@snapshotTimestamp": "2015-01-01T00:00:00Z" }, "geometry": { "type": "LineString", "coordinates": [ [ 37.9040797, 2.2712904 ], [ 37.9038825, 2.2709333 ] ] } },
{ "type": "Feature", "properties": { "@osmId": "way/210271874", "@snapshotTimestamp": "2015-01-01T00:00:00Z" }, "geometry": { "type": "LineString", "coordinates": [ [ 37.9139172, 2.2876692 ], [ 37.9040797, 2.2712904 ] ] } },
{ "type": "Feature", "properties": { "@osmId": "way/210271870", "@snapshotTimestamp": "2015-01-01T00:00:00Z" }, "geometry": { "type": "LineString", "coordinates": [ [ 37.9143555, 2.288117 ], [ 37.9139172, 2.2876692 ] ] } },
{ "type": "Feature", "properties": { "@osmId": "way/39087426", "@snapshotTimestamp": "2015-01-01T00:00:00Z" }, "geometry": { "type": "LineString", "coordinates": [ [ 37.9951194, 2.3497989 ], [ 37.9412665, 2.5573449 ], [ 37.7952278, 2.6436963 ] ] } },
{ "type": "Feature", "properties": { "@osmId": "way/210271871", "@snapshotTimestamp": "2015-01-01T00:00:00Z" }, "geometry": { "type": "LineString", "coordinates": [ [ 38.0878861, 2.7494018 ], [ 38.0547224, 2.5936092 ], [ 38.0562773, 2.4067672 ], [ 37.9886963, 2.3303056 ], [ 37.9501219, 2.3263698 ], [ 37.9143555, 2.288117 ] ] } },
{ "type": "Feature", "properties": { "@osmId": "way/315421169", "@snapshotTimestamp": "2015-01-01T00:00:00Z" }, "geometry": { "type": "LineString", "coordinates": [ [ 40.0573919, 1.7504752 ], [ 40.0583969, 1.7483715 ] ] } },
{ "type": "Feature", "properties": { "@osmId": "way/237355887", "@snapshotTimestamp": "2015-01-01T00:00:00Z" }, "geometry": { "type": "LineString", "coordinates": [ [ 40.0572362, 1.7505226 ], [ 40.0572562, 1.7507426 ], [ 40.0574661, 1.7507251 ], [ 40.0574401, 1.7504978 ], [ 40.0572362, 1.7505226 ] ] } },
{ "type": "Feature", "properties": { "@osmId": "way/243438289", "@snapshotTimestamp": "2015-01-01T00:00:00Z" }, "geometry": { "type": "LineString", "coordinates": [ [ 40.0572004, 1.7506003 ], [ 39.9608141, 1.7665528 ], [ 39.8248794, 1.8904383 ] ] } },
{ "type": "Feature", "properties": { "@osmId": "way/26839016", "@snapshotTimestamp": "2015-01-01T00:00:00Z" }, "geometry": { "type": "LineString", "coordinates": [ [ 39.8248794, 1.8904383 ], [ 39.7940581, 2.0234451 ], [ 39.8085482, 2.1214723 ], [ 39.7828065, 2.2026718 ], [ 39.7558705, 2.2187261 ] ] } },
{ "type": "Feature", "properties": { "@osmId": "way/242699986", "@snapshotTimestamp": "2015-01-01T00:00:00Z" }, "geometry": { "type": "LineString", "coordinates": [ [ 40.1196154, 2.1670228 ], [ 40.1221638, 2.2103927 ] ] } },
{ "type": "Feature", "properties": { "@osmId": "way/26839012", "@snapshotTimestamp": "2015-01-01T00:00:00Z" }, "geometry": { "type": "LineString", "coordinates": [ [ 39.7558705, 2.2187261 ], [ 39.7259962, 2.2879693 ], [ 39.6632493, 2.3446642 ] ] } },
{ "type": "Feature", "properties": { "@osmId": "way/242699987", "@snapshotTimestamp": "2015-01-01T00:00:00Z" }, "geometry": { "type": "LineString", "coordinates": [ [ 40.1221638, 2.2103927 ], [ 40.2814896, 2.2720298 ], [ 40.3247483, 2.2660263 ], [ 40.3985627, 2.3260596 ], [ 40.4390748, 2.3149107 ], [ 40.5757269, 2.3783508 ], [ 40.876468, 2.617955 ], [ 40.938781, 2.7918257 ] ] } },
{ "type": "Feature", "properties": { "@osmId": "way/242698025", "@snapshotTimestamp": "2015-01-01T00:00:00Z" }, "geometry": { "type": "LineString", "coordinates": [ [ 40.938781, 2.7918257 ], [ 40.930713, 2.8177155 ] ] } },
{ "type": "Feature", "properties": { "@osmId": "way/242698026", "@snapshotTimestamp": "2015-01-01T00:00:00Z" }, "geometry": { "type": "MultiLineString", "coordinates": [ [ [ 40.930713, 2.8177155 ], [ 40.9362061, 2.9140685 ], [ 40.8673699, 3.182681 ], [ 40.8745797, 3.3125913 ], [ 40.9097703, 3.3929627 ], [ 40.9646046, 3.4347436 ], [ 40.9740341, 3.569187 ], [ 41.0189346, 3.6507001 ], [ 41.1050614, 3.724425 ], [ 41.220061308130312, 3.92 ] ], [ [ 41.32668822533627, 3.92 ], [ 41.5574468, 3.8755149 ], [ 41.800288048096064, 3.92 ] ] ] } },
{ "type": "Feature", "properties": { "@osmId": "way/26839018", "@snapshotTimestamp": "2015-01-01T00:00:00Z" }, "geometry": { "type": "LineString", "coordinates": [ [ 39.6632493, 2.3446642 ], [ 39.568689, 2.4962992 ] ] } },
{ "type": "Feature", "properties": { "@osmId": "way/26839009", "@snapshotTimestamp": "2015-01-01T00:00:00Z" }, "geometry": { "type": "LineString", "coordinates": [ [ 39.568689, 2.4962992 ], [ 39.5927757, 2.5501049 ], [ 39.5798863, 2.6107446 ] ] } },
{ "type": "Feature", "properties": { "@osmId": "way/26839019", "@snapshotTimestamp": "2015-01-01T00:00:00Z" }, "geometry": { "type": "LineString", "coordinates": [ [ 39.5798863, 2.6107446 ], [ 39.5543943, 2.7087079 ] ] } },
{ "type": "Feature", "properties": { "@osmId": "way/26839017", "@snapshotTimestamp": "2015-01-01T00:00:00Z" }, "geometry": { "type": "LineString", "coordinates": [ [ 39.5543943, 2.7087079 ], [ 39.5317857, 2.7654532 ], [ 39.4850054, 2.8012889 ] ] } },
{ "type": "Feature", "properties": { "@osmId": "way/26839025", "@snapshotTimestamp": "2015-01-01T00:00:00Z" }, "geometry": { "type": "LineString", "coordinates": [ [ 39.4850054, 2.8012889 ], [ 39.4257563, 2.9017902 ] ] } },
{ "type": "Feature", "properties": { "@osmId": "way/26839022", "@snapshotTimestamp": "2015-01-01T00:00:00Z" }, "geometry": { "type": "LineString", "coordinates": [ [ 39.4257563, 2.9017902 ], [ 39.3411954, 2.9576617 ], [ 39.3006503, 3.0186594 ] ] } },
{ "type": "Feature", "properties": { "@osmId": "way/26839021", "@snapshotTimestamp": "2015-01-01T00:00:00Z" }, "geometry": { "type": "LineString", "coordinates": [ [ 39.3006503, 3.0186594 ], [ 39.2510938, 3.1533482 ] ] } },
{ "type": "Feature", "properties": { "@osmId": "way/26839026", "@snapshotTimestamp": "2015-01-01T00:00:00Z" }, "geometry": { "type": "LineString", "coordinates": [ [ 39.2510938, 3.1533482 ], [ 39.2174697, 3.232239 ] ] } },
{ "type": "Feature", "properties": { "@osmId": "way/26839029", "@snapshotTimestamp": "2015-01-01T00:00:00Z" }, "geometry": { "type": "LineString", "coordinates": [ [ 39.2174697, 3.232239 ], [ 39.2178145, 3.3286916 ] ] } },
{ "type": "Feature", "properties": { "@osmId": "way/26839027", "@snapshotTimestamp": "2015-01-01T00:00:00Z" }, "geometry": { "type": "LineString", "coordinates": [ [ 39.2178145, 3.3286916 ], [ 39.1583583, 3.4043344 ] ] } },
{ "type": "Feature", "properties": { "@osmId": "way/198637982", "@snapshotTimestamp": "2015-01-01T00:00:00Z" }, "geometry": { "type": "LineString", "coordinates": [ [ 37.7952278, 2.6436963 ], [ 37.7954319, 2.6467716 ] ] } },
{ "type": "Feature", "properties": { "@osmId": "way/225239566", "@snapshotTimestamp": "2015-01-01T00:00:00Z" }, "geometry": { "type": "LineString", "coordinates": [ [ 37.7954319, 2.6467716 ], [ 37.7952962, 2.6472686 ] ] } },
{ "type": "Feature", "properties": { "@osmId": "way/210271868", "@snapshotTimestamp": "2015-01-01T00:00:00Z" }, "geometry": { "type": "LineString", "coordinates": [ [ 38.0879851, 2.7495688 ], [ 38.0878861, 2.7494018 ] ] } },
{ "type": "Feature", "properties": { "@osmId": "way/225239565", "@snapshotTimestamp": "2015-01-01T00:00:00Z" }, "geometry": { "type": "LineString", "coordinates": [ [ 37.7952962, 2.6472686 ], [ 37.8042077, 2.6736849 ], [ 37.7761092, 2.7046732 ], [ 37.7482171, 2.8325715 ], [ 37.6953536, 2.8998131 ], [ 37.6343333, 2.9236253 ] ] } },
{ "type": "Feature", "properties": { "@osmId": "way/210271875", "@snapshotTimestamp": "2015-01-01T00:00:00Z" }, "geometry": { "type": "LineString", "coordinates": [ [ 38.1482789, 2.9188433 ], [ 38.0879851, 2.7495688 ] ] } },
{ "type": "Feature", "properties": { "@osmId": "way/210271876", "@snapshotTimestamp": "2015-01-01T00:00:00Z" }, "geometry": { "type": "LineString", "coordinates": [ [ 38.1812109, 2.9545677 ], [ 38.1482789, 2.9188433 ] ] } },
{ "type": "Feature", "properties": { "@osmId": "way/38402747", "@snapshotTimestamp": "2015-01-01T00:00:00Z" }, "geometry": { "type": "LineString", "coordinates": [ [ 38.2513353, 3.0920186 ], [ 38.1812109, 2.9545677 ] ] } },
{ "type": "Feature", "properties": { "@osmId": "way/24026974", "@snapshotTimestamp": "2015-01-01T00:00:00Z" }, "geometry": { "type": "LineString", "coordinates": [ [ 38.4703495, 3.4029916 ], [ 38.4613684, 3.3340756 ], [ 38.3804774, 3.3090475 ], [ 38.2513353, 3.0920186 ] ] } },
{ "type": "Feature", "properties": { "@osmId": "way/33197617", "@snapshotTimestamp": "2015-01-01T00:00:00Z" }, "geometry": { "type": "LineString", "coordinates": [ [ 38.4703495, 3.4029916 ], [ 38.5119744, 3.4432311 ] ] } },
{ "type": "Feature", "properties": { "@osmId": "way/109022116", "@snapshotTimestamp": "2015-01-01T00:00:00Z" }, "geometry": { "type": "LineString", "coordinates": [ [ 39.0619731, 3.3374954 ], [ 39.0947705, 3.4711484 ] ] } },
{ "type": "Feature", "properties": { "@osmId": "way/265437644", "@snapshotTimestamp": "2015-01-01T00:00:00Z" }, "geometry": { "type": "LineString", "coordinates": [ [ 38.5655858, 3.5170684 ], [ 38.7380481, 3.5078224 ], [ 38.9112544, 3.4661859 ], [ 38.9929652, 3.4266038 ], [ 39.0619731, 3.3374954 ] ] } },
{ "type": "Feature", "properties": { "@osmId": "way/26839030", "@snapshotTimestamp": "2015-01-01T00:00:00Z" }, "geometry": { "type": "LineString", "coordinates": [ [ 39.1583583, 3.4043344 ], [ 39.0947705, 3.4711484 ] ] } },
{ "type": "Feature", "properties": { "@osmId": "way/208928253", "@snapshotTimestamp": "2015-01-01T00:00:00Z" }, "geometry": { "type": "LineString", "coordinates": [ [ 38.5119744, 3.4432311 ], [ 38.5122515, 3.4437532 ] ] } },
{ "type": "Feature", "properties": { "@osmId": "way/208928254", "@snapshotTimestamp": "2015-01-01T00:00:00Z" }, "geometry": { "type": "LineString", "coordinates": [ [ 38.5122515, 3.4437532 ], [ 38.5318827, 3.4954418 ] ] } },
{ "type": "Feature", "properties": { "@osmId": "way/265437646", "@snapshotTimestamp": "2015-01-01T00:00:00Z" }, "geometry": { "type": "LineString", "coordinates": [ [ 38.5318827, 3.4954418 ], [ 38.5319833, 3.4955514 ] ] } },
{ "type": "Feature", "properties": { "@osmId": "way/109022113", "@snapshotTimestamp": "2015-01-01T00:00:00Z" }, "geometry": { "type": "LineString", "coordinates": [ [ 39.0947705, 3.4711484 ], [ 39.0632689, 3.4842171 ], [ 39.052351262844759, 3.529788591092114 ] ] } },
{ "type": "Feature", "properties": { "@osmId": "way/265437648", "@snapshotTimestamp": "2015-01-01T00:00:00Z" }, "geometry": { "type": "LineString", "coordinates": [ [ 38.5319833, 3.4955514 ], [ 38.5655246, 3.5170752 ] ] } },
{ "type": "Feature", "properties": { "@osmId": "way/265437647", "@snapshotTimestamp": "2015-01-01T00:00:00Z" }, "geometry": { "type": "LineString", "coordinates": [ [ 38.5655246, 3.5170752 ], [ 38.5655858, 3.5170684 ] ] } },
{ "type": "Feature", "properties": { "@osmId": "way/223378010", "@snapshotTimestamp": "2015-01-01T00:00:00Z" }, "geometry": { "type": "LineString", "coordinates": [ [ 35.6873832, 0.9330369 ], [ 35.7299936, 0.9297499 ], [ 35.8139083, 0.8622166 ] ] } },
{ "type": "Feature", "properties": { "@osmId": "way/223378012", "@snapshotTimestamp": "2015-01-01T00:00:00Z" }, "geometry": { "type": "LineString", "coordinates": [ [ 35.6362175, 0.9564116 ], [ 35.692825, 0.9201642 ] ] } },
{ "type": "Feature", "properties": { "@osmId": "way/223378005", "@snapshotTimestamp": "2015-01-01T00:00:00Z" }, "geometry": { "type": "LineString", "coordinates": [ [ 35.622393, 0.948497 ], [ 35.6363715, 0.9569419 ] ] } },
{ "type": "Feature", "properties": { "@osmId": "way/223378002", "@snapshotTimestamp": "2015-01-01T00:00:00Z" }, "geometry": { "type": "LineString", "coordinates": [ [ 35.6363715, 0.9569419 ], [ 35.6362175, 0.9564116 ] ] } },
{ "type": "Feature", "properties": { "@osmId": "way/223378015", "@snapshotTimestamp": "2015-01-01T00:00:00Z" }, "geometry": { "type": "LineString", "coordinates": [ [ 35.7047075, 0.9943563 ], [ 35.692825, 0.9201642 ] ] } },
{ "type": "Feature", "properties": { "@osmId": "way/223378000", "@snapshotTimestamp": "2015-01-01T00:00:00Z" }, "geometry": { "type": "LineString", "coordinates": [ [ 35.705166, 0.9946298 ], [ 35.7047075, 0.9943563 ] ] } },
{ "type": "Feature", "properties": { "@osmId": "way/223377995", "@snapshotTimestamp": "2015-01-01T00:00:00Z" }, "geometry": { "type": "LineString", "coordinates": [ [ 35.7218849, 1.0218713 ], [ 35.705166, 0.9946298 ] ] } },
{ "type": "Feature", "properties": { "@osmId": "way/223378003", "@snapshotTimestamp": "2015-01-01T00:00:00Z" }, "geometry": { "type": "LineString", "coordinates": [ [ 35.7223779, 1.0222399 ], [ 35.7218849, 1.0218713 ] ] } },
{ "type": "Feature", "properties": { "@osmId": "way/223378004", "@snapshotTimestamp": "2015-01-01T00:00:00Z" }, "geometry": { "type": "LineString", "coordinates": [ [ 35.7364385, 1.0652215 ], [ 35.7223779, 1.0222399 ] ] } },
{ "type": "Feature", "properties": { "@osmId": "way/205346075", "@snapshotTimestamp": "2015-01-01T00:00:00Z" }, "geometry": { "type": "LineString", "coordinates": [ [ 35.6571202, 1.2008096 ], [ 35.613517, 1.0078936 ], [ 35.6224758, 0.9231962 ] ] } },
{ "type": "Feature", "properties": { "@osmId": "way/289384397", "@snapshotTimestamp": "2015-01-01T00:00:00Z" }, "geometry": { "type": "LineString", "coordinates": [ [ 35.2679765, 1.0147511 ], [ 35.3211468, 1.0385844 ], [ 35.3601623, 1.0132768 ] ] } },
{ "type": "Feature", "properties": { "@osmId": "way/292616765", "@snapshotTimestamp": "2015-01-01T00:00:00Z" }, "geometry": { "type": "LineString", "coordinates": [ [ 35.0928139, 1.0275511 ], [ 35.1207466, 1.0286318 ] ] } },
{ "type": "Feature", "properties": { "@osmId": "way/34358943", "@snapshotTimestamp": "2015-01-01T00:00:00Z" }, "geometry": { "type": "LineString", "coordinates": [ [ 35.1207466, 1.0286318 ], [ 35.121048, 1.0285726 ] ] } },
{ "type": "Feature", "properties": { "@osmId": "way/34358451", "@snapshotTimestamp": "2015-01-01T00:00:00Z" }, "geometry": { "type": "LineString", "coordinates": [ [ 35.121048, 1.0285726 ], [ 35.1932988, 1.0332234 ] ] } },
{ "type": "Feature", "properties": { "@osmId": "way/167978297", "@snapshotTimestamp": "2015-01-01T00:00:00Z" }, "geometry": { "type": "LineString", "coordinates": [ [ 35.0203049, 1.0202989 ], [ 35.099262, 1.1313572 ] ] } },
{ "type": "Feature", "properties": { "@osmId": "way/289864873", "@snapshotTimestamp": "2015-01-01T00:00:00Z" }, "geometry": { "type": "LineString", "coordinates": [ [ 35.099262, 1.1313572 ], [ 35.1091313, 1.1433965 ] ] } },
{ "type": "Feature", "properties": { "@osmId": "way/165736723", "@snapshotTimestamp": "2015-01-01T00:00:00Z" }, "geometry": { "type": "LineString", "coordinates": [ [ 35.0997988, 1.1860505 ], [ 35.1204812, 1.2374614 ] ] } },
{ "type": "Feature", "properties": { "@osmId": "way/165736730", "@snapshotTimestamp": "2015-01-01T00:00:00Z" }, "geometry": { "type": "LineString", "coordinates": [ [ 35.1204812, 1.2374614 ], [ 35.1155081, 1.2566062 ] ] } },
{ "type": "Feature", "properties": { "@osmId": "way/165736719", "@snapshotTimestamp": "2015-01-01T00:00:00Z" }, "geometry": { "type": "LineString", "coordinates": [ [ 35.094578, 1.2587738 ], [ 35.0958166, 1.2582247 ] ] } },
{ "type": "Feature", "properties": { "@osmId": "way/165736726", "@snapshotTimestamp": "2015-01-01T00:00:00Z" }, "geometry": { "type": "LineString", "coordinates": [ [ 35.0942361, 1.2589072 ], [ 35.094578, 1.2587738 ] ] } },
{ "type": "Feature", "properties": { "@osmId": "way/223377997", "@snapshotTimestamp": "2015-01-01T00:00:00Z" }, "geometry": { "type": "LineString", "coordinates": [ [ 35.7364545, 1.065499 ], [ 35.7364385, 1.0652215 ] ] } },
{ "type": "Feature", "properties": { "@osmId": "way/223378009", "@snapshotTimestamp": "2015-01-01T00:00:00Z" }, "geometry": { "type": "LineString", "coordinates": [ [ 35.7475937, 1.1288429 ], [ 35.7364545, 1.065499 ] ] } },
{ "type": "Feature", "properties": { "@osmId": "way/223377996", "@snapshotTimestamp": "2015-01-01T00:00:00Z" }, "geometry": { "type": "LineString", "coordinates": [ [ 35.747598, 1.1291206 ], [ 35.7475937, 1.1288429 ] ] } },
{ "type": "Feature", "properties": { "@osmId": "way/167166879", "@snapshotTimestamp": "2015-01-01T00:00:00Z" }, "geometry": { "type": "LineString", "coordinates": [ [ 35.7475596, 1.1401072 ], [ 35.747598, 1.1291206 ] ] } },
{ "type": "Feature", "properties": { "@osmId": "way/167166872", "@snapshotTimestamp": "2015-01-01T00:00:00Z" }, "geometry": { "type": "LineString", "coordinates": [ [ 35.7452169, 1.2108578 ], [ 35.7475596, 1.1401072 ] ] } },
{ "type": "Feature", "properties": { "@osmId": "way/230148413", "@snapshotTimestamp": "2015-01-01T00:00:00Z" }, "geometry": { "type": "LineString", "coordinates": [ [ 35.698202, 1.2129108 ], [ 35.7422589, 1.2066542 ] ] } },
{ "type": "Feature", "properties": { "@osmId": "way/33410360", "@snapshotTimestamp": "2015-01-01T00:00:00Z" }, "geometry": { "type": "LineString", "coordinates": [ [ 35.6571202, 1.2008096 ], [ 35.6978744, 1.2130939 ] ] } },
{ "type": "Feature", "properties": { "@osmId": "way/167036547", "@snapshotTimestamp": "2015-01-01T00:00:00Z" }, "geometry": { "type": "LineString", "coordinates": [ [ 35.7541934, 1.2143204 ], [ 35.7452169, 1.2108578 ] ] } },
{ "type": "Feature", "properties": { "@osmId": "way/230148414", "@snapshotTimestamp": "2015-01-01T00:00:00Z" }, "geometry": { "type": "LineString", "coordinates": [ [ 35.6978744, 1.2130939 ], [ 35.698202, 1.2129108 ] ] } },
{ "type": "Feature", "properties": { "@osmId": "way/203940535", "@snapshotTimestamp": "2015-01-01T00:00:00Z" }, "geometry": { "type": "LineString", "coordinates": [ [ 35.6555929, 1.2252849 ], [ 35.6571202, 1.2008096 ] ] } },
{ "type": "Feature", "properties": { "@osmId": "way/165736729", "@snapshotTimestamp": "2015-01-01T00:00:00Z" }, "geometry": { "type": "LineString", "coordinates": [ [ 35.0933022, 1.2593233 ], [ 35.0942361, 1.2589072 ] ] } },
{ "type": "Feature", "properties": { "@osmId": "way/289864870", "@snapshotTimestamp": "2015-01-01T00:00:00Z" }, "geometry": { "type": "LineString", "coordinates": [ [ 35.1091313, 1.1433965 ], [ 35.0836721, 1.2099627 ], [ 35.093427, 1.2566114 ], [ 35.172905, 1.2750851 ], [ 35.2529727, 1.3350386 ], [ 35.2748387, 1.3895358 ], [ 35.3293828, 1.4027175 ] ] } },
{ "type": "Feature", "properties": { "@osmId": "way/292040231", "@snapshotTimestamp": "2015-01-01T00:00:00Z" }, "geometry": { "type": "LineString", "coordinates": [ [ 35.0053735, 1.4658478 ], [ 35.0298151, 1.3508627 ], [ 35.0520009, 1.3524665 ], [ 35.0933022, 1.2593233 ] ] } },
{ "type": "Feature", "properties": { "@osmId": "way/167978298", "@snapshotTimestamp": "2015-01-01T00:00:00Z" }, "geometry": { "type": "LineString", "coordinates": [ [ 35.2118861, 1.309633 ], [ 35.1888237, 1.3736781 ], [ 35.2291562, 1.455873 ] ] } },
{ "type": "Feature", "properties": { "@osmId": "way/249561929", "@snapshotTimestamp": "2015-01-01T00:00:00Z" }, "geometry": { "type": "LineString", "coordinates": [ [ 35.3293828, 1.4027175 ], [ 35.3298561, 1.4024811 ] ] } },
{ "type": "Feature", "properties": { "@osmId": "way/167978299", "@snapshotTimestamp": "2015-01-01T00:00:00Z" }, "geometry": { "type": "LineString", "coordinates": [ [ 35.2291562, 1.455873 ], [ 35.2303419, 1.4603101 ] ] } },
{ "type": "Feature", "properties": { "@osmId": "way/173075678", "@snapshotTimestamp": "2015-01-01T00:00:00Z" }, "geometry": { "type": "LineString", "coordinates": [ [ 35.2303419, 1.4603101 ], [ 35.2305091, 1.4620356 ] ] } },
{ "type": "Feature", "properties": { "@osmId": "way/249561928", "@snapshotTimestamp": "2015-01-01T00:00:00Z" }, "geometry": { "type": "LineString", "coordinates": [ [ 35.3298561, 1.4024811 ], [ 35.4218044, 1.5284915 ] ] } },
{ "type": "Feature", "properties": { "@osmId": "way/173075672", "@snapshotTimestamp": "2015-01-01T00:00:00Z" }, "geometry": { "type": "LineString", "coordinates": [ [ 35.2305091, 1.4620356 ], [ 35.2306566, 1.4623883 ] ] } },
{ "type": "Feature", "properties": { "@osmId": "way/174953792", "@snapshotTimestamp": "2015-01-01T00:00:00Z" }, "geometry": { "type": "LineString", "coordinates": [ [ 35.2306566, 1.4623883 ], [ 35.2327399, 1.4669107 ] ] } },
{ "type": "Feature", "properties": { "@osmId": "way/167166877", "@snapshotTimestamp": "2015-01-01T00:00:00Z" }, "geometry": { "type": "LineString", "coordinates": [ [ 35.7542304, 1.214917 ], [ 35.7541934, 1.2143204 ] ] } },
{ "type": "Feature", "properties": { "@osmId": "way/203940534", "@snapshotTimestamp": "2015-01-01T00:00:00Z" }, "geometry": { "type": "LineString", "coordinates": [ [ 35.6555557, 1.2255301 ], [ 35.6555929, 1.2252849 ] ] } },
{ "type": "Feature", "properties": { "@osmId": "way/166969004", "@snapshotTimestamp": "2015-01-01T00:00:00Z" }, "geometry": { "type": "LineString", "coordinates": [ [ 35.6942321, 1.3699264 ], [ 35.7878207, 1.2883518 ], [ 35.7542304, 1.214917 ] ] } },
{ "type": "Feature", "properties": { "@osmId": "way/199412310", "@snapshotTimestamp": "2015-01-01T00:00:00Z" }, "geometry": { "type": "LineString", "coordinates": [ [ 35.6312722, 1.3622845 ], [ 35.6191444, 1.2876483 ], [ 35.6555557, 1.2255301 ] ] } },
{ "type": "Feature", "properties": { "@osmId": "way/199412309", "@snapshotTimestamp": "2015-01-01T00:00:00Z" }, "geometry": { "type": "LineString", "coordinates": [ [ 35.6312722, 1.3622845 ], [ 35.6937851, 1.369983 ] ] } },
{ "type": "Feature", "properties": { "@osmId": "way/166969003", "@snapshotTimestamp": "2015-01-01T00:00:00Z" }, "geometry": { "type": "LineString", "coordinates": [ [ 35.6937851, 1.369983 ], [ 35.6942321, 1.3699264 ] ] } },
{ "type": "Feature", "properties": { "@osmId": "way/101334093", "@snapshotTimestamp": "2015-01-01T00:00:00Z" }, "geometry": { "type": "LineString", "coordinates": [ [ 35.5595906, 1.404725 ], [ 35.6312722, 1.3622845 ] ] } },
{ "type": "Feature", "properties": { "@osmId": "way/230047893", "@snapshotTimestamp": "2015-01-01T00:00:00Z" }, "geometry": { "type": "LineString", "coordinates": [ [ 35.4889762, 1.4735221 ], [ 35.5595906, 1.404725 ] ] } },
{ "type": "Feature", "properties": { "@osmId": "way/230047890", "@snapshotTimestamp": "2015-01-01T00:00:00Z" }, "geometry": { "type": "LineString", "coordinates": [ [ 35.4891606, 1.4739112 ], [ 35.4889762, 1.4735221 ] ] } },
{ "type": "Feature", "properties": { "@osmId": "way/230047896", "@snapshotTimestamp": "2015-01-01T00:00:00Z" }, "geometry": { "type": "LineString", "coordinates": [ [ 35.4479616, 1.5301138 ], [ 35.4891606, 1.4739112 ] ] } },
{ "type": "Feature", "properties": { "@osmId": "way/222729558", "@snapshotTimestamp": "2015-01-01T00:00:00Z" }, "geometry": { "type": "LineString", "coordinates": [ [ 35.8139083, 0.8622166 ], [ 35.8254415, 0.753103 ] ] } },
{ "type": "Feature", "properties": { "@osmId": "way/223378007", "@snapshotTimestamp": "2015-01-01T00:00:00Z" }, "geometry": { "type": "LineString", "coordinates": [ [ 35.8171693, 0.8741884 ], [ 35.8139083, 0.8622166 ] ] } },
{ "type": "Feature", "properties": { "@osmId": "way/230148416", "@snapshotTimestamp": "2015-01-01T00:00:00Z" }, "geometry": { "type": "LineString", "coordinates": [ [ 35.9708569, 1.0028816 ], [ 36.0298473, 0.9358781 ] ] } },
{ "type": "Feature", "properties": { "@osmId": "way/230148415", "@snapshotTimestamp": "2015-01-01T00:00:00Z" }, "geometry": { "type": "LineString", "coordinates": [ [ 35.9714001, 1.0033595 ], [ 35.9708569, 1.0028816 ] ] } },
{ "type": "Feature", "properties": { "@osmId": "way/230047927", "@snapshotTimestamp": "2015-01-01T00:00:00Z" }, "geometry": { "type": "LineString", "coordinates": [ [ 36.0974828, 1.1647641 ], [ 36.004846, 0.9617584 ] ] } },
{ "type": "Feature", "properties": { "@osmId": "way/230239315", "@snapshotTimestamp": "2015-01-01T00:00:00Z" }, "geometry": { "type": "LineString", "coordinates": [ [ 35.752992, 1.2112679 ], [ 35.8176401, 1.171833 ], [ 35.897116, 1.169971 ], [ 35.9753861, 1.0470092 ], [ 35.9714001, 1.0033595 ] ] } },
{ "type": "Feature", "properties": { "@osmId": "way/230047934", "@snapshotTimestamp": "2015-01-01T00:00:00Z" }, "geometry": { "type": "LineString", "coordinates": [ [ 36.0974692, 1.1651854 ], [ 36.0974828, 1.1647641 ] ] } },
{ "type": "Feature", "properties": { "@osmId": "way/101333019", "@snapshotTimestamp": "2015-01-01T00:00:00Z" }, "geometry": { "type": "LineString", "coordinates": [ [ 36.1028672, 1.2778518 ], [ 36.0974692, 1.1651854 ] ] } },
{ "type": "Feature", "properties": { "@osmId": "way/205346073", "@snapshotTimestamp": "2015-01-01T00:00:00Z" }, "geometry": { "type": "LineString", "coordinates": [ [ 36.1028672, 1.2778518 ], [ 36.0803112, 1.3651774 ], [ 36.0071913, 1.4276081 ] ] } },
{ "type": "Feature", "properties": { "@osmId": "way/165630962", "@snapshotTimestamp": "2015-01-01T00:00:00Z" }, "geometry": { "type": "LineString", "coordinates": [ [ 35.7859881, 2.172401 ], [ 35.9297593, 2.0022595 ], [ 35.9923487, 1.998863 ], [ 36.0378898, 1.9551517 ] ] } },
{ "type": "Feature", "properties": { "@osmId": "way/230047892", "@snapshotTimestamp": "2015-01-01T00:00:00Z" }, "geometry": { "type": "LineString", "coordinates": [ [ 35.4479394, 1.5306799 ], [ 35.4479616, 1.5301138 ] ] } },
{ "type": "Feature", "properties": { "@osmId": "way/40815537", "@snapshotTimestamp": "2015-01-01T00:00:00Z" }, "geometry": { "type": "LineString", "coordinates": [ [ 35.444674, 1.5322002 ], [ 35.4479394, 1.5306799 ] ] } },
{ "type": "Feature", "properties": { "@osmId": "way/101334094", "@snapshotTimestamp": "2015-01-01T00:00:00Z" }, "geometry": { "type": "LineString", "coordinates": [ [ 35.5808451, 1.4018148 ], [ 35.7743511, 1.6239534 ], [ 35.7716663, 1.6935406 ] ] } },
{ "type": "Feature", "properties": { "@osmId": "way/166969000", "@snapshotTimestamp": "2015-01-01T00:00:00Z" }, "geometry": { "type": "LineString", "coordinates": [ [ 35.444674, 1.5322002 ], [ 35.4646286, 1.5840363 ] ] } },
{ "type": "Feature", "properties": { "@osmId": "way/103124714", "@snapshotTimestamp": "2015-01-01T00:00:00Z" }, "geometry": { "type": "LineString", "coordinates": [ [ 35.4646286, 1.5840363 ], [ 35.4959848, 1.7713524 ] ] } },
{ "type": "Feature", "properties": { "@osmId": "way/276342418", "@snapshotTimestamp": "2015-01-01T00:00:00Z" }, "geometry": { "type": "LineString", "coordinates": [ [ 35.4959848, 1.7713524 ], [ 35.4967925, 1.7716177 ] ] } },
{ "type": "Feature", "properties": { "@osmId": "way/33402104", "@snapshotTimestamp": "2015-01-01T00:00:00Z" }, "geometry": { "type": "LineString", "coordinates": [ [ 35.5274007, 1.9387158 ], [ 35.5606666, 1.84701 ], [ 35.4967925, 1.7716177 ] ] } },
{ "type": "Feature", "properties": { "@osmId": "way/165630961", "@snapshotTimestamp": "2015-01-01T00:00:00Z" }, "geometry": { "type": "LineString", "coordinates": [ [ 35.4954844, 2.1319991 ], [ 35.4832137, 2.0904067 ], [ 35.4949052, 2.0453637 ], [ 35.5276912, 2.0251598 ], [ 35.5274007, 1.9387158 ] ] } },
{ "type": "Feature", "properties": { "@osmId": "way/165630959", "@snapshotTimestamp": "2015-01-01T00:00:00Z" }, "geometry": { "type": "LineString", "coordinates": [ [ 35.4975912, 2.1374749 ], [ 35.4954844, 2.1319991 ] ] } },
{ "type": "Feature", "properties": { "@osmId": "way/165630974", "@snapshotTimestamp": "2015-01-01T00:00:00Z" }, "geometry": { "type": "LineString", "coordinates": [ [ 35.7743345, 2.1900447 ], [ 35.7859881, 2.172401 ] ] } },
{ "type": "Feature", "properties": { "@osmId": "way/292040868", "@snapshotTimestamp": "2015-01-01T00:00:00Z" }, "geometry": { "type": "LineString", "coordinates": [ [ 35.2327399, 1.4669107 ], [ 35.2613223, 1.4989241 ] ] } },
{ "type": "Feature", "properties": { "@osmId": "way/302749684", "@snapshotTimestamp": "2015-01-01T00:00:00Z" }, "geometry": { "type": "LineString", "coordinates": [ [ 35.4057195, 1.5036383 ], [ 35.4068027, 1.4991549 ] ] } },
{ "type": "Feature", "properties": { "@osmId": "way/166377953", "@snapshotTimestamp": "2015-01-01T00:00:00Z" }, "geometry": { "type": "LineString", "coordinates": [ [ 35.4218044, 1.5284915 ], [ 35.422169, 1.5286648 ] ] } },
{ "type": "Feature", "properties": { "@osmId": "way/166377950", "@snapshotTimestamp": "2015-01-01T00:00:00Z" }, "geometry": { "type": "LineString", "coordinates": [ [ 35.422169, 1.5286648 ], [ 35.444674, 1.5322002 ] ] } },
{ "type": "Feature", "properties": { "@osmId": "way/165752724", "@snapshotTimestamp": "2015-01-01T00:00:00Z" }, "geometry": { "type": "LineString", "coordinates": [ [ 35.051231, 1.7914398 ], [ 35.0524575, 1.7716581 ] ] } },
{ "type": "Feature", "properties": { "@osmId": "way/33403228", "@snapshotTimestamp": "2015-01-01T00:00:00Z" }, "geometry": { "type": "LineString", "coordinates": [ [ 35.0510941, 1.7943234 ], [ 35.051231, 1.7914398 ] ] } },
{ "type": "Feature", "properties": { "@osmId": "way/166955328", "@snapshotTimestamp": "2015-01-01T00:00:00Z" }, "geometry": { "type": "LineString", "coordinates": [ [ 35.060035, 1.8739594 ], [ 35.0403843, 1.8483941 ] ] } },
{ "type": "Feature", "properties": { "@osmId": "way/166955329", "@snapshotTimestamp": "2015-01-01T00:00:00Z" }, "geometry": { "type": "LineString", "coordinates": [ [ 35.0601339, 1.8742256 ], [ 35.060035, 1.8739594 ] ] } },
{ "type": "Feature", "properties": { "@osmId": "way/166918154", "@snapshotTimestamp": "2015-01-01T00:00:00Z" }, "geometry": { "type": "LineString", "coordinates": [ [ 35.0514874, 2.0595353 ], [ 35.0557756, 2.040729 ] ] } },
{ "type": "Feature", "properties": { "@osmId": "way/198469181", "@snapshotTimestamp": "2015-01-01T00:00:00Z" }, "geometry": { "type": "LineString", "coordinates": [ [ 35.2467276, 2.8773887 ], [ 35.022805, 2.8371482 ] ] } },
{ "type": "Feature", "properties": { "@osmId": "way/165630960", "@snapshotTimestamp": "2015-01-01T00:00:00Z" }, "geometry": { "type": "LineString", "coordinates": [ [ 35.6428002, 2.3709123 ], [ 35.5836392, 2.3134864 ], [ 35.5471665, 2.1990401 ], [ 35.4975912, 2.1374749 ] ] } },
{ "type": "Feature", "properties": { "@osmId": "way/165630984", "@snapshotTimestamp": "2015-01-01T00:00:00Z" }, "geometry": { "type": "LineString", "coordinates": [ [ 35.6536793, 2.3816865 ], [ 35.7743345, 2.1900447 ] ] } },
{ "type": "Feature", "properties": { "@osmId": "way/165630957", "@snapshotTimestamp": "2015-01-01T00:00:00Z" }, "geometry": { "type": "LineString", "coordinates": [ [ 35.6447922, 2.3756444 ], [ 35.6428002, 2.3709123 ] ] } },
{ "type": "Feature", "properties": { "@osmId": "way/165630955", "@snapshotTimestamp": "2015-01-01T00:00:00Z" }, "geometry": { "type": "LineString", "coordinates": [ [ 35.6455126, 2.3773557 ], [ 35.6447922, 2.3756444 ] ] } },
{ "type": "Feature", "properties": { "@osmId": "way/165630956", "@snapshotTimestamp": "2015-01-01T00:00:00Z" }, "geometry": { "type": "LineString", "coordinates": [ [ 35.6456362, 2.3776492 ], [ 35.6455126, 2.3773557 ] ] } },
{ "type": "Feature", "properties": { "@osmId": "way/165630970", "@snapshotTimestamp": "2015-01-01T00:00:00Z" }, "geometry": { "type": "LineString", "coordinates": [ [ 35.6456362, 2.3776492 ], [ 35.6536793, 2.3816865 ] ] } },
{ "type": "Feature", "properties": { "@osmId": "way/199249583", "@snapshotTimestamp": "2015-01-01T00:00:00Z" }, "geometry": { "type": "LineString", "coordinates": [ [ 35.6455725, 2.3820556 ], [ 35.6456362, 2.3776492 ] ] } },
{ "type": "Feature", "properties": { "@osmId": "way/199249582", "@snapshotTimestamp": "2015-01-01T00:00:00Z" }, "geometry": { "type": "LineString", "coordinates": [ [ 35.6447584, 2.3834098 ], [ 35.6455725, 2.3820556 ] ] } },
{ "type": "Feature", "properties": { "@osmId": "way/33410233", "@snapshotTimestamp": "2015-01-01T00:00:00Z" }, "geometry": { "type": "LineString", "coordinates": [ [ 35.6477701, 2.3957104 ], [ 35.6447584, 2.3834098 ] ] } },
{ "type": "Feature", "properties": { "@osmId": "way/203940523", "@snapshotTimestamp": "2015-01-01T00:00:00Z" }, "geometry": { "type": "LineString", "coordinates": [ [ 35.6369865, 2.7061865 ], [ 35.6589552, 2.5324299 ], [ 35.6477701, 2.3957104 ] ] } },
{ "type": "Feature", "properties": { "@osmId": "way/203940527", "@snapshotTimestamp": "2015-01-01T00:00:00Z" }, "geometry": { "type": "LineString", "coordinates": [ [ 35.6369816, 2.7070475 ], [ 35.6369865, 2.7061865 ] ] } },
{ "type": "Feature", "properties": { "@osmId": "way/203940531", "@snapshotTimestamp": "2015-01-01T00:00:00Z" }, "geometry": { "type": "LineString", "coordinates": [ [ 35.6423225, 2.7186883 ], [ 35.6369816, 2.7070475 ] ] } },
{ "type": "Feature", "properties": { "@osmId": "way/203940528", "@snapshotTimestamp": "2015-01-01T00:00:00Z" }, "geometry": { "type": "LineString", "coordinates": [ [ 35.6424746, 2.7191594 ], [ 35.6423225, 2.7186883 ] ] } },
{ "type": "Feature", "properties": { "@osmId": "way/203940532", "@snapshotTimestamp": "2015-01-01T00:00:00Z" }, "geometry": { "type": "LineString", "coordinates": [ [ 35.6469759, 2.7399615 ], [ 35.6424746, 2.7191594 ] ] } },
{ "type": "Feature", "properties": { "@osmId": "way/203940529", "@snapshotTimestamp": "2015-01-01T00:00:00Z" }, "geometry": { "type": "LineString", "coordinates": [ [ 35.646416, 2.7439009 ], [ 35.6469759, 2.7399615 ] ] } },
{ "type": "Feature", "properties": { "@osmId": "way/203940525", "@snapshotTimestamp": "2015-01-01T00:00:00Z" }, "geometry": { "type": "LineString", "coordinates": [ [ 35.6460199, 2.7442338 ], [ 35.646416, 2.7439009 ] ] } },
{ "type": "Feature", "properties": { "@osmId": "way/203940533", "@snapshotTimestamp": "2015-01-01T00:00:00Z" }, "geometry": { "type": "LineString", "coordinates": [ [ 35.6424695, 2.7617621 ], [ 35.6460199, 2.7442338 ] ] } },
{ "type": "Feature", "properties": { "@osmId": "way/203940524", "@snapshotTimestamp": "2015-01-01T00:00:00Z" }, "geometry": { "type": "LineString", "coordinates": [ [ 35.6423587, 2.7620941 ], [ 35.6424695, 2.7617621 ] ] } },
{ "type": "Feature", "properties": { "@osmId": "way/203940530", "@snapshotTimestamp": "2015-01-01T00:00:00Z" }, "geometry": { "type": "LineString", "coordinates": [ [ 35.6400454, 2.7648751 ], [ 35.6423587, 2.7620941 ] ] } },
{ "type": "Feature", "properties": { "@osmId": "way/203940526", "@snapshotTimestamp": "2015-01-01T00:00:00Z" }, "geometry": { "type": "LineString", "coordinates": [ [ 35.6396998, 2.7650432 ], [ 35.6400454, 2.7648751 ] ] } },
{ "type": "Feature", "properties": { "@osmId": "way/33402109", "@snapshotTimestamp": "2015-01-01T00:00:00Z" }, "geometry": { "type": "LineString", "coordinates": [ [ 34.8564737, 1.0734422 ], [ 34.9123194, 1.0558328 ] ] } },
{ "type": "Feature", "properties": { "@osmId": "way/177372013", "@snapshotTimestamp": "2015-01-01T00:00:00Z" }, "geometry": { "type": "LineString", "coordinates": [ [ 34.745957966391899, 1.21486258088761 ], [ 34.823631, 1.193732 ], [ 34.8564737, 1.0734422 ] ] } },
{ "type": "Feature", "properties": { "@osmId": "way/165736721", "@snapshotTimestamp": "2015-01-01T00:00:00Z" }, "geometry": { "type": "LineString", "coordinates": [ [ 35.0104588, 1.4789337 ], [ 35.0053735, 1.4658478 ] ] } },
{ "type": "Feature", "properties": { "@osmId": "way/249561932", "@snapshotTimestamp": "2015-01-01T00:00:00Z" }, "geometry": { "type": "LineString", "coordinates": [ [ 35.0107933, 1.4789371 ], [ 35.0104588, 1.4789337 ] ] } },
{ "type": "Feature", "properties": { "@osmId": "way/33401977", "@snapshotTimestamp": "2015-01-01T00:00:00Z" }, "geometry": { "type": "LineString", "coordinates": [ [ 35.0524575, 1.7716581 ], [ 35.0303725, 1.7257249 ], [ 35.0627709, 1.6392665 ], [ 34.9713319, 1.5574309 ], [ 35.0107933, 1.4789371 ] ] } },
{ "type": "Feature", "properties": { "@osmId": "way/165752716", "@snapshotTimestamp": "2015-01-01T00:00:00Z" }, "geometry": { "type": "LineString", "coordinates": [ [ 35.0267402, 1.8347113 ], [ 35.0510941, 1.7943234 ] ] } },
{ "type": "Feature", "properties": { "@osmId": "way/204503072", "@snapshotTimestamp": "2015-01-01T00:00:00Z" }, "geometry": { "type": "LineString", "coordinates": [ [ 35.0372149, 1.8466465 ], [ 35.0267402, 1.8347113 ] ] } },
{ "type": "Feature", "properties": { "@osmId": "way/204503070", "@snapshotTimestamp": "2015-01-01T00:00:00Z" }, "geometry": { "type": "LineString", "coordinates": [ [ 35.0374343, 1.846932 ], [ 35.0372149, 1.8466465 ] ] } },
{ "type": "Feature", "properties": { "@osmId": "way/204503071", "@snapshotTimestamp": "2015-01-01T00:00:00Z" }, "geometry": { "type": "LineString", "coordinates": [ [ 35.0376306, 1.8471229 ], [ 35.0374343, 1.846932 ] ] } },
{ "type": "Feature", "properties": { "@osmId": "way/165752721", "@snapshotTimestamp": "2015-01-01T00:00:00Z" }, "geometry": { "type": "LineString", "coordinates": [ [ 35.0403843, 1.8483941 ], [ 35.0376306, 1.8471229 ] ] } },
{ "type": "Feature", "properties": { "@osmId": "way/33402144", "@snapshotTimestamp": "2015-01-01T00:00:00Z" }, "geometry": { "type": "LineString", "coordinates": [ [ 34.5214739, 0.7688242 ], [ 34.5037141, 0.7552513 ] ] } },
{ "type": "Feature", "properties": { "@osmId": "way/34358217", "@snapshotTimestamp": "2015-01-01T00:00:00Z" }, "geometry": { "type": "LineString", "coordinates": [ [ 34.6256607, 0.7525134 ], [ 34.7198781, 0.7834826 ] ] } },
{ "type": "Feature", "properties": { "@osmId": "way/33402469", "@snapshotTimestamp": "2015-01-01T00:00:00Z" }, "geometry": { "type": "LineString", "coordinates": [ [ 34.7198781, 0.7834826 ], [ 34.7404337, 0.7855189 ] ] } },
{ "type": "Feature", "properties": { "@osmId": "way/198653196", "@snapshotTimestamp": "2015-01-01T00:00:00Z" }, "geometry": { "type": "LineString", "coordinates": [ [ 34.7292614, 3.7512191 ], [ 34.7293763, 3.7511378 ] ] } },
{ "type": "Feature", "properties": { "@osmId": "way/198653190", "@snapshotTimestamp": "2015-01-01T00:00:00Z" }, "geometry": { "type": "LineString", "coordinates": [ [ 34.7038804, 3.7547047 ], [ 34.7292614, 3.7512191 ] ] } },
{ "type": "Feature", "properties": { "@osmId": "way/198653198", "@snapshotTimestamp": "2015-01-01T00:00:00Z" }, "geometry": { "type": "LineString", "coordinates": [ [ 34.7037154, 3.7547622 ], [ 34.7038804, 3.7547047 ] ] } },
{ "type": "Feature", "properties": { "@osmId": "way/198653208", "@snapshotTimestamp": "2015-01-01T00:00:00Z" }, "geometry": { "type": "LineString", "coordinates": [ [ 34.6143236, 3.7708814 ], [ 34.7037154, 3.7547622 ] ] } },
{ "type": "Feature", "properties": { "@osmId": "way/198653199", "@snapshotTimestamp": "2015-01-01T00:00:00Z" }, "geometry": { "type": "LineString", "coordinates": [ [ 34.6128131, 3.7718751 ], [ 34.6143236, 3.7708814 ] ] } },
{ "type": "Feature", "properties": { "@osmId": "way/198653205", "@snapshotTimestamp": "2015-01-01T00:00:00Z" }, "geometry": { "type": "LineString", "coordinates": [ [ 34.5939671, 3.8207381 ], [ 34.6128131, 3.7718751 ] ] } },
{ "type": "Feature", "properties": { "@osmId": "way/198653192", "@snapshotTimestamp": "2015-01-01T00:00:00Z" }, "geometry": { "type": "LineString", "coordinates": [ [ 34.5931252, 3.8214772 ], [ 34.5939671, 3.8207381 ] ] } },
{ "type": "Feature", "properties": { "@osmId": "way/175913989", "@snapshotTimestamp": "2015-01-01T00:00:00Z" }, "geometry": { "type": "LineString", "coordinates": [ [ 34.3934696, 0.7709292 ], [ 34.3896592, 0.7244375 ], [ 34.4169752, 0.686419 ] ] } },
{ "type": "Feature", "properties": { "@osmId": "way/219388383", "@snapshotTimestamp": "2015-01-01T00:00:00Z" }, "geometry": { "type": "LineString", "coordinates": [ [ 34.383651872311695, 0.788186229788335 ], [ 34.3934696, 0.7709292 ] ] } },
{ "type": "Feature", "properties": { "@osmId": "way/33402238", "@snapshotTimestamp": "2015-01-01T00:00:00Z" }, "geometry": { "type": "LineString", "coordinates": [ [ 35.0557756, 2.040729 ], [ 35.0167374, 2.0105825 ], [ 35.0544296, 1.9523691 ], [ 35.0601339, 1.8742256 ] ] } },
{ "type": "Feature", "properties": { "@osmId": "way/48685580", "@snapshotTimestamp": "2015-01-01T00:00:00Z" }, "geometry": { "type": "LineString", "coordinates": [ [ 35.0104185, 2.2667055 ], [ 35.034505, 2.236448 ], [ 35.0213391, 2.1248805 ], [ 35.0514874, 2.0595353 ] ] } },
{ "type": "Feature", "properties": { "@osmId": "way/166918156", "@snapshotTimestamp": "2015-01-01T00:00:00Z" }, "geometry": { "type": "LineString", "coordinates": [ [ 35.0059531, 2.2751961 ], [ 35.0104185, 2.2667055 ] ] } },
{ "type": "Feature", "properties": { "@osmId": "way/198445865", "@snapshotTimestamp": "2015-01-01T00:00:00Z" }, "geometry": { "type": "LineString", "coordinates": [ [ 35.0020576, 2.2801377 ], [ 35.0059531, 2.2751961 ] ] } },
{ "type": "Feature", "properties": { "@osmId": "way/201113544", "@snapshotTimestamp": "2015-01-01T00:00:00Z" }, "geometry": { "type": "LineString", "coordinates": [ [ 34.789251883791074, 2.697214070462536 ], [ 34.8221612, 2.7003675 ] ] } },
{ "type": "Feature", "properties": { "@osmId": "way/201113543", "@snapshotTimestamp": "2015-01-01T00:00:00Z" }, "geometry": { "type": "LineString", "coordinates": [ [ 34.8221612, 2.7003675 ], [ 34.9168729, 2.7715494 ] ] } },
{ "type": "Feature", "properties": { "@osmId": "way/198469178", "@snapshotTimestamp": "2015-01-01T00:00:00Z" }, "geometry": { "type": "LineString", "coordinates": [ [ 35.022805, 2.8371482 ], [ 34.9168729, 2.7715494 ] ] } },
{ "type": "Feature", "properties": { "@osmId": "way/165630958", "@snapshotTimestamp": "2015-01-01T00:00:00Z" }, "geometry": { "type": "LineString", "coordinates": [ [ 34.8546167, 3.7102734 ], [ 34.9734756, 3.7024769 ], [ 34.9929723, 3.6817602 ] ] } },
{ "type": "Feature", "properties": { "@osmId": "way/33401968", "@snapshotTimestamp": "2015-01-01T00:00:00Z" }, "geometry": { "type": "LineString", "coordinates": [ [ 34.7293763, 3.7511378 ], [ 34.7708934, 3.7190327 ], [ 34.8546167, 3.7102734 ] ] } },
{ "type": "Feature", "properties": { "@osmId": "way/198653204", "@snapshotTimestamp": "2015-01-01T00:00:00Z" }, "geometry": { "type": "LineString", "coordinates": [ [ 34.5798908, 3.8587545 ], [ 34.5931252, 3.8214772 ] ] } },
{ "type": "Feature", "properties": { "@osmId": "way/198653193", "@snapshotTimestamp": "2015-01-01T00:00:00Z" }, "geometry": { "type": "LineString", "coordinates": [ [ 34.5794245, 3.8592524 ], [ 34.5798908, 3.8587545 ] ] } },
{ "type": "Feature", "properties": { "@osmId": "way/198653201", "@snapshotTimestamp": "2015-01-01T00:00:00Z" }, "geometry": { "type": "LineString", "coordinates": [ [ 34.5629407, 3.88992 ], [ 34.5794245, 3.8592524 ] ] } },
{ "type": "Feature", "properties": { "@osmId": "way/198653197", "@snapshotTimestamp": "2015-01-01T00:00:00Z" }, "geometry": { "type": "LineString", "coordinates": [ [ 34.5628332, 3.8908441 ], [ 34.5629407, 3.88992 ] ] } },
{ "type": "Feature", "properties": { "@osmId": "way/204633626", "@snapshotTimestamp": "2015-01-01T00:00:00Z" }, "geometry": { "type": "LineString", "coordinates": [ [ 34.559537, 3.9310907 ], [ 34.5628332, 3.8908441 ] ] } },
{ "type": "Feature", "properties": { "@osmId": "way/204633640", "@snapshotTimestamp": "2015-01-01T00:00:00Z" }, "geometry": { "type": "LineString", "coordinates": [ [ 34.5591512, 3.931594 ], [ 34.559537, 3.9310907 ] ] } },
{ "type": "Feature", "properties": { "@osmId": "way/204633635", "@snapshotTimestamp": "2015-01-01T00:00:00Z" }, "geometry": { "type": "LineString", "coordinates": [ [ 34.547844434687036, 3.992061926164826 ], [ 34.5591512, 3.931594 ] ] } },
{ "type": "Feature", "properties": { "@osmId": "way/33402504", "@snapshotTimestamp": "2015-01-01T00:00:00Z" }, "geometry": { "type": "LineString", "coordinates": [ [ 35.6324278, 2.7685756 ], [ 35.6396998, 2.7650432 ] ] } },
{ "type": "Feature", "properties": { "@osmId": "way/204095317", "@snapshotTimestamp": "2015-01-01T00:00:00Z" }, "geometry": { "type": "LineString", "coordinates": [ [ 35.6213145, 2.7988527 ], [ 35.6324278, 2.7685756 ] ] } },
{ "type": "Feature", "properties": { "@osmId": "way/204095323", "@snapshotTimestamp": "2015-01-01T00:00:00Z" }, "geometry": { "type": "LineString", "coordinates": [ [ 35.6210074, 2.7992681 ], [ 35.6213145, 2.7988527 ] ] } },
{ "type": "Feature", "properties": { "@osmId": "way/204095325", "@snapshotTimestamp": "2015-01-01T00:00:00Z" }, "geometry": { "type": "LineString", "coordinates": [ [ 35.6119542, 2.8720915 ], [ 35.6210074, 2.7992681 ] ] } },
{ "type": "Feature", "properties": { "@osmId": "way/204095321", "@snapshotTimestamp": "2015-01-01T00:00:00Z" }, "geometry": { "type": "LineString", "coordinates": [ [ 35.6116685, 2.872496 ], [ 35.6119542, 2.8720915 ] ] } },
{ "type": "Feature", "properties": { "@osmId": "way/204095326", "@snapshotTimestamp": "2015-01-01T00:00:00Z" }, "geometry": { "type": "LineString", "coordinates": [ [ 35.6099318, 2.8768516 ], [ 35.6116685, 2.872496 ] ] } },
{ "type": "Feature", "properties": { "@osmId": "way/204095322", "@snapshotTimestamp": "2015-01-01T00:00:00Z" }, "geometry": { "type": "LineString", "coordinates": [ [ 35.6096959, 2.8771607 ], [ 35.6099318, 2.8768516 ] ] } },
{ "type": "Feature", "properties": { "@osmId": "way/204095324", "@snapshotTimestamp": "2015-01-01T00:00:00Z" }, "geometry": { "type": "LineString", "coordinates": [ [ 35.6171318, 2.9205024 ], [ 35.6096959, 2.8771607 ] ] } },
{ "type": "Feature", "properties": { "@osmId": "way/204095319", "@snapshotTimestamp": "2015-01-01T00:00:00Z" }, "geometry": { "type": "LineString", "coordinates": [ [ 35.6167822, 2.9208598 ], [ 35.6171318, 2.9205024 ] ] } },
{ "type": "Feature", "properties": { "@osmId": "way/204095327", "@snapshotTimestamp": "2015-01-01T00:00:00Z" }, "geometry": { "type": "LineString", "coordinates": [ [ 35.6127655, 2.9298053 ], [ 35.6167822, 2.9208598 ] ] } },
{ "type": "Feature", "properties": { "@osmId": "way/204095320", "@snapshotTimestamp": "2015-01-01T00:00:00Z" }, "geometry": { "type": "LineString", "coordinates": [ [ 35.6126407, 2.9303345 ], [ 35.6127655, 2.9298053 ] ] } },
{ "type": "Feature", "properties": { "@osmId": "way/204095316", "@snapshotTimestamp": "2015-01-01T00:00:00Z" }, "geometry": { "type": "LineString", "coordinates": [ [ 35.6210117, 2.9660112 ], [ 35.6126407, 2.9303345 ] ] } },
{ "type": "Feature", "properties": { "@osmId": "way/204095318", "@snapshotTimestamp": "2015-01-01T00:00:00Z" }, "geometry": { "type": "LineString", "coordinates": [ [ 35.6207668, 2.9665504 ], [ 35.6210117, 2.9660112 ] ] } },
{ "type": "Feature", "properties": { "@osmId": "way/33402590", "@snapshotTimestamp": "2015-01-01T00:00:00Z" }, "geometry": { "type": "LineString", "coordinates": [ [ 35.620654, 2.9715406 ], [ 35.6207668, 2.9665504 ] ] } },
{ "type": "Feature", "properties": { "@osmId": "way/198445845", "@snapshotTimestamp": "2015-01-01T00:00:00Z" }, "geometry": { "type": "LineString", "coordinates": [ [ 35.6053575, 3.113581 ], [ 35.620654, 2.9715406 ] ] } },
{ "type": "Feature", "properties": { "@osmId": "way/198445844", "@snapshotTimestamp": "2015-01-01T00:00:00Z" }, "geometry": { "type": "LineString", "coordinates": [ [ 35.6050994, 3.1144179 ], [ 35.6053575, 3.113581 ] ] } },
{ "type": "Feature", "properties": { "@osmId": "way/198445847", "@snapshotTimestamp": "2015-01-01T00:00:00Z" }, "geometry": { "type": "LineString", "coordinates": [ [ 35.6014954, 3.1184177 ], [ 35.6050994, 3.1144179 ] ] } },
{ "type": "Feature", "properties": { "@osmId": "way/198445848", "@snapshotTimestamp": "2015-01-01T00:00:00Z" }, "geometry": { "type": "LineString", "coordinates": [ [ 35.6014954, 3.1184177 ], [ 35.6008633, 3.1204937 ], [ 35.600773, 3.1213039 ], [ 35.6014638, 3.1187786 ], [ 35.6014954, 3.1184177 ] ] } },
{ "type": "Feature", "properties": { "@osmId": "way/33403005", "@snapshotTimestamp": "2015-01-01T00:00:00Z" }, "geometry": { "type": "LineString", "coordinates": [ [ 35.6003459, 3.1234759 ], [ 35.600773, 3.1213039 ] ] } },
{ "type": "Feature", "properties": { "@osmId": "way/204125647", "@snapshotTimestamp": "2015-01-01T00:00:00Z" }, "geometry": { "type": "LineString", "coordinates": [ [ 35.6000809, 3.1324767 ], [ 35.6003459, 3.1234759 ] ] } },
{ "type": "Feature", "properties": { "@osmId": "way/204125643", "@snapshotTimestamp": "2015-01-01T00:00:00Z" }, "geometry": { "type": "LineString", "coordinates": [ [ 35.6003032, 3.1335314 ], [ 35.6000809, 3.1324767 ] ] } },
{ "type": "Feature", "properties": { "@osmId": "way/204125646", "@snapshotTimestamp": "2015-01-01T00:00:00Z" }, "geometry": { "type": "LineString", "coordinates": [ [ 35.5476855, 3.1676 ], [ 35.6003032, 3.1335314 ] ] } },
{ "type": "Feature", "properties": { "@osmId": "way/204125644", "@snapshotTimestamp": "2015-01-01T00:00:00Z" }, "geometry": { "type": "LineString", "coordinates": [ [ 35.5470379, 3.1682506 ], [ 35.5476855, 3.1676 ] ] } },
{ "type": "Feature", "properties": { "@osmId": "way/204125645", "@snapshotTimestamp": "2015-01-01T00:00:00Z" }, "geometry": { "type": "LineString", "coordinates": [ [ 35.5001212, 3.204353 ], [ 35.5470379, 3.1682506 ] ] } },
{ "type": "Feature", "properties": { "@osmId": "way/204125642", "@snapshotTimestamp": "2015-01-01T00:00:00Z" }, "geometry": { "type": "LineString", "coordinates": [ [ 35.4992473, 3.2044868 ], [ 35.5001212, 3.204353 ] ] } },
{ "type": "Feature", "properties": { "@osmId": "way/199859823", "@snapshotTimestamp": "2015-01-01T00:00:00Z" }, "geometry": { "type": "LineString", "coordinates": [ [ 35.4648371, 3.3455214 ], [ 35.4824501, 3.2731096 ], [ 35.4626978, 3.2324472 ], [ 35.4992473, 3.2044868 ] ] } },
{ "type": "Feature", "properties": { "@osmId": "way/199859822", "@snapshotTimestamp": "2015-01-01T00:00:00Z" }, "geometry": { "type": "LineString", "coordinates": [ [ 35.4642042, 3.3461091 ], [ 35.4648371, 3.3455214 ] ] } },
{ "type": "Feature", "properties": { "@osmId": "way/199859820", "@snapshotTimestamp": "2015-01-01T00:00:00Z" }, "geometry": { "type": "LineString", "coordinates": [ [ 35.4440709, 3.3561157 ], [ 35.4642042, 3.3461091 ] ] } },
{ "type": "Feature", "properties": { "@osmId": "way/199859821", "@snapshotTimestamp": "2015-01-01T00:00:00Z" }, "geometry": { "type": "LineString", "coordinates": [ [ 35.4437027, 3.3578581 ], [ 35.4440709, 3.3561157 ] ] } },
{ "type": "Feature", "properties": { "@osmId": "way/198445889", "@snapshotTimestamp": "2015-01-01T00:00:00Z" }, "geometry": { "type": "LineString", "coordinates": [ [ 35.2467276, 2.8773887 ], [ 35.2535545, 2.8835718 ] ] } },
{ "type": "Feature", "properties": { "@osmId": "way/198445895", "@snapshotTimestamp": "2015-01-01T00:00:00Z" }, "geometry": { "type": "LineString", "coordinates": [ [ 35.2701724, 2.8928596 ], [ 35.2535545, 2.8835718 ] ] } },
{ "type": "Feature", "properties": { "@osmId": "way/198445880", "@snapshotTimestamp": "2015-01-01T00:00:00Z" }, "geometry": { "type": "LineString", "coordinates": [ [ 35.2704875, 2.8990472 ], [ 35.2701724, 2.8928596 ] ] } },
{ "type": "Feature", "properties": { "@osmId": "way/198471900", "@snapshotTimestamp": "2015-01-01T00:00:00Z" }, "geometry": { "type": "LineString", "coordinates": [ [ 35.2690176, 2.9042506 ], [ 35.2704875, 2.8990472 ] ] } },
{ "type": "Feature", "properties": { "@osmId": "way/198471898", "@snapshotTimestamp": "2015-01-01T00:00:00Z" }, "geometry": { "type": "LineString", "coordinates": [ [ 35.5732344, 3.1127261 ], [ 35.355478, 2.9997384 ], [ 35.2773885, 2.9393871 ], [ 35.2690176, 2.9042506 ] ] } },
{ "type": "Feature", "properties": { "@osmId": "way/33402096", "@snapshotTimestamp": "2015-01-01T00:00:00Z" }, "geometry": { "type": "LineString", "coordinates": [ [ 34.9929723, 3.6817602 ], [ 35.0202608, 3.6282284 ], [ 35.2936689, 3.4807216 ], [ 35.3157461, 3.4211049 ], [ 35.4437027, 3.3578581 ] ] } },
{ "type": "Feature", "properties": { "@osmId": "way/199859866", "@snapshotTimestamp": "2015-01-01T00:00:00Z" }, "geometry": { "type": "LineString", "coordinates": [ [ 35.2912645, 3.6044468 ], [ 35.2226816, 3.515095 ] ] } },
{ "type": "Feature", "properties": { "@osmId": "way/199859848", "@snapshotTimestamp": "2015-01-01T00:00:00Z" }, "geometry": { "type": "LineString", "coordinates": [ [ 35.2913415, 3.6049768 ], [ 35.2912645, 3.6044468 ] ] } },
{ "type": "Feature", "properties": { "@osmId": "way/199316970", "@snapshotTimestamp": "2015-01-01T00:00:00Z" }, "geometry": { "type": "LineString", "coordinates": [ [ 35.3046695, 3.6373356 ], [ 35.2913415, 3.6049768 ] ] } },
{ "type": "Feature", "properties": { "@osmId": "way/319529501", "@snapshotTimestamp": "2015-01-01T00:00:00Z" }, "geometry": { "type": "LineString", "coordinates": [ [ 36.3644718, 3.1510492 ], [ 36.3621894, 3.1535503 ] ] } },
{ "type": "Feature", "properties": { "@osmId": "way/319529499", "@snapshotTimestamp": "2015-01-01T00:00:00Z" }, "geometry": { "type": "LineString", "coordinates": [ [ 36.3621894, 3.1535503 ], [ 36.3619083, 3.1541117 ] ] } },
{ "type": "Feature", "properties": { "@osmId": "way/319575811", "@snapshotTimestamp": "2015-01-01T00:00:00Z" }, "geometry": { "type": "LineString", "coordinates": [ [ 36.2603824, 4.2224374 ], [ 36.2605269, 4.2224607 ] ] } },
{ "type": "Feature", "properties": { "@osmId": "way/319574537", "@snapshotTimestamp": "2015-01-01T00:00:00Z" }, "geometry": { "type": "LineString", "coordinates": [ [ 36.2276137, 4.319886 ], [ 36.2627857, 4.2900195 ], [ 36.2603824, 4.2224374 ] ] } },
{ "type": "Feature", "properties": { "@osmId": "way/319574538", "@snapshotTimestamp": "2015-01-01T00:00:00Z" }, "geometry": { "type": "LineString", "coordinates": [ [ 36.2280031, 4.3212506 ], [ 36.2276137, 4.319886 ] ] } },
{ "type": "Feature", "properties": { "@osmId": "way/319598924", "@snapshotTimestamp": "2015-01-01T00:00:00Z" }, "geometry": { "type": "LineString", "coordinates": [ [ 36.2243076, 4.3837943 ], [ 36.2280031, 4.3212506 ] ] } },
{ "type": "Feature", "properties": { "@osmId": "way/319598923", "@snapshotTimestamp": "2015-01-01T00:00:00Z" }, "geometry": { "type": "LineString", "coordinates": [ [ 36.2247708, 4.3844106 ], [ 36.2243076, 4.3837943 ] ] } },
{ "type": "Feature", "properties": { "@osmId": "way/319568912", "@snapshotTimestamp": "2015-01-01T00:00:00Z" }, "geometry": { "type": "LineString", "coordinates": [ [ 36.2319752, 4.423521 ], [ 36.2247708, 4.3844106 ] ] } },
{ "type": "Feature", "properties": { "@osmId": "way/94968066", "@snapshotTimestamp": "2015-01-01T00:00:00Z" }, "geometry": { "type": "LineString", "coordinates": [ [ 36.2319752, 4.423521 ], [ 36.230910936814205, 4.44511595330314 ] ] } }
]
}
