{
"type": "FeatureCollection",
"name": "roads_10_yrs_ago_odisha_processed",
"crs": { "type": "name", "properties": { "name": "urn:ogc:def:crs:OGC:1.3:CRS84" } },
"features": [
{ "type": "Feature", "properties": { "@osmId": "way/22830887", "@snapshotTimestamp": "2015-01-01T00:00:00Z" }, "geometry": { "type": "LineString", "coordinates": [ [ 82.77618376815002, 18.351664361909581 ], [ 82.77383, 18.35342 ] ] } },
{ "type": "Feature", "properties": { "@osmId": "way/22830886", "@snapshotTimestamp": "2015-01-01T00:00:00Z" }, "geometry": { "type": "LineString", "coordinates": [ [ 82.77383, 18.35342 ], [ 82.7463, 18.365 ], [ 82.6876786, 18.3415329 ], [ 82.6871182, 18.466099 ] ] } },
{ "type": "Feature", "properties": { "@osmId": "way/234424352", "@snapshotTimestamp": "2015-01-01T00:00:00Z" }, "geometry": { "type": "LineString", "coordinates": [ [ 82.109661113798566, 18.486996562891925 ], [ 82.1370644, 18.5272605 ] ] } },
{ "type": "Feature", "properties": { "@osmId": "way/234512960", "@snapshotTimestamp": "2015-01-01T00:00:00Z" }, "geometry": { "type": "LineString", "coordinates": [ [ 82.21153118486977, 18.428105880028451 ], [ 82.232965, 18.4775216 ] ] } },
{ "type": "Feature", "properties": { "@osmId": "way/234512957", "@snapshotTimestamp": "2015-01-01T00:00:00Z" }, "geometry": { "type": "LineString", "coordinates": [ [ 82.232965, 18.4775216 ], [ 82.2329943, 18.4778882 ] ] } },
{ "type": "Feature", "properties": { "@osmId": "way/234512958", "@snapshotTimestamp": "2015-01-01T00:00:00Z" }, "geometry": { "type": "LineString", "coordinates": [ [ 82.2329943, 18.4778882 ], [ 82.245656, 18.4952596 ] ] } },
{ "type": "Feature", "properties": { "@osmId": "way/231150459", "@snapshotTimestamp": "2015-01-01T00:00:00Z" }, "geometry": { "type": "LineString", "coordinates": [ [ 82.613547, 18.515999 ], [ 82.6871182, 18.466099 ] ] } },
{ "type": "Feature", "properties": { "@osmId": "way/234512949", "@snapshotTimestamp": "2015-01-01T00:00:00Z" }, "geometry": { "type": "LineString", "coordinates": [ [ 82.245656, 18.4952596 ], [ 82.2455306, 18.4954598 ] ] } },
{ "type": "Feature", "properties": { "@osmId": "way/45028905", "@snapshotTimestamp": "2015-01-01T00:00:00Z" }, "geometry": { "type": "LineString", "coordinates": [ [ 82.6871182, 18.466099 ], [ 82.677911, 18.509425 ], [ 82.749906, 18.571033 ] ] } },
{ "type": "Feature", "properties": { "@osmId": "way/234512962", "@snapshotTimestamp": "2015-01-01T00:00:00Z" }, "geometry": { "type": "LineString", "coordinates": [ [ 82.2455306, 18.4954598 ], [ 82.2680771, 18.5452955 ] ] } },
{ "type": "Feature", "properties": { "@osmId": "way/234424338", "@snapshotTimestamp": "2015-01-01T00:00:00Z" }, "geometry": { "type": "LineString", "coordinates": [ [ 82.1370644, 18.5272605 ], [ 82.1373975, 18.5278124 ] ] } },
{ "type": "Feature", "properties": { "@osmId": "way/234512956", "@snapshotTimestamp": "2015-01-01T00:00:00Z" }, "geometry": { "type": "LineString", "coordinates": [ [ 82.2680771, 18.5452955 ], [ 82.2680703, 18.5454148 ] ] } },
{ "type": "Feature", "properties": { "@osmId": "way/234424375", "@snapshotTimestamp": "2015-01-01T00:00:00Z" }, "geometry": { "type": "LineString", "coordinates": [ [ 82.1373975, 18.5278124 ], [ 82.269642, 18.572411 ] ] } },
{ "type": "Feature", "properties": { "@osmId": "way/234512947", "@snapshotTimestamp": "2015-01-01T00:00:00Z" }, "geometry": { "type": "LineString", "coordinates": [ [ 82.2680703, 18.5454148 ], [ 82.2672807, 18.5685034 ] ] } },
{ "type": "Feature", "properties": { "@osmId": "way/234512952", "@snapshotTimestamp": "2015-01-01T00:00:00Z" }, "geometry": { "type": "LineString", "coordinates": [ [ 82.2672807, 18.5685034 ], [ 82.2675327, 18.5689526 ] ] } },
{ "type": "Feature", "properties": { "@osmId": "way/234512959", "@snapshotTimestamp": "2015-01-01T00:00:00Z" }, "geometry": { "type": "LineString", "coordinates": [ [ 82.2675327, 18.5689526 ], [ 82.269642, 18.572411 ] ] } },
{ "type": "Feature", "properties": { "@osmId": "way/234424376", "@snapshotTimestamp": "2015-01-01T00:00:00Z" }, "geometry": { "type": "LineString", "coordinates": [ [ 82.269642, 18.572411 ], [ 82.3156188, 18.6148843 ] ] } },
{ "type": "Feature", "properties": { "@osmId": "way/234424347", "@snapshotTimestamp": "2015-01-01T00:00:00Z" }, "geometry": { "type": "LineString", "coordinates": [ [ 82.3156188, 18.6148843 ], [ 82.315986, 18.6156324 ] ] } },
{ "type": "Feature", "properties": { "@osmId": "way/239005235", "@snapshotTimestamp": "2015-01-01T00:00:00Z" }, "geometry": { "type": "LineString", "coordinates": [ [ 83.0492026, 18.5011811 ], [ 83.0487631, 18.5009284 ] ] } },
{ "type": "Feature", "properties": { "@osmId": "way/239005242", "@snapshotTimestamp": "2015-01-01T00:00:00Z" }, "geometry": { "type": "LineString", "coordinates": [ [ 83.0487631, 18.5009284 ], [ 83.039183, 18.498432 ] ] } },
{ "type": "Feature", "properties": { "@osmId": "way/45022240", "@snapshotTimestamp": "2015-01-01T00:00:00Z" }, "geometry": { "type": "LineString", "coordinates": [ [ 83.039183, 18.498432 ], [ 83.002769, 18.507098 ] ] } },
{ "type": "Feature", "properties": { "@osmId": "way/45022239", "@snapshotTimestamp": "2015-01-01T00:00:00Z" }, "geometry": { "type": "LineString", "coordinates": [ [ 83.067993, 18.526833 ], [ 83.0492026, 18.5011811 ] ] } },
{ "type": "Feature", "properties": { "@osmId": "way/45022232", "@snapshotTimestamp": "2015-01-01T00:00:00Z" }, "geometry": { "type": "LineString", "coordinates": [ [ 83.002769, 18.507098 ], [ 82.995007, 18.535376 ] ] } },
{ "type": "Feature", "properties": { "@osmId": "way/45022238", "@snapshotTimestamp": "2015-01-01T00:00:00Z" }, "geometry": { "type": "LineString", "coordinates": [ [ 83.074075728453536, 18.523158932605806 ], [ 83.067993, 18.526833 ] ] } },
{ "type": "Feature", "properties": { "@osmId": "way/45022233", "@snapshotTimestamp": "2015-01-01T00:00:00Z" }, "geometry": { "type": "LineString", "coordinates": [ [ 82.995007, 18.535376 ], [ 82.96235, 18.563572 ] ] } },
{ "type": "Feature", "properties": { "@osmId": "way/45022234", "@snapshotTimestamp": "2015-01-01T00:00:00Z" }, "geometry": { "type": "LineString", "coordinates": [ [ 82.96235, 18.563572 ], [ 82.921431, 18.571311 ], [ 82.879528, 18.630563 ] ] } },
{ "type": "Feature", "properties": { "@osmId": "way/45022235", "@snapshotTimestamp": "2015-01-01T00:00:00Z" }, "geometry": { "type": "LineString", "coordinates": [ [ 82.879528, 18.630563 ], [ 82.873976, 18.685799 ], [ 82.82397, 18.750495 ] ] } },
{ "type": "Feature", "properties": { "@osmId": "way/231121751", "@snapshotTimestamp": "2015-01-01T00:00:00Z" }, "geometry": { "type": "LineString", "coordinates": [ [ 82.8355866, 18.6925767 ], [ 82.8359872, 18.693057 ] ] } },
{ "type": "Feature", "properties": { "@osmId": "way/234424374", "@snapshotTimestamp": "2015-01-01T00:00:00Z" }, "geometry": { "type": "LineString", "coordinates": [ [ 82.315986, 18.6156324 ], [ 82.3364455, 18.6377497 ] ] } },
{ "type": "Feature", "properties": { "@osmId": "way/177903715", "@snapshotTimestamp": "2015-01-01T00:00:00Z" }, "geometry": { "type": "LineString", "coordinates": [ [ 82.749906, 18.571033 ], [ 82.797273, 18.601632 ], [ 82.8355866, 18.6925767 ] ] } },
{ "type": "Feature", "properties": { "@osmId": "way/234424345", "@snapshotTimestamp": "2015-01-01T00:00:00Z" }, "geometry": { "type": "LineString", "coordinates": [ [ 82.3364455, 18.6377497 ], [ 82.3359097, 18.6384533 ] ] } },
{ "type": "Feature", "properties": { "@osmId": "way/45029165", "@snapshotTimestamp": "2015-01-01T00:00:00Z" }, "geometry": { "type": "LineString", "coordinates": [ [ 82.613547, 18.515999 ], [ 82.5929, 18.6931 ], [ 82.517905, 18.7653026 ] ] } },
{ "type": "Feature", "properties": { "@osmId": "way/234424329", "@snapshotTimestamp": "2015-01-01T00:00:00Z" }, "geometry": { "type": "LineString", "coordinates": [ [ 82.3359097, 18.6384533 ], [ 82.4129813, 18.7247419 ] ] } },
{ "type": "Feature", "properties": { "@osmId": "way/234424336", "@snapshotTimestamp": "2015-01-01T00:00:00Z" }, "geometry": { "type": "LineString", "coordinates": [ [ 82.4129813, 18.7247419 ], [ 82.4130744, 18.7249307 ] ] } },
{ "type": "Feature", "properties": { "@osmId": "way/234424366", "@snapshotTimestamp": "2015-01-01T00:00:00Z" }, "geometry": { "type": "LineString", "coordinates": [ [ 82.4130744, 18.7249307 ], [ 82.444513, 18.7684821 ] ] } },
{ "type": "Feature", "properties": { "@osmId": "way/22830833", "@snapshotTimestamp": "2015-01-01T00:00:00Z" }, "geometry": { "type": "LineString", "coordinates": [ [ 82.4309479, 18.7518458 ], [ 82.4860606, 18.760907 ] ] } },
{ "type": "Feature", "properties": { "@osmId": "way/234424377", "@snapshotTimestamp": "2015-01-01T00:00:00Z" }, "geometry": { "type": "LineString", "coordinates": [ [ 82.4860606, 18.760907 ], [ 82.4864754, 18.7609098 ] ] } },
{ "type": "Feature", "properties": { "@osmId": "way/22830903", "@snapshotTimestamp": "2015-01-01T00:00:00Z" }, "geometry": { "type": "LineString", "coordinates": [ [ 82.517905, 18.7653026 ], [ 82.5245197, 18.7655817 ] ] } },
{ "type": "Feature", "properties": { "@osmId": "way/231145735", "@snapshotTimestamp": "2015-01-01T00:00:00Z" }, "geometry": { "type": "LineString", "coordinates": [ [ 82.8688944, 18.6971352 ], [ 82.866347, 18.6953861 ] ] } },
{ "type": "Feature", "properties": { "@osmId": "way/231145734", "@snapshotTimestamp": "2015-01-01T00:00:00Z" }, "geometry": { "type": "LineString", "coordinates": [ [ 82.866347, 18.6953861 ], [ 82.8688944, 18.6971352 ] ] } },
{ "type": "Feature", "properties": { "@osmId": "way/231121745", "@snapshotTimestamp": "2015-01-01T00:00:00Z" }, "geometry": { "type": "LineString", "coordinates": [ [ 82.8359872, 18.693057 ], [ 82.854142, 18.706564 ] ] } },
{ "type": "Feature", "properties": { "@osmId": "way/231145736", "@snapshotTimestamp": "2015-01-01T00:00:00Z" }, "geometry": { "type": "LineString", "coordinates": [ [ 82.8688944, 18.6971352 ], [ 82.9022086, 18.730054 ] ] } },
{ "type": "Feature", "properties": { "@osmId": "way/231145728", "@snapshotTimestamp": "2015-01-01T00:00:00Z" }, "geometry": { "type": "LineString", "coordinates": [ [ 82.9022086, 18.730054 ], [ 82.9022566, 18.7306673 ] ] } },
{ "type": "Feature", "properties": { "@osmId": "way/231145729", "@snapshotTimestamp": "2015-01-01T00:00:00Z" }, "geometry": { "type": "LineString", "coordinates": [ [ 82.9022566, 18.7306673 ], [ 82.9193886, 18.7560871 ] ] } },
{ "type": "Feature", "properties": { "@osmId": "way/45022236", "@snapshotTimestamp": "2015-01-01T00:00:00Z" }, "geometry": { "type": "LineString", "coordinates": [ [ 82.82397, 18.750495 ], [ 82.8239408, 18.7551733 ] ] } },
{ "type": "Feature", "properties": { "@osmId": "way/45029166", "@snapshotTimestamp": "2015-01-01T00:00:00Z" }, "geometry": { "type": "LineString", "coordinates": [ [ 82.8239408, 18.7551733 ], [ 82.82269, 18.7573116 ] ] } },
{ "type": "Feature", "properties": { "@osmId": "way/231145727", "@snapshotTimestamp": "2015-01-01T00:00:00Z" }, "geometry": { "type": "LineString", "coordinates": [ [ 82.9249701, 18.7631733 ], [ 82.9194349, 18.7559406 ] ] } },
{ "type": "Feature", "properties": { "@osmId": "way/231145725", "@snapshotTimestamp": "2015-01-01T00:00:00Z" }, "geometry": { "type": "LineString", "coordinates": [ [ 82.9193886, 18.7560871 ], [ 82.9247556, 18.763327 ] ] } },
{ "type": "Feature", "properties": { "@osmId": "way/234424380", "@snapshotTimestamp": "2015-01-01T00:00:00Z" }, "geometry": { "type": "LineString", "coordinates": [ [ 82.4864754, 18.7609098 ], [ 82.517905, 18.7653026 ] ] } },
{ "type": "Feature", "properties": { "@osmId": "way/234424378", "@snapshotTimestamp": "2015-01-01T00:00:00Z" }, "geometry": { "type": "LineString", "coordinates": [ [ 82.5245197, 18.7655817 ], [ 82.5249836, 18.7662714 ] ] } },
{ "type": "Feature", "properties": { "@osmId": "way/234424341", "@snapshotTimestamp": "2015-01-01T00:00:00Z" }, "geometry": { "type": "LineString", "coordinates": [ [ 82.444513, 18.7684821 ], [ 82.4446877, 18.7686067 ] ] } },
{ "type": "Feature", "properties": { "@osmId": "way/45029167", "@snapshotTimestamp": "2015-01-01T00:00:00Z" }, "geometry": { "type": "LineString", "coordinates": [ [ 82.82269, 18.7573116 ], [ 82.74056, 18.780628 ], [ 82.7129411, 18.8131504 ] ] } },
{ "type": "Feature", "properties": { "@osmId": "way/234424372", "@snapshotTimestamp": "2015-01-01T00:00:00Z" }, "geometry": { "type": "LineString", "coordinates": [ [ 82.4446877, 18.7686067 ], [ 82.4897216, 18.8156077 ] ] } },
{ "type": "Feature", "properties": { "@osmId": "way/234424382", "@snapshotTimestamp": "2015-01-01T00:00:00Z" }, "geometry": { "type": "LineString", "coordinates": [ [ 82.5249836, 18.7662714 ], [ 82.561411, 18.8428316 ] ] } },
{ "type": "Feature", "properties": { "@osmId": "way/45031770", "@snapshotTimestamp": "2015-01-01T00:00:00Z" }, "geometry": { "type": "LineString", "coordinates": [ [ 82.7129411, 18.8131504 ], [ 82.7123865, 18.8134397 ] ] } },
{ "type": "Feature", "properties": { "@osmId": "way/233893186", "@snapshotTimestamp": "2015-01-01T00:00:00Z" }, "geometry": { "type": "LineString", "coordinates": [ [ 82.7120688, 18.8164385 ], [ 82.7310324, 18.8162374 ] ] } },
{ "type": "Feature", "properties": { "@osmId": "way/288973422", "@snapshotTimestamp": "2015-01-01T00:00:00Z" }, "geometry": { "type": "LineString", "coordinates": [ [ 82.7120688, 18.8164385 ], [ 82.7123865, 18.8134397 ] ] } },
{ "type": "Feature", "properties": { "@osmId": "way/234424337", "@snapshotTimestamp": "2015-01-01T00:00:00Z" }, "geometry": { "type": "LineString", "coordinates": [ [ 82.4897216, 18.8156077 ], [ 82.4907754, 18.8156077 ] ] } },
{ "type": "Feature", "properties": { "@osmId": "way/234424333", "@snapshotTimestamp": "2015-01-01T00:00:00Z" }, "geometry": { "type": "LineString", "coordinates": [ [ 82.4907754, 18.8156077 ], [ 82.507795, 18.8221194 ] ] } },
{ "type": "Feature", "properties": { "@osmId": "way/234424342", "@snapshotTimestamp": "2015-01-01T00:00:00Z" }, "geometry": { "type": "LineString", "coordinates": [ [ 82.507795, 18.8221194 ], [ 82.5087096, 18.8219469 ] ] } },
{ "type": "Feature", "properties": { "@osmId": "way/22830908", "@snapshotTimestamp": "2015-01-01T00:00:00Z" }, "geometry": { "type": "LineString", "coordinates": [ [ 82.7310324, 18.8162374 ], [ 82.7531813, 18.8290998 ] ] } },
{ "type": "Feature", "properties": { "@osmId": "way/135888947", "@snapshotTimestamp": "2015-01-01T00:00:00Z" }, "geometry": { "type": "LineString", "coordinates": [ [ 82.7123865, 18.8134397 ], [ 82.657419, 18.832688 ] ] } },
{ "type": "Feature", "properties": { "@osmId": "way/234883565", "@snapshotTimestamp": "2015-01-01T00:00:00Z" }, "geometry": { "type": "LineString", "coordinates": [ [ 82.7531813, 18.8290998 ], [ 82.7536298, 18.8292789 ] ] } },
{ "type": "Feature", "properties": { "@osmId": "way/45031776", "@snapshotTimestamp": "2015-01-01T00:00:00Z" }, "geometry": { "type": "LineString", "coordinates": [ [ 82.657419, 18.832688 ], [ 82.615663, 18.830032 ] ] } },
{ "type": "Feature", "properties": { "@osmId": "way/45031780", "@snapshotTimestamp": "2015-01-01T00:00:00Z" }, "geometry": { "type": "LineString", "coordinates": [ [ 82.615663, 18.830032 ], [ 82.611112, 18.839507 ] ] } },
{ "type": "Feature", "properties": { "@osmId": "way/234883572", "@snapshotTimestamp": "2015-01-01T00:00:00Z" }, "geometry": { "type": "LineString", "coordinates": [ [ 82.7536298, 18.8292789 ], [ 82.8214978, 18.8424295 ] ] } },
{ "type": "Feature", "properties": { "@osmId": "way/234424379", "@snapshotTimestamp": "2015-01-01T00:00:00Z" }, "geometry": { "type": "LineString", "coordinates": [ [ 82.561411, 18.8428316 ], [ 82.5617276, 18.8432058 ] ] } },
{ "type": "Feature", "properties": { "@osmId": "way/45031781", "@snapshotTimestamp": "2015-01-01T00:00:00Z" }, "geometry": { "type": "LineString", "coordinates": [ [ 82.611112, 18.839507 ], [ 82.603455, 18.84273 ] ] } },
{ "type": "Feature", "properties": { "@osmId": "way/231145731", "@snapshotTimestamp": "2015-01-01T00:00:00Z" }, "geometry": { "type": "LineString", "coordinates": [ [ 82.9251287, 18.7632436 ], [ 82.9249234, 18.7622135 ] ] } },
{ "type": "Feature", "properties": { "@osmId": "way/231145726", "@snapshotTimestamp": "2015-01-01T00:00:00Z" }, "geometry": { "type": "LineString", "coordinates": [ [ 82.9249701, 18.7631733 ], [ 82.9247497, 18.7633971 ], [ 82.9249881, 18.7635823 ], [ 82.9251819, 18.7633838 ], [ 82.9249701, 18.7631733 ] ] } },
{ "type": "Feature", "properties": { "@osmId": "way/231145730", "@snapshotTimestamp": "2015-01-01T00:00:00Z" }, "geometry": { "type": "LineString", "coordinates": [ [ 82.9257787, 18.7637234 ], [ 82.9251708, 18.7633134 ] ] } },
{ "type": "Feature", "properties": { "@osmId": "way/231145733", "@snapshotTimestamp": "2015-01-01T00:00:00Z" }, "geometry": { "type": "LineString", "coordinates": [ [ 82.9251622, 18.7634639 ], [ 82.9257787, 18.7637234 ] ] } },
{ "type": "Feature", "properties": { "@osmId": "way/231145732", "@snapshotTimestamp": "2015-01-01T00:00:00Z" }, "geometry": { "type": "LineString", "coordinates": [ [ 82.9257787, 18.7637234 ], [ 82.9272882, 18.7647368 ] ] } },
{ "type": "Feature", "properties": { "@osmId": "way/162128819", "@snapshotTimestamp": "2015-01-01T00:00:00Z" }, "geometry": { "type": "LineString", "coordinates": [ [ 83.0058632, 18.9198059 ], [ 82.9907855, 18.8564827 ], [ 82.9272882, 18.7647368 ] ] } },
{ "type": "Feature", "properties": { "@osmId": "way/234883569", "@snapshotTimestamp": "2015-01-01T00:00:00Z" }, "geometry": { "type": "LineString", "coordinates": [ [ 82.8214978, 18.8424295 ], [ 82.821843, 18.8425324 ] ] } },
{ "type": "Feature", "properties": { "@osmId": "way/234883571", "@snapshotTimestamp": "2015-01-01T00:00:00Z" }, "geometry": { "type": "LineString", "coordinates": [ [ 82.821843, 18.8425324 ], [ 82.8838177, 18.873269 ] ] } },
{ "type": "Feature", "properties": { "@osmId": "way/234883566", "@snapshotTimestamp": "2015-01-01T00:00:00Z" }, "geometry": { "type": "LineString", "coordinates": [ [ 82.8838177, 18.873269 ], [ 82.8842733, 18.8733628 ] ] } },
{ "type": "Feature", "properties": { "@osmId": "way/164569992", "@snapshotTimestamp": "2015-01-01T00:00:00Z" }, "geometry": { "type": "LineString", "coordinates": [ [ 83.1681932, 18.8788458 ], [ 83.1680489, 18.883901 ] ] } },
{ "type": "Feature", "properties": { "@osmId": "way/234300207", "@snapshotTimestamp": "2015-01-01T00:00:00Z" }, "geometry": { "type": "LineString", "coordinates": [ [ 83.2180005, 18.9001912 ], [ 83.1944175, 18.8662995 ], [ 83.1681932, 18.8788458 ] ] } },
{ "type": "Feature", "properties": { "@osmId": "way/234300200", "@snapshotTimestamp": "2015-01-01T00:00:00Z" }, "geometry": { "type": "LineString", "coordinates": [ [ 83.1680489, 18.883901 ], [ 83.1678139, 18.8845067 ] ] } },
{ "type": "Feature", "properties": { "@osmId": "way/234300192", "@snapshotTimestamp": "2015-01-01T00:00:00Z" }, "geometry": { "type": "LineString", "coordinates": [ [ 83.1678139, 18.8845067 ], [ 83.163339, 18.8883928 ] ] } },
{ "type": "Feature", "properties": { "@osmId": "way/234300197", "@snapshotTimestamp": "2015-01-01T00:00:00Z" }, "geometry": { "type": "LineString", "coordinates": [ [ 83.163339, 18.8883928 ], [ 83.1632349, 18.8889249 ] ] } },
{ "type": "Feature", "properties": { "@osmId": "way/234300213", "@snapshotTimestamp": "2015-01-01T00:00:00Z" }, "geometry": { "type": "LineString", "coordinates": [ [ 83.3059501, 18.865098 ], [ 83.2728378, 18.9322437 ] ] } },
{ "type": "Feature", "properties": { "@osmId": "way/234883561", "@snapshotTimestamp": "2015-01-01T00:00:00Z" }, "geometry": { "type": "LineString", "coordinates": [ [ 82.8842733, 18.8733628 ], [ 82.9319456, 18.8889903 ], [ 82.9576215, 18.9273016 ] ] } },
{ "type": "Feature", "properties": { "@osmId": "way/234300195", "@snapshotTimestamp": "2015-01-01T00:00:00Z" }, "geometry": { "type": "LineString", "coordinates": [ [ 83.2184923, 18.9009541 ], [ 83.2180005, 18.9001912 ] ] } },
{ "type": "Feature", "properties": { "@osmId": "way/234300206", "@snapshotTimestamp": "2015-01-01T00:00:00Z" }, "geometry": { "type": "LineString", "coordinates": [ [ 83.2314016, 18.9361209 ], [ 83.2184923, 18.9009541 ] ] } },
{ "type": "Feature", "properties": { "@osmId": "way/22830795", "@snapshotTimestamp": "2015-01-01T00:00:00Z" }, "geometry": { "type": "LineString", "coordinates": [ [ 82.9577324, 18.9273769 ], [ 83.0058632, 18.9198059 ] ] } },
{ "type": "Feature", "properties": { "@osmId": "way/234883567", "@snapshotTimestamp": "2015-01-01T00:00:00Z" }, "geometry": { "type": "LineString", "coordinates": [ [ 82.9576215, 18.9273016 ], [ 82.9577324, 18.9273769 ] ] } },
{ "type": "Feature", "properties": { "@osmId": "way/234424371", "@snapshotTimestamp": "2015-01-01T00:00:00Z" }, "geometry": { "type": "LineString", "coordinates": [ [ 82.5087096, 18.8219469 ], [ 82.5684757, 18.8667478 ] ] } },
{ "type": "Feature", "properties": { "@osmId": "way/234424381", "@snapshotTimestamp": "2015-01-01T00:00:00Z" }, "geometry": { "type": "LineString", "coordinates": [ [ 82.5617276, 18.8432058 ], [ 82.5667403, 18.8501569 ] ] } },
{ "type": "Feature", "properties": { "@osmId": "way/45031782", "@snapshotTimestamp": "2015-01-01T00:00:00Z" }, "geometry": { "type": "LineString", "coordinates": [ [ 82.603455, 18.84273 ], [ 82.583789, 18.858333 ] ] } },
{ "type": "Feature", "properties": { "@osmId": "way/239005241", "@snapshotTimestamp": "2015-01-01T00:00:00Z" }, "geometry": { "type": "LineString", "coordinates": [ [ 82.583789, 18.858333 ], [ 82.583417, 18.858378 ] ] } },
{ "type": "Feature", "properties": { "@osmId": "way/239005238", "@snapshotTimestamp": "2015-01-01T00:00:00Z" }, "geometry": { "type": "LineString", "coordinates": [ [ 82.583417, 18.858378 ], [ 82.583286, 18.858411 ] ] } },
{ "type": "Feature", "properties": { "@osmId": "way/45031783", "@snapshotTimestamp": "2015-01-01T00:00:00Z" }, "geometry": { "type": "LineString", "coordinates": [ [ 82.583286, 18.858411 ], [ 82.5684757, 18.8667478 ] ] } },
{ "type": "Feature", "properties": { "@osmId": "way/288973419", "@snapshotTimestamp": "2015-01-01T00:00:00Z" }, "geometry": { "type": "LineString", "coordinates": [ [ 82.5684757, 18.8667478 ], [ 82.562846, 18.867235 ] ] } },
{ "type": "Feature", "properties": { "@osmId": "way/233893182", "@snapshotTimestamp": "2015-01-01T00:00:00Z" }, "geometry": { "type": "LineString", "coordinates": [ [ 82.6726824, 18.9430305 ], [ 82.7120688, 18.8164385 ] ] } },
{ "type": "Feature", "properties": { "@osmId": "way/45031768", "@snapshotTimestamp": "2015-01-01T00:00:00Z" }, "geometry": { "type": "LineString", "coordinates": [ [ 82.562846, 18.867235 ], [ 82.5553869, 19.0047689 ] ] } },
{ "type": "Feature", "properties": { "@osmId": "way/233893185", "@snapshotTimestamp": "2015-01-01T00:00:00Z" }, "geometry": { "type": "LineString", "coordinates": [ [ 82.6222132, 18.9740435 ], [ 82.6626731, 18.9439375 ] ] } },
{ "type": "Feature", "properties": { "@osmId": "way/234883564", "@snapshotTimestamp": "2015-01-01T00:00:00Z" }, "geometry": { "type": "LineString", "coordinates": [ [ 83.0058632, 18.9198059 ], [ 83.0111716, 18.9362721 ] ] } },
{ "type": "Feature", "properties": { "@osmId": "way/234300194", "@snapshotTimestamp": "2015-01-01T00:00:00Z" }, "geometry": { "type": "LineString", "coordinates": [ [ 83.2728378, 18.9322437 ], [ 83.2721737, 18.9322997 ] ] } },
{ "type": "Feature", "properties": { "@osmId": "way/234300204", "@snapshotTimestamp": "2015-01-01T00:00:00Z" }, "geometry": { "type": "LineString", "coordinates": [ [ 83.2721737, 18.9322997 ], [ 83.2314514, 18.9363846 ] ] } },
{ "type": "Feature", "properties": { "@osmId": "way/234300198", "@snapshotTimestamp": "2015-01-01T00:00:00Z" }, "geometry": { "type": "LineString", "coordinates": [ [ 83.2314514, 18.9363846 ], [ 83.2314016, 18.9361209 ] ] } },
{ "type": "Feature", "properties": { "@osmId": "way/234883568", "@snapshotTimestamp": "2015-01-01T00:00:00Z" }, "geometry": { "type": "LineString", "coordinates": [ [ 83.0111716, 18.9362721 ], [ 83.0113945, 18.9365617 ] ] } },
{ "type": "Feature", "properties": { "@osmId": "way/234300203", "@snapshotTimestamp": "2015-01-01T00:00:00Z" }, "geometry": { "type": "LineString", "coordinates": [ [ 83.1632349, 18.8889249 ], [ 83.1712035, 18.9654717 ], [ 83.1145271, 18.9906485 ] ] } },
{ "type": "Feature", "properties": { "@osmId": "way/234883570", "@snapshotTimestamp": "2015-01-01T00:00:00Z" }, "geometry": { "type": "LineString", "coordinates": [ [ 83.0113945, 18.9365617 ], [ 83.0209581, 18.9660511 ], [ 83.1145271, 18.9906485 ] ] } },
{ "type": "Feature", "properties": { "@osmId": "way/22830863", "@snapshotTimestamp": "2015-01-01T00:00:00Z" }, "geometry": { "type": "LineString", "coordinates": [ [ 83.1145271, 18.9906485 ], [ 83.1448217, 19.0131041 ] ] } },
{ "type": "Feature", "properties": { "@osmId": "way/275641608", "@snapshotTimestamp": "2015-01-01T00:00:00Z" }, "geometry": { "type": "LineString", "coordinates": [ [ 83.1448217, 19.0131041 ], [ 83.2060175, 19.1227626 ] ] } },
{ "type": "Feature", "properties": { "@osmId": "way/275647562", "@snapshotTimestamp": "2015-01-01T00:00:00Z" }, "geometry": { "type": "LineString", "coordinates": [ [ 83.2232143, 19.1150836 ], [ 83.2233027, 19.11454 ] ] } },
{ "type": "Feature", "properties": { "@osmId": "way/234300205", "@snapshotTimestamp": "2015-01-01T00:00:00Z" }, "geometry": { "type": "LineString", "coordinates": [ [ 83.338077685160499, 18.825452101814466 ], [ 83.3288436, 18.847329 ] ] } },
{ "type": "Feature", "properties": { "@osmId": "way/234300199", "@snapshotTimestamp": "2015-01-01T00:00:00Z" }, "geometry": { "type": "LineString", "coordinates": [ [ 83.3288436, 18.847329 ], [ 83.3286779, 18.8476464 ] ] } },
{ "type": "Feature", "properties": { "@osmId": "way/234300193", "@snapshotTimestamp": "2015-01-01T00:00:00Z" }, "geometry": { "type": "LineString", "coordinates": [ [ 83.3286779, 18.8476464 ], [ 83.3235401, 18.8496984 ] ] } },
{ "type": "Feature", "properties": { "@osmId": "way/234300196", "@snapshotTimestamp": "2015-01-01T00:00:00Z" }, "geometry": { "type": "LineString", "coordinates": [ [ 83.3235401, 18.8496984 ], [ 83.323268, 18.8501817 ] ] } },
{ "type": "Feature", "properties": { "@osmId": "way/234300202", "@snapshotTimestamp": "2015-01-01T00:00:00Z" }, "geometry": { "type": "LineString", "coordinates": [ [ 83.323268, 18.8501817 ], [ 83.3060796, 18.8650438 ] ] } },
{ "type": "Feature", "properties": { "@osmId": "way/234300201", "@snapshotTimestamp": "2015-01-01T00:00:00Z" }, "geometry": { "type": "LineString", "coordinates": [ [ 83.3060796, 18.8650438 ], [ 83.3059501, 18.865098 ] ] } },
{ "type": "Feature", "properties": { "@osmId": "way/22830921", "@snapshotTimestamp": "2015-01-01T00:00:00Z" }, "geometry": { "type": "LineString", "coordinates": [ [ 83.452547509662267, 18.956845971470248 ], [ 83.45327, 18.9774 ] ] } },
{ "type": "Feature", "properties": { "@osmId": "way/234379817", "@snapshotTimestamp": "2015-01-01T00:00:00Z" }, "geometry": { "type": "LineString", "coordinates": [ [ 83.4103876, 19.1669949 ], [ 83.4127008, 19.060303 ], [ 83.444435818961963, 18.966800686920646 ] ] } },
{ "type": "Feature", "properties": { "@osmId": "way/234883558", "@snapshotTimestamp": "2015-01-01T00:00:00Z" }, "geometry": { "type": "LineString", "coordinates": [ [ 83.4097062, 19.1674906 ], [ 83.4120686, 19.1671404 ] ] } },
{ "type": "Feature", "properties": { "@osmId": "way/234883557", "@snapshotTimestamp": "2015-01-01T00:00:00Z" }, "geometry": { "type": "LineString", "coordinates": [ [ 83.3378479, 19.189305 ], [ 83.4097062, 19.1674906 ] ] } },
{ "type": "Feature", "properties": { "@osmId": "way/233893183", "@snapshotTimestamp": "2015-01-01T00:00:00Z" }, "geometry": { "type": "LineString", "coordinates": [ [ 82.6211044, 18.9736058 ], [ 82.6222132, 18.9740435 ] ] } },
{ "type": "Feature", "properties": { "@osmId": "way/239005239", "@snapshotTimestamp": "2015-01-01T00:00:00Z" }, "geometry": { "type": "LineString", "coordinates": [ [ 82.5553869, 19.0047689 ], [ 82.5553679, 19.0050844 ] ] } },
{ "type": "Feature", "properties": { "@osmId": "way/233893184", "@snapshotTimestamp": "2015-01-01T00:00:00Z" }, "geometry": { "type": "LineString", "coordinates": [ [ 82.553591, 19.048454 ], [ 82.6211044, 18.9736058 ] ] } },
{ "type": "Feature", "properties": { "@osmId": "way/239005240", "@snapshotTimestamp": "2015-01-01T00:00:00Z" }, "geometry": { "type": "LineString", "coordinates": [ [ 82.5553679, 19.0050844 ], [ 82.553591, 19.048454 ] ] } },
{ "type": "Feature", "properties": { "@osmId": "way/240809063", "@snapshotTimestamp": "2015-01-01T00:00:00Z" }, "geometry": { "type": "LineString", "coordinates": [ [ 82.2319973, 19.0970338 ], [ 82.212195413443766, 19.081988239678683 ] ] } },
{ "type": "Feature", "properties": { "@osmId": "way/45031791", "@snapshotTimestamp": "2015-01-01T00:00:00Z" }, "geometry": { "type": "LineString", "coordinates": [ [ 82.553591, 19.048454 ], [ 82.475845, 19.107522 ], [ 82.330421, 19.142395 ], [ 82.2326007, 19.0972492 ] ] } },
{ "type": "Feature", "properties": { "@osmId": "way/240809062", "@snapshotTimestamp": "2015-01-01T00:00:00Z" }, "geometry": { "type": "LineString", "coordinates": [ [ 82.2326007, 19.0972492 ], [ 82.2319973, 19.0970338 ] ] } },
{ "type": "Feature", "properties": { "@osmId": "way/22829046", "@snapshotTimestamp": "2015-01-01T00:00:00Z" }, "geometry": { "type": "LineString", "coordinates": [ [ 82.553591, 19.048454 ], [ 82.5584902, 19.2003047 ] ] } },
{ "type": "Feature", "properties": { "@osmId": "way/284687473", "@snapshotTimestamp": "2015-01-01T00:00:00Z" }, "geometry": { "type": "LineString", "coordinates": [ [ 82.5584902, 19.2003047 ], [ 82.5592936, 19.2021955 ] ] } },
{ "type": "Feature", "properties": { "@osmId": "way/284687479", "@snapshotTimestamp": "2015-01-01T00:00:00Z" }, "geometry": { "type": "LineString", "coordinates": [ [ 82.5592936, 19.2021955 ], [ 82.5283393, 19.2990719 ] ] } },
{ "type": "Feature", "properties": { "@osmId": "way/234883554", "@snapshotTimestamp": "2015-01-01T00:00:00Z" }, "geometry": { "type": "LineString", "coordinates": [ [ 83.3112603, 19.1855553 ], [ 83.3119793, 19.1853314 ] ] } },
{ "type": "Feature", "properties": { "@osmId": "way/234883550", "@snapshotTimestamp": "2015-01-01T00:00:00Z" }, "geometry": { "type": "LineString", "coordinates": [ [ 83.320858, 19.1854207 ], [ 83.3215398, 19.1859088 ] ] } },
{ "type": "Feature", "properties": { "@osmId": "way/234883543", "@snapshotTimestamp": "2015-01-01T00:00:00Z" }, "geometry": { "type": "LineString", "coordinates": [ [ 83.3119793, 19.1853314 ], [ 83.320858, 19.1854207 ] ] } },
{ "type": "Feature", "properties": { "@osmId": "way/234883556", "@snapshotTimestamp": "2015-01-01T00:00:00Z" }, "geometry": { "type": "LineString", "coordinates": [ [ 83.3215398, 19.1859088 ], [ 83.3261305, 19.1860906 ] ] } },
{ "type": "Feature", "properties": { "@osmId": "way/234883547", "@snapshotTimestamp": "2015-01-01T00:00:00Z" }, "geometry": { "type": "LineString", "coordinates": [ [ 83.3261305, 19.1860906 ], [ 83.3269361, 19.1861334 ] ] } },
{ "type": "Feature", "properties": { "@osmId": "way/234883559", "@snapshotTimestamp": "2015-01-01T00:00:00Z" }, "geometry": { "type": "LineString", "coordinates": [ [ 83.30734, 19.1882084 ], [ 83.3112603, 19.1855553 ] ] } },
{ "type": "Feature", "properties": { "@osmId": "way/234883541", "@snapshotTimestamp": "2015-01-01T00:00:00Z" }, "geometry": { "type": "LineString", "coordinates": [ [ 83.3269361, 19.1861334 ], [ 83.3373571, 19.1891541 ] ] } },
{ "type": "Feature", "properties": { "@osmId": "way/234883549", "@snapshotTimestamp": "2015-01-01T00:00:00Z" }, "geometry": { "type": "LineString", "coordinates": [ [ 83.3070464, 19.1881017 ], [ 83.30734, 19.1882084 ] ] } },
{ "type": "Feature", "properties": { "@osmId": "way/234883552", "@snapshotTimestamp": "2015-01-01T00:00:00Z" }, "geometry": { "type": "LineString", "coordinates": [ [ 83.3373571, 19.1891541 ], [ 83.3378479, 19.189305 ] ] } },
{ "type": "Feature", "properties": { "@osmId": "way/234380487", "@snapshotTimestamp": "2015-01-01T00:00:00Z" }, "geometry": { "type": "LineString", "coordinates": [ [ 83.4120686, 19.1671404 ], [ 83.4218654, 19.2437538 ] ] } },
{ "type": "Feature", "properties": { "@osmId": "way/275647559", "@snapshotTimestamp": "2015-01-01T00:00:00Z" }, "geometry": { "type": "LineString", "coordinates": [ [ 83.2186128, 19.1161074 ], [ 83.2232143, 19.1150836 ] ] } },
{ "type": "Feature", "properties": { "@osmId": "way/234883544", "@snapshotTimestamp": "2015-01-01T00:00:00Z" }, "geometry": { "type": "LineString", "coordinates": [ [ 83.2060175, 19.1227626 ], [ 83.2186128, 19.1161074 ] ] } },
{ "type": "Feature", "properties": { "@osmId": "way/275647563", "@snapshotTimestamp": "2015-01-01T00:00:00Z" }, "geometry": { "type": "LineString", "coordinates": [ [ 83.2233027, 19.11454 ], [ 83.2609164, 19.1320494 ] ] } },
{ "type": "Feature", "properties": { "@osmId": "way/275647561", "@snapshotTimestamp": "2015-01-01T00:00:00Z" }, "geometry": { "type": "LineString", "coordinates": [ [ 83.2609164, 19.1320494 ], [ 83.2613264, 19.1325911 ] ] } },
{ "type": "Feature", "properties": { "@osmId": "way/288973423", "@snapshotTimestamp": "2015-01-01T00:00:00Z" }, "geometry": { "type": "LineString", "coordinates": [ [ 83.2060175, 19.1227626 ], [ 83.2052176, 19.1470999 ], [ 83.1178329, 19.1849138 ] ] } },
{ "type": "Feature", "properties": { "@osmId": "way/275647560", "@snapshotTimestamp": "2015-01-01T00:00:00Z" }, "geometry": { "type": "LineString", "coordinates": [ [ 83.2613264, 19.1325911 ], [ 83.2861108, 19.1936112 ], [ 83.3070464, 19.1881017 ] ] } },
{ "type": "Feature", "properties": { "@osmId": "way/275647635", "@snapshotTimestamp": "2015-01-01T00:00:00Z" }, "geometry": { "type": "LineString", "coordinates": [ [ 83.1178329, 19.1849138 ], [ 83.1177795, 19.1852592 ] ] } },
{ "type": "Feature", "properties": { "@osmId": "way/275647565", "@snapshotTimestamp": "2015-01-01T00:00:00Z" }, "geometry": { "type": "LineString", "coordinates": [ [ 83.1177795, 19.1852592 ], [ 83.1066353, 19.2480212 ], [ 83.1316485, 19.3274338 ], [ 83.0964591, 19.3914931 ], [ 83.1262082, 19.439763 ], [ 83.0564593, 19.4879834 ], [ 83.1262072, 19.5490096 ], [ 83.1148718, 19.6092043 ], [ 83.1341316, 19.6090999 ] ] } },
{ "type": "Feature", "properties": { "@osmId": "way/234950928", "@snapshotTimestamp": "2015-01-01T00:00:00Z" }, "geometry": { "type": "LineString", "coordinates": [ [ 83.3104745, 19.5075864 ], [ 83.2820464, 19.5859709 ] ] } },
{ "type": "Feature", "properties": { "@osmId": "way/194359541", "@snapshotTimestamp": "2015-01-01T00:00:00Z" }, "geometry": { "type": "LineString", "coordinates": [ [ 83.2820464, 19.5859709 ], [ 83.2770515, 19.5755617 ] ] } },
{ "type": "Feature", "properties": { "@osmId": "way/234892591", "@snapshotTimestamp": "2015-01-01T00:00:00Z" }, "geometry": { "type": "LineString", "coordinates": [ [ 83.4375486, 19.2904144 ], [ 83.446196, 19.3229723 ] ] } },
{ "type": "Feature", "properties": { "@osmId": "way/234892588", "@snapshotTimestamp": "2015-01-01T00:00:00Z" }, "geometry": { "type": "LineString", "coordinates": [ [ 83.446196, 19.3229723 ], [ 83.4458645, 19.3233424 ] ] } },
{ "type": "Feature", "properties": { "@osmId": "way/194359542", "@snapshotTimestamp": "2015-01-01T00:00:00Z" }, "geometry": { "type": "LineString", "coordinates": [ [ 83.3943019, 19.2695106 ], [ 83.3557669, 19.39286 ], [ 83.3195816, 19.3975378 ] ] } },
{ "type": "Feature", "properties": { "@osmId": "way/234892592", "@snapshotTimestamp": "2015-01-01T00:00:00Z" }, "geometry": { "type": "LineString", "coordinates": [ [ 83.4458645, 19.3233424 ], [ 83.4451014, 19.3637165 ] ] } },
{ "type": "Feature", "properties": { "@osmId": "way/234892586", "@snapshotTimestamp": "2015-01-01T00:00:00Z" }, "geometry": { "type": "LineString", "coordinates": [ [ 83.4451014, 19.3637165 ], [ 83.4447862, 19.3639628 ] ] } },
{ "type": "Feature", "properties": { "@osmId": "way/234951560", "@snapshotTimestamp": "2015-01-01T00:00:00Z" }, "geometry": { "type": "LineString", "coordinates": [ [ 83.5269577, 19.4715456 ], [ 83.6271851, 19.2631293 ] ] } },
{ "type": "Feature", "properties": { "@osmId": "way/234892590", "@snapshotTimestamp": "2015-01-01T00:00:00Z" }, "geometry": { "type": "LineString", "coordinates": [ [ 83.4447862, 19.3639628 ], [ 83.4501484, 19.3971017 ] ] } },
{ "type": "Feature", "properties": { "@osmId": "way/234892587", "@snapshotTimestamp": "2015-01-01T00:00:00Z" }, "geometry": { "type": "LineString", "coordinates": [ [ 83.4501484, 19.3971017 ], [ 83.4501451, 19.3973193 ] ] } },
{ "type": "Feature", "properties": { "@osmId": "way/234950916", "@snapshotTimestamp": "2015-01-01T00:00:00Z" }, "geometry": { "type": "LineString", "coordinates": [ [ 83.3195816, 19.3975378 ], [ 83.3189528, 19.3977697 ] ] } },
{ "type": "Feature", "properties": { "@osmId": "way/234950926", "@snapshotTimestamp": "2015-01-01T00:00:00Z" }, "geometry": { "type": "LineString", "coordinates": [ [ 83.3189528, 19.3977697 ], [ 83.3079779, 19.4551882 ] ] } },
{ "type": "Feature", "properties": { "@osmId": "way/218216255", "@snapshotTimestamp": "2015-01-01T00:00:00Z" }, "geometry": { "type": "LineString", "coordinates": [ [ 82.5283393, 19.2990719 ], [ 82.5280738, 19.2994887 ] ] } },
{ "type": "Feature", "properties": { "@osmId": "way/22830731", "@snapshotTimestamp": "2015-01-01T00:00:00Z" }, "geometry": { "type": "LineString", "coordinates": [ [ 82.5142115, 19.3407514 ], [ 82.5125177, 19.3445703 ] ] } },
{ "type": "Feature", "properties": { "@osmId": "way/234205206", "@snapshotTimestamp": "2015-01-01T00:00:00Z" }, "geometry": { "type": "LineString", "coordinates": [ [ 82.5125177, 19.3445703 ], [ 82.5122938, 19.3449771 ] ] } },
{ "type": "Feature", "properties": { "@osmId": "way/218216256", "@snapshotTimestamp": "2015-01-01T00:00:00Z" }, "geometry": { "type": "LineString", "coordinates": [ [ 82.5280738, 19.2994887 ], [ 82.5142115, 19.3407514 ], [ 82.5483472, 19.3652379 ], [ 82.5592464, 19.4154024 ] ] } },
{ "type": "Feature", "properties": { "@osmId": "way/234205200", "@snapshotTimestamp": "2015-01-01T00:00:00Z" }, "geometry": { "type": "LineString", "coordinates": [ [ 82.5122938, 19.3449771 ], [ 82.4733818, 19.3796303 ] ] } },
{ "type": "Feature", "properties": { "@osmId": "way/234205204", "@snapshotTimestamp": "2015-01-01T00:00:00Z" }, "geometry": { "type": "LineString", "coordinates": [ [ 82.4733818, 19.3796303 ], [ 82.4729657, 19.3798409 ] ] } },
{ "type": "Feature", "properties": { "@osmId": "way/234205214", "@snapshotTimestamp": "2015-01-01T00:00:00Z" }, "geometry": { "type": "LineString", "coordinates": [ [ 82.4729657, 19.3798409 ], [ 82.4116499, 19.4453216 ] ] } },
{ "type": "Feature", "properties": { "@osmId": "way/273118080", "@snapshotTimestamp": "2015-01-01T00:00:00Z" }, "geometry": { "type": "LineString", "coordinates": [ [ 82.5592464, 19.4154024 ], [ 82.559426, 19.4157837 ] ] } },
{ "type": "Feature", "properties": { "@osmId": "way/22828749", "@snapshotTimestamp": "2015-01-01T00:00:00Z" }, "geometry": { "type": "LineString", "coordinates": [ [ 82.4116499, 19.4453216 ], [ 82.4105552, 19.4475567 ] ] } },
{ "type": "Feature", "properties": { "@osmId": "way/234205209", "@snapshotTimestamp": "2015-01-01T00:00:00Z" }, "geometry": { "type": "LineString", "coordinates": [ [ 82.4105552, 19.4475567 ], [ 82.4100461, 19.4482174 ] ] } },
{ "type": "Feature", "properties": { "@osmId": "way/218626881", "@snapshotTimestamp": "2015-01-01T00:00:00Z" }, "geometry": { "type": "LineString", "coordinates": [ [ 84.6569484, 19.0705626 ], [ 84.65255731796195, 19.06681445505221 ] ] } },
{ "type": "Feature", "properties": { "@osmId": "way/218637760", "@snapshotTimestamp": "2015-01-01T00:00:00Z" }, "geometry": { "type": "LineString", "coordinates": [ [ 84.652507758499723, 19.066909914946343 ], [ 84.6568607, 19.070647 ] ] } },
{ "type": "Feature", "properties": { "@osmId": "way/218626915", "@snapshotTimestamp": "2015-01-01T00:00:00Z" }, "geometry": { "type": "LineString", "coordinates": [ [ 84.6576917, 19.0713693 ], [ 84.6569484, 19.0705626 ] ] } },
{ "type": "Feature", "properties": { "@osmId": "way/218626923", "@snapshotTimestamp": "2015-01-01T00:00:00Z" }, "geometry": { "type": "LineString", "coordinates": [ [ 84.6568607, 19.070647 ], [ 84.6575929, 19.0714606 ] ] } },
{ "type": "Feature", "properties": { "@osmId": "way/218626938", "@snapshotTimestamp": "2015-01-01T00:00:00Z" }, "geometry": { "type": "LineString", "coordinates": [ [ 84.6600783, 19.0740667 ], [ 84.6576917, 19.0713693 ] ] } },
{ "type": "Feature", "properties": { "@osmId": "way/218626933", "@snapshotTimestamp": "2015-01-01T00:00:00Z" }, "geometry": { "type": "LineString", "coordinates": [ [ 84.6575929, 19.0714606 ], [ 84.6599634, 19.0741462 ] ] } },
{ "type": "Feature", "properties": { "@osmId": "way/218626912", "@snapshotTimestamp": "2015-01-01T00:00:00Z" }, "geometry": { "type": "LineString", "coordinates": [ [ 84.6604436, 19.074482 ], [ 84.6600783, 19.0740667 ] ] } },
{ "type": "Feature", "properties": { "@osmId": "way/218626919", "@snapshotTimestamp": "2015-01-01T00:00:00Z" }, "geometry": { "type": "LineString", "coordinates": [ [ 84.6599634, 19.0741462 ], [ 84.6603011, 19.0745376 ] ] } },
{ "type": "Feature", "properties": { "@osmId": "way/218626943", "@snapshotTimestamp": "2015-01-01T00:00:00Z" }, "geometry": { "type": "MultiLineString", "coordinates": [ [ [ 84.662597, 19.0768233 ], [ 84.66127618681918, 19.075474594207812 ] ], [ [ 84.660877867240458, 19.075003466275682 ], [ 84.6604436, 19.074482 ] ] ] } },
{ "type": "Feature", "properties": { "@osmId": "way/218626940", "@snapshotTimestamp": "2015-01-01T00:00:00Z" }, "geometry": { "type": "MultiLineString", "coordinates": [ [ [ 84.6603011, 19.0745376 ], [ 84.66092789497074, 19.075242827692474 ] ], [ [ 84.661140736557542, 19.075480453651291 ], [ 84.6625007, 19.0769001 ] ] ] } },
{ "type": "Feature", "properties": { "@osmId": "way/84730801", "@snapshotTimestamp": "2015-01-01T00:00:00Z" }, "geometry": { "type": "MultiLineString", "coordinates": [ [ [ 84.7821012, 19.2765069 ], [ 84.710464502172982, 19.158347782388415 ] ], [ [ 84.708231195945501, 19.147422163825183 ], [ 84.701518294530089, 19.118207228802554 ] ] ] } },
{ "type": "Feature", "properties": { "@osmId": "way/238744362", "@snapshotTimestamp": "2015-01-01T00:00:00Z" }, "geometry": { "type": "MultiLineString", "coordinates": [ [ [ 84.701402246176997, 19.118250083965599 ], [ 84.708091023815228, 19.147474030727473 ] ], [ [ 84.710420787164253, 19.158531292488973 ], [ 84.7820282, 19.276631 ] ] ] } },
{ "type": "Feature", "properties": { "@osmId": "way/238031459", "@snapshotTimestamp": "2015-01-01T00:00:00Z" }, "geometry": { "type": "LineString", "coordinates": [ [ 84.6823112, 19.2335793 ], [ 84.6825017, 19.2335313 ] ] } },
{ "type": "Feature", "properties": { "@osmId": "way/238031471", "@snapshotTimestamp": "2015-01-01T00:00:00Z" }, "geometry": { "type": "LineString", "coordinates": [ [ 84.6825017, 19.2335313 ], [ 84.6917952, 19.2373274 ] ] } },
{ "type": "Feature", "properties": { "@osmId": "way/238031451", "@snapshotTimestamp": "2015-01-01T00:00:00Z" }, "geometry": { "type": "LineString", "coordinates": [ [ 84.6917952, 19.2373274 ], [ 84.6920734, 19.2373318 ] ] } },
{ "type": "Feature", "properties": { "@osmId": "way/238031463", "@snapshotTimestamp": "2015-01-01T00:00:00Z" }, "geometry": { "type": "LineString", "coordinates": [ [ 84.6920734, 19.2373318 ], [ 84.7476392, 19.3004664 ] ] } },
{ "type": "Feature", "properties": { "@osmId": "way/134543945", "@snapshotTimestamp": "2015-01-01T00:00:00Z" }, "geometry": { "type": "LineString", "coordinates": [ [ 84.7967174, 19.294442 ], [ 84.8025069, 19.2886373 ] ] } },
{ "type": "Feature", "properties": { "@osmId": "way/225689042", "@snapshotTimestamp": "2015-01-01T00:00:00Z" }, "geometry": { "type": "LineString", "coordinates": [ [ 84.7952452, 19.3049461 ], [ 84.7822226, 19.277272 ] ] } },
{ "type": "Feature", "properties": { "@osmId": "way/84730783", "@snapshotTimestamp": "2015-01-01T00:00:00Z" }, "geometry": { "type": "LineString", "coordinates": [ [ 84.8452157, 19.3075487 ], [ 84.7821012, 19.2765069 ] ] } },
{ "type": "Feature", "properties": { "@osmId": "way/218616298", "@snapshotTimestamp": "2015-01-01T00:00:00Z" }, "geometry": { "type": "LineString", "coordinates": [ [ 84.7820282, 19.276631 ], [ 84.8451592, 19.3076924 ] ] } },
{ "type": "Feature", "properties": { "@osmId": "way/22830737", "@snapshotTimestamp": "2015-01-01T00:00:00Z" }, "geometry": { "type": "LineString", "coordinates": [ [ 84.667300573895702, 19.163052601048452 ], [ 84.619851, 19.1910473 ] ] } },
{ "type": "Feature", "properties": { "@osmId": "way/238031473", "@snapshotTimestamp": "2015-01-01T00:00:00Z" }, "geometry": { "type": "LineString", "coordinates": [ [ 84.619851, 19.1910473 ], [ 84.6093248, 19.1643112 ] ] } },
{ "type": "Feature", "properties": { "@osmId": "way/238031461", "@snapshotTimestamp": "2015-01-01T00:00:00Z" }, "geometry": { "type": "LineString", "coordinates": [ [ 84.6188702, 19.1923644 ], [ 84.6263647, 19.2205014 ], [ 84.6632364, 19.2255622 ] ] } },
{ "type": "Feature", "properties": { "@osmId": "way/238031456", "@snapshotTimestamp": "2015-01-01T00:00:00Z" }, "geometry": { "type": "LineString", "coordinates": [ [ 84.6632364, 19.2255622 ], [ 84.6634107, 19.2255622 ] ] } },
{ "type": "Feature", "properties": { "@osmId": "way/238031466", "@snapshotTimestamp": "2015-01-01T00:00:00Z" }, "geometry": { "type": "LineString", "coordinates": [ [ 84.6634107, 19.2255622 ], [ 84.6706979, 19.2304075 ] ] } },
{ "type": "Feature", "properties": { "@osmId": "way/238031457", "@snapshotTimestamp": "2015-01-01T00:00:00Z" }, "geometry": { "type": "LineString", "coordinates": [ [ 84.6706979, 19.2304075 ], [ 84.6708807, 19.2305586 ] ] } },
{ "type": "Feature", "properties": { "@osmId": "way/238031468", "@snapshotTimestamp": "2015-01-01T00:00:00Z" }, "geometry": { "type": "LineString", "coordinates": [ [ 84.6708807, 19.2305586 ], [ 84.6823112, 19.2335793 ] ] } },
{ "type": "Feature", "properties": { "@osmId": "way/22830768", "@snapshotTimestamp": "2015-01-01T00:00:00Z" }, "geometry": { "type": "LineString", "coordinates": [ [ 84.619851, 19.1910473 ], [ 84.5559049, 19.2313716 ], [ 84.5497408, 19.2889159 ] ] } },
{ "type": "Feature", "properties": { "@osmId": "way/232147220", "@snapshotTimestamp": "2015-01-01T00:00:00Z" }, "geometry": { "type": "LineString", "coordinates": [ [ 84.5497408, 19.2889159 ], [ 84.549444, 19.289433 ] ] } },
{ "type": "Feature", "properties": { "@osmId": "way/232147228", "@snapshotTimestamp": "2015-01-01T00:00:00Z" }, "geometry": { "type": "LineString", "coordinates": [ [ 84.549444, 19.289433 ], [ 84.5635368, 19.3793015 ] ] } },
{ "type": "Feature", "properties": { "@osmId": "way/134540546", "@snapshotTimestamp": "2015-01-01T00:00:00Z" }, "geometry": { "type": "LineString", "coordinates": [ [ 84.9036327, 19.2591301 ], [ 84.9033397, 19.258698 ] ] } },
{ "type": "Feature", "properties": { "@osmId": "way/22830752", "@snapshotTimestamp": "2015-01-01T00:00:00Z" }, "geometry": { "type": "LineString", "coordinates": [ [ 84.9000612, 19.2619887 ], [ 84.9036327, 19.2591301 ] ] } },
{ "type": "Feature", "properties": { "@osmId": "way/218122289", "@snapshotTimestamp": "2015-01-01T00:00:00Z" }, "geometry": { "type": "LineString", "coordinates": [ [ 84.9040704, 19.2596242 ], [ 84.8456705, 19.3075646 ] ] } },
{ "type": "Feature", "properties": { "@osmId": "way/134540551", "@snapshotTimestamp": "2015-01-01T00:00:00Z" }, "geometry": { "type": "LineString", "coordinates": [ [ 84.8967211, 19.2734326 ], [ 84.9550434, 19.311662 ] ] } },
{ "type": "Feature", "properties": { "@osmId": "way/218616303", "@snapshotTimestamp": "2015-01-01T00:00:00Z" }, "geometry": { "type": "LineString", "coordinates": [ [ 84.8456607, 19.3078295 ], [ 84.8452157, 19.3075487 ] ] } },
{ "type": "Feature", "properties": { "@osmId": "way/218616295", "@snapshotTimestamp": "2015-01-01T00:00:00Z" }, "geometry": { "type": "LineString", "coordinates": [ [ 84.8451592, 19.3076924 ], [ 84.8455659, 19.307939 ] ] } },
{ "type": "Feature", "properties": { "@osmId": "way/240697410", "@snapshotTimestamp": "2015-01-01T00:00:00Z" }, "geometry": { "type": "LineString", "coordinates": [ [ 84.8456705, 19.3075646 ], [ 84.8417732, 19.3130377 ] ] } },
{ "type": "Feature", "properties": { "@osmId": "way/84730850", "@snapshotTimestamp": "2015-01-01T00:00:00Z" }, "geometry": { "type": "LineString", "coordinates": [ [ 84.8417732, 19.3130377 ], [ 84.841543, 19.3131715 ] ] } },
{ "type": "Feature", "properties": { "@osmId": "way/229076045", "@snapshotTimestamp": "2015-01-01T00:00:00Z" }, "geometry": { "type": "LineString", "coordinates": [ [ 84.8417634, 19.313254 ], [ 84.8417732, 19.3130377 ] ] } },
{ "type": "Feature", "properties": { "@osmId": "way/218616302", "@snapshotTimestamp": "2015-01-01T00:00:00Z" }, "geometry": { "type": "LineString", "coordinates": [ [ 84.865118, 19.3214251 ], [ 84.8456607, 19.3078295 ] ] } },
{ "type": "Feature", "properties": { "@osmId": "way/134540539", "@snapshotTimestamp": "2015-01-01T00:00:00Z" }, "geometry": { "type": "LineString", "coordinates": [ [ 84.7912549, 19.2941303 ], [ 84.7967521, 19.2968359 ] ] } },
{ "type": "Feature", "properties": { "@osmId": "way/134543947", "@snapshotTimestamp": "2015-01-01T00:00:00Z" }, "geometry": { "type": "LineString", "coordinates": [ [ 84.7943303, 19.293761 ], [ 84.81229, 19.2990123 ] ] } },
{ "type": "Feature", "properties": { "@osmId": "way/218616305", "@snapshotTimestamp": "2015-01-01T00:00:00Z" }, "geometry": { "type": "LineString", "coordinates": [ [ 84.8286837, 19.2981517 ], [ 84.8288707, 19.2977406 ] ] } },
{ "type": "Feature", "properties": { "@osmId": "way/218616306", "@snapshotTimestamp": "2015-01-01T00:00:00Z" }, "geometry": { "type": "LineString", "coordinates": [ [ 84.8285883, 19.2984502 ], [ 84.8286837, 19.2981517 ] ] } },
{ "type": "Feature", "properties": { "@osmId": "way/259153539", "@snapshotTimestamp": "2015-01-01T00:00:00Z" }, "geometry": { "type": "LineString", "coordinates": [ [ 84.7728248, 19.3110562 ], [ 84.7869765, 19.2868954 ] ] } },
{ "type": "Feature", "properties": { "@osmId": "way/232512558", "@snapshotTimestamp": "2015-01-01T00:00:00Z" }, "geometry": { "type": "LineString", "coordinates": [ [ 84.7969488, 19.2965235 ], [ 84.7946077, 19.3035015 ] ] } },
{ "type": "Feature", "properties": { "@osmId": "way/238031454", "@snapshotTimestamp": "2015-01-01T00:00:00Z" }, "geometry": { "type": "LineString", "coordinates": [ [ 84.7476392, 19.3004664 ], [ 84.7477855, 19.3005652 ] ] } },
{ "type": "Feature", "properties": { "@osmId": "way/241131714", "@snapshotTimestamp": "2015-01-01T00:00:00Z" }, "geometry": { "type": "LineString", "coordinates": [ [ 84.8093599, 19.3005208 ], [ 84.8285883, 19.2984502 ] ] } },
{ "type": "Feature", "properties": { "@osmId": "way/241131720", "@snapshotTimestamp": "2015-01-01T00:00:00Z" }, "geometry": { "type": "LineString", "coordinates": [ [ 84.8069848, 19.3046236 ], [ 84.8093599, 19.3005208 ] ] } },
{ "type": "Feature", "properties": { "@osmId": "way/134540554", "@snapshotTimestamp": "2015-01-01T00:00:00Z" }, "geometry": { "type": "LineString", "coordinates": [ [ 84.8053307, 19.3053997 ], [ 84.8069848, 19.3046236 ] ] } },
{ "type": "Feature", "properties": { "@osmId": "way/225689037", "@snapshotTimestamp": "2015-01-01T00:00:00Z" }, "geometry": { "type": "LineString", "coordinates": [ [ 84.8011387, 19.3051344 ], [ 84.7952452, 19.3049461 ] ] } },
{ "type": "Feature", "properties": { "@osmId": "way/229076046", "@snapshotTimestamp": "2015-01-01T00:00:00Z" }, "geometry": { "type": "LineString", "coordinates": [ [ 84.8057354, 19.3055162 ], [ 84.8056816, 19.3052701 ] ] } },
{ "type": "Feature", "properties": { "@osmId": "way/238031442", "@snapshotTimestamp": "2015-01-01T00:00:00Z" }, "geometry": { "type": "LineString", "coordinates": [ [ 84.7477855, 19.3005652 ], [ 84.7728248, 19.3110562 ] ] } },
{ "type": "Feature", "properties": { "@osmId": "way/134540540", "@snapshotTimestamp": "2015-01-01T00:00:00Z" }, "geometry": { "type": "LineString", "coordinates": [ [ 84.8088092, 19.3062839 ], [ 84.8011387, 19.3051344 ] ] } },
{ "type": "Feature", "properties": { "@osmId": "way/225689040", "@snapshotTimestamp": "2015-01-01T00:00:00Z" }, "geometry": { "type": "LineString", "coordinates": [ [ 84.797416, 19.3068339 ], [ 84.8011387, 19.3051344 ] ] } },
{ "type": "Feature", "properties": { "@osmId": "way/196511603", "@snapshotTimestamp": "2015-01-01T00:00:00Z" }, "geometry": { "type": "LineString", "coordinates": [ [ 84.7952452, 19.3049461 ], [ 84.795006, 19.3076986 ] ] } },
{ "type": "Feature", "properties": { "@osmId": "way/196511604", "@snapshotTimestamp": "2015-01-01T00:00:00Z" }, "geometry": { "type": "LineString", "coordinates": [ [ 84.7950681, 19.3076428 ], [ 84.797416, 19.3068339 ] ] } },
{ "type": "Feature", "properties": { "@osmId": "way/238575578", "@snapshotTimestamp": "2015-01-01T00:00:00Z" }, "geometry": { "type": "LineString", "coordinates": [ [ 84.795006, 19.3076986 ], [ 84.7932988, 19.3089446 ] ] } },
{ "type": "Feature", "properties": { "@osmId": "way/225689039", "@snapshotTimestamp": "2015-01-01T00:00:00Z" }, "geometry": { "type": "LineString", "coordinates": [ [ 84.7935174, 19.3110908 ], [ 84.797416, 19.3068339 ] ] } },
{ "type": "Feature", "properties": { "@osmId": "way/238575577", "@snapshotTimestamp": "2015-01-01T00:00:00Z" }, "geometry": { "type": "LineString", "coordinates": [ [ 84.7932988, 19.3089446 ], [ 84.792862, 19.3091596 ] ] } },
{ "type": "Feature", "properties": { "@osmId": "way/238575576", "@snapshotTimestamp": "2015-01-01T00:00:00Z" }, "geometry": { "type": "LineString", "coordinates": [ [ 84.7929099, 19.3092199 ], [ 84.7932988, 19.3089446 ] ] } },
{ "type": "Feature", "properties": { "@osmId": "way/238575589", "@snapshotTimestamp": "2015-01-01T00:00:00Z" }, "geometry": { "type": "LineString", "coordinates": [ [ 84.7929099, 19.3092199 ], [ 84.792862, 19.3091596 ], [ 84.7928286, 19.3091774 ], [ 84.7928548, 19.3092774 ], [ 84.7929099, 19.3092199 ] ] } },
{ "type": "Feature", "properties": { "@osmId": "way/225689043", "@snapshotTimestamp": "2015-01-01T00:00:00Z" }, "geometry": { "type": "LineString", "coordinates": [ [ 84.7928548, 19.3092774 ], [ 84.7935174, 19.3110908 ] ] } },
{ "type": "Feature", "properties": { "@osmId": "way/229076037", "@snapshotTimestamp": "2015-01-01T00:00:00Z" }, "geometry": { "type": "LineString", "coordinates": [ [ 84.8230548, 19.3087595 ], [ 84.7942235, 19.3149522 ] ] } },
{ "type": "Feature", "properties": { "@osmId": "way/229076035", "@snapshotTimestamp": "2015-01-01T00:00:00Z" }, "geometry": { "type": "LineString", "coordinates": [ [ 84.841543, 19.3131715 ], [ 84.8230548, 19.3087595 ] ] } },
{ "type": "Feature", "properties": { "@osmId": "way/196476107", "@snapshotTimestamp": "2015-01-01T00:00:00Z" }, "geometry": { "type": "LineString", "coordinates": [ [ 84.7942235, 19.3149522 ], [ 84.7935174, 19.3110908 ] ] } },
{ "type": "Feature", "properties": { "@osmId": "way/134541641", "@snapshotTimestamp": "2015-01-01T00:00:00Z" }, "geometry": { "type": "LineString", "coordinates": [ [ 84.7708695, 19.3207293 ], [ 84.7728248, 19.3110562 ] ] } },
{ "type": "Feature", "properties": { "@osmId": "way/240751163", "@snapshotTimestamp": "2015-01-01T00:00:00Z" }, "geometry": { "type": "LineString", "coordinates": [ [ 84.7942235, 19.3149522 ], [ 84.7843731, 19.3193311 ] ] } },
{ "type": "Feature", "properties": { "@osmId": "way/134540530", "@snapshotTimestamp": "2015-01-01T00:00:00Z" }, "geometry": { "type": "LineString", "coordinates": [ [ 84.7843731, 19.3193311 ], [ 84.7708695, 19.3207293 ] ] } },
{ "type": "Feature", "properties": { "@osmId": "way/232113664", "@snapshotTimestamp": "2015-01-01T00:00:00Z" }, "geometry": { "type": "LineString", "coordinates": [ [ 84.7695553, 19.3240843 ], [ 84.7434953, 19.3536036 ] ] } },
{ "type": "Feature", "properties": { "@osmId": "way/218616301", "@snapshotTimestamp": "2015-01-01T00:00:00Z" }, "geometry": { "type": "LineString", "coordinates": [ [ 84.8455659, 19.307939 ], [ 84.8651541, 19.3215174 ] ] } },
{ "type": "Feature", "properties": { "@osmId": "way/84730779", "@snapshotTimestamp": "2015-01-01T00:00:00Z" }, "geometry": { "type": "LineString", "coordinates": [ [ 84.8648915, 19.3213174 ], [ 84.841543, 19.3131715 ] ] } },
{ "type": "Feature", "properties": { "@osmId": "way/134540569", "@snapshotTimestamp": "2015-01-01T00:00:00Z" }, "geometry": { "type": "LineString", "coordinates": [ [ 84.9438008, 19.3429736 ], [ 84.9550434, 19.311662 ] ] } },
{ "type": "Feature", "properties": { "@osmId": "way/134540550", "@snapshotTimestamp": "2015-01-01T00:00:00Z" }, "geometry": { "type": "LineString", "coordinates": [ [ 84.9550434, 19.311662 ], [ 84.9810377, 19.3561924 ] ] } },
{ "type": "Feature", "properties": { "@osmId": "way/218616300", "@snapshotTimestamp": "2015-01-01T00:00:00Z" }, "geometry": { "type": "LineString", "coordinates": [ [ 84.9634294, 19.3493734 ], [ 84.865118, 19.3214251 ] ] } },
{ "type": "Feature", "properties": { "@osmId": "way/258631461", "@snapshotTimestamp": "2015-01-01T00:00:00Z" }, "geometry": { "type": "LineString", "coordinates": [ [ 84.8651541, 19.3215174 ], [ 84.9640996, 19.3497766 ] ] } },
{ "type": "Feature", "properties": { "@osmId": "way/232517552", "@snapshotTimestamp": "2015-01-01T00:00:00Z" }, "geometry": { "type": "LineString", "coordinates": [ [ 84.8665545, 19.3222127 ], [ 84.8718403, 19.3531717 ] ] } },
{ "type": "Feature", "properties": { "@osmId": "way/218616299", "@snapshotTimestamp": "2015-01-01T00:00:00Z" }, "geometry": { "type": "LineString", "coordinates": [ [ 84.9640996, 19.3497766 ], [ 84.9634294, 19.3493734 ] ] } },
{ "type": "Feature", "properties": { "@osmId": "way/218616296", "@snapshotTimestamp": "2015-01-01T00:00:00Z" }, "geometry": { "type": "LineString", "coordinates": [ [ 84.969818, 19.3516107 ], [ 84.9640996, 19.3497766 ] ] } },
{ "type": "Feature", "properties": { "@osmId": "way/232517553", "@snapshotTimestamp": "2015-01-01T00:00:00Z" }, "geometry": { "type": "LineString", "coordinates": [ [ 84.8718403, 19.3531717 ], [ 84.8719236, 19.3533885 ] ] } },
{ "type": "Feature", "properties": { "@osmId": "way/232113660", "@snapshotTimestamp": "2015-01-01T00:00:00Z" }, "geometry": { "type": "LineString", "coordinates": [ [ 84.5887588, 19.3695602 ], [ 84.5882531, 19.3697079 ] ] } },
{ "type": "Feature", "properties": { "@osmId": "way/240751167", "@snapshotTimestamp": "2015-01-01T00:00:00Z" }, "geometry": { "type": "LineString", "coordinates": [ [ 84.7180173, 19.362029 ], [ 84.6906394, 19.3789258 ], [ 84.5887588, 19.3695602 ] ] } },
{ "type": "Feature", "properties": { "@osmId": "way/232113670", "@snapshotTimestamp": "2015-01-01T00:00:00Z" }, "geometry": { "type": "LineString", "coordinates": [ [ 84.5882531, 19.3697079 ], [ 84.5635368, 19.3793015 ] ] } },
{ "type": "Feature", "properties": { "@osmId": "way/240480022", "@snapshotTimestamp": "2015-01-01T00:00:00Z" }, "geometry": { "type": "LineString", "coordinates": [ [ 84.6442956, 19.371819 ], [ 84.6441458, 19.3847118 ] ] } },
{ "type": "Feature", "properties": { "@osmId": "way/22830871", "@snapshotTimestamp": "2015-01-01T00:00:00Z" }, "geometry": { "type": "LineString", "coordinates": [ [ 84.5635368, 19.3793015 ], [ 84.5604201, 19.3838857 ] ] } },
{ "type": "Feature", "properties": { "@osmId": "way/232113658", "@snapshotTimestamp": "2015-01-01T00:00:00Z" }, "geometry": { "type": "LineString", "coordinates": [ [ 84.5604201, 19.3838857 ], [ 84.560314, 19.384057 ] ] } },
{ "type": "Feature", "properties": { "@osmId": "way/240480061", "@snapshotTimestamp": "2015-01-01T00:00:00Z" }, "geometry": { "type": "LineString", "coordinates": [ [ 84.6441458, 19.3847118 ], [ 84.6439326, 19.3922025 ] ] } },
{ "type": "Feature", "properties": { "@osmId": "way/232113671", "@snapshotTimestamp": "2015-01-01T00:00:00Z" }, "geometry": { "type": "LineString", "coordinates": [ [ 84.560314, 19.384057 ], [ 84.5274935, 19.402621 ] ] } },
{ "type": "Feature", "properties": { "@osmId": "way/240480100", "@snapshotTimestamp": "2015-01-01T00:00:00Z" }, "geometry": { "type": "LineString", "coordinates": [ [ 84.6439326, 19.3922025 ], [ 84.6448148, 19.4038886 ] ] } },
{ "type": "Feature", "properties": { "@osmId": "way/232113654", "@snapshotTimestamp": "2015-01-01T00:00:00Z" }, "geometry": { "type": "LineString", "coordinates": [ [ 84.5274935, 19.402621 ], [ 84.5257928, 19.4039191 ] ] } },
{ "type": "Feature", "properties": { "@osmId": "way/232113662", "@snapshotTimestamp": "2015-01-01T00:00:00Z" }, "geometry": { "type": "LineString", "coordinates": [ [ 84.7434953, 19.3536036 ], [ 84.7432447, 19.353828 ] ] } },
{ "type": "Feature", "properties": { "@osmId": "way/232113666", "@snapshotTimestamp": "2015-01-01T00:00:00Z" }, "geometry": { "type": "LineString", "coordinates": [ [ 84.7432447, 19.353828 ], [ 84.7180173, 19.362029 ] ] } },
{ "type": "Feature", "properties": { "@osmId": "way/218098884", "@snapshotTimestamp": "2015-01-01T00:00:00Z" }, "geometry": { "type": "LineString", "coordinates": [ [ 84.7708695, 19.3207293 ], [ 84.7508863, 19.4033273 ] ] } },
{ "type": "Feature", "properties": { "@osmId": "way/238039681", "@snapshotTimestamp": "2015-01-01T00:00:00Z" }, "geometry": { "type": "LineString", "coordinates": [ [ 84.6958464, 19.3777305 ], [ 84.6915252, 19.3900496 ] ] } },
{ "type": "Feature", "properties": { "@osmId": "way/238039660", "@snapshotTimestamp": "2015-01-01T00:00:00Z" }, "geometry": { "type": "LineString", "coordinates": [ [ 84.6915252, 19.3900496 ], [ 84.6915265, 19.3903212 ] ] } },
{ "type": "Feature", "properties": { "@osmId": "way/238039682", "@snapshotTimestamp": "2015-01-01T00:00:00Z" }, "geometry": { "type": "LineString", "coordinates": [ [ 84.6915265, 19.3903212 ], [ 84.6800023, 19.402309 ] ] } },
{ "type": "Feature", "properties": { "@osmId": "way/292827955", "@snapshotTimestamp": "2015-01-01T00:00:00Z" }, "geometry": { "type": "LineString", "coordinates": [ [ 84.7508863, 19.4033273 ], [ 84.7508744, 19.4035086 ] ] } },
{ "type": "Feature", "properties": { "@osmId": "way/292827956", "@snapshotTimestamp": "2015-01-01T00:00:00Z" }, "geometry": { "type": "LineString", "coordinates": [ [ 84.7508744, 19.4035086 ], [ 84.7447884, 19.4839177 ] ] } },
{ "type": "Feature", "properties": { "@osmId": "way/237915064", "@snapshotTimestamp": "2015-01-01T00:00:00Z" }, "geometry": { "type": "LineString", "coordinates": [ [ 84.7447884, 19.4839177 ], [ 84.8148575, 19.473418 ] ] } },
{ "type": "Feature", "properties": { "@osmId": "way/237915050", "@snapshotTimestamp": "2015-01-01T00:00:00Z" }, "geometry": { "type": "LineString", "coordinates": [ [ 84.7447884, 19.4839177 ], [ 84.7345635, 19.4911148 ] ] } },
{ "type": "Feature", "properties": { "@osmId": "way/22830910", "@snapshotTimestamp": "2015-01-01T00:00:00Z" }, "geometry": { "type": "LineString", "coordinates": [ [ 84.097716650328124, 18.761351915679601 ], [ 84.0978818, 18.7735665 ] ] } },
{ "type": "Feature", "properties": { "@osmId": "way/22830917", "@snapshotTimestamp": "2015-01-01T00:00:00Z" }, "geometry": { "type": "LineString", "coordinates": [ [ 84.0978818, 18.7735665 ], [ 84.1132129, 18.7782316 ] ] } },
{ "type": "Feature", "properties": { "@osmId": "way/22830881", "@snapshotTimestamp": "2015-01-01T00:00:00Z" }, "geometry": { "type": "LineString", "coordinates": [ [ 84.0978818, 18.7735665 ], [ 84.0917297, 18.7802744 ] ] } },
{ "type": "Feature", "properties": { "@osmId": "way/261207424", "@snapshotTimestamp": "2015-01-01T00:00:00Z" }, "geometry": { "type": "LineString", "coordinates": [ [ 84.1132129, 18.7782316 ], [ 84.138241282171322, 18.777707095986756 ] ] } },
{ "type": "Feature", "properties": { "@osmId": "way/22830880", "@snapshotTimestamp": "2015-01-01T00:00:00Z" }, "geometry": { "type": "LineString", "coordinates": [ [ 84.0917297, 18.7802744 ], [ 84.0790556, 18.7941979 ] ] } },
{ "type": "Feature", "properties": { "@osmId": "way/232959989", "@snapshotTimestamp": "2015-01-01T00:00:00Z" }, "geometry": { "type": "LineString", "coordinates": [ [ 84.0790556, 18.7941979 ], [ 84.0789338, 18.794342 ] ] } },
{ "type": "Feature", "properties": { "@osmId": "way/232959999", "@snapshotTimestamp": "2015-01-01T00:00:00Z" }, "geometry": { "type": "LineString", "coordinates": [ [ 84.0789338, 18.794342 ], [ 84.0732566, 18.8013059 ] ] } },
{ "type": "Feature", "properties": { "@osmId": "way/289005359", "@snapshotTimestamp": "2015-01-01T00:00:00Z" }, "geometry": { "type": "LineString", "coordinates": [ [ 84.1132129, 18.7782316 ], [ 84.1797314, 18.8411836 ] ] } },
{ "type": "Feature", "properties": { "@osmId": "way/234883562", "@snapshotTimestamp": "2015-01-01T00:00:00Z" }, "geometry": { "type": "MultiLineString", "coordinates": [ [ [ 84.212492260460678, 18.791349752172316 ], [ 84.213953768279779, 18.793571832796555 ] ], [ [ 84.21655611994683, 18.796480492521088 ], [ 84.219697420298544, 18.797762007345838 ] ], [ [ 84.22112415896413, 18.798388927976021 ], [ 84.2728541, 18.831234 ], [ 84.330099297970818, 18.816171602695032 ] ] ] } },
{ "type": "Feature", "properties": { "@osmId": "way/289005365", "@snapshotTimestamp": "2015-01-01T00:00:00Z" }, "geometry": { "type": "LineString", "coordinates": [ [ 84.1797314, 18.8411836 ], [ 84.1804013, 18.8421392 ] ] } },
{ "type": "Feature", "properties": { "@osmId": "way/22830858", "@snapshotTimestamp": "2015-01-01T00:00:00Z" }, "geometry": { "type": "LineString", "coordinates": [ [ 84.0732566, 18.8013059 ], [ 83.992277838400469, 18.81380823696604 ] ] } },
{ "type": "Feature", "properties": { "@osmId": "way/232960003", "@snapshotTimestamp": "2015-01-01T00:00:00Z" }, "geometry": { "type": "MultiLineString", "coordinates": [ [ [ 83.988367478327788, 18.813177710415502 ], [ 83.981194955298449, 18.81294607512114 ] ], [ [ 83.957394228054042, 18.81217743507095 ], [ 83.9519, 18.812 ] ] ] } },
{ "type": "Feature", "properties": { "@osmId": "way/232960002", "@snapshotTimestamp": "2015-01-01T00:00:00Z" }, "geometry": { "type": "LineString", "coordinates": [ [ 83.988942395980686, 18.813429148326719 ], [ 83.9829604, 18.8186655 ] ] } },
{ "type": "Feature", "properties": { "@osmId": "way/232959996", "@snapshotTimestamp": "2015-01-01T00:00:00Z" }, "geometry": { "type": "LineString", "coordinates": [ [ 83.9829604, 18.8186655 ], [ 83.9830079, 18.818817 ] ] } },
{ "type": "Feature", "properties": { "@osmId": "way/232959986", "@snapshotTimestamp": "2015-01-01T00:00:00Z" }, "geometry": { "type": "LineString", "coordinates": [ [ 83.9830079, 18.818817 ], [ 83.9374973, 18.8283739 ] ] } },
{ "type": "Feature", "properties": { "@osmId": "way/232959990", "@snapshotTimestamp": "2015-01-01T00:00:00Z" }, "geometry": { "type": "LineString", "coordinates": [ [ 83.9374973, 18.8283739 ], [ 83.9373076, 18.8284132 ] ] } },
{ "type": "Feature", "properties": { "@osmId": "way/232959985", "@snapshotTimestamp": "2015-01-01T00:00:00Z" }, "geometry": { "type": "LineString", "coordinates": [ [ 83.9373076, 18.8284132 ], [ 83.8817758, 18.8573694 ], [ 83.861573, 18.9891578 ] ] } },
{ "type": "Feature", "properties": { "@osmId": "way/22830789", "@snapshotTimestamp": "2015-01-01T00:00:00Z" }, "geometry": { "type": "MultiLineString", "coordinates": [ [ [ 83.9519, 18.812 ], [ 83.94234675415268, 18.813351874412358 ] ], [ [ 83.906157206739636, 18.827874170437674 ], [ 83.851645864842524, 18.859263809600172 ] ], [ [ 83.780463176160765, 19.018620986694945 ], [ 83.7765, 19.0239 ] ] ] } },
{ "type": "Feature", "properties": { "@osmId": "way/232959992", "@snapshotTimestamp": "2015-01-01T00:00:00Z" }, "geometry": { "type": "LineString", "coordinates": [ [ 83.861573, 18.9891578 ], [ 83.8614414, 18.989315 ] ] } },
{ "type": "Feature", "properties": { "@osmId": "way/232960001", "@snapshotTimestamp": "2015-01-01T00:00:00Z" }, "geometry": { "type": "LineString", "coordinates": [ [ 83.8614414, 18.989315 ], [ 83.8336834, 19.0334098 ] ] } },
{ "type": "Feature", "properties": { "@osmId": "way/232959987", "@snapshotTimestamp": "2015-01-01T00:00:00Z" }, "geometry": { "type": "LineString", "coordinates": [ [ 83.8336834, 19.0334098 ], [ 83.8338706, 19.0336659 ] ] } },
{ "type": "Feature", "properties": { "@osmId": "way/232959997", "@snapshotTimestamp": "2015-01-01T00:00:00Z" }, "geometry": { "type": "LineString", "coordinates": [ [ 83.8338706, 19.0336659 ], [ 83.8167239, 19.0808141 ] ] } },
{ "type": "Feature", "properties": { "@osmId": "way/22830899", "@snapshotTimestamp": "2015-01-01T00:00:00Z" }, "geometry": { "type": "LineString", "coordinates": [ [ 83.7765, 19.0239 ], [ 83.7938554, 19.0937332 ] ] } },
{ "type": "Feature", "properties": { "@osmId": "way/232959991", "@snapshotTimestamp": "2015-01-01T00:00:00Z" }, "geometry": { "type": "LineString", "coordinates": [ [ 83.8167239, 19.0808141 ], [ 83.816719, 19.0811354 ] ] } },
{ "type": "Feature", "properties": { "@osmId": "way/232959982", "@snapshotTimestamp": "2015-01-01T00:00:00Z" }, "geometry": { "type": "LineString", "coordinates": [ [ 83.816719, 19.0811354 ], [ 83.8138913, 19.0924434 ] ] } },
{ "type": "Feature", "properties": { "@osmId": "way/22830898", "@snapshotTimestamp": "2015-01-01T00:00:00Z" }, "geometry": { "type": "LineString", "coordinates": [ [ 83.7938554, 19.0937332 ], [ 83.7942254, 19.0939832 ] ] } },
{ "type": "Feature", "properties": { "@osmId": "way/232959993", "@snapshotTimestamp": "2015-01-01T00:00:00Z" }, "geometry": { "type": "LineString", "coordinates": [ [ 83.8138913, 19.0924434 ], [ 83.8098173, 19.0953018 ] ] } },
{ "type": "Feature", "properties": { "@osmId": "way/22830830", "@snapshotTimestamp": "2015-01-01T00:00:00Z" }, "geometry": { "type": "LineString", "coordinates": [ [ 83.7942254, 19.0939832 ], [ 83.797218, 19.0945442 ] ] } },
{ "type": "Feature", "properties": { "@osmId": "way/232959998", "@snapshotTimestamp": "2015-01-01T00:00:00Z" }, "geometry": { "type": "LineString", "coordinates": [ [ 83.8098173, 19.0953018 ], [ 83.805566, 19.0980114 ] ] } },
{ "type": "Feature", "properties": { "@osmId": "way/234883545", "@snapshotTimestamp": "2015-01-01T00:00:00Z" }, "geometry": { "type": "LineString", "coordinates": [ [ 83.805566, 19.0980114 ], [ 83.704987, 19.2044234 ] ] } },
{ "type": "Feature", "properties": { "@osmId": "way/218626926", "@snapshotTimestamp": "2015-01-01T00:00:00Z" }, "geometry": { "type": "LineString", "coordinates": [ [ 84.6634088, 19.0775342 ], [ 84.662597, 19.0768233 ] ] } },
{ "type": "Feature", "properties": { "@osmId": "way/218626930", "@snapshotTimestamp": "2015-01-01T00:00:00Z" }, "geometry": { "type": "LineString", "coordinates": [ [ 84.6625007, 19.0769001 ], [ 84.6633162, 19.077624 ] ] } },
{ "type": "Feature", "properties": { "@osmId": "way/238744366", "@snapshotTimestamp": "2015-01-01T00:00:00Z" }, "geometry": { "type": "LineString", "coordinates": [ [ 84.666021328510752, 19.079645223751495 ], [ 84.6634088, 19.0775342 ] ] } },
{ "type": "Feature", "properties": { "@osmId": "way/218626894", "@snapshotTimestamp": "2015-01-01T00:00:00Z" }, "geometry": { "type": "LineString", "coordinates": [ [ 84.6633162, 19.077624 ], [ 84.665933812697617, 19.079718302353218 ] ] } },
{ "type": "Feature", "properties": { "@osmId": "way/238031446", "@snapshotTimestamp": "2015-01-01T00:00:00Z" }, "geometry": { "type": "LineString", "coordinates": [ [ 84.5103747, 19.15427 ], [ 84.4792266, 19.1473747 ] ] } },
{ "type": "Feature", "properties": { "@osmId": "way/238031453", "@snapshotTimestamp": "2015-01-01T00:00:00Z" }, "geometry": { "type": "LineString", "coordinates": [ [ 84.5107779, 19.1541917 ], [ 84.5103747, 19.15427 ] ] } },
{ "type": "Feature", "properties": { "@osmId": "way/238031472", "@snapshotTimestamp": "2015-01-01T00:00:00Z" }, "geometry": { "type": "LineString", "coordinates": [ [ 84.5246188, 19.1613458 ], [ 84.5107779, 19.1541917 ] ] } },
{ "type": "Feature", "properties": { "@osmId": "way/238031455", "@snapshotTimestamp": "2015-01-01T00:00:00Z" }, "geometry": { "type": "LineString", "coordinates": [ [ 84.5914268, 19.1614219 ], [ 84.5902121, 19.1615791 ] ] } },
{ "type": "Feature", "properties": { "@osmId": "way/238031469", "@snapshotTimestamp": "2015-01-01T00:00:00Z" }, "geometry": { "type": "LineString", "coordinates": [ [ 84.6093248, 19.1643112 ], [ 84.5914268, 19.1614219 ] ] } },
{ "type": "Feature", "properties": { "@osmId": "way/238031447", "@snapshotTimestamp": "2015-01-01T00:00:00Z" }, "geometry": { "type": "LineString", "coordinates": [ [ 84.5902121, 19.1615791 ], [ 84.5246188, 19.1613458 ] ] } },
{ "type": "Feature", "properties": { "@osmId": "way/289005367", "@snapshotTimestamp": "2015-01-01T00:00:00Z" }, "geometry": { "type": "LineString", "coordinates": [ [ 84.1804013, 18.8421392 ], [ 84.1975755, 18.8751339 ], [ 84.1502732, 18.9198078 ], [ 84.1456447, 18.9768322 ] ] } },
{ "type": "Feature", "properties": { "@osmId": "way/289005363", "@snapshotTimestamp": "2015-01-01T00:00:00Z" }, "geometry": { "type": "LineString", "coordinates": [ [ 84.1456447, 18.9768322 ], [ 84.1452916, 18.97679 ] ] } },
{ "type": "Feature", "properties": { "@osmId": "way/289005370", "@snapshotTimestamp": "2015-01-01T00:00:00Z" }, "geometry": { "type": "LineString", "coordinates": [ [ 84.1452916, 18.97679 ], [ 84.089831, 19.0634228 ], [ 84.1432372, 19.1617479 ] ] } },
{ "type": "Feature", "properties": { "@osmId": "way/238031441", "@snapshotTimestamp": "2015-01-01T00:00:00Z" }, "geometry": { "type": "LineString", "coordinates": [ [ 84.4370794, 19.1447015 ], [ 84.4357672, 19.1425302 ] ] } },
{ "type": "Feature", "properties": { "@osmId": "way/238031460", "@snapshotTimestamp": "2015-01-01T00:00:00Z" }, "geometry": { "type": "LineString", "coordinates": [ [ 84.4370922, 19.1449491 ], [ 84.4370794, 19.1447015 ] ] } },
{ "type": "Feature", "properties": { "@osmId": "way/238031449", "@snapshotTimestamp": "2015-01-01T00:00:00Z" }, "geometry": { "type": "LineString", "coordinates": [ [ 84.4792266, 19.1473747 ], [ 84.4370922, 19.1449491 ] ] } },
{ "type": "Feature", "properties": { "@osmId": "way/289005362", "@snapshotTimestamp": "2015-01-01T00:00:00Z" }, "geometry": { "type": "LineString", "coordinates": [ [ 84.0820886, 19.2027336 ], [ 84.0812766, 19.2031514 ] ] } },
{ "type": "Feature", "properties": { "@osmId": "way/289005360", "@snapshotTimestamp": "2015-01-01T00:00:00Z" }, "geometry": { "type": "LineString", "coordinates": [ [ 84.0812766, 19.2031514 ], [ 84.0766949, 19.2099516 ] ] } },
{ "type": "Feature", "properties": { "@osmId": "way/289005369", "@snapshotTimestamp": "2015-01-01T00:00:00Z" }, "geometry": { "type": "LineString", "coordinates": [ [ 84.2702374, 19.4350972 ], [ 84.3126574, 19.3523093 ], [ 84.2692369, 19.2344337 ], [ 84.2334867, 19.1793716 ], [ 84.1432372, 19.1617479 ] ] } },
{ "type": "Feature", "properties": { "@osmId": "way/22830872", "@snapshotTimestamp": "2015-01-01T00:00:00Z" }, "geometry": { "type": "LineString", "coordinates": [ [ 84.2702374, 19.4350972 ], [ 84.2611933, 19.4444801 ] ] } },
{ "type": "Feature", "properties": { "@osmId": "way/234883555", "@snapshotTimestamp": "2015-01-01T00:00:00Z" }, "geometry": { "type": "LineString", "coordinates": [ [ 83.4587783, 19.2526753 ], [ 83.5583, 19.2257478 ], [ 83.5964723, 19.2698541 ], [ 83.704987, 19.2044234 ] ] } },
{ "type": "Feature", "properties": { "@osmId": "way/234883560", "@snapshotTimestamp": "2015-01-01T00:00:00Z" }, "geometry": { "type": "LineString", "coordinates": [ [ 83.4218654, 19.2437538 ], [ 83.4237121, 19.2482491 ] ] } },
{ "type": "Feature", "properties": { "@osmId": "way/234883551", "@snapshotTimestamp": "2015-01-01T00:00:00Z" }, "geometry": { "type": "LineString", "coordinates": [ [ 83.4237121, 19.2482491 ], [ 83.4248525, 19.24873 ] ] } },
{ "type": "Feature", "properties": { "@osmId": "way/234883548", "@snapshotTimestamp": "2015-01-01T00:00:00Z" }, "geometry": { "type": "LineString", "coordinates": [ [ 83.4400094, 19.2490257 ], [ 83.4405368, 19.2485916 ] ] } },
{ "type": "Feature", "properties": { "@osmId": "way/234883542", "@snapshotTimestamp": "2015-01-01T00:00:00Z" }, "geometry": { "type": "LineString", "coordinates": [ [ 83.4248525, 19.24873 ], [ 83.4400094, 19.2490257 ] ] } },
{ "type": "Feature", "properties": { "@osmId": "way/234883540", "@snapshotTimestamp": "2015-01-01T00:00:00Z" }, "geometry": { "type": "LineString", "coordinates": [ [ 83.4405368, 19.2485916 ], [ 83.4583894, 19.2524655 ] ] } },
{ "type": "Feature", "properties": { "@osmId": "way/234883553", "@snapshotTimestamp": "2015-01-01T00:00:00Z" }, "geometry": { "type": "LineString", "coordinates": [ [ 83.4583894, 19.2524655 ], [ 83.4587783, 19.2526753 ] ] } },
{ "type": "Feature", "properties": { "@osmId": "way/194359540", "@snapshotTimestamp": "2015-01-01T00:00:00Z" }, "geometry": { "type": "LineString", "coordinates": [ [ 83.4218654, 19.2437538 ], [ 83.3943333, 19.2692532 ] ] } },
{ "type": "Feature", "properties": { "@osmId": "way/234950920", "@snapshotTimestamp": "2015-01-01T00:00:00Z" }, "geometry": { "type": "LineString", "coordinates": [ [ 83.3943333, 19.2692532 ], [ 83.3943019, 19.2695106 ] ] } },
{ "type": "Feature", "properties": { "@osmId": "way/234883563", "@snapshotTimestamp": "2015-01-01T00:00:00Z" }, "geometry": { "type": "LineString", "coordinates": [ [ 83.4288806, 19.2501528 ], [ 83.4375486, 19.2904144 ] ] } },
{ "type": "Feature", "properties": { "@osmId": "way/238039677", "@snapshotTimestamp": "2015-01-01T00:00:00Z" }, "geometry": { "type": "LineString", "coordinates": [ [ 84.6759067, 19.4274818 ], [ 84.6669213, 19.4324468 ] ] } },
{ "type": "Feature", "properties": { "@osmId": "way/238045371", "@snapshotTimestamp": "2015-01-01T00:00:00Z" }, "geometry": { "type": "LineString", "coordinates": [ [ 84.5075026, 19.4272836 ], [ 84.5719761, 19.4340835 ] ] } },
{ "type": "Feature", "properties": { "@osmId": "way/239840137", "@snapshotTimestamp": "2015-01-01T00:00:00Z" }, "geometry": { "type": "LineString", "coordinates": [ [ 84.6444209, 19.4446161 ], [ 84.6352138, 19.4202598 ] ] } },
{ "type": "Feature", "properties": { "@osmId": "way/238039657", "@snapshotTimestamp": "2015-01-01T00:00:00Z" }, "geometry": { "type": "LineString", "coordinates": [ [ 84.6669213, 19.4324468 ], [ 84.6666472, 19.4325822 ] ] } },
{ "type": "Feature", "properties": { "@osmId": "way/238039665", "@snapshotTimestamp": "2015-01-01T00:00:00Z" }, "geometry": { "type": "LineString", "coordinates": [ [ 84.6666472, 19.4325822 ], [ 84.661886, 19.4335962 ] ] } },
{ "type": "Feature", "properties": { "@osmId": "way/238039659", "@snapshotTimestamp": "2015-01-01T00:00:00Z" }, "geometry": { "type": "LineString", "coordinates": [ [ 84.661886, 19.4335962 ], [ 84.6615511, 19.4335974 ] ] } },
{ "type": "Feature", "properties": { "@osmId": "way/238045379", "@snapshotTimestamp": "2015-01-01T00:00:00Z" }, "geometry": { "type": "LineString", "coordinates": [ [ 84.5719761, 19.4340835 ], [ 84.5807056, 19.4426508 ] ] } },
{ "type": "Feature", "properties": { "@osmId": "way/238039680", "@snapshotTimestamp": "2015-01-01T00:00:00Z" }, "geometry": { "type": "LineString", "coordinates": [ [ 84.6615511, 19.4335974 ], [ 84.6520868, 19.4473157 ] ] } },
{ "type": "Feature", "properties": { "@osmId": "way/232147222", "@snapshotTimestamp": "2015-01-01T00:00:00Z" }, "geometry": { "type": "LineString", "coordinates": [ [ 84.581924, 19.4414153 ], [ 84.5810214, 19.4423295 ] ] } },
{ "type": "Feature", "properties": { "@osmId": "way/232113669", "@snapshotTimestamp": "2015-01-01T00:00:00Z" }, "geometry": { "type": "LineString", "coordinates": [ [ 84.5257928, 19.4039191 ], [ 84.4230974, 19.4847797 ] ] } },
{ "type": "Feature", "properties": { "@osmId": "way/22830875", "@snapshotTimestamp": "2015-01-01T00:00:00Z" }, "geometry": { "type": "LineString", "coordinates": [ [ 83.7544457, 19.2240971 ], [ 83.704987, 19.2044234 ] ] } },
{ "type": "Feature", "properties": { "@osmId": "way/232113673", "@snapshotTimestamp": "2015-01-01T00:00:00Z" }, "geometry": { "type": "LineString", "coordinates": [ [ 83.768395, 19.2230091 ], [ 83.7544457, 19.2240971 ] ] } },
{ "type": "Feature", "properties": { "@osmId": "way/232113655", "@snapshotTimestamp": "2015-01-01T00:00:00Z" }, "geometry": { "type": "LineString", "coordinates": [ [ 83.7707358, 19.224002 ], [ 83.768395, 19.2230091 ] ] } },
{ "type": "Feature", "properties": { "@osmId": "way/234951561", "@snapshotTimestamp": "2015-01-01T00:00:00Z" }, "geometry": { "type": "LineString", "coordinates": [ [ 83.6274514, 19.2629509 ], [ 83.6287531, 19.2620715 ] ] } },
{ "type": "Feature", "properties": { "@osmId": "way/232113672", "@snapshotTimestamp": "2015-01-01T00:00:00Z" }, "geometry": { "type": "LineString", "coordinates": [ [ 83.9120313, 19.3017527 ], [ 83.7707358, 19.224002 ] ] } },
{ "type": "Feature", "properties": { "@osmId": "way/234951557", "@snapshotTimestamp": "2015-01-01T00:00:00Z" }, "geometry": { "type": "LineString", "coordinates": [ [ 83.6271851, 19.2631293 ], [ 83.6274514, 19.2629509 ] ] } },
{ "type": "Feature", "properties": { "@osmId": "way/232113657", "@snapshotTimestamp": "2015-01-01T00:00:00Z" }, "geometry": { "type": "LineString", "coordinates": [ [ 83.912569, 19.3036298 ], [ 83.9120313, 19.3017527 ] ] } },
{ "type": "Feature", "properties": { "@osmId": "way/232113668", "@snapshotTimestamp": "2015-01-01T00:00:00Z" }, "geometry": { "type": "LineString", "coordinates": [ [ 84.1343116, 19.4698338 ], [ 84.0174311, 19.4649656 ], [ 83.9850174, 19.3797174 ], [ 83.912569, 19.3036298 ] ] } },
{ "type": "Feature", "properties": { "@osmId": "way/229214961", "@snapshotTimestamp": "2015-01-01T00:00:00Z" }, "geometry": { "type": "LineString", "coordinates": [ [ 83.5512446, 19.6146179 ], [ 83.6918552, 19.7306049 ], [ 83.7248337, 19.8386082 ] ] } },
{ "type": "Feature", "properties": { "@osmId": "way/22828952", "@snapshotTimestamp": "2015-01-01T00:00:00Z" }, "geometry": { "type": "LineString", "coordinates": [ [ 83.7248337, 19.8386082 ], [ 83.7284397, 19.9133784 ], [ 83.7006987, 19.9695463 ] ] } },
{ "type": "Feature", "properties": { "@osmId": "way/232113661", "@snapshotTimestamp": "2015-01-01T00:00:00Z" }, "geometry": { "type": "LineString", "coordinates": [ [ 84.2611933, 19.4444801 ], [ 84.2614343, 19.4450779 ] ] } },
{ "type": "Feature", "properties": { "@osmId": "way/232113665", "@snapshotTimestamp": "2015-01-01T00:00:00Z" }, "geometry": { "type": "LineString", "coordinates": [ [ 84.4232385, 19.4850095 ], [ 84.4099602, 19.4986052 ], [ 84.3530639, 19.4491454 ], [ 84.2702374, 19.4350972 ] ] } },
{ "type": "Feature", "properties": { "@osmId": "way/232113653", "@snapshotTimestamp": "2015-01-01T00:00:00Z" }, "geometry": { "type": "LineString", "coordinates": [ [ 84.2614343, 19.4450779 ], [ 84.1702988, 19.4883294 ] ] } },
{ "type": "Feature", "properties": { "@osmId": "way/232113656", "@snapshotTimestamp": "2015-01-01T00:00:00Z" }, "geometry": { "type": "LineString", "coordinates": [ [ 84.1345567, 19.4697616 ], [ 84.1343116, 19.4698338 ] ] } },
{ "type": "Feature", "properties": { "@osmId": "way/232113667", "@snapshotTimestamp": "2015-01-01T00:00:00Z" }, "geometry": { "type": "LineString", "coordinates": [ [ 84.1691838, 19.4881369 ], [ 84.1345567, 19.4697616 ] ] } },
{ "type": "Feature", "properties": { "@osmId": "way/232113663", "@snapshotTimestamp": "2015-01-01T00:00:00Z" }, "geometry": { "type": "LineString", "coordinates": [ [ 84.4230974, 19.4847797 ], [ 84.4232385, 19.4850095 ] ] } },
{ "type": "Feature", "properties": { "@osmId": "way/232113659", "@snapshotTimestamp": "2015-01-01T00:00:00Z" }, "geometry": { "type": "LineString", "coordinates": [ [ 84.1702988, 19.4883294 ], [ 84.1691838, 19.4881369 ] ] } },
{ "type": "Feature", "properties": { "@osmId": "way/237915056", "@snapshotTimestamp": "2015-01-01T00:00:00Z" }, "geometry": { "type": "LineString", "coordinates": [ [ 84.4406972, 19.7286697 ], [ 84.4403445, 19.7286015 ] ] } },
{ "type": "Feature", "properties": { "@osmId": "way/237915060", "@snapshotTimestamp": "2015-01-01T00:00:00Z" }, "geometry": { "type": "LineString", "coordinates": [ [ 84.4408009, 19.7503409 ], [ 84.4406972, 19.7286697 ] ] } },
{ "type": "Feature", "properties": { "@osmId": "way/218122273", "@snapshotTimestamp": "2015-01-01T00:00:00Z" }, "geometry": { "type": "LineString", "coordinates": [ [ 84.4403801, 19.7504703 ], [ 84.438676, 19.7505486 ] ] } },
{ "type": "Feature", "properties": { "@osmId": "way/232147218", "@snapshotTimestamp": "2015-01-01T00:00:00Z" }, "geometry": { "type": "LineString", "coordinates": [ [ 84.6249185, 19.5636307 ], [ 84.6249218, 19.5637214 ] ] } },
{ "type": "Feature", "properties": { "@osmId": "way/232147216", "@snapshotTimestamp": "2015-01-01T00:00:00Z" }, "geometry": { "type": "LineString", "coordinates": [ [ 84.6249218, 19.5637214 ], [ 84.6325029, 19.5995456 ] ] } },
{ "type": "Feature", "properties": { "@osmId": "way/177954806", "@snapshotTimestamp": "2015-01-01T00:00:00Z" }, "geometry": { "type": "LineString", "coordinates": [ [ 84.6671818, 19.6011294 ], [ 84.6687292, 19.6023373 ] ] } },
{ "type": "Feature", "properties": { "@osmId": "way/177954804", "@snapshotTimestamp": "2015-01-01T00:00:00Z" }, "geometry": { "type": "LineString", "coordinates": [ [ 84.6687292, 19.6023373 ], [ 84.670617, 19.603831 ] ] } },
{ "type": "Feature", "properties": { "@osmId": "way/229502658", "@snapshotTimestamp": "2015-01-01T00:00:00Z" }, "geometry": { "type": "LineString", "coordinates": [ [ 84.670617, 19.603831 ], [ 84.6708538, 19.6041483 ] ] } },
{ "type": "Feature", "properties": { "@osmId": "way/258626119", "@snapshotTimestamp": "2015-01-01T00:00:00Z" }, "geometry": { "type": "LineString", "coordinates": [ [ 84.6708538, 19.6041483 ], [ 84.6722375, 19.6057327 ] ] } },
{ "type": "Feature", "properties": { "@osmId": "way/258626118", "@snapshotTimestamp": "2015-01-01T00:00:00Z" }, "geometry": { "type": "LineString", "coordinates": [ [ 84.6722375, 19.6057327 ], [ 84.6724892, 19.60609 ] ] } },
{ "type": "Feature", "properties": { "@osmId": "way/177954807", "@snapshotTimestamp": "2015-01-01T00:00:00Z" }, "geometry": { "type": "LineString", "coordinates": [ [ 84.6728521, 19.6062813 ], [ 84.6724892, 19.60609 ] ] } },
{ "type": "Feature", "properties": { "@osmId": "way/177954805", "@snapshotTimestamp": "2015-01-01T00:00:00Z" }, "geometry": { "type": "LineString", "coordinates": [ [ 84.6756199, 19.607712 ], [ 84.6728521, 19.6062813 ] ] } },
{ "type": "Feature", "properties": { "@osmId": "way/237915061", "@snapshotTimestamp": "2015-01-01T00:00:00Z" }, "geometry": { "type": "LineString", "coordinates": [ [ 84.4403445, 19.7286015 ], [ 84.410369, 19.6448054 ], [ 84.5825253, 19.5561364 ], [ 84.6184285, 19.5140482 ] ] } },
{ "type": "Feature", "properties": { "@osmId": "way/292827953", "@snapshotTimestamp": "2015-01-01T00:00:00Z" }, "geometry": { "type": "LineString", "coordinates": [ [ 84.6448148, 19.4038886 ], [ 84.644808, 19.4041597 ] ] } },
{ "type": "Feature", "properties": { "@osmId": "way/292827954", "@snapshotTimestamp": "2015-01-01T00:00:00Z" }, "geometry": { "type": "LineString", "coordinates": [ [ 84.644808, 19.4041597 ], [ 84.6459303, 19.4057821 ] ] } },
{ "type": "Feature", "properties": { "@osmId": "way/239840147", "@snapshotTimestamp": "2015-01-01T00:00:00Z" }, "geometry": { "type": "LineString", "coordinates": [ [ 84.6451307, 19.4061793 ], [ 84.6459303, 19.4057821 ] ] } },
{ "type": "Feature", "properties": { "@osmId": "way/238039670", "@snapshotTimestamp": "2015-01-01T00:00:00Z" }, "geometry": { "type": "LineString", "coordinates": [ [ 84.6800023, 19.402309 ], [ 84.6738874, 19.4101777 ] ] } },
{ "type": "Feature", "properties": { "@osmId": "way/239840144", "@snapshotTimestamp": "2015-01-01T00:00:00Z" }, "geometry": { "type": "LineString", "coordinates": [ [ 84.6332445, 19.4068783 ], [ 84.6451307, 19.4061793 ] ] } },
{ "type": "Feature", "properties": { "@osmId": "way/288973420", "@snapshotTimestamp": "2015-01-01T00:00:00Z" }, "geometry": { "type": "LineString", "coordinates": [ [ 84.5635368, 19.3793015 ], [ 84.581924, 19.4414153 ] ] } },
{ "type": "Feature", "properties": { "@osmId": "way/259154881", "@snapshotTimestamp": "2015-01-01T00:00:00Z" }, "geometry": { "type": "LineString", "coordinates": [ [ 84.6353404, 19.4202011 ], [ 84.6332445, 19.4068783 ] ] } },
{ "type": "Feature", "properties": { "@osmId": "way/238039673", "@snapshotTimestamp": "2015-01-01T00:00:00Z" }, "geometry": { "type": "LineString", "coordinates": [ [ 84.6738874, 19.4101777 ], [ 84.6759067, 19.4274818 ] ] } },
{ "type": "Feature", "properties": { "@osmId": "way/259154880", "@snapshotTimestamp": "2015-01-01T00:00:00Z" }, "geometry": { "type": "LineString", "coordinates": [ [ 84.6352138, 19.4202598 ], [ 84.6353404, 19.4202011 ] ] } },
{ "type": "Feature", "properties": { "@osmId": "way/238045376", "@snapshotTimestamp": "2015-01-01T00:00:00Z" }, "geometry": { "type": "LineString", "coordinates": [ [ 84.5006576, 19.4168584 ], [ 84.5075026, 19.4272836 ] ] } },
{ "type": "Feature", "properties": { "@osmId": "way/84730812", "@snapshotTimestamp": "2015-01-01T00:00:00Z" }, "geometry": { "type": "LineString", "coordinates": [ [ 84.969818, 19.3516107 ], [ 84.9904356, 19.3605693 ] ] } },
{ "type": "Feature", "properties": { "@osmId": "way/232517550", "@snapshotTimestamp": "2015-01-01T00:00:00Z" }, "geometry": { "type": "LineString", "coordinates": [ [ 84.8719236, 19.3533885 ], [ 84.8789878, 19.3846049 ] ] } },
{ "type": "Feature", "properties": { "@osmId": "way/232517556", "@snapshotTimestamp": "2015-01-01T00:00:00Z" }, "geometry": { "type": "LineString", "coordinates": [ [ 84.8789878, 19.3846049 ], [ 84.8789647, 19.384779 ] ] } },
{ "type": "Feature", "properties": { "@osmId": "way/232517558", "@snapshotTimestamp": "2015-01-01T00:00:00Z" }, "geometry": { "type": "LineString", "coordinates": [ [ 84.8789647, 19.384779 ], [ 84.8782552, 19.4757082 ] ] } },
{ "type": "Feature", "properties": { "@osmId": "way/237915059", "@snapshotTimestamp": "2015-01-01T00:00:00Z" }, "geometry": { "type": "LineString", "coordinates": [ [ 84.8771149, 19.4798426 ], [ 84.935437, 19.4837445 ], [ 85.026161, 19.3860468 ] ] } },
{ "type": "Feature", "properties": { "@osmId": "way/232512556", "@snapshotTimestamp": "2015-01-01T00:00:00Z" }, "geometry": { "type": "LineString", "coordinates": [ [ 85.0750275, 19.4279903 ], [ 85.0325825, 19.4337575 ], [ 84.981027, 19.498364 ], [ 84.8796221, 19.5216076 ] ] } },
{ "type": "Feature", "properties": { "@osmId": "way/232517554", "@snapshotTimestamp": "2015-01-01T00:00:00Z" }, "geometry": { "type": "LineString", "coordinates": [ [ 84.8782552, 19.4757082 ], [ 84.8780652, 19.4759913 ] ] } },
{ "type": "Feature", "properties": { "@osmId": "way/232517551", "@snapshotTimestamp": "2015-01-01T00:00:00Z" }, "geometry": { "type": "LineString", "coordinates": [ [ 84.8780652, 19.4759913 ], [ 84.8771149, 19.4798426 ] ] } },
{ "type": "Feature", "properties": { "@osmId": "way/237915055", "@snapshotTimestamp": "2015-01-01T00:00:00Z" }, "geometry": { "type": "LineString", "coordinates": [ [ 84.8771149, 19.4798426 ], [ 84.8769809, 19.4811243 ] ] } },
{ "type": "Feature", "properties": { "@osmId": "way/237915065", "@snapshotTimestamp": "2015-01-01T00:00:00Z" }, "geometry": { "type": "LineString", "coordinates": [ [ 84.8148575, 19.473418 ], [ 84.8356214, 19.497443 ], [ 84.8769809, 19.4811243 ] ] } },
{ "type": "Feature", "properties": { "@osmId": "way/45022098", "@snapshotTimestamp": "2015-01-01T00:00:00Z" }, "geometry": { "type": "LineString", "coordinates": [ [ 85.0362823, 19.3810122 ], [ 84.969818, 19.3516107 ] ] } },
{ "type": "Feature", "properties": { "@osmId": "way/218593905", "@snapshotTimestamp": "2015-01-01T00:00:00Z" }, "geometry": { "type": "LineString", "coordinates": [ [ 84.969818, 19.3516107 ], [ 85.0363092, 19.3813378 ] ] } },
{ "type": "Feature", "properties": { "@osmId": "way/45009643", "@snapshotTimestamp": "2015-01-01T00:00:00Z" }, "geometry": { "type": "LineString", "coordinates": [ [ 85.0408758, 19.3836968 ], [ 85.0362823, 19.3810122 ] ] } },
{ "type": "Feature", "properties": { "@osmId": "way/218595330", "@snapshotTimestamp": "2015-01-01T00:00:00Z" }, "geometry": { "type": "LineString", "coordinates": [ [ 85.0363092, 19.3813378 ], [ 85.0408162, 19.383959 ] ] } },
{ "type": "Feature", "properties": { "@osmId": "way/168244380", "@snapshotTimestamp": "2015-01-01T00:00:00Z" }, "geometry": { "type": "LineString", "coordinates": [ [ 85.0882, 19.5035368 ], [ 85.063827, 19.39005 ], [ 85.0408758, 19.3836968 ] ] } },
{ "type": "Feature", "properties": { "@osmId": "way/218595329", "@snapshotTimestamp": "2015-01-01T00:00:00Z" }, "geometry": { "type": "LineString", "coordinates": [ [ 85.0408162, 19.383959 ], [ 85.0636923, 19.3900832 ], [ 85.0858557, 19.5064289 ] ] } },
{ "type": "Feature", "properties": { "@osmId": "way/86133548", "@snapshotTimestamp": "2015-01-01T00:00:00Z" }, "geometry": { "type": "LineString", "coordinates": [ [ 85.0794299, 19.4489024 ], [ 85.0976807, 19.4519341 ] ] } },
{ "type": "Feature", "properties": { "@osmId": "way/292510734", "@snapshotTimestamp": "2015-01-01T00:00:00Z" }, "geometry": { "type": "LineString", "coordinates": [ [ 85.0976807, 19.4519341 ], [ 85.2237852, 19.5246451 ] ] } },
{ "type": "Feature", "properties": { "@osmId": "way/168244379", "@snapshotTimestamp": "2015-01-01T00:00:00Z" }, "geometry": { "type": "LineString", "coordinates": [ [ 85.0858502, 19.5066301 ], [ 85.0882, 19.5035368 ] ] } },
{ "type": "Feature", "properties": { "@osmId": "way/238744363", "@snapshotTimestamp": "2015-01-01T00:00:00Z" }, "geometry": { "type": "LineString", "coordinates": [ [ 85.0858557, 19.5064289 ], [ 85.0853999, 19.5066855 ] ] } },
{ "type": "Feature", "properties": { "@osmId": "way/238039656", "@snapshotTimestamp": "2015-01-01T00:00:00Z" }, "geometry": { "type": "LineString", "coordinates": [ [ 84.6520868, 19.4473157 ], [ 84.6520118, 19.4484467 ] ] } },
{ "type": "Feature", "properties": { "@osmId": "way/238039663", "@snapshotTimestamp": "2015-01-01T00:00:00Z" }, "geometry": { "type": "LineString", "coordinates": [ [ 84.6520118, 19.4484467 ], [ 84.6521616, 19.4497064 ] ] } },
{ "type": "Feature", "properties": { "@osmId": "way/232147227", "@snapshotTimestamp": "2015-01-01T00:00:00Z" }, "geometry": { "type": "LineString", "coordinates": [ [ 84.5810214, 19.4423295 ], [ 84.6054476, 19.5092952 ] ] } },
{ "type": "Feature", "properties": { "@osmId": "way/237915058", "@snapshotTimestamp": "2015-01-01T00:00:00Z" }, "geometry": { "type": "LineString", "coordinates": [ [ 84.6516478, 19.5043457 ], [ 84.6518716, 19.5043943 ] ] } },
{ "type": "Feature", "properties": { "@osmId": "way/237915063", "@snapshotTimestamp": "2015-01-01T00:00:00Z" }, "geometry": { "type": "LineString", "coordinates": [ [ 84.6186993, 19.5141 ], [ 84.6516478, 19.5043457 ] ] } },
{ "type": "Feature", "properties": { "@osmId": "way/232147224", "@snapshotTimestamp": "2015-01-01T00:00:00Z" }, "geometry": { "type": "LineString", "coordinates": [ [ 84.6054476, 19.5092952 ], [ 84.6056092, 19.5099884 ] ] } },
{ "type": "Feature", "properties": { "@osmId": "way/237915057", "@snapshotTimestamp": "2015-01-01T00:00:00Z" }, "geometry": { "type": "LineString", "coordinates": [ [ 84.6184285, 19.5140482 ], [ 84.6186993, 19.5141 ] ] } },
{ "type": "Feature", "properties": { "@osmId": "way/232147229", "@snapshotTimestamp": "2015-01-01T00:00:00Z" }, "geometry": { "type": "LineString", "coordinates": [ [ 84.6056092, 19.5099884 ], [ 84.613853, 19.5252187 ] ] } },
{ "type": "Feature", "properties": { "@osmId": "way/232147226", "@snapshotTimestamp": "2015-01-01T00:00:00Z" }, "geometry": { "type": "LineString", "coordinates": [ [ 84.613853, 19.5252187 ], [ 84.6141074, 19.525458 ] ] } },
{ "type": "Feature", "properties": { "@osmId": "way/232147215", "@snapshotTimestamp": "2015-01-01T00:00:00Z" }, "geometry": { "type": "LineString", "coordinates": [ [ 84.6141074, 19.525458 ], [ 84.6249185, 19.5636307 ] ] } },
{ "type": "Feature", "properties": { "@osmId": "way/218122274", "@snapshotTimestamp": "2015-01-01T00:00:00Z" }, "geometry": { "type": "LineString", "coordinates": [ [ 84.7345635, 19.4911148 ], [ 84.7334812, 19.4919281 ] ] } },
{ "type": "Feature", "properties": { "@osmId": "way/218122277", "@snapshotTimestamp": "2015-01-01T00:00:00Z" }, "geometry": { "type": "LineString", "coordinates": [ [ 84.7334812, 19.4919281 ], [ 84.7240509, 19.5004109 ] ] } },
{ "type": "Feature", "properties": { "@osmId": "way/237915066", "@snapshotTimestamp": "2015-01-01T00:00:00Z" }, "geometry": { "type": "LineString", "coordinates": [ [ 84.6518716, 19.5043943 ], [ 84.7240509, 19.5004109 ] ] } },
{ "type": "Feature", "properties": { "@osmId": "way/166337283", "@snapshotTimestamp": "2015-01-01T00:00:00Z" }, "geometry": { "type": "LineString", "coordinates": [ [ 84.8796221, 19.5216076 ], [ 84.7717183, 19.5762922 ] ] } },
{ "type": "Feature", "properties": { "@osmId": "way/237915045", "@snapshotTimestamp": "2015-01-01T00:00:00Z" }, "geometry": { "type": "LineString", "coordinates": [ [ 84.7240509, 19.5004109 ], [ 84.6671818, 19.6011294 ] ] } },
{ "type": "Feature", "properties": { "@osmId": "way/22830843", "@snapshotTimestamp": "2015-01-01T00:00:00Z" }, "geometry": { "type": "LineString", "coordinates": [ [ 84.7717183, 19.5762922 ], [ 84.743999, 19.5885228 ] ] } },
{ "type": "Feature", "properties": { "@osmId": "way/229502656", "@snapshotTimestamp": "2015-01-01T00:00:00Z" }, "geometry": { "type": "LineString", "coordinates": [ [ 84.743999, 19.5885228 ], [ 84.7436963, 19.5889136 ] ] } },
{ "type": "Feature", "properties": { "@osmId": "way/229502661", "@snapshotTimestamp": "2015-01-01T00:00:00Z" }, "geometry": { "type": "LineString", "coordinates": [ [ 84.7436963, 19.5889136 ], [ 84.7215375, 19.6007076 ] ] } },
{ "type": "Feature", "properties": { "@osmId": "way/229502655", "@snapshotTimestamp": "2015-01-01T00:00:00Z" }, "geometry": { "type": "LineString", "coordinates": [ [ 84.7215375, 19.6007076 ], [ 84.7200493, 19.6014286 ] ] } },
{ "type": "Feature", "properties": { "@osmId": "way/177954808", "@snapshotTimestamp": "2015-01-01T00:00:00Z" }, "geometry": { "type": "LineString", "coordinates": [ [ 84.7200493, 19.6014286 ], [ 84.6808566, 19.6115822 ] ] } },
{ "type": "Feature", "properties": { "@osmId": "way/237915054", "@snapshotTimestamp": "2015-01-01T00:00:00Z" }, "geometry": { "type": "LineString", "coordinates": [ [ 84.8769809, 19.4811243 ], [ 84.866532, 19.5031442 ] ] } },
{ "type": "Feature", "properties": { "@osmId": "way/232517557", "@snapshotTimestamp": "2015-01-01T00:00:00Z" }, "geometry": { "type": "LineString", "coordinates": [ [ 84.866532, 19.5031442 ], [ 84.8652039, 19.5056479 ] ] } },
{ "type": "Feature", "properties": { "@osmId": "way/232517559", "@snapshotTimestamp": "2015-01-01T00:00:00Z" }, "geometry": { "type": "LineString", "coordinates": [ [ 84.8652039, 19.5056479 ], [ 84.8796221, 19.5216076 ] ] } },
{ "type": "Feature", "properties": { "@osmId": "way/22830805", "@snapshotTimestamp": "2015-01-01T00:00:00Z" }, "geometry": { "type": "LineString", "coordinates": [ [ 84.9387893, 19.6213419 ], [ 84.8295302, 19.6140911 ], [ 84.7717183, 19.5762922 ] ] } },
{ "type": "Feature", "properties": { "@osmId": "way/229502654", "@snapshotTimestamp": "2015-01-01T00:00:00Z" }, "geometry": { "type": "LineString", "coordinates": [ [ 84.9631373, 19.6197611 ], [ 84.9627571, 19.6197769 ] ] } },
{ "type": "Feature", "properties": { "@osmId": "way/229502653", "@snapshotTimestamp": "2015-01-01T00:00:00Z" }, "geometry": { "type": "LineString", "coordinates": [ [ 84.9627571, 19.6197769 ], [ 84.9387893, 19.6213419 ] ] } },
{ "type": "Feature", "properties": { "@osmId": "way/237751339", "@snapshotTimestamp": "2015-01-01T00:00:00Z" }, "geometry": { "type": "LineString", "coordinates": [ [ 84.8221401, 19.6751402 ], [ 84.8612282, 19.6203794 ] ] } },
{ "type": "Feature", "properties": { "@osmId": "way/229502665", "@snapshotTimestamp": "2015-01-01T00:00:00Z" }, "geometry": { "type": "LineString", "coordinates": [ [ 84.8445531, 19.8764407 ], [ 84.8448473, 19.8766357 ] ] } },
{ "type": "Feature", "properties": { "@osmId": "way/229502667", "@snapshotTimestamp": "2015-01-01T00:00:00Z" }, "geometry": { "type": "LineString", "coordinates": [ [ 84.8448473, 19.8766357 ], [ 84.9006362, 19.9207055 ] ] } },
{ "type": "Feature", "properties": { "@osmId": "way/229502663", "@snapshotTimestamp": "2015-01-01T00:00:00Z" }, "geometry": { "type": "LineString", "coordinates": [ [ 84.9006362, 19.9207055 ], [ 84.9007961, 19.9208412 ] ] } },
{ "type": "Feature", "properties": { "@osmId": "way/229502659", "@snapshotTimestamp": "2015-01-01T00:00:00Z" }, "geometry": { "type": "LineString", "coordinates": [ [ 84.6808566, 19.6115822 ], [ 84.6756199, 19.607712 ] ] } },
{ "type": "Feature", "properties": { "@osmId": "way/86140237", "@snapshotTimestamp": "2015-01-01T00:00:00Z" }, "geometry": { "type": "LineString", "coordinates": [ [ 84.6808566, 19.6115822 ], [ 84.7089501, 19.7384735 ] ] } },
{ "type": "Feature", "properties": { "@osmId": "way/237751333", "@snapshotTimestamp": "2015-01-01T00:00:00Z" }, "geometry": { "type": "LineString", "coordinates": [ [ 84.8220968, 19.6753132 ], [ 84.8221401, 19.6751402 ] ] } },
{ "type": "Feature", "properties": { "@osmId": "way/237751341", "@snapshotTimestamp": "2015-01-01T00:00:00Z" }, "geometry": { "type": "LineString", "coordinates": [ [ 84.8181022, 19.6853159 ], [ 84.8220968, 19.6753132 ] ] } },
{ "type": "Feature", "properties": { "@osmId": "way/237751334", "@snapshotTimestamp": "2015-01-01T00:00:00Z" }, "geometry": { "type": "LineString", "coordinates": [ [ 84.8180124, 19.6856707 ], [ 84.8181022, 19.6853159 ] ] } },
{ "type": "Feature", "properties": { "@osmId": "way/237596018", "@snapshotTimestamp": "2015-01-01T00:00:00Z" }, "geometry": { "type": "LineString", "coordinates": [ [ 84.8166537, 19.7776529 ], [ 84.8352287, 19.7537862 ], [ 84.8180124, 19.6856707 ] ] } },
{ "type": "Feature", "properties": { "@osmId": "way/237596011", "@snapshotTimestamp": "2015-01-01T00:00:00Z" }, "geometry": { "type": "LineString", "coordinates": [ [ 84.8166537, 19.7776529 ], [ 84.8158877, 19.7778171 ] ] } },
{ "type": "Feature", "properties": { "@osmId": "way/237596019", "@snapshotTimestamp": "2015-01-01T00:00:00Z" }, "geometry": { "type": "LineString", "coordinates": [ [ 84.8158877, 19.7778171 ], [ 84.790815, 19.8127809 ] ] } },
{ "type": "Feature", "properties": { "@osmId": "way/247054105", "@snapshotTimestamp": "2015-01-01T00:00:00Z" }, "geometry": { "type": "LineString", "coordinates": [ [ 84.6455992, 19.8656792 ], [ 84.6725186, 19.7742817 ], [ 84.7089501, 19.7384735 ] ] } },
{ "type": "Feature", "properties": { "@osmId": "way/22828762", "@snapshotTimestamp": "2015-01-01T00:00:00Z" }, "geometry": { "type": "LineString", "coordinates": [ [ 84.7089501, 19.7384735 ], [ 84.8445531, 19.8764407 ] ] } },
{ "type": "Feature", "properties": { "@osmId": "way/247054104", "@snapshotTimestamp": "2015-01-01T00:00:00Z" }, "geometry": { "type": "LineString", "coordinates": [ [ 84.645377, 19.8662672 ], [ 84.6455992, 19.8656792 ] ] } },
{ "type": "Feature", "properties": { "@osmId": "way/229283897", "@snapshotTimestamp": "2015-01-01T00:00:00Z" }, "geometry": { "type": "LineString", "coordinates": [ [ 84.6387076, 19.8824476 ], [ 84.645377, 19.8662672 ] ] } },
{ "type": "Feature", "properties": { "@osmId": "way/229283886", "@snapshotTimestamp": "2015-01-01T00:00:00Z" }, "geometry": { "type": "LineString", "coordinates": [ [ 84.6136495, 19.9081232 ], [ 84.6387076, 19.8824476 ] ] } },
{ "type": "Feature", "properties": { "@osmId": "way/232597475", "@snapshotTimestamp": "2015-01-01T00:00:00Z" }, "geometry": { "type": "LineString", "coordinates": [ [ 84.5834948, 19.8690488 ], [ 84.5683589, 19.9238156 ] ] } },
{ "type": "Feature", "properties": { "@osmId": "way/229283892", "@snapshotTimestamp": "2015-01-01T00:00:00Z" }, "geometry": { "type": "LineString", "coordinates": [ [ 84.6132083, 19.9083441 ], [ 84.6136495, 19.9081232 ] ] } },
{ "type": "Feature", "properties": { "@osmId": "way/229283895", "@snapshotTimestamp": "2015-01-01T00:00:00Z" }, "geometry": { "type": "LineString", "coordinates": [ [ 84.6006744, 19.9171084 ], [ 84.6132083, 19.9083441 ] ] } },
{ "type": "Feature", "properties": { "@osmId": "way/229283891", "@snapshotTimestamp": "2015-01-01T00:00:00Z" }, "geometry": { "type": "LineString", "coordinates": [ [ 84.5991551, 19.9174114 ], [ 84.6006744, 19.9171084 ] ] } },
{ "type": "Feature", "properties": { "@osmId": "way/247586339", "@snapshotTimestamp": "2015-01-01T00:00:00Z" }, "geometry": { "type": "LineString", "coordinates": [ [ 84.5962615, 19.9196819 ], [ 84.5991551, 19.9174114 ] ] } },
{ "type": "Feature", "properties": { "@osmId": "way/247586338", "@snapshotTimestamp": "2015-01-01T00:00:00Z" }, "geometry": { "type": "LineString", "coordinates": [ [ 84.5961615, 19.9197967 ], [ 84.5962615, 19.9196819 ] ] } },
{ "type": "Feature", "properties": { "@osmId": "way/232597481", "@snapshotTimestamp": "2015-01-01T00:00:00Z" }, "geometry": { "type": "LineString", "coordinates": [ [ 84.5674153, 19.9233069 ], [ 84.5679398, 19.9241556 ] ] } },
{ "type": "Feature", "properties": { "@osmId": "way/232597479", "@snapshotTimestamp": "2015-01-01T00:00:00Z" }, "geometry": { "type": "LineString", "coordinates": [ [ 84.5683589, 19.9238156 ], [ 84.5679398, 19.9241556 ] ] } },
{ "type": "Feature", "properties": { "@osmId": "way/22828913", "@snapshotTimestamp": "2015-01-01T00:00:00Z" }, "geometry": { "type": "LineString", "coordinates": [ [ 84.5815804, 19.9285098 ], [ 84.5961615, 19.9197967 ] ] } },
{ "type": "Feature", "properties": { "@osmId": "way/291308010", "@snapshotTimestamp": "2015-01-01T00:00:00Z" }, "geometry": { "type": "LineString", "coordinates": [ [ 84.5683589, 19.9238156 ], [ 84.5763571, 19.925376 ] ] } },
{ "type": "Feature", "properties": { "@osmId": "way/218122270", "@snapshotTimestamp": "2015-01-01T00:00:00Z" }, "geometry": { "type": "LineString", "coordinates": [ [ 84.5763571, 19.925376 ], [ 84.5770263, 19.9255054 ] ] } },
{ "type": "Feature", "properties": { "@osmId": "way/232597477", "@snapshotTimestamp": "2015-01-01T00:00:00Z" }, "geometry": { "type": "LineString", "coordinates": [ [ 84.5679398, 19.9241556 ], [ 84.5713096, 19.9365454 ] ] } },
{ "type": "Feature", "properties": { "@osmId": "way/229319287", "@snapshotTimestamp": "2015-01-01T00:00:00Z" }, "geometry": { "type": "LineString", "coordinates": [ [ 84.5830938, 19.9287051 ], [ 84.5925048, 19.9370105 ] ] } },
{ "type": "Feature", "properties": { "@osmId": "way/218122242", "@snapshotTimestamp": "2015-01-01T00:00:00Z" }, "geometry": { "type": "LineString", "coordinates": [ [ 84.5770263, 19.9255054 ], [ 84.5784619, 19.9446202 ] ] } },
{ "type": "Feature", "properties": { "@osmId": "way/232597471", "@snapshotTimestamp": "2015-01-01T00:00:00Z" }, "geometry": { "type": "LineString", "coordinates": [ [ 84.5713096, 19.9365454 ], [ 84.5722076, 19.9367419 ] ] } },
{ "type": "Feature", "properties": { "@osmId": "way/247586344", "@snapshotTimestamp": "2015-01-01T00:00:00Z" }, "geometry": { "type": "LineString", "coordinates": [ [ 84.5925048, 19.9370105 ], [ 84.5927443, 19.9371272 ] ] } },
{ "type": "Feature", "properties": { "@osmId": "way/232597465", "@snapshotTimestamp": "2015-01-01T00:00:00Z" }, "geometry": { "type": "LineString", "coordinates": [ [ 84.5722076, 19.9367419 ], [ 84.5778521, 19.9445799 ] ] } },
{ "type": "Feature", "properties": { "@osmId": "way/229502666", "@snapshotTimestamp": "2015-01-01T00:00:00Z" }, "geometry": { "type": "LineString", "coordinates": [ [ 84.9007961, 19.9208412 ], [ 84.9124626, 19.9405978 ] ] } },
{ "type": "Feature", "properties": { "@osmId": "way/229502664", "@snapshotTimestamp": "2015-01-01T00:00:00Z" }, "geometry": { "type": "LineString", "coordinates": [ [ 84.9124626, 19.9405978 ], [ 84.9126068, 19.9406966 ] ] } },
{ "type": "Feature", "properties": { "@osmId": "way/229502662", "@snapshotTimestamp": "2015-01-01T00:00:00Z" }, "geometry": { "type": "LineString", "coordinates": [ [ 84.9124626, 19.9405978 ], [ 84.9124384, 19.9407123 ] ] } },
{ "type": "Feature", "properties": { "@osmId": "way/229502652", "@snapshotTimestamp": "2015-01-01T00:00:00Z" }, "geometry": { "type": "LineString", "coordinates": [ [ 84.9124384, 19.9407123 ], [ 84.9126068, 19.9406966 ] ] } },
{ "type": "Feature", "properties": { "@osmId": "way/229502668", "@snapshotTimestamp": "2015-01-01T00:00:00Z" }, "geometry": { "type": "LineString", "coordinates": [ [ 84.9126068, 19.9406966 ], [ 84.9133596, 19.9407565 ] ] } },
{ "type": "Feature", "properties": { "@osmId": "way/229513573", "@snapshotTimestamp": "2015-01-01T00:00:00Z" }, "geometry": { "type": "LineString", "coordinates": [ [ 84.9133596, 19.9407565 ], [ 84.9136901, 19.9407791 ] ] } },
{ "type": "Feature", "properties": { "@osmId": "way/229513574", "@snapshotTimestamp": "2015-01-01T00:00:00Z" }, "geometry": { "type": "LineString", "coordinates": [ [ 84.9136901, 19.9407791 ], [ 84.9241593, 19.953977 ] ] } },
{ "type": "Feature", "properties": { "@osmId": "way/247020583", "@snapshotTimestamp": "2015-01-01T00:00:00Z" }, "geometry": { "type": "LineString", "coordinates": [ [ 84.9241593, 19.953977 ], [ 84.9241634, 19.9540803 ] ] } },
{ "type": "Feature", "properties": { "@osmId": "way/229283887", "@snapshotTimestamp": "2015-01-01T00:00:00Z" }, "geometry": { "type": "LineString", "coordinates": [ [ 84.7799755, 19.9651432 ], [ 84.8629133, 19.9729387 ], [ 84.9124384, 19.9407123 ] ] } },
{ "type": "Feature", "properties": { "@osmId": "way/247020584", "@snapshotTimestamp": "2015-01-01T00:00:00Z" }, "geometry": { "type": "LineString", "coordinates": [ [ 84.9241634, 19.9540803 ], [ 84.955098, 20.0139872 ], [ 85.0021672, 20.0016266 ] ] } },
{ "type": "Feature", "properties": { "@osmId": "way/234892594", "@snapshotTimestamp": "2015-01-01T00:00:00Z" }, "geometry": { "type": "LineString", "coordinates": [ [ 83.4501451, 19.3973193 ], [ 83.4496593, 19.4712371 ] ] } },
{ "type": "Feature", "properties": { "@osmId": "way/234950923", "@snapshotTimestamp": "2015-01-01T00:00:00Z" }, "geometry": { "type": "LineString", "coordinates": [ [ 83.3079779, 19.4551882 ], [ 83.3078308, 19.455349 ] ] } },
{ "type": "Feature", "properties": { "@osmId": "way/234950924", "@snapshotTimestamp": "2015-01-01T00:00:00Z" }, "geometry": { "type": "LineString", "coordinates": [ [ 83.3078308, 19.455349 ], [ 83.3059401, 19.4676873 ] ] } },
{ "type": "Feature", "properties": { "@osmId": "way/234950918", "@snapshotTimestamp": "2015-01-01T00:00:00Z" }, "geometry": { "type": "LineString", "coordinates": [ [ 83.3059401, 19.4676873 ], [ 83.3057485, 19.4678244 ] ] } },
{ "type": "Feature", "properties": { "@osmId": "way/234892585", "@snapshotTimestamp": "2015-01-01T00:00:00Z" }, "geometry": { "type": "LineString", "coordinates": [ [ 83.4496593, 19.4712371 ], [ 83.4499178, 19.4713101 ] ] } },
{ "type": "Feature", "properties": { "@osmId": "way/234951558", "@snapshotTimestamp": "2015-01-01T00:00:00Z" }, "geometry": { "type": "LineString", "coordinates": [ [ 83.5268741, 19.4716536 ], [ 83.5269577, 19.4715456 ] ] } },
{ "type": "Feature", "properties": { "@osmId": "way/234950915", "@snapshotTimestamp": "2015-01-01T00:00:00Z" }, "geometry": { "type": "LineString", "coordinates": [ [ 83.3057485, 19.4678244 ], [ 83.3041848, 19.4800495 ] ] } },
{ "type": "Feature", "properties": { "@osmId": "way/234950922", "@snapshotTimestamp": "2015-01-01T00:00:00Z" }, "geometry": { "type": "LineString", "coordinates": [ [ 83.3041848, 19.4800495 ], [ 83.304111, 19.4801688 ] ] } },
{ "type": "Feature", "properties": { "@osmId": "way/234951562", "@snapshotTimestamp": "2015-01-01T00:00:00Z" }, "geometry": { "type": "LineString", "coordinates": [ [ 83.5131084, 19.5013326 ], [ 83.5268741, 19.4716536 ] ] } },
{ "type": "Feature", "properties": { "@osmId": "way/234950925", "@snapshotTimestamp": "2015-01-01T00:00:00Z" }, "geometry": { "type": "LineString", "coordinates": [ [ 83.304111, 19.4801688 ], [ 83.3056124, 19.503638 ] ] } },
{ "type": "Feature", "properties": { "@osmId": "way/234892595", "@snapshotTimestamp": "2015-01-01T00:00:00Z" }, "geometry": { "type": "LineString", "coordinates": [ [ 83.4499178, 19.4713101 ], [ 83.5004118, 19.4906158 ], [ 83.505705, 19.5166095 ] ] } },
{ "type": "Feature", "properties": { "@osmId": "way/234951559", "@snapshotTimestamp": "2015-01-01T00:00:00Z" }, "geometry": { "type": "LineString", "coordinates": [ [ 83.5132733, 19.5015842 ], [ 83.5131084, 19.5013326 ] ] } },
{ "type": "Feature", "properties": { "@osmId": "way/234950919", "@snapshotTimestamp": "2015-01-01T00:00:00Z" }, "geometry": { "type": "LineString", "coordinates": [ [ 83.3056124, 19.503638 ], [ 83.3058724, 19.5036513 ] ] } },
{ "type": "Feature", "properties": { "@osmId": "way/234950921", "@snapshotTimestamp": "2015-01-01T00:00:00Z" }, "geometry": { "type": "LineString", "coordinates": [ [ 83.3058724, 19.5036513 ], [ 83.3066241, 19.5037003 ] ] } },
{ "type": "Feature", "properties": { "@osmId": "way/234950917", "@snapshotTimestamp": "2015-01-01T00:00:00Z" }, "geometry": { "type": "LineString", "coordinates": [ [ 83.3066241, 19.5037003 ], [ 83.3072528, 19.5037182 ] ] } },
{ "type": "Feature", "properties": { "@osmId": "way/234950927", "@snapshotTimestamp": "2015-01-01T00:00:00Z" }, "geometry": { "type": "LineString", "coordinates": [ [ 83.3072528, 19.5037182 ], [ 83.3104745, 19.5075864 ] ] } },
{ "type": "Feature", "properties": { "@osmId": "way/234951556", "@snapshotTimestamp": "2015-01-01T00:00:00Z" }, "geometry": { "type": "LineString", "coordinates": [ [ 83.505705, 19.5166095 ], [ 83.5132733, 19.5015842 ] ] } },
{ "type": "Feature", "properties": { "@osmId": "way/234892596", "@snapshotTimestamp": "2015-01-01T00:00:00Z" }, "geometry": { "type": "LineString", "coordinates": [ [ 83.505705, 19.5166095 ], [ 83.5067941, 19.5225878 ] ] } },
{ "type": "Feature", "properties": { "@osmId": "way/234892589", "@snapshotTimestamp": "2015-01-01T00:00:00Z" }, "geometry": { "type": "LineString", "coordinates": [ [ 83.5067941, 19.5225878 ], [ 83.5067554, 19.5228613 ] ] } },
{ "type": "Feature", "properties": { "@osmId": "way/234892597", "@snapshotTimestamp": "2015-01-01T00:00:00Z" }, "geometry": { "type": "LineString", "coordinates": [ [ 83.5067554, 19.5228613 ], [ 83.4926048, 19.6248352 ] ] } },
{ "type": "Feature", "properties": { "@osmId": "way/234205211", "@snapshotTimestamp": "2015-01-01T00:00:00Z" }, "geometry": { "type": "LineString", "coordinates": [ [ 82.4100461, 19.4482174 ], [ 82.3734928, 19.4965523 ] ] } },
{ "type": "Feature", "properties": { "@osmId": "way/273118082", "@snapshotTimestamp": "2015-01-01T00:00:00Z" }, "geometry": { "type": "LineString", "coordinates": [ [ 82.559426, 19.4157837 ], [ 82.6192072, 19.5549926 ] ] } },
{ "type": "Feature", "properties": { "@osmId": "way/234205208", "@snapshotTimestamp": "2015-01-01T00:00:00Z" }, "geometry": { "type": "LineString", "coordinates": [ [ 82.3734928, 19.4965523 ], [ 82.3731652, 19.497018 ] ] } },
{ "type": "Feature", "properties": { "@osmId": "way/234205215", "@snapshotTimestamp": "2015-01-01T00:00:00Z" }, "geometry": { "type": "LineString", "coordinates": [ [ 82.3731652, 19.497018 ], [ 82.3005635, 19.553533 ] ] } },
{ "type": "Feature", "properties": { "@osmId": "way/234205205", "@snapshotTimestamp": "2015-01-01T00:00:00Z" }, "geometry": { "type": "LineString", "coordinates": [ [ 82.3005635, 19.553533 ], [ 82.3004641, 19.5539284 ] ] } },
{ "type": "Feature", "properties": { "@osmId": "way/234205203", "@snapshotTimestamp": "2015-01-01T00:00:00Z" }, "geometry": { "type": "LineString", "coordinates": [ [ 82.3004641, 19.5539284 ], [ 82.2649292, 19.5830367 ] ] } },
{ "type": "Feature", "properties": { "@osmId": "way/234205207", "@snapshotTimestamp": "2015-01-01T00:00:00Z" }, "geometry": { "type": "LineString", "coordinates": [ [ 82.2649292, 19.5830367 ], [ 82.264065, 19.5831397 ] ] } },
{ "type": "Feature", "properties": { "@osmId": "way/234205201", "@snapshotTimestamp": "2015-01-01T00:00:00Z" }, "geometry": { "type": "LineString", "coordinates": [ [ 82.264065, 19.5831397 ], [ 82.2515965, 19.6094102 ] ] } },
{ "type": "Feature", "properties": { "@osmId": "way/234205210", "@snapshotTimestamp": "2015-01-01T00:00:00Z" }, "geometry": { "type": "LineString", "coordinates": [ [ 82.2515965, 19.6094102 ], [ 82.2515479, 19.6097142 ] ] } },
{ "type": "Feature", "properties": { "@osmId": "way/284687474", "@snapshotTimestamp": "2015-01-01T00:00:00Z" }, "geometry": { "type": "LineString", "coordinates": [ [ 82.6192072, 19.5549926 ], [ 82.622691, 19.5815488 ], [ 82.7386747, 19.688082 ] ] } },
{ "type": "Feature", "properties": { "@osmId": "way/234205202", "@snapshotTimestamp": "2015-01-01T00:00:00Z" }, "geometry": { "type": "LineString", "coordinates": [ [ 82.2515479, 19.6097142 ], [ 82.2070435, 19.6654796 ] ] } },
{ "type": "Feature", "properties": { "@osmId": "way/234205216", "@snapshotTimestamp": "2015-01-01T00:00:00Z" }, "geometry": { "type": "LineString", "coordinates": [ [ 82.2070435, 19.6654796 ], [ 82.053282831979473, 19.664911240640269 ] ] } },
{ "type": "Feature", "properties": { "@osmId": "way/22828849", "@snapshotTimestamp": "2015-01-01T00:00:00Z" }, "geometry": { "type": "LineString", "coordinates": [ [ 82.2070435, 19.6654796 ], [ 82.2014502, 19.6705617 ] ] } },
{ "type": "Feature", "properties": { "@osmId": "way/304769100", "@snapshotTimestamp": "2015-01-01T00:00:00Z" }, "geometry": { "type": "LineString", "coordinates": [ [ 82.2061565, 19.6659914 ], [ 82.2370568, 19.6758712 ] ] } },
{ "type": "Feature", "properties": { "@osmId": "way/304774633", "@snapshotTimestamp": "2015-01-01T00:00:00Z" }, "geometry": { "type": "LineString", "coordinates": [ [ 82.2370568, 19.6758712 ], [ 82.2874517, 19.6923042 ] ] } },
{ "type": "Feature", "properties": { "@osmId": "way/239005221", "@snapshotTimestamp": "2015-01-01T00:00:00Z" }, "geometry": { "type": "LineString", "coordinates": [ [ 82.7386747, 19.688082 ], [ 82.7389869, 19.688202 ] ] } },
{ "type": "Feature", "properties": { "@osmId": "way/304774786", "@snapshotTimestamp": "2015-01-01T00:00:00Z" }, "geometry": { "type": "LineString", "coordinates": [ [ 82.2874517, 19.6923042 ], [ 82.2984855, 19.6976919 ] ] } },
{ "type": "Feature", "properties": { "@osmId": "way/239005229", "@snapshotTimestamp": "2015-01-01T00:00:00Z" }, "geometry": { "type": "LineString", "coordinates": [ [ 82.7389869, 19.688202 ], [ 82.7666791, 19.702322 ] ] } },
{ "type": "Feature", "properties": { "@osmId": "way/239005226", "@snapshotTimestamp": "2015-01-01T00:00:00Z" }, "geometry": { "type": "LineString", "coordinates": [ [ 82.7666791, 19.702322 ], [ 82.7669809, 19.7025029 ] ] } },
{ "type": "Feature", "properties": { "@osmId": "way/304775830", "@snapshotTimestamp": "2015-01-01T00:00:00Z" }, "geometry": { "type": "LineString", "coordinates": [ [ 82.2984855, 19.6976919 ], [ 82.3699978, 19.7180975 ] ] } },
{ "type": "Feature", "properties": { "@osmId": "way/194359538", "@snapshotTimestamp": "2015-01-01T00:00:00Z" }, "geometry": { "type": "LineString", "coordinates": [ [ 83.2820464, 19.5859709 ], [ 83.2644643, 19.6549707 ] ] } },
{ "type": "Feature", "properties": { "@osmId": "way/275641614", "@snapshotTimestamp": "2015-01-01T00:00:00Z" }, "geometry": { "type": "LineString", "coordinates": [ [ 83.1341316, 19.6090999 ], [ 83.0730898, 19.712577 ], [ 83.1068673, 19.7461271 ] ] } },
{ "type": "Feature", "properties": { "@osmId": "way/275641613", "@snapshotTimestamp": "2015-01-01T00:00:00Z" }, "geometry": { "type": "LineString", "coordinates": [ [ 83.1068673, 19.7461271 ], [ 83.1071747, 19.746594 ] ] } },
{ "type": "Feature", "properties": { "@osmId": "way/239005219", "@snapshotTimestamp": "2015-01-01T00:00:00Z" }, "geometry": { "type": "LineString", "coordinates": [ [ 82.7669809, 19.7025029 ], [ 82.9195823, 19.852887 ] ] } },
{ "type": "Feature", "properties": { "@osmId": "way/275641611", "@snapshotTimestamp": "2015-01-01T00:00:00Z" }, "geometry": { "type": "LineString", "coordinates": [ [ 83.1071747, 19.746594 ], [ 83.1335228, 19.8253772 ] ] } },
{ "type": "Feature", "properties": { "@osmId": "way/275641612", "@snapshotTimestamp": "2015-01-01T00:00:00Z" }, "geometry": { "type": "LineString", "coordinates": [ [ 83.1335228, 19.8253772 ], [ 83.133779, 19.8259386 ] ] } },
{ "type": "Feature", "properties": { "@osmId": "way/22828958", "@snapshotTimestamp": "2015-01-01T00:00:00Z" }, "geometry": { "type": "LineString", "coordinates": [ [ 82.9071939, 19.843752 ], [ 82.8511271, 19.849991 ] ] } },
{ "type": "Feature", "properties": { "@osmId": "way/237840597", "@snapshotTimestamp": "2015-01-01T00:00:00Z" }, "geometry": { "type": "LineString", "coordinates": [ [ 82.8511271, 19.849991 ], [ 82.8505947, 19.8499808 ] ] } },
{ "type": "Feature", "properties": { "@osmId": "way/275641610", "@snapshotTimestamp": "2015-01-01T00:00:00Z" }, "geometry": { "type": "LineString", "coordinates": [ [ 83.133779, 19.8259386 ], [ 83.1591481, 19.8754167 ] ] } },
{ "type": "Feature", "properties": { "@osmId": "way/191822348", "@snapshotTimestamp": "2015-01-01T00:00:00Z" }, "geometry": { "type": "LineString", "coordinates": [ [ 82.9195823, 19.852887 ], [ 82.9210359, 19.8530317 ] ] } },
{ "type": "Feature", "properties": { "@osmId": "way/22828743", "@snapshotTimestamp": "2015-01-01T00:00:00Z" }, "geometry": { "type": "LineString", "coordinates": [ [ 83.548729, 19.6141285 ], [ 83.5501378, 19.6144835 ] ] } },
{ "type": "Feature", "properties": { "@osmId": "way/229214959", "@snapshotTimestamp": "2015-01-01T00:00:00Z" }, "geometry": { "type": "LineString", "coordinates": [ [ 83.5501378, 19.6144835 ], [ 83.5512446, 19.6146179 ] ] } },
{ "type": "Feature", "properties": { "@osmId": "way/22830801", "@snapshotTimestamp": "2015-01-01T00:00:00Z" }, "geometry": { "type": "LineString", "coordinates": [ [ 83.548729, 19.6141285 ], [ 83.4926048, 19.6248352 ] ] } },
{ "type": "Feature", "properties": { "@osmId": "way/22828744", "@snapshotTimestamp": "2015-01-01T00:00:00Z" }, "geometry": { "type": "LineString", "coordinates": [ [ 83.4926048, 19.6248352 ], [ 83.485229, 19.6379414 ] ] } },
{ "type": "Feature", "properties": { "@osmId": "way/234907084", "@snapshotTimestamp": "2015-01-01T00:00:00Z" }, "geometry": { "type": "LineString", "coordinates": [ [ 83.485229, 19.6379414 ], [ 83.4850338, 19.6380769 ] ] } },
{ "type": "Feature", "properties": { "@osmId": "way/194359539", "@snapshotTimestamp": "2015-01-01T00:00:00Z" }, "geometry": { "type": "LineString", "coordinates": [ [ 83.5600093, 19.6298386 ], [ 83.5386661, 19.6827336 ], [ 83.5486801, 19.7537972 ], [ 83.4809636, 19.7373666 ] ] } },
{ "type": "Feature", "properties": { "@osmId": "way/234907077", "@snapshotTimestamp": "2015-01-01T00:00:00Z" }, "geometry": { "type": "LineString", "coordinates": [ [ 83.4850338, 19.6380769 ], [ 83.4831391, 19.7515274 ], [ 83.4424152, 19.8528692 ], [ 83.4188694, 19.8609983 ] ] } },
{ "type": "Feature", "properties": { "@osmId": "way/22828960", "@snapshotTimestamp": "2015-01-01T00:00:00Z" }, "geometry": { "type": "LineString", "coordinates": [ [ 83.4384, 19.8077 ], [ 83.4188772, 19.8613987 ] ] } },
{ "type": "Feature", "properties": { "@osmId": "way/234908615", "@snapshotTimestamp": "2015-01-01T00:00:00Z" }, "geometry": { "type": "LineString", "coordinates": [ [ 83.4188772, 19.8613987 ], [ 83.4036712, 19.9216629 ] ] } },
{ "type": "Feature", "properties": { "@osmId": "way/234907083", "@snapshotTimestamp": "2015-01-01T00:00:00Z" }, "geometry": { "type": "LineString", "coordinates": [ [ 83.4036712, 19.9216629 ], [ 83.4035174, 19.9219439 ] ] } },
{ "type": "Feature", "properties": { "@osmId": "way/234205219", "@snapshotTimestamp": "2015-01-01T00:00:00Z" }, "geometry": { "type": "LineString", "coordinates": [ [ 82.2012275, 19.6709084 ], [ 82.1561221, 19.7585278 ] ] } },
{ "type": "Feature", "properties": { "@osmId": "way/307290018", "@snapshotTimestamp": "2015-01-01T00:00:00Z" }, "geometry": { "type": "LineString", "coordinates": [ [ 82.3699978, 19.7180975 ], [ 82.3718941, 19.7265891 ] ] } },
{ "type": "Feature", "properties": { "@osmId": "way/304779242", "@snapshotTimestamp": "2015-01-01T00:00:00Z" }, "geometry": { "type": "LineString", "coordinates": [ [ 82.3718941, 19.7265891 ], [ 82.3646902, 19.8110912 ] ] } },
{ "type": "Feature", "properties": { "@osmId": "way/304872726", "@snapshotTimestamp": "2015-01-01T00:00:00Z" }, "geometry": { "type": "LineString", "coordinates": [ [ 82.3646902, 19.8110912 ], [ 82.4879113, 19.8752238 ], [ 82.4912803, 19.8452344 ], [ 82.57851176327209, 19.818396641990731 ] ] } },
{ "type": "Feature", "properties": { "@osmId": "way/234205220", "@snapshotTimestamp": "2015-01-01T00:00:00Z" }, "geometry": { "type": "LineString", "coordinates": [ [ 82.1560188, 19.7587475 ], [ 82.0816399, 19.8809582 ], [ 81.9843553, 19.9524097 ] ] } },
{ "type": "Feature", "properties": { "@osmId": "way/237840600", "@snapshotTimestamp": "2015-01-01T00:00:00Z" }, "geometry": { "type": "LineString", "coordinates": [ [ 82.7792406, 19.8695315 ], [ 82.7430966, 19.8831908 ] ] } },
{ "type": "Feature", "properties": { "@osmId": "way/22828961", "@snapshotTimestamp": "2015-01-01T00:00:00Z" }, "geometry": { "type": "LineString", "coordinates": [ [ 82.7430966, 19.8831908 ], [ 82.7304628, 19.8882912 ] ] } },
{ "type": "Feature", "properties": { "@osmId": "way/237840599", "@snapshotTimestamp": "2015-01-01T00:00:00Z" }, "geometry": { "type": "LineString", "coordinates": [ [ 82.7266323, 19.8897914 ], [ 82.709312926821056, 19.894420931231124 ] ] } },
{ "type": "Feature", "properties": { "@osmId": "way/311315492", "@snapshotTimestamp": "2015-01-01T00:00:00Z" }, "geometry": { "type": "LineString", "coordinates": [ [ 81.9843553, 19.9524097 ], [ 81.9841506, 19.9525848 ] ] } },
{ "type": "Feature", "properties": { "@osmId": "way/311315493", "@snapshotTimestamp": "2015-01-01T00:00:00Z" }, "geometry": { "type": "LineString", "coordinates": [ [ 81.9841506, 19.9525848 ], [ 81.902203261693572, 20.058775213993982 ] ] } },
{ "type": "Feature", "properties": { "@osmId": "way/191822354", "@snapshotTimestamp": "2015-01-01T00:00:00Z" }, "geometry": { "type": "LineString", "coordinates": [ [ 82.9210359, 19.8530317 ], [ 82.938955, 19.8606493 ] ] } },
{ "type": "Feature", "properties": { "@osmId": "way/237840598", "@snapshotTimestamp": "2015-01-01T00:00:00Z" }, "geometry": { "type": "LineString", "coordinates": [ [ 82.8505947, 19.8499808 ], [ 82.7792406, 19.8695315 ] ] } },
{ "type": "Feature", "properties": { "@osmId": "way/263833070", "@snapshotTimestamp": "2015-01-01T00:00:00Z" }, "geometry": { "type": "LineString", "coordinates": [ [ 83.1591481, 19.8754167 ], [ 83.1592492, 19.875607 ] ] } },
{ "type": "Feature", "properties": { "@osmId": "way/71928303", "@snapshotTimestamp": "2015-01-01T00:00:00Z" }, "geometry": { "type": "LineString", "coordinates": [ [ 82.938955, 19.8606493 ], [ 83.0431101, 19.8989014 ] ] } },
{ "type": "Feature", "properties": { "@osmId": "way/263833071", "@snapshotTimestamp": "2015-01-01T00:00:00Z" }, "geometry": { "type": "LineString", "coordinates": [ [ 83.1592492, 19.875607 ], [ 83.1588608, 19.9059829 ] ] } },
{ "type": "Feature", "properties": { "@osmId": "way/239005223", "@snapshotTimestamp": "2015-01-01T00:00:00Z" }, "geometry": { "type": "LineString", "coordinates": [ [ 83.0431101, 19.8989014 ], [ 83.0440627, 19.8990866 ] ] } },
{ "type": "Feature", "properties": { "@osmId": "way/263833079", "@snapshotTimestamp": "2015-01-01T00:00:00Z" }, "geometry": { "type": "LineString", "coordinates": [ [ 83.1631301, 19.9055 ], [ 83.1593969, 19.9029297 ] ] } },
{ "type": "Feature", "properties": { "@osmId": "way/239005233", "@snapshotTimestamp": "2015-01-01T00:00:00Z" }, "geometry": { "type": "LineString", "coordinates": [ [ 83.0440627, 19.8990866 ], [ 83.1631301, 19.9055 ] ] } },
{ "type": "Feature", "properties": { "@osmId": "way/218219218", "@snapshotTimestamp": "2015-01-01T00:00:00Z" }, "geometry": { "type": "LineString", "coordinates": [ [ 83.1631301, 19.9055 ], [ 83.1715141, 19.9116841 ] ] } },
{ "type": "Feature", "properties": { "@osmId": "way/22828978", "@snapshotTimestamp": "2015-01-01T00:00:00Z" }, "geometry": { "type": "LineString", "coordinates": [ [ 83.1642017, 19.9061648 ], [ 83.1514486, 19.9270422 ] ] } },
{ "type": "Feature", "properties": { "@osmId": "way/234907079", "@snapshotTimestamp": "2015-01-01T00:00:00Z" }, "geometry": { "type": "LineString", "coordinates": [ [ 83.1968649, 19.9225794 ], [ 83.1743224, 19.9192744 ] ] } },
{ "type": "Feature", "properties": { "@osmId": "way/234907082", "@snapshotTimestamp": "2015-01-01T00:00:00Z" }, "geometry": { "type": "LineString", "coordinates": [ [ 83.1970379, 19.922722 ], [ 83.1968649, 19.9225794 ] ] } },
{ "type": "Feature", "properties": { "@osmId": "way/22828937", "@snapshotTimestamp": "2015-01-01T00:00:00Z" }, "geometry": { "type": "LineString", "coordinates": [ [ 83.1715141, 19.9116841 ], [ 83.1714348, 19.9417336 ] ] } },
{ "type": "Feature", "properties": { "@osmId": "way/234249631", "@snapshotTimestamp": "2015-01-01T00:00:00Z" }, "geometry": { "type": "LineString", "coordinates": [ [ 83.1514486, 19.9270422 ], [ 83.1514742, 19.9272757 ] ] } },
{ "type": "Feature", "properties": { "@osmId": "way/234249653", "@snapshotTimestamp": "2015-01-01T00:00:00Z" }, "geometry": { "type": "LineString", "coordinates": [ [ 83.1514742, 19.9272757 ], [ 83.1468183, 19.9384794 ] ] } },
{ "type": "Feature", "properties": { "@osmId": "way/234249640", "@snapshotTimestamp": "2015-01-01T00:00:00Z" }, "geometry": { "type": "LineString", "coordinates": [ [ 83.1468183, 19.9384794 ], [ 83.1467238, 19.9386899 ] ] } },
{ "type": "Feature", "properties": { "@osmId": "way/239005225", "@snapshotTimestamp": "2015-01-01T00:00:00Z" }, "geometry": { "type": "LineString", "coordinates": [ [ 83.1714348, 19.9417336 ], [ 83.1714332, 19.9421413 ] ] } },
{ "type": "Feature", "properties": { "@osmId": "way/234907087", "@snapshotTimestamp": "2015-01-01T00:00:00Z" }, "geometry": { "type": "LineString", "coordinates": [ [ 83.2578101, 19.9656318 ], [ 83.1970379, 19.922722 ] ] } },
{ "type": "Feature", "properties": { "@osmId": "way/234907086", "@snapshotTimestamp": "2015-01-01T00:00:00Z" }, "geometry": { "type": "LineString", "coordinates": [ [ 83.3000902, 19.9732674 ], [ 83.2578101, 19.9656318 ] ] } },
{ "type": "Feature", "properties": { "@osmId": "way/234907081", "@snapshotTimestamp": "2015-01-01T00:00:00Z" }, "geometry": { "type": "LineString", "coordinates": [ [ 83.3005279, 19.973431 ], [ 83.3000902, 19.9732674 ] ] } },
{ "type": "Feature", "properties": { "@osmId": "way/239005232", "@snapshotTimestamp": "2015-01-01T00:00:00Z" }, "geometry": { "type": "LineString", "coordinates": [ [ 83.1714332, 19.9421413 ], [ 83.1742368, 20.052602 ] ] } },
{ "type": "Feature", "properties": { "@osmId": "way/234249651", "@snapshotTimestamp": "2015-01-01T00:00:00Z" }, "geometry": { "type": "LineString", "coordinates": [ [ 83.1467238, 19.9386899 ], [ 83.0910483, 20.1368123 ] ] } },
{ "type": "Feature", "properties": { "@osmId": "way/218220243", "@snapshotTimestamp": "2015-01-01T00:00:00Z" }, "geometry": { "type": "LineString", "coordinates": [ [ 83.1742368, 20.052602 ], [ 83.1946178, 20.1503012 ] ] } },
{ "type": "Feature", "properties": { "@osmId": "way/234249635", "@snapshotTimestamp": "2015-01-01T00:00:00Z" }, "geometry": { "type": "LineString", "coordinates": [ [ 83.0910483, 20.1368123 ], [ 83.090738, 20.137319 ] ] } },
{ "type": "Feature", "properties": { "@osmId": "way/234249647", "@snapshotTimestamp": "2015-01-01T00:00:00Z" }, "geometry": { "type": "LineString", "coordinates": [ [ 83.090738, 20.137319 ], [ 83.0892424, 20.1394315 ] ] } },
{ "type": "Feature", "properties": { "@osmId": "way/234249637", "@snapshotTimestamp": "2015-01-01T00:00:00Z" }, "geometry": { "type": "LineString", "coordinates": [ [ 83.0892424, 20.1394315 ], [ 83.0885951, 20.1400863 ] ] } },
{ "type": "Feature", "properties": { "@osmId": "way/130590472", "@snapshotTimestamp": "2015-01-01T00:00:00Z" }, "geometry": { "type": "LineString", "coordinates": [ [ 83.0885951, 20.1400863 ], [ 83.0877346, 20.1409845 ] ] } },
{ "type": "Feature", "properties": { "@osmId": "way/234249638", "@snapshotTimestamp": "2015-01-01T00:00:00Z" }, "geometry": { "type": "LineString", "coordinates": [ [ 83.0877346, 20.1409845 ], [ 83.0844941, 20.1443214 ] ] } },
{ "type": "Feature", "properties": { "@osmId": "way/130590473", "@snapshotTimestamp": "2015-01-01T00:00:00Z" }, "geometry": { "type": "LineString", "coordinates": [ [ 83.0844941, 20.1443214 ], [ 83.0831293, 20.1457264 ] ] } },
{ "type": "Feature", "properties": { "@osmId": "way/234249641", "@snapshotTimestamp": "2015-01-01T00:00:00Z" }, "geometry": { "type": "LineString", "coordinates": [ [ 83.0831293, 20.1457264 ], [ 83.0828769, 20.1459775 ] ] } },
{ "type": "Feature", "properties": { "@osmId": "way/232597462", "@snapshotTimestamp": "2015-01-01T00:00:00Z" }, "geometry": { "type": "LineString", "coordinates": [ [ 84.6671818, 19.6011294 ], [ 84.6206396, 19.6051686 ], [ 84.5692569, 19.665574 ] ] } },
{ "type": "Feature", "properties": { "@osmId": "way/232597476", "@snapshotTimestamp": "2015-01-01T00:00:00Z" }, "geometry": { "type": "LineString", "coordinates": [ [ 84.6724892, 19.60609 ], [ 84.6422844, 19.6488988 ], [ 84.6395741, 19.7197339 ] ] } },
{ "type": "Feature", "properties": { "@osmId": "way/240697418", "@snapshotTimestamp": "2015-01-01T00:00:00Z" }, "geometry": { "type": "LineString", "coordinates": [ [ 84.5692569, 19.665574 ], [ 84.5690246, 19.6653719 ] ] } },
{ "type": "Feature", "properties": { "@osmId": "way/240697445", "@snapshotTimestamp": "2015-01-01T00:00:00Z" }, "geometry": { "type": "LineString", "coordinates": [ [ 84.5690246, 19.6653719 ], [ 84.4865181, 19.7455415 ], [ 84.4403801, 19.7504703 ] ] } },
{ "type": "Feature", "properties": { "@osmId": "way/232597473", "@snapshotTimestamp": "2015-01-01T00:00:00Z" }, "geometry": { "type": "LineString", "coordinates": [ [ 84.6395741, 19.7197339 ], [ 84.6396409, 19.7200443 ] ] } },
{ "type": "Feature", "properties": { "@osmId": "way/232597474", "@snapshotTimestamp": "2015-01-01T00:00:00Z" }, "geometry": { "type": "LineString", "coordinates": [ [ 84.6396409, 19.7200443 ], [ 84.6064144, 19.7873791 ] ] } },
{ "type": "Feature", "properties": { "@osmId": "way/232597468", "@snapshotTimestamp": "2015-01-01T00:00:00Z" }, "geometry": { "type": "LineString", "coordinates": [ [ 84.6064144, 19.7873791 ], [ 84.6063229, 19.7876088 ] ] } },
{ "type": "Feature", "properties": { "@osmId": "way/232597464", "@snapshotTimestamp": "2015-01-01T00:00:00Z" }, "geometry": { "type": "LineString", "coordinates": [ [ 84.6063229, 19.7876088 ], [ 84.5972097, 19.8319142 ] ] } },
{ "type": "Feature", "properties": { "@osmId": "way/232597470", "@snapshotTimestamp": "2015-01-01T00:00:00Z" }, "geometry": { "type": "LineString", "coordinates": [ [ 84.5972097, 19.8319142 ], [ 84.5971652, 19.8324087 ] ] } },
{ "type": "Feature", "properties": { "@osmId": "way/177954691", "@snapshotTimestamp": "2015-01-01T00:00:00Z" }, "geometry": { "type": "LineString", "coordinates": [ [ 84.5971652, 19.8324087 ], [ 84.5834948, 19.8690488 ] ] } },
{ "type": "Feature", "properties": { "@osmId": "way/218122288", "@snapshotTimestamp": "2015-01-01T00:00:00Z" }, "geometry": { "type": "LineString", "coordinates": [ [ 84.438676, 19.7505486 ], [ 84.4277804, 19.7612282 ] ] } },
{ "type": "Feature", "properties": { "@osmId": "way/218122290", "@snapshotTimestamp": "2015-01-01T00:00:00Z" }, "geometry": { "type": "LineString", "coordinates": [ [ 84.4277804, 19.7612282 ], [ 84.3292036, 19.8278572 ] ] } },
{ "type": "Feature", "properties": { "@osmId": "way/22828797", "@snapshotTimestamp": "2015-01-01T00:00:00Z" }, "geometry": { "type": "LineString", "coordinates": [ [ 84.0642, 19.6942 ], [ 84.1025429, 19.7840247 ], [ 84.0726388, 19.8076771 ], [ 84.0743483, 19.8447186 ], [ 84.1218809, 19.9074242 ] ] } },
{ "type": "Feature", "properties": { "@osmId": "way/232498081", "@snapshotTimestamp": "2015-01-01T00:00:00Z" }, "geometry": { "type": "LineString", "coordinates": [ [ 84.3292036, 19.8278572 ], [ 84.3294431, 19.8282774 ] ] } },
{ "type": "Feature", "properties": { "@osmId": "way/232498082", "@snapshotTimestamp": "2015-01-01T00:00:00Z" }, "geometry": { "type": "LineString", "coordinates": [ [ 84.3294431, 19.8282774 ], [ 84.3262779, 19.8474111 ] ] } },
{ "type": "Feature", "properties": { "@osmId": "way/232498083", "@snapshotTimestamp": "2015-01-01T00:00:00Z" }, "geometry": { "type": "LineString", "coordinates": [ [ 84.3262779, 19.8474111 ], [ 84.1938518, 19.8554092 ], [ 84.1228576, 19.9102805 ] ] } },
{ "type": "Feature", "properties": { "@osmId": "way/232498078", "@snapshotTimestamp": "2015-01-01T00:00:00Z" }, "geometry": { "type": "LineString", "coordinates": [ [ 84.1228576, 19.9102805 ], [ 84.0444744, 20.0083513 ] ] } },
{ "type": "Feature", "properties": { "@osmId": "way/232498080", "@snapshotTimestamp": "2015-01-01T00:00:00Z" }, "geometry": { "type": "LineString", "coordinates": [ [ 84.0444744, 20.0083513 ], [ 84.044481, 20.0086127 ] ] } },
{ "type": "Feature", "properties": { "@osmId": "way/229249433", "@snapshotTimestamp": "2015-01-01T00:00:00Z" }, "geometry": { "type": "LineString", "coordinates": [ [ 84.1043278, 20.107783 ], [ 84.1040879, 20.1079728 ] ] } },
{ "type": "Feature", "properties": { "@osmId": "way/229249435", "@snapshotTimestamp": "2015-01-01T00:00:00Z" }, "geometry": { "type": "LineString", "coordinates": [ [ 84.414763, 20.1642287 ], [ 84.3302166, 20.0691206 ], [ 84.2984647, 20.0639241 ], [ 84.2601402, 20.0929932 ], [ 84.2507586, 20.0593682 ], [ 84.2018909, 20.0553217 ], [ 84.1043278, 20.107783 ] ] } },
{ "type": "Feature", "properties": { "@osmId": "way/218103912", "@snapshotTimestamp": "2015-01-01T00:00:00Z" }, "geometry": { "type": "LineString", "coordinates": [ [ 83.7099356, 19.9908985 ], [ 83.7005643, 19.9694982 ], [ 83.6837466, 19.9917093 ] ] } },
{ "type": "Feature", "properties": { "@osmId": "way/218103910", "@snapshotTimestamp": "2015-01-01T00:00:00Z" }, "geometry": { "type": "LineString", "coordinates": [ [ 83.7105415, 19.991603 ], [ 83.7099356, 19.9908985 ] ] } },
{ "type": "Feature", "properties": { "@osmId": "way/240697411", "@snapshotTimestamp": "2015-01-01T00:00:00Z" }, "geometry": { "type": "LineString", "coordinates": [ [ 83.6837466, 19.9917093 ], [ 83.683246, 19.9922515 ] ] } },
{ "type": "Feature", "properties": { "@osmId": "way/232498079", "@snapshotTimestamp": "2015-01-01T00:00:00Z" }, "geometry": { "type": "LineString", "coordinates": [ [ 84.044481, 20.0086127 ], [ 84.0441376, 20.0268602 ], [ 84.0033887, 20.0330997 ], [ 84.0048303, 20.1169752 ], [ 83.9838608, 20.136677 ] ] } },
{ "type": "Feature", "properties": { "@osmId": "way/240697457", "@snapshotTimestamp": "2015-01-01T00:00:00Z" }, "geometry": { "type": "LineString", "coordinates": [ [ 83.683246, 19.9922515 ], [ 83.6438567, 20.1222329 ], [ 83.5937612, 20.1751828 ], [ 83.5643305, 20.1756974 ] ] } },
{ "type": "Feature", "properties": { "@osmId": "way/229249431", "@snapshotTimestamp": "2015-01-01T00:00:00Z" }, "geometry": { "type": "LineString", "coordinates": [ [ 83.9109491, 20.1996195 ], [ 83.8692246, 20.1720671 ], [ 83.8506903, 20.1244793 ], [ 83.7364095, 20.0505877 ], [ 83.7105415, 19.991603 ] ] } },
{ "type": "Feature", "properties": { "@osmId": "way/218122269", "@snapshotTimestamp": "2015-01-01T00:00:00Z" }, "geometry": { "type": "LineString", "coordinates": [ [ 84.0181697, 20.1395465 ], [ 83.9838608, 20.136677 ] ] } },
{ "type": "Feature", "properties": { "@osmId": "way/218122275", "@snapshotTimestamp": "2015-01-01T00:00:00Z" }, "geometry": { "type": "LineString", "coordinates": [ [ 84.0185503, 20.1396172 ], [ 84.0181697, 20.1395465 ] ] } },
{ "type": "Feature", "properties": { "@osmId": "way/229249432", "@snapshotTimestamp": "2015-01-01T00:00:00Z" }, "geometry": { "type": "LineString", "coordinates": [ [ 83.9838608, 20.136677 ], [ 83.9499762, 20.158152 ] ] } },
{ "type": "Feature", "properties": { "@osmId": "way/173788201", "@snapshotTimestamp": "2015-01-01T00:00:00Z" }, "geometry": { "type": "LineString", "coordinates": [ [ 84.0072313, 20.1381772 ], [ 84.0129585, 20.1577624 ] ] } },
{ "type": "Feature", "properties": { "@osmId": "way/232597466", "@snapshotTimestamp": "2015-01-01T00:00:00Z" }, "geometry": { "type": "LineString", "coordinates": [ [ 84.4690143, 20.0849478 ], [ 84.414763, 20.1642287 ] ] } },
{ "type": "Feature", "properties": { "@osmId": "way/229249434", "@snapshotTimestamp": "2015-01-01T00:00:00Z" }, "geometry": { "type": "LineString", "coordinates": [ [ 84.1040879, 20.1079728 ], [ 84.0547426, 20.1481225 ], [ 84.0185503, 20.1396172 ] ] } },
{ "type": "Feature", "properties": { "@osmId": "way/173788198", "@snapshotTimestamp": "2015-01-01T00:00:00Z" }, "geometry": { "type": "LineString", "coordinates": [ [ 84.0459093, 20.1502279 ], [ 84.0465575, 20.1516189 ] ] } },
{ "type": "Feature", "properties": { "@osmId": "way/258875511", "@snapshotTimestamp": "2015-01-01T00:00:00Z" }, "geometry": { "type": "LineString", "coordinates": [ [ 84.0465575, 20.1516189 ], [ 84.0467422, 20.1520283 ] ] } },
{ "type": "Feature", "properties": { "@osmId": "way/258875502", "@snapshotTimestamp": "2015-01-01T00:00:00Z" }, "geometry": { "type": "LineString", "coordinates": [ [ 84.0467422, 20.1520283 ], [ 84.0787204, 20.1813342 ] ] } },
{ "type": "Feature", "properties": { "@osmId": "way/258875501", "@snapshotTimestamp": "2015-01-01T00:00:00Z" }, "geometry": { "type": "LineString", "coordinates": [ [ 84.3666568, 20.123425 ], [ 84.1235913, 20.2252346 ] ] } },
{ "type": "Feature", "properties": { "@osmId": "way/22828879", "@snapshotTimestamp": "2015-01-01T00:00:00Z" }, "geometry": { "type": "LineString", "coordinates": [ [ 84.414763, 20.1642287 ], [ 84.361416, 20.2383061 ] ] } },
{ "type": "Feature", "properties": { "@osmId": "way/232597469", "@snapshotTimestamp": "2015-01-01T00:00:00Z" }, "geometry": { "type": "LineString", "coordinates": [ [ 84.361416, 20.2383061 ], [ 84.361266, 20.2385453 ] ] } },
{ "type": "Feature", "properties": { "@osmId": "way/232597467", "@snapshotTimestamp": "2015-01-01T00:00:00Z" }, "geometry": { "type": "LineString", "coordinates": [ [ 84.361266, 20.2385453 ], [ 84.220205, 20.3967045 ], [ 84.2261713, 20.4186539 ] ] } },
{ "type": "Feature", "properties": { "@osmId": "way/229200567", "@snapshotTimestamp": "2015-01-01T00:00:00Z" }, "geometry": { "type": "LineString", "coordinates": [ [ 84.181568, 20.3835416 ], [ 84.1441492, 20.3862449 ], [ 84.1225945, 20.3565548 ] ] } },
{ "type": "Feature", "properties": { "@osmId": "way/258875508", "@snapshotTimestamp": "2015-01-01T00:00:00Z" }, "geometry": { "type": "LineString", "coordinates": [ [ 84.0129585, 20.1577624 ], [ 84.0135862, 20.1576125 ] ] } },
{ "type": "Feature", "properties": { "@osmId": "way/218111018", "@snapshotTimestamp": "2015-01-01T00:00:00Z" }, "geometry": { "type": "LineString", "coordinates": [ [ 83.9499762, 20.158152 ], [ 83.9493607, 20.1588626 ] ] } },
{ "type": "Feature", "properties": { "@osmId": "way/218111021", "@snapshotTimestamp": "2015-01-01T00:00:00Z" }, "geometry": { "type": "LineString", "coordinates": [ [ 83.9493607, 20.1588626 ], [ 83.9109491, 20.1996195 ] ] } },
{ "type": "Feature", "properties": { "@osmId": "way/258875503", "@snapshotTimestamp": "2015-01-01T00:00:00Z" }, "geometry": { "type": "LineString", "coordinates": [ [ 84.0135862, 20.1576125 ], [ 83.9930872, 20.2009808 ] ] } },
{ "type": "Feature", "properties": { "@osmId": "way/232660666", "@snapshotTimestamp": "2015-01-01T00:00:00Z" }, "geometry": { "type": "LineString", "coordinates": [ [ 83.8818952, 20.2150868 ], [ 83.9109491, 20.1996195 ] ] } },
{ "type": "Feature", "properties": { "@osmId": "way/173788197", "@snapshotTimestamp": "2015-01-01T00:00:00Z" }, "geometry": { "type": "LineString", "coordinates": [ [ 83.9930872, 20.2009808 ], [ 84.0016098, 20.2284028 ] ] } },
{ "type": "Feature", "properties": { "@osmId": "way/232660664", "@snapshotTimestamp": "2015-01-01T00:00:00Z" }, "geometry": { "type": "LineString", "coordinates": [ [ 83.8816929, 20.2150724 ], [ 83.8818952, 20.2150868 ] ] } },
{ "type": "Feature", "properties": { "@osmId": "way/232660667", "@snapshotTimestamp": "2015-01-01T00:00:00Z" }, "geometry": { "type": "LineString", "coordinates": [ [ 83.8655291, 20.2189868 ], [ 83.8816929, 20.2150724 ] ] } },
{ "type": "Feature", "properties": { "@osmId": "way/232660657", "@snapshotTimestamp": "2015-01-01T00:00:00Z" }, "geometry": { "type": "LineString", "coordinates": [ [ 83.8653612, 20.2189154 ], [ 83.8655291, 20.2189868 ] ] } },
{ "type": "Feature", "properties": { "@osmId": "way/232660671", "@snapshotTimestamp": "2015-01-01T00:00:00Z" }, "geometry": { "type": "LineString", "coordinates": [ [ 83.6762227, 20.4287842 ], [ 83.7292723, 20.3769089 ], [ 83.7283292, 20.3238787 ], [ 83.7606491, 20.2715494 ], [ 83.8653612, 20.2189154 ] ] } },
{ "type": "Feature", "properties": { "@osmId": "way/259021708", "@snapshotTimestamp": "2015-01-01T00:00:00Z" }, "geometry": { "type": "LineString", "coordinates": [ [ 84.5923591, 20.0827537 ], [ 84.5918565, 20.0825608 ] ] } },
{ "type": "Feature", "properties": { "@osmId": "way/232597472", "@snapshotTimestamp": "2015-01-01T00:00:00Z" }, "geometry": { "type": "LineString", "coordinates": [ [ 84.4692457, 20.0847968 ], [ 84.4690143, 20.0849478 ] ] } },
{ "type": "Feature", "properties": { "@osmId": "way/259021707", "@snapshotTimestamp": "2015-01-01T00:00:00Z" }, "geometry": { "type": "LineString", "coordinates": [ [ 84.5918565, 20.0825608 ], [ 84.5683795, 20.0925022 ] ] } },
{ "type": "Feature", "properties": { "@osmId": "way/22828916", "@snapshotTimestamp": "2015-01-01T00:00:00Z" }, "geometry": { "type": "LineString", "coordinates": [ [ 84.4224961, 20.5838287 ], [ 84.4944, 20.5984 ], [ 84.5312, 20.5823 ], [ 84.612, 20.6267 ], [ 84.7820612, 20.5994017 ] ] } },
{ "type": "Feature", "properties": { "@osmId": "way/218284676", "@snapshotTimestamp": "2015-01-01T00:00:00Z" }, "geometry": { "type": "LineString", "coordinates": [ [ 84.2635177, 20.8620284 ], [ 84.3217392, 20.839719 ], [ 84.3176728, 20.7586511 ], [ 84.4104802, 20.6626064 ], [ 84.4204352, 20.5490973 ], [ 84.5102222, 20.4442482 ], [ 84.590858, 20.411955 ], [ 84.5901961, 20.3946175 ], [ 84.7232433, 20.4063471 ] ] } },
{ "type": "Feature", "properties": { "@osmId": "way/237625726", "@snapshotTimestamp": "2015-01-01T00:00:00Z" }, "geometry": { "type": "LineString", "coordinates": [ [ 84.5381741, 20.7225937 ], [ 84.5111166, 20.7398907 ] ] } },
{ "type": "Feature", "properties": { "@osmId": "way/237625714", "@snapshotTimestamp": "2015-01-01T00:00:00Z" }, "geometry": { "type": "LineString", "coordinates": [ [ 84.5496429, 20.7535925 ], [ 84.5381741, 20.7225937 ] ] } },
{ "type": "Feature", "properties": { "@osmId": "way/237625721", "@snapshotTimestamp": "2015-01-01T00:00:00Z" }, "geometry": { "type": "LineString", "coordinates": [ [ 84.5111166, 20.7398907 ], [ 84.5098042, 20.7402633 ] ] } },
{ "type": "Feature", "properties": { "@osmId": "way/237625727", "@snapshotTimestamp": "2015-01-01T00:00:00Z" }, "geometry": { "type": "LineString", "coordinates": [ [ 84.5098042, 20.7402633 ], [ 84.4863137, 20.7505446 ] ] } },
{ "type": "Feature", "properties": { "@osmId": "way/237625725", "@snapshotTimestamp": "2015-01-01T00:00:00Z" }, "geometry": { "type": "LineString", "coordinates": [ [ 84.4863137, 20.7505446 ], [ 84.4859856, 20.7507484 ] ] } },
{ "type": "Feature", "properties": { "@osmId": "way/232660669", "@snapshotTimestamp": "2015-01-01T00:00:00Z" }, "geometry": { "type": "LineString", "coordinates": [ [ 83.6775869, 20.4304613 ], [ 83.6762227, 20.4287842 ] ] } },
{ "type": "Feature", "properties": { "@osmId": "way/232660672", "@snapshotTimestamp": "2015-01-01T00:00:00Z" }, "geometry": { "type": "LineString", "coordinates": [ [ 83.6732565, 20.4845755 ], [ 83.6775869, 20.4304613 ] ] } },
{ "type": "Feature", "properties": { "@osmId": "way/232660660", "@snapshotTimestamp": "2015-01-01T00:00:00Z" }, "geometry": { "type": "LineString", "coordinates": [ [ 83.6732837, 20.485105 ], [ 83.6732565, 20.4845755 ] ] } },
{ "type": "Feature", "properties": { "@osmId": "way/232660674", "@snapshotTimestamp": "2015-01-01T00:00:00Z" }, "geometry": { "type": "LineString", "coordinates": [ [ 83.6873399, 20.5568704 ], [ 83.6732837, 20.485105 ] ] } },
{ "type": "Feature", "properties": { "@osmId": "way/232660658", "@snapshotTimestamp": "2015-01-01T00:00:00Z" }, "geometry": { "type": "LineString", "coordinates": [ [ 83.6874948, 20.5569615 ], [ 83.6873399, 20.5568704 ] ] } },
{ "type": "Feature", "properties": { "@osmId": "way/232660670", "@snapshotTimestamp": "2015-01-01T00:00:00Z" }, "geometry": { "type": "LineString", "coordinates": [ [ 83.7275977, 20.6002646 ], [ 83.6874948, 20.5569615 ] ] } },
{ "type": "Feature", "properties": { "@osmId": "way/232660662", "@snapshotTimestamp": "2015-01-01T00:00:00Z" }, "geometry": { "type": "LineString", "coordinates": [ [ 83.728157, 20.6003657 ], [ 83.7275977, 20.6002646 ] ] } },
{ "type": "Feature", "properties": { "@osmId": "way/232660654", "@snapshotTimestamp": "2015-01-01T00:00:00Z" }, "geometry": { "type": "LineString", "coordinates": [ [ 83.7336782, 20.6088169 ], [ 83.728157, 20.6003657 ] ] } },
{ "type": "Feature", "properties": { "@osmId": "way/232660661", "@snapshotTimestamp": "2015-01-01T00:00:00Z" }, "geometry": { "type": "LineString", "coordinates": [ [ 83.7341982, 20.6097843 ], [ 83.7336782, 20.6088169 ] ] } },
{ "type": "Feature", "properties": { "@osmId": "way/232660668", "@snapshotTimestamp": "2015-01-01T00:00:00Z" }, "geometry": { "type": "LineString", "coordinates": [ [ 83.7360887, 20.6133263 ], [ 83.7341982, 20.6097843 ] ] } },
{ "type": "Feature", "properties": { "@osmId": "way/229200570", "@snapshotTimestamp": "2015-01-01T00:00:00Z" }, "geometry": { "type": "LineString", "coordinates": [ [ 84.1817827, 20.3834715 ], [ 84.181568, 20.3835416 ] ] } },
{ "type": "Feature", "properties": { "@osmId": "way/229200572", "@snapshotTimestamp": "2015-01-01T00:00:00Z" }, "geometry": { "type": "LineString", "coordinates": [ [ 84.2089975, 20.3962066 ], [ 84.1817827, 20.3834715 ] ] } },
{ "type": "Feature", "properties": { "@osmId": "way/229200568", "@snapshotTimestamp": "2015-01-01T00:00:00Z" }, "geometry": { "type": "LineString", "coordinates": [ [ 84.2087969, 20.396499 ], [ 84.2089975, 20.3962066 ] ] } },
{ "type": "Feature", "properties": { "@osmId": "way/229200571", "@snapshotTimestamp": "2015-01-01T00:00:00Z" }, "geometry": { "type": "LineString", "coordinates": [ [ 84.2111337, 20.4079797 ], [ 84.2087969, 20.396499 ] ] } },
{ "type": "Feature", "properties": { "@osmId": "way/229200569", "@snapshotTimestamp": "2015-01-01T00:00:00Z" }, "geometry": { "type": "LineString", "coordinates": [ [ 84.2119413, 20.408192 ], [ 84.2111337, 20.4079797 ] ] } },
{ "type": "Feature", "properties": { "@osmId": "way/232597463", "@snapshotTimestamp": "2015-01-01T00:00:00Z" }, "geometry": { "type": "LineString", "coordinates": [ [ 84.2261713, 20.4186539 ], [ 84.2119413, 20.408192 ] ] } },
{ "type": "Feature", "properties": { "@osmId": "way/291310183", "@snapshotTimestamp": "2015-01-01T00:00:00Z" }, "geometry": { "type": "LineString", "coordinates": [ [ 84.2365756, 20.4706137 ], [ 84.2261713, 20.4186539 ] ] } },
{ "type": "Feature", "properties": { "@osmId": "way/229194115", "@snapshotTimestamp": "2015-01-01T00:00:00Z" }, "geometry": { "type": "LineString", "coordinates": [ [ 84.4224961, 20.5838287 ], [ 84.3097123, 20.5729089 ], [ 84.3057931, 20.511219 ], [ 84.2720604, 20.5116615 ], [ 84.2365756, 20.4706137 ] ] } },
{ "type": "Feature", "properties": { "@osmId": "way/237625724", "@snapshotTimestamp": "2015-01-01T00:00:00Z" }, "geometry": { "type": "LineString", "coordinates": [ [ 84.4485662, 20.7654082 ], [ 84.4481886, 20.7654874 ] ] } },
{ "type": "Feature", "properties": { "@osmId": "way/237625732", "@snapshotTimestamp": "2015-01-01T00:00:00Z" }, "geometry": { "type": "LineString", "coordinates": [ [ 84.4481886, 20.7654874 ], [ 84.3906167, 20.8149062 ] ] } },
{ "type": "Feature", "properties": { "@osmId": "way/218284656", "@snapshotTimestamp": "2015-01-01T00:00:00Z" }, "geometry": { "type": "LineString", "coordinates": [ [ 83.4710044, 20.6893559 ], [ 83.4862898, 20.7049895 ] ] } },
{ "type": "Feature", "properties": { "@osmId": "way/169833991", "@snapshotTimestamp": "2015-01-01T00:00:00Z" }, "geometry": { "type": "LineString", "coordinates": [ [ 83.4917589, 20.7077481 ], [ 83.490139, 20.7011991 ] ] } },
{ "type": "Feature", "properties": { "@osmId": "way/169833999", "@snapshotTimestamp": "2015-01-01T00:00:00Z" }, "geometry": { "type": "LineString", "coordinates": [ [ 83.4958782, 20.7066225 ], [ 83.4892569, 20.7054947 ] ] } },
{ "type": "Feature", "properties": { "@osmId": "way/169834001", "@snapshotTimestamp": "2015-01-01T00:00:00Z" }, "geometry": { "type": "LineString", "coordinates": [ [ 83.4932165, 20.7131027 ], [ 83.5040513, 20.7092122 ] ] } },
{ "type": "Feature", "properties": { "@osmId": "way/232864950", "@snapshotTimestamp": "2015-01-01T00:00:00Z" }, "geometry": { "type": "LineString", "coordinates": [ [ 83.3026039, 20.7193779 ], [ 83.3035233, 20.7196318 ] ] } },
{ "type": "Feature", "properties": { "@osmId": "way/232864962", "@snapshotTimestamp": "2015-01-01T00:00:00Z" }, "geometry": { "type": "LineString", "coordinates": [ [ 83.3035233, 20.7196318 ], [ 83.4191093, 20.7340556 ], [ 83.4862898, 20.7049895 ] ] } },
{ "type": "Feature", "properties": { "@osmId": "way/218284675", "@snapshotTimestamp": "2015-01-01T00:00:00Z" }, "geometry": { "type": "LineString", "coordinates": [ [ 83.7089895, 20.7699001 ], [ 83.6622344, 20.7378138 ], [ 83.4907903, 20.7080048 ] ] } },
{ "type": "Feature", "properties": { "@osmId": "way/71928274", "@snapshotTimestamp": "2015-01-01T00:00:00Z" }, "geometry": { "type": "LineString", "coordinates": [ [ 83.4862898, 20.7049895 ], [ 83.5016286, 20.81273 ] ] } },
{ "type": "Feature", "properties": { "@osmId": "way/169833985", "@snapshotTimestamp": "2015-01-01T00:00:00Z" }, "geometry": { "type": "LineString", "coordinates": [ [ 83.4954949, 20.7484898 ], [ 83.5290541, 20.7870861 ] ] } },
{ "type": "Feature", "properties": { "@osmId": "way/218284651", "@snapshotTimestamp": "2015-01-01T00:00:00Z" }, "geometry": { "type": "LineString", "coordinates": [ [ 83.5016286, 20.81273 ], [ 83.5002919, 20.8146185 ] ] } },
{ "type": "Feature", "properties": { "@osmId": "way/232660659", "@snapshotTimestamp": "2015-01-01T00:00:00Z" }, "geometry": { "type": "LineString", "coordinates": [ [ 83.7362915, 20.6139049 ], [ 83.7360887, 20.6133263 ] ] } },
{ "type": "Feature", "properties": { "@osmId": "way/232660665", "@snapshotTimestamp": "2015-01-01T00:00:00Z" }, "geometry": { "type": "LineString", "coordinates": [ [ 83.7383182, 20.6371436 ], [ 83.7362915, 20.6139049 ] ] } },
{ "type": "Feature", "properties": { "@osmId": "way/232660663", "@snapshotTimestamp": "2015-01-01T00:00:00Z" }, "geometry": { "type": "LineString", "coordinates": [ [ 83.7377295, 20.6376823 ], [ 83.7383182, 20.6371436 ] ] } },
{ "type": "Feature", "properties": { "@osmId": "way/232660656", "@snapshotTimestamp": "2015-01-01T00:00:00Z" }, "geometry": { "type": "LineString", "coordinates": [ [ 83.9126004, 20.8238938 ], [ 83.7377295, 20.6376823 ] ] } },
{ "type": "Feature", "properties": { "@osmId": "way/218284664", "@snapshotTimestamp": "2015-01-01T00:00:00Z" }, "geometry": { "type": "LineString", "coordinates": [ [ 83.7089895, 20.7699001 ], [ 83.7098255, 20.7719239 ] ] } },
{ "type": "Feature", "properties": { "@osmId": "way/218284659", "@snapshotTimestamp": "2015-01-01T00:00:00Z" }, "geometry": { "type": "LineString", "coordinates": [ [ 83.7098255, 20.7719239 ], [ 83.8323888, 20.8529382 ], [ 83.9084249, 20.8298796 ] ] } },
{ "type": "Feature", "properties": { "@osmId": "way/218284672", "@snapshotTimestamp": "2015-01-01T00:00:00Z" }, "geometry": { "type": "LineString", "coordinates": [ [ 83.9084249, 20.8298796 ], [ 83.911951, 20.8249632 ] ] } },
{ "type": "Feature", "properties": { "@osmId": "way/90852023", "@snapshotTimestamp": "2015-01-01T00:00:00Z" }, "geometry": { "type": "LineString", "coordinates": [ [ 83.8937554, 20.8472565 ], [ 83.8973344, 20.8573647 ] ] } },
{ "type": "Feature", "properties": { "@osmId": "way/90851954", "@snapshotTimestamp": "2015-01-01T00:00:00Z" }, "geometry": { "type": "LineString", "coordinates": [ [ 83.8973344, 20.8573647 ], [ 83.9080671, 20.8684681 ] ] } },
{ "type": "Feature", "properties": { "@osmId": "way/90851956", "@snapshotTimestamp": "2015-01-01T00:00:00Z" }, "geometry": { "type": "LineString", "coordinates": [ [ 83.895045, 20.8523708 ], [ 83.8198, 20.9098 ], [ 83.7973, 20.9903 ], [ 83.8111863, 21.0203892 ] ] } },
{ "type": "Feature", "properties": { "@osmId": "way/234907080", "@snapshotTimestamp": "2015-01-01T00:00:00Z" }, "geometry": { "type": "LineString", "coordinates": [ [ 83.4035174, 19.9219439 ], [ 83.3990244, 19.926936 ] ] } },
{ "type": "Feature", "properties": { "@osmId": "way/234907085", "@snapshotTimestamp": "2015-01-01T00:00:00Z" }, "geometry": { "type": "LineString", "coordinates": [ [ 83.3990244, 19.926936 ], [ 83.3986952, 19.9270366 ] ] } },
{ "type": "Feature", "properties": { "@osmId": "way/234907078", "@snapshotTimestamp": "2015-01-01T00:00:00Z" }, "geometry": { "type": "LineString", "coordinates": [ [ 83.3986952, 19.9270366 ], [ 83.3005279, 19.973431 ] ] } },
{ "type": "Feature", "properties": { "@osmId": "way/234243767", "@snapshotTimestamp": "2015-01-01T00:00:00Z" }, "geometry": { "type": "LineString", "coordinates": [ [ 83.3610158, 20.0466869 ], [ 83.3040227, 19.9733411 ] ] } },
{ "type": "Feature", "properties": { "@osmId": "way/234243762", "@snapshotTimestamp": "2015-01-01T00:00:00Z" }, "geometry": { "type": "LineString", "coordinates": [ [ 83.3616009, 20.0469776 ], [ 83.3610158, 20.0466869 ] ] } },
{ "type": "Feature", "properties": { "@osmId": "way/234243766", "@snapshotTimestamp": "2015-01-01T00:00:00Z" }, "geometry": { "type": "LineString", "coordinates": [ [ 83.3877225, 20.0944739 ], [ 83.3616009, 20.0469776 ] ] } },
{ "type": "Feature", "properties": { "@osmId": "way/234243763", "@snapshotTimestamp": "2015-01-01T00:00:00Z" }, "geometry": { "type": "LineString", "coordinates": [ [ 83.3877497, 20.0948741 ], [ 83.3877225, 20.0944739 ] ] } },
{ "type": "Feature", "properties": { "@osmId": "way/234243769", "@snapshotTimestamp": "2015-01-01T00:00:00Z" }, "geometry": { "type": "LineString", "coordinates": [ [ 83.4574239, 20.1564945 ], [ 83.3877497, 20.0948741 ] ] } },
{ "type": "Feature", "properties": { "@osmId": "way/234243765", "@snapshotTimestamp": "2015-01-01T00:00:00Z" }, "geometry": { "type": "LineString", "coordinates": [ [ 83.4580551, 20.1566864 ], [ 83.4574239, 20.1564945 ] ] } },
{ "type": "Feature", "properties": { "@osmId": "way/234243768", "@snapshotTimestamp": "2015-01-01T00:00:00Z" }, "geometry": { "type": "LineString", "coordinates": [ [ 83.4946243, 20.177392 ], [ 83.4580551, 20.1566864 ] ] } },
{ "type": "Feature", "properties": { "@osmId": "way/239005224", "@snapshotTimestamp": "2015-01-01T00:00:00Z" }, "geometry": { "type": "LineString", "coordinates": [ [ 83.1946178, 20.1503012 ], [ 83.1949521, 20.1514663 ] ] } },
{ "type": "Feature", "properties": { "@osmId": "way/234249649", "@snapshotTimestamp": "2015-01-01T00:00:00Z" }, "geometry": { "type": "LineString", "coordinates": [ [ 83.0828769, 20.1459775 ], [ 82.9291463, 20.2051961 ] ] } },
{ "type": "Feature", "properties": { "@osmId": "way/239005218", "@snapshotTimestamp": "2015-01-01T00:00:00Z" }, "geometry": { "type": "LineString", "coordinates": [ [ 83.1949521, 20.1514663 ], [ 83.2771519, 20.2660286 ] ] } },
{ "type": "Feature", "properties": { "@osmId": "way/130590471", "@snapshotTimestamp": "2015-01-01T00:00:00Z" }, "geometry": { "type": "LineString", "coordinates": [ [ 82.9291463, 20.2051961 ], [ 82.8646785, 20.2185006 ] ] } },
{ "type": "Feature", "properties": { "@osmId": "way/130590484", "@snapshotTimestamp": "2015-01-01T00:00:00Z" }, "geometry": { "type": "LineString", "coordinates": [ [ 82.9532, 20.224 ], [ 82.9291463, 20.2051961 ] ] } },
{ "type": "Feature", "properties": { "@osmId": "way/234249632", "@snapshotTimestamp": "2015-01-01T00:00:00Z" }, "geometry": { "type": "LineString", "coordinates": [ [ 82.8646785, 20.2185006 ], [ 82.8643728, 20.2187694 ] ] } },
{ "type": "Feature", "properties": { "@osmId": "way/234249644", "@snapshotTimestamp": "2015-01-01T00:00:00Z" }, "geometry": { "type": "LineString", "coordinates": [ [ 82.8643728, 20.2187694 ], [ 82.8506022, 20.2509275 ] ] } },
{ "type": "Feature", "properties": { "@osmId": "way/130590477", "@snapshotTimestamp": "2015-01-01T00:00:00Z" }, "geometry": { "type": "LineString", "coordinates": [ [ 83.1361842, 20.2825255 ], [ 83.0802, 20.2254 ], [ 82.9532, 20.224 ] ] } },
{ "type": "Feature", "properties": { "@osmId": "way/234249634", "@snapshotTimestamp": "2015-01-01T00:00:00Z" }, "geometry": { "type": "LineString", "coordinates": [ [ 82.8506022, 20.2509275 ], [ 82.8496428, 20.2529282 ] ] } },
{ "type": "Feature", "properties": { "@osmId": "way/239005220", "@snapshotTimestamp": "2015-01-01T00:00:00Z" }, "geometry": { "type": "LineString", "coordinates": [ [ 83.2771519, 20.2660286 ], [ 83.2774324, 20.2661859 ] ] } },
{ "type": "Feature", "properties": { "@osmId": "way/234243761", "@snapshotTimestamp": "2015-01-01T00:00:00Z" }, "geometry": { "type": "LineString", "coordinates": [ [ 83.494864, 20.1774752 ], [ 83.4946243, 20.177392 ] ] } },
{ "type": "Feature", "properties": { "@osmId": "way/234243760", "@snapshotTimestamp": "2015-01-01T00:00:00Z" }, "geometry": { "type": "LineString", "coordinates": [ [ 83.5049208, 20.1875124 ], [ 83.494864, 20.1774752 ] ] } },
{ "type": "Feature", "properties": { "@osmId": "way/234243764", "@snapshotTimestamp": "2015-01-01T00:00:00Z" }, "geometry": { "type": "LineString", "coordinates": [ [ 83.5054067, 20.1877836 ], [ 83.5049208, 20.1875124 ] ] } },
{ "type": "Feature", "properties": { "@osmId": "way/234243759", "@snapshotTimestamp": "2015-01-01T00:00:00Z" }, "geometry": { "type": "LineString", "coordinates": [ [ 83.5210478, 20.2007775 ], [ 83.5054067, 20.1877836 ] ] } },
{ "type": "Feature", "properties": { "@osmId": "way/240697470", "@snapshotTimestamp": "2015-01-01T00:00:00Z" }, "geometry": { "type": "LineString", "coordinates": [ [ 83.5643305, 20.1756974 ], [ 83.4860649, 20.2394493 ] ] } },
{ "type": "Feature", "properties": { "@osmId": "way/240697425", "@snapshotTimestamp": "2015-01-01T00:00:00Z" }, "geometry": { "type": "LineString", "coordinates": [ [ 83.4860649, 20.2394493 ], [ 83.4859372, 20.2395427 ] ] } },
{ "type": "Feature", "properties": { "@osmId": "way/240697442", "@snapshotTimestamp": "2015-01-01T00:00:00Z" }, "geometry": { "type": "LineString", "coordinates": [ [ 83.4859372, 20.2395427 ], [ 83.4530905, 20.2516744 ] ] } },
{ "type": "Feature", "properties": { "@osmId": "way/218098878", "@snapshotTimestamp": "2015-01-01T00:00:00Z" }, "geometry": { "type": "LineString", "coordinates": [ [ 83.4530905, 20.2516744 ], [ 83.4515638, 20.2517403 ] ] } },
{ "type": "Feature", "properties": { "@osmId": "way/218098881", "@snapshotTimestamp": "2015-01-01T00:00:00Z" }, "geometry": { "type": "LineString", "coordinates": [ [ 83.4515638, 20.2517403 ], [ 83.4031154, 20.2622418 ], [ 83.3673506, 20.3003312 ], [ 83.3039198, 20.2923085 ] ] } },
{ "type": "Feature", "properties": { "@osmId": "way/218209365", "@snapshotTimestamp": "2015-01-01T00:00:00Z" }, "geometry": { "type": "LineString", "coordinates": [ [ 83.3039198, 20.2923085 ], [ 83.3181988, 20.3041991 ] ] } },
{ "type": "Feature", "properties": { "@osmId": "way/234249645", "@snapshotTimestamp": "2015-01-01T00:00:00Z" }, "geometry": { "type": "LineString", "coordinates": [ [ 82.8496428, 20.2529282 ], [ 82.7633729, 20.2928098 ] ] } },
{ "type": "Feature", "properties": { "@osmId": "way/240697428", "@snapshotTimestamp": "2015-01-01T00:00:00Z" }, "geometry": { "type": "LineString", "coordinates": [ [ 83.2763367, 20.2888566 ], [ 83.2098612, 20.2675535 ], [ 83.1431152, 20.2861029 ] ] } },
{ "type": "Feature", "properties": { "@osmId": "way/239005228", "@snapshotTimestamp": "2015-01-01T00:00:00Z" }, "geometry": { "type": "LineString", "coordinates": [ [ 83.2774324, 20.2661859 ], [ 83.3039198, 20.2923085 ] ] } },
{ "type": "Feature", "properties": { "@osmId": "way/22828892", "@snapshotTimestamp": "2015-01-01T00:00:00Z" }, "geometry": { "type": "LineString", "coordinates": [ [ 82.9532, 20.224 ], [ 82.9122455, 20.339283 ] ] } },
{ "type": "Feature", "properties": { "@osmId": "way/218098879", "@snapshotTimestamp": "2015-01-01T00:00:00Z" }, "geometry": { "type": "LineString", "coordinates": [ [ 83.1431152, 20.2861029 ], [ 83.1424714, 20.2857547 ] ] } },
{ "type": "Feature", "properties": { "@osmId": "way/240697423", "@snapshotTimestamp": "2015-01-01T00:00:00Z" }, "geometry": { "type": "LineString", "coordinates": [ [ 83.2765742, 20.2891048 ], [ 83.2763367, 20.2888566 ] ] } },
{ "type": "Feature", "properties": { "@osmId": "way/230746999", "@snapshotTimestamp": "2015-01-01T00:00:00Z" }, "geometry": { "type": "LineString", "coordinates": [ [ 83.2950613, 20.3170471 ], [ 83.2765742, 20.2891048 ] ] } },
{ "type": "Feature", "properties": { "@osmId": "way/218098883", "@snapshotTimestamp": "2015-01-01T00:00:00Z" }, "geometry": { "type": "LineString", "coordinates": [ [ 83.1424714, 20.2857547 ], [ 83.0456157, 20.3415871 ], [ 83.0127367, 20.3242552 ], [ 82.8543082, 20.3410468 ], [ 82.833485, 20.3229733 ] ] } },
{ "type": "Feature", "properties": { "@osmId": "way/230746998", "@snapshotTimestamp": "2015-01-01T00:00:00Z" }, "geometry": { "type": "LineString", "coordinates": [ [ 83.2951961, 20.3174688 ], [ 83.2950613, 20.3170471 ] ] } },
{ "type": "Feature", "properties": { "@osmId": "way/218083762", "@snapshotTimestamp": "2015-01-01T00:00:00Z" }, "geometry": { "type": "LineString", "coordinates": [ [ 82.833485, 20.3229733 ], [ 82.8327287, 20.3222125 ] ] } },
{ "type": "Feature", "properties": { "@osmId": "way/218098880", "@snapshotTimestamp": "2015-01-01T00:00:00Z" }, "geometry": { "type": "LineString", "coordinates": [ [ 83.3181988, 20.3041991 ], [ 83.316472, 20.3080426 ] ] } },
{ "type": "Feature", "properties": { "@osmId": "way/218098877", "@snapshotTimestamp": "2015-01-01T00:00:00Z" }, "geometry": { "type": "LineString", "coordinates": [ [ 83.316472, 20.3080426 ], [ 83.3137891, 20.3192862 ] ] } },
{ "type": "Feature", "properties": { "@osmId": "way/218098882", "@snapshotTimestamp": "2015-01-01T00:00:00Z" }, "geometry": { "type": "LineString", "coordinates": [ [ 83.3137891, 20.3192862 ], [ 83.2951961, 20.3174688 ] ] } },
{ "type": "Feature", "properties": { "@osmId": "way/22828930", "@snapshotTimestamp": "2015-01-01T00:00:00Z" }, "geometry": { "type": "LineString", "coordinates": [ [ 83.3137891, 20.3192862 ], [ 83.3147799, 20.338182 ] ] } },
{ "type": "Feature", "properties": { "@osmId": "way/230746996", "@snapshotTimestamp": "2015-01-01T00:00:00Z" }, "geometry": { "type": "LineString", "coordinates": [ [ 83.3147799, 20.338182 ], [ 83.3146738, 20.3385026 ] ] } },
{ "type": "Feature", "properties": { "@osmId": "way/230746997", "@snapshotTimestamp": "2015-01-01T00:00:00Z" }, "geometry": { "type": "LineString", "coordinates": [ [ 83.3146738, 20.3385026 ], [ 83.311407, 20.3674038 ] ] } },
{ "type": "Feature", "properties": { "@osmId": "way/230716718", "@snapshotTimestamp": "2015-01-01T00:00:00Z" }, "geometry": { "type": "LineString", "coordinates": [ [ 83.311407, 20.3674038 ], [ 83.3114807, 20.3678378 ] ] } },
{ "type": "Feature", "properties": { "@osmId": "way/230716719", "@snapshotTimestamp": "2015-01-01T00:00:00Z" }, "geometry": { "type": "LineString", "coordinates": [ [ 83.3114807, 20.3678378 ], [ 83.3331632, 20.4094086 ] ] } },
{ "type": "Feature", "properties": { "@osmId": "way/218284647", "@snapshotTimestamp": "2015-01-01T00:00:00Z" }, "geometry": { "type": "LineString", "coordinates": [ [ 83.3331632, 20.4094086 ], [ 83.3345853, 20.412353 ] ] } },
{ "type": "Feature", "properties": { "@osmId": "way/218284654", "@snapshotTimestamp": "2015-01-01T00:00:00Z" }, "geometry": { "type": "LineString", "coordinates": [ [ 83.3345853, 20.412353 ], [ 83.3794492, 20.4728987 ] ] } },
{ "type": "Feature", "properties": { "@osmId": "way/22829010", "@snapshotTimestamp": "2015-01-01T00:00:00Z" }, "geometry": { "type": "LineString", "coordinates": [ [ 82.9079341, 20.3405549 ], [ 82.9204768, 20.4667096 ] ] } },
{ "type": "Feature", "properties": { "@osmId": "way/22829007", "@snapshotTimestamp": "2015-01-01T00:00:00Z" }, "geometry": { "type": "LineString", "coordinates": [ [ 82.9204768, 20.4667096 ], [ 82.9217493, 20.5074574 ] ] } },
{ "type": "Feature", "properties": { "@osmId": "way/232864954", "@snapshotTimestamp": "2015-01-01T00:00:00Z" }, "geometry": { "type": "LineString", "coordinates": [ [ 82.9217493, 20.5074574 ], [ 82.9216674, 20.5079309 ] ] } },
{ "type": "Feature", "properties": { "@osmId": "way/232864960", "@snapshotTimestamp": "2015-01-01T00:00:00Z" }, "geometry": { "type": "LineString", "coordinates": [ [ 82.9216674, 20.5079309 ], [ 82.9378802, 20.5403985 ] ] } },
{ "type": "Feature", "properties": { "@osmId": "way/22829004", "@snapshotTimestamp": "2015-01-01T00:00:00Z" }, "geometry": { "type": "LineString", "coordinates": [ [ 82.9378802, 20.5403985 ], [ 82.9535301, 20.58116 ] ] } },
{ "type": "Feature", "properties": { "@osmId": "way/232864957", "@snapshotTimestamp": "2015-01-01T00:00:00Z" }, "geometry": { "type": "LineString", "coordinates": [ [ 82.9535301, 20.58116 ], [ 82.9540269, 20.5822571 ] ] } },
{ "type": "Feature", "properties": { "@osmId": "way/232864958", "@snapshotTimestamp": "2015-01-01T00:00:00Z" }, "geometry": { "type": "LineString", "coordinates": [ [ 82.9540269, 20.5822571 ], [ 82.9757706, 20.5933603 ] ] } },
{ "type": "Feature", "properties": { "@osmId": "way/232864955", "@snapshotTimestamp": "2015-01-01T00:00:00Z" }, "geometry": { "type": "LineString", "coordinates": [ [ 82.9757706, 20.5933603 ], [ 82.9759796, 20.5935006 ] ] } },
{ "type": "Feature", "properties": { "@osmId": "way/232864961", "@snapshotTimestamp": "2015-01-01T00:00:00Z" }, "geometry": { "type": "LineString", "coordinates": [ [ 82.9759796, 20.5935006 ], [ 83.0157532, 20.6307604 ] ] } },
{ "type": "Feature", "properties": { "@osmId": "way/232864952", "@snapshotTimestamp": "2015-01-01T00:00:00Z" }, "geometry": { "type": "LineString", "coordinates": [ [ 83.0157532, 20.6307604 ], [ 83.0160508, 20.6307346 ] ] } },
{ "type": "Feature", "properties": { "@osmId": "way/218083765", "@snapshotTimestamp": "2015-01-01T00:00:00Z" }, "geometry": { "type": "LineString", "coordinates": [ [ 82.8327287, 20.3222125 ], [ 82.7633729, 20.2928098 ] ] } },
{ "type": "Feature", "properties": { "@osmId": "way/240653505", "@snapshotTimestamp": "2015-01-01T00:00:00Z" }, "geometry": { "type": "LineString", "coordinates": [ [ 82.7633729, 20.2928098 ], [ 82.677565, 20.3956876 ], [ 82.6709269, 20.4465272 ] ] } },
{ "type": "Feature", "properties": { "@osmId": "way/218081899", "@snapshotTimestamp": "2015-01-01T00:00:00Z" }, "geometry": { "type": "LineString", "coordinates": [ [ 82.6709269, 20.4465272 ], [ 82.6709205, 20.4468044 ] ] } },
{ "type": "Feature", "properties": { "@osmId": "way/218081930", "@snapshotTimestamp": "2015-01-01T00:00:00Z" }, "geometry": { "type": "LineString", "coordinates": [ [ 82.6709205, 20.4468044 ], [ 82.669252, 20.5157441 ] ] } },
{ "type": "Feature", "properties": { "@osmId": "way/218081902", "@snapshotTimestamp": "2015-01-01T00:00:00Z" }, "geometry": { "type": "LineString", "coordinates": [ [ 82.669252, 20.5157441 ], [ 82.6690625, 20.5161743 ] ] } },
{ "type": "Feature", "properties": { "@osmId": "way/218081929", "@snapshotTimestamp": "2015-01-01T00:00:00Z" }, "geometry": { "type": "LineString", "coordinates": [ [ 82.6690625, 20.5161743 ], [ 82.636317, 20.570164 ] ] } },
{ "type": "Feature", "properties": { "@osmId": "way/218081898", "@snapshotTimestamp": "2015-01-01T00:00:00Z" }, "geometry": { "type": "LineString", "coordinates": [ [ 82.636317, 20.570164 ], [ 82.6361687, 20.5703954 ] ] } },
{ "type": "Feature", "properties": { "@osmId": "way/218081919", "@snapshotTimestamp": "2015-01-01T00:00:00Z" }, "geometry": { "type": "LineString", "coordinates": [ [ 82.6361687, 20.5703954 ], [ 82.6110642, 20.6020904 ], [ 82.596237, 20.7072964 ], [ 82.5270531, 20.8348916 ] ] } },
{ "type": "Feature", "properties": { "@osmId": "way/232744005", "@snapshotTimestamp": "2015-01-01T00:00:00Z" }, "geometry": { "type": "LineString", "coordinates": [ [ 82.6721379, 20.8260651 ], [ 82.5342719, 20.8081306 ] ] } },
{ "type": "Feature", "properties": { "@osmId": "way/232743976", "@snapshotTimestamp": "2015-01-01T00:00:00Z" }, "geometry": { "type": "LineString", "coordinates": [ [ 82.672316, 20.8262046 ], [ 82.6721379, 20.8260651 ] ] } },
{ "type": "Feature", "properties": { "@osmId": "way/218284649", "@snapshotTimestamp": "2015-01-01T00:00:00Z" }, "geometry": { "type": "LineString", "coordinates": [ [ 83.3794492, 20.4728987 ], [ 83.3792454, 20.4730771 ] ] } },
{ "type": "Feature", "properties": { "@osmId": "way/218284655", "@snapshotTimestamp": "2015-01-01T00:00:00Z" }, "geometry": { "type": "LineString", "coordinates": [ [ 83.3792454, 20.4730771 ], [ 83.385835, 20.484463 ] ] } },
{ "type": "Feature", "properties": { "@osmId": "way/239005222", "@snapshotTimestamp": "2015-01-01T00:00:00Z" }, "geometry": { "type": "LineString", "coordinates": [ [ 83.385835, 20.484463 ], [ 83.3860284, 20.4848118 ] ] } },
{ "type": "Feature", "properties": { "@osmId": "way/239005231", "@snapshotTimestamp": "2015-01-01T00:00:00Z" }, "geometry": { "type": "LineString", "coordinates": [ [ 83.3860284, 20.4848118 ], [ 83.4109722, 20.5338041 ] ] } },
{ "type": "Feature", "properties": { "@osmId": "way/218284640", "@snapshotTimestamp": "2015-01-01T00:00:00Z" }, "geometry": { "type": "LineString", "coordinates": [ [ 83.4109722, 20.5338041 ], [ 83.4116572, 20.5354675 ] ] } },
{ "type": "Feature", "properties": { "@osmId": "way/218284637", "@snapshotTimestamp": "2015-01-01T00:00:00Z" }, "geometry": { "type": "LineString", "coordinates": [ [ 83.4116572, 20.5354675 ], [ 83.4710044, 20.6893559 ] ] } },
{ "type": "Feature", "properties": { "@osmId": "way/169833987", "@snapshotTimestamp": "2015-01-01T00:00:00Z" }, "geometry": { "type": "LineString", "coordinates": [ [ 83.4845334, 20.7011642 ], [ 83.5069142, 20.6985078 ], [ 83.5289691, 20.6482194 ] ] } },
{ "type": "Feature", "properties": { "@osmId": "way/169833988", "@snapshotTimestamp": "2015-01-01T00:00:00Z" }, "geometry": { "type": "LineString", "coordinates": [ [ 83.490139, 20.7011991 ], [ 83.5036436, 20.6504937 ] ] } },
{ "type": "Feature", "properties": { "@osmId": "way/169833986", "@snapshotTimestamp": "2015-01-01T00:00:00Z" }, "geometry": { "type": "LineString", "coordinates": [ [ 83.4702305, 20.6876368 ], [ 83.489527, 20.6841795 ] ] } },
{ "type": "Feature", "properties": { "@osmId": "way/169834003", "@snapshotTimestamp": "2015-01-01T00:00:00Z" }, "geometry": { "type": "LineString", "coordinates": [ [ 83.4845334, 20.7011642 ], [ 83.4844528, 20.6852732 ] ] } },
{ "type": "Feature", "properties": { "@osmId": "way/232864963", "@snapshotTimestamp": "2015-01-01T00:00:00Z" }, "geometry": { "type": "LineString", "coordinates": [ [ 83.0160508, 20.6307346 ], [ 83.1363322, 20.7077532 ] ] } },
{ "type": "Feature", "properties": { "@osmId": "way/232864951", "@snapshotTimestamp": "2015-01-01T00:00:00Z" }, "geometry": { "type": "LineString", "coordinates": [ [ 83.1394319, 20.7069231 ], [ 83.140406, 20.7066916 ] ] } },
{ "type": "Feature", "properties": { "@osmId": "way/22829030", "@snapshotTimestamp": "2015-01-01T00:00:00Z" }, "geometry": { "type": "LineString", "coordinates": [ [ 83.1363322, 20.7077532 ], [ 83.1394319, 20.7069231 ] ] } },
{ "type": "Feature", "properties": { "@osmId": "way/232864956", "@snapshotTimestamp": "2015-01-01T00:00:00Z" }, "geometry": { "type": "LineString", "coordinates": [ [ 83.140406, 20.7066916 ], [ 83.1964062, 20.7133551 ] ] } },
{ "type": "Feature", "properties": { "@osmId": "way/232864953", "@snapshotTimestamp": "2015-01-01T00:00:00Z" }, "geometry": { "type": "LineString", "coordinates": [ [ 83.1964062, 20.7133551 ], [ 83.196826, 20.7133875 ] ] } },
{ "type": "Feature", "properties": { "@osmId": "way/232864959", "@snapshotTimestamp": "2015-01-01T00:00:00Z" }, "geometry": { "type": "LineString", "coordinates": [ [ 83.196826, 20.7133875 ], [ 83.3026039, 20.7193779 ] ] } },
{ "type": "Feature", "properties": { "@osmId": "way/22828993", "@snapshotTimestamp": "2015-01-01T00:00:00Z" }, "geometry": { "type": "LineString", "coordinates": [ [ 83.1363322, 20.7077532 ], [ 83.0425, 20.7768 ], [ 83.035, 20.8601 ], [ 83.0929, 20.9299 ], [ 83.0605349, 21.0015587 ] ] } },
{ "type": "Feature", "properties": { "@osmId": "way/232743983", "@snapshotTimestamp": "2015-01-01T00:00:00Z" }, "geometry": { "type": "LineString", "coordinates": [ [ 82.8498603, 20.9358002 ], [ 82.8490917, 20.9360587 ] ] } },
{ "type": "Feature", "properties": { "@osmId": "way/232744003", "@snapshotTimestamp": "2015-01-01T00:00:00Z" }, "geometry": { "type": "LineString", "coordinates": [ [ 82.9851761, 20.9824824 ], [ 82.8498603, 20.9358002 ] ] } },
{ "type": "Feature", "properties": { "@osmId": "way/232743980", "@snapshotTimestamp": "2015-01-01T00:00:00Z" }, "geometry": { "type": "LineString", "coordinates": [ [ 82.9859226, 20.9824734 ], [ 82.9851761, 20.9824824 ] ] } },
{ "type": "Feature", "properties": { "@osmId": "way/232743987", "@snapshotTimestamp": "2015-01-01T00:00:00Z" }, "geometry": { "type": "LineString", "coordinates": [ [ 82.7202619, 20.8281664 ], [ 82.672316, 20.8262046 ] ] } },
{ "type": "Feature", "properties": { "@osmId": "way/232743989", "@snapshotTimestamp": "2015-01-01T00:00:00Z" }, "geometry": { "type": "LineString", "coordinates": [ [ 82.7212681, 20.8283734 ], [ 82.7202619, 20.8281664 ] ] } },
{ "type": "Feature", "properties": { "@osmId": "way/218081901", "@snapshotTimestamp": "2015-01-01T00:00:00Z" }, "geometry": { "type": "LineString", "coordinates": [ [ 82.5270531, 20.8348916 ], [ 82.5267557, 20.8352844 ] ] } },
{ "type": "Feature", "properties": { "@osmId": "way/232743973", "@snapshotTimestamp": "2015-01-01T00:00:00Z" }, "geometry": { "type": "LineString", "coordinates": [ [ 82.7438275, 20.8459751 ], [ 82.7212681, 20.8283734 ] ] } },
{ "type": "Feature", "properties": { "@osmId": "way/218081906", "@snapshotTimestamp": "2015-01-01T00:00:00Z" }, "geometry": { "type": "LineString", "coordinates": [ [ 82.5267557, 20.8352844 ], [ 82.5163458, 20.8539592 ] ] } },
{ "type": "Feature", "properties": { "@osmId": "way/232743985", "@snapshotTimestamp": "2015-01-01T00:00:00Z" }, "geometry": { "type": "LineString", "coordinates": [ [ 82.7441155, 20.8460294 ], [ 82.7438275, 20.8459751 ] ] } },
{ "type": "Feature", "properties": { "@osmId": "way/240654611", "@snapshotTimestamp": "2015-01-01T00:00:00Z" }, "geometry": { "type": "LineString", "coordinates": [ [ 82.5163458, 20.8539592 ], [ 82.505565467091557, 20.91843072930374 ] ] } },
{ "type": "Feature", "properties": { "@osmId": "way/232744004", "@snapshotTimestamp": "2015-01-01T00:00:00Z" }, "geometry": { "type": "LineString", "coordinates": [ [ 82.8490917, 20.9360587 ], [ 82.8050079, 20.9222642 ], [ 82.7441155, 20.8460294 ] ] } },
{ "type": "Feature", "properties": { "@osmId": "way/229283896", "@snapshotTimestamp": "2015-01-01T00:00:00Z" }, "geometry": { "type": "LineString", "coordinates": [ [ 84.6387076, 19.8824476 ], [ 84.7193739, 19.92317 ] ] } },
{ "type": "Feature", "properties": { "@osmId": "way/229283888", "@snapshotTimestamp": "2015-01-01T00:00:00Z" }, "geometry": { "type": "LineString", "coordinates": [ [ 84.7193739, 19.92317 ], [ 84.7195562, 19.9234215 ] ] } },
{ "type": "Feature", "properties": { "@osmId": "way/229283893", "@snapshotTimestamp": "2015-01-01T00:00:00Z" }, "geometry": { "type": "LineString", "coordinates": [ [ 84.7195562, 19.9234215 ], [ 84.7427299, 19.9469152 ] ] } },
{ "type": "Feature", "properties": { "@osmId": "way/229283889", "@snapshotTimestamp": "2015-01-01T00:00:00Z" }, "geometry": { "type": "LineString", "coordinates": [ [ 84.7427299, 19.9469152 ], [ 84.7429954, 19.9469857 ] ] } },
{ "type": "Feature", "properties": { "@osmId": "way/229283894", "@snapshotTimestamp": "2015-01-01T00:00:00Z" }, "geometry": { "type": "LineString", "coordinates": [ [ 84.7429954, 19.9469857 ], [ 84.7793955, 19.9659053 ] ] } },
{ "type": "Feature", "properties": { "@osmId": "way/229283890", "@snapshotTimestamp": "2015-01-01T00:00:00Z" }, "geometry": { "type": "LineString", "coordinates": [ [ 84.7793955, 19.9659053 ], [ 84.7799755, 19.9651432 ] ] } },
{ "type": "Feature", "properties": { "@osmId": "way/247586343", "@snapshotTimestamp": "2015-01-01T00:00:00Z" }, "geometry": { "type": "LineString", "coordinates": [ [ 84.6956855, 20.1089815 ], [ 84.6957237, 20.1091188 ] ] } },
{ "type": "Feature", "properties": { "@osmId": "way/247586341", "@snapshotTimestamp": "2015-01-01T00:00:00Z" }, "geometry": { "type": "LineString", "coordinates": [ [ 84.6957237, 20.1091188 ], [ 84.7094267, 20.1207621 ] ] } },
{ "type": "Feature", "properties": { "@osmId": "way/229319295", "@snapshotTimestamp": "2015-01-01T00:00:00Z" }, "geometry": { "type": "LineString", "coordinates": [ [ 84.7094267, 20.1207621 ], [ 84.7097095, 20.1211325 ] ] } },
{ "type": "Feature", "properties": { "@osmId": "way/229319309", "@snapshotTimestamp": "2015-01-01T00:00:00Z" }, "geometry": { "type": "LineString", "coordinates": [ [ 84.7097095, 20.1211325 ], [ 84.7115811, 20.1234996 ] ] } },
{ "type": "Feature", "properties": { "@osmId": "way/232597478", "@snapshotTimestamp": "2015-01-01T00:00:00Z" }, "geometry": { "type": "LineString", "coordinates": [ [ 84.5778521, 19.9445799 ], [ 84.5784619, 19.9446202 ] ] } },
{ "type": "Feature", "properties": { "@osmId": "way/232597480", "@snapshotTimestamp": "2015-01-01T00:00:00Z" }, "geometry": { "type": "LineString", "coordinates": [ [ 84.5778521, 19.9445799 ], [ 84.5782892, 19.9454169 ] ] } },
{ "type": "Feature", "properties": { "@osmId": "way/247586347", "@snapshotTimestamp": "2015-01-01T00:00:00Z" }, "geometry": { "type": "LineString", "coordinates": [ [ 84.5927443, 19.9371272 ], [ 84.6290012, 19.9729337 ], [ 84.6271411, 20.0181787 ] ] } },
{ "type": "Feature", "properties": { "@osmId": "way/291308009", "@snapshotTimestamp": "2015-01-01T00:00:00Z" }, "geometry": { "type": "LineString", "coordinates": [ [ 84.5784619, 19.9446202 ], [ 84.4692457, 20.0847968 ] ] } },
{ "type": "Feature", "properties": { "@osmId": "way/229319291", "@snapshotTimestamp": "2015-01-01T00:00:00Z" }, "geometry": { "type": "LineString", "coordinates": [ [ 84.6271411, 20.0181787 ], [ 84.6272634, 20.018911 ] ] } },
{ "type": "Feature", "properties": { "@osmId": "way/259021712", "@snapshotTimestamp": "2015-01-01T00:00:00Z" }, "geometry": { "type": "LineString", "coordinates": [ [ 84.6272634, 20.018911 ], [ 84.6309974, 20.0230177 ] ] } },
{ "type": "Feature", "properties": { "@osmId": "way/259021710", "@snapshotTimestamp": "2015-01-01T00:00:00Z" }, "geometry": { "type": "LineString", "coordinates": [ [ 84.626512, 20.0145481 ], [ 84.6083393, 20.0642966 ] ] } },
{ "type": "Feature", "properties": { "@osmId": "way/229319303", "@snapshotTimestamp": "2015-01-01T00:00:00Z" }, "geometry": { "type": "LineString", "coordinates": [ [ 84.6272634, 20.018911 ], [ 84.6956855, 20.1089815 ] ] } },
{ "type": "Feature", "properties": { "@osmId": "way/259021709", "@snapshotTimestamp": "2015-01-01T00:00:00Z" }, "geometry": { "type": "LineString", "coordinates": [ [ 84.6083393, 20.0642966 ], [ 84.6085054, 20.0647974 ] ] } },
{ "type": "Feature", "properties": { "@osmId": "way/259021706", "@snapshotTimestamp": "2015-01-01T00:00:00Z" }, "geometry": { "type": "LineString", "coordinates": [ [ 84.6085054, 20.0647974 ], [ 84.5923591, 20.0827537 ] ] } },
{ "type": "Feature", "properties": { "@osmId": "way/229319301", "@snapshotTimestamp": "2015-01-01T00:00:00Z" }, "geometry": { "type": "LineString", "coordinates": [ [ 84.7115811, 20.1234996 ], [ 84.711829, 20.1236701 ] ] } },
{ "type": "Feature", "properties": { "@osmId": "way/229319305", "@snapshotTimestamp": "2015-01-01T00:00:00Z" }, "geometry": { "type": "LineString", "coordinates": [ [ 84.711829, 20.1236701 ], [ 84.730904, 20.1352855 ] ] } },
{ "type": "Feature", "properties": { "@osmId": "way/229319297", "@snapshotTimestamp": "2015-01-01T00:00:00Z" }, "geometry": { "type": "LineString", "coordinates": [ [ 84.730904, 20.1352855 ], [ 84.7310506, 20.1353412 ] ] } },
{ "type": "Feature", "properties": { "@osmId": "way/229319285", "@snapshotTimestamp": "2015-01-01T00:00:00Z" }, "geometry": { "type": "LineString", "coordinates": [ [ 84.7310506, 20.1353412 ], [ 84.7363204, 20.1403196 ] ] } },
{ "type": "Feature", "properties": { "@osmId": "way/247586345", "@snapshotTimestamp": "2015-01-01T00:00:00Z" }, "geometry": { "type": "LineString", "coordinates": [ [ 84.7363204, 20.1403196 ], [ 84.7364712, 20.1404956 ] ] } },
{ "type": "Feature", "properties": { "@osmId": "way/247586346", "@snapshotTimestamp": "2015-01-01T00:00:00Z" }, "geometry": { "type": "LineString", "coordinates": [ [ 84.7364712, 20.1404956 ], [ 84.7378524, 20.1421205 ] ] } },
{ "type": "Feature", "properties": { "@osmId": "way/229319294", "@snapshotTimestamp": "2015-01-01T00:00:00Z" }, "geometry": { "type": "LineString", "coordinates": [ [ 84.7378524, 20.1421205 ], [ 84.7380165, 20.1423664 ] ] } },
{ "type": "Feature", "properties": { "@osmId": "way/229319307", "@snapshotTimestamp": "2015-01-01T00:00:00Z" }, "geometry": { "type": "LineString", "coordinates": [ [ 84.7380165, 20.1423664 ], [ 84.7520126, 20.1754617 ] ] } },
{ "type": "Feature", "properties": { "@osmId": "way/229319293", "@snapshotTimestamp": "2015-01-01T00:00:00Z" }, "geometry": { "type": "LineString", "coordinates": [ [ 84.7520126, 20.1754617 ], [ 84.752278, 20.1754158 ] ] } },
{ "type": "Feature", "properties": { "@osmId": "way/229319308", "@snapshotTimestamp": "2015-01-01T00:00:00Z" }, "geometry": { "type": "LineString", "coordinates": [ [ 84.752278, 20.1754158 ], [ 84.7531018, 20.2040013 ] ] } },
{ "type": "Feature", "properties": { "@osmId": "way/229319296", "@snapshotTimestamp": "2015-01-01T00:00:00Z" }, "geometry": { "type": "LineString", "coordinates": [ [ 84.7531018, 20.2040013 ], [ 84.7533708, 20.2041258 ] ] } },
{ "type": "Feature", "properties": { "@osmId": "way/229319289", "@snapshotTimestamp": "2015-01-01T00:00:00Z" }, "geometry": { "type": "LineString", "coordinates": [ [ 84.7533708, 20.2041258 ], [ 84.8079907, 20.2203961 ], [ 84.8176628, 20.2448615 ] ] } },
{ "type": "Feature", "properties": { "@osmId": "way/229319299", "@snapshotTimestamp": "2015-01-01T00:00:00Z" }, "geometry": { "type": "LineString", "coordinates": [ [ 84.8176628, 20.2448615 ], [ 84.8178157, 20.2449748 ] ] } },
{ "type": "Feature", "properties": { "@osmId": "way/229319302", "@snapshotTimestamp": "2015-01-01T00:00:00Z" }, "geometry": { "type": "LineString", "coordinates": [ [ 84.8178157, 20.2449748 ], [ 84.8192232, 20.2503339 ] ] } },
{ "type": "Feature", "properties": { "@osmId": "way/229319298", "@snapshotTimestamp": "2015-01-01T00:00:00Z" }, "geometry": { "type": "LineString", "coordinates": [ [ 84.8192232, 20.2503339 ], [ 84.8193048, 20.2504425 ] ] } },
{ "type": "Feature", "properties": { "@osmId": "way/229319286", "@snapshotTimestamp": "2015-01-01T00:00:00Z" }, "geometry": { "type": "LineString", "coordinates": [ [ 84.8193048, 20.2504425 ], [ 84.8215143, 20.2519229 ] ] } },
{ "type": "Feature", "properties": { "@osmId": "way/229319300", "@snapshotTimestamp": "2015-01-01T00:00:00Z" }, "geometry": { "type": "LineString", "coordinates": [ [ 84.8215143, 20.2519229 ], [ 84.8215523, 20.2521969 ] ] } },
{ "type": "Feature", "properties": { "@osmId": "way/229319306", "@snapshotTimestamp": "2015-01-01T00:00:00Z" }, "geometry": { "type": "LineString", "coordinates": [ [ 84.8215523, 20.2521969 ], [ 84.82254, 20.2735376 ] ] } },
{ "type": "Feature", "properties": { "@osmId": "way/229319292", "@snapshotTimestamp": "2015-01-01T00:00:00Z" }, "geometry": { "type": "LineString", "coordinates": [ [ 84.82254, 20.2735376 ], [ 84.8228371, 20.2740156 ] ] } },
{ "type": "Feature", "properties": { "@osmId": "way/291306800", "@snapshotTimestamp": "2015-01-01T00:00:00Z" }, "geometry": { "type": "LineString", "coordinates": [ [ 84.7504023, 20.3939257 ], [ 84.8545931, 20.3299049 ] ] } },
{ "type": "Feature", "properties": { "@osmId": "way/218284662", "@snapshotTimestamp": "2015-01-01T00:00:00Z" }, "geometry": { "type": "LineString", "coordinates": [ [ 84.8543508, 20.3293703 ], [ 84.934619, 20.3136378 ], [ 85.0085408, 20.1663002 ] ] } },
{ "type": "Feature", "properties": { "@osmId": "way/229319304", "@snapshotTimestamp": "2015-01-01T00:00:00Z" }, "geometry": { "type": "LineString", "coordinates": [ [ 84.8228371, 20.2740156 ], [ 84.8562195, 20.3232994 ] ] } },
{ "type": "Feature", "properties": { "@osmId": "way/218284665", "@snapshotTimestamp": "2015-01-01T00:00:00Z" }, "geometry": { "type": "LineString", "coordinates": [ [ 84.8545931, 20.3299049 ], [ 84.8543508, 20.3293703 ] ] } },
{ "type": "Feature", "properties": { "@osmId": "way/22829012", "@snapshotTimestamp": "2015-01-01T00:00:00Z" }, "geometry": { "type": "LineString", "coordinates": [ [ 84.8473742, 20.3327011 ], [ 84.9906, 20.3578 ] ] } },
{ "type": "Feature", "properties": { "@osmId": "way/237761516", "@snapshotTimestamp": "2015-01-01T00:00:00Z" }, "geometry": { "type": "LineString", "coordinates": [ [ 84.9477044, 20.7015503 ], [ 84.8674096, 20.7228793 ], [ 84.845011, 20.6959066 ], [ 84.8505755, 20.6510545 ], [ 84.7820612, 20.5994017 ] ] } },
{ "type": "Feature", "properties": { "@osmId": "way/237761509", "@snapshotTimestamp": "2015-01-01T00:00:00Z" }, "geometry": { "type": "LineString", "coordinates": [ [ 84.9477456, 20.7016942 ], [ 84.9477044, 20.7015503 ] ] } },
{ "type": "Feature", "properties": { "@osmId": "way/237761518", "@snapshotTimestamp": "2015-01-01T00:00:00Z" }, "geometry": { "type": "LineString", "coordinates": [ [ 84.9483155, 20.7043759 ], [ 84.9477456, 20.7016942 ] ] } },
{ "type": "Feature", "properties": { "@osmId": "way/237761513", "@snapshotTimestamp": "2015-01-01T00:00:00Z" }, "geometry": { "type": "LineString", "coordinates": [ [ 84.9484433, 20.7047589 ], [ 84.9483155, 20.7043759 ] ] } },
{ "type": "Feature", "properties": { "@osmId": "way/237761514", "@snapshotTimestamp": "2015-01-01T00:00:00Z" }, "geometry": { "type": "LineString", "coordinates": [ [ 84.9615527, 20.7137135 ], [ 84.9484433, 20.7047589 ] ] } },
{ "type": "Feature", "properties": { "@osmId": "way/237761511", "@snapshotTimestamp": "2015-01-01T00:00:00Z" }, "geometry": { "type": "LineString", "coordinates": [ [ 84.9619947, 20.713756 ], [ 84.9615527, 20.7137135 ] ] } },
{ "type": "Feature", "properties": { "@osmId": "way/237761519", "@snapshotTimestamp": "2015-01-01T00:00:00Z" }, "geometry": { "type": "LineString", "coordinates": [ [ 84.9668896, 20.7153085 ], [ 84.9619947, 20.713756 ] ] } },
{ "type": "Feature", "properties": { "@osmId": "way/237761508", "@snapshotTimestamp": "2015-01-01T00:00:00Z" }, "geometry": { "type": "LineString", "coordinates": [ [ 84.9670803, 20.7154078 ], [ 84.9668896, 20.7153085 ] ] } },
{ "type": "Feature", "properties": { "@osmId": "way/237761515", "@snapshotTimestamp": "2015-01-01T00:00:00Z" }, "geometry": { "type": "LineString", "coordinates": [ [ 84.9829762, 20.7276651 ], [ 84.9670803, 20.7154078 ] ] } },
{ "type": "Feature", "properties": { "@osmId": "way/237761512", "@snapshotTimestamp": "2015-01-01T00:00:00Z" }, "geometry": { "type": "LineString", "coordinates": [ [ 84.983078, 20.7278536 ], [ 84.9829762, 20.7276651 ] ] } },
{ "type": "Feature", "properties": { "@osmId": "way/237761520", "@snapshotTimestamp": "2015-01-01T00:00:00Z" }, "geometry": { "type": "LineString", "coordinates": [ [ 84.9814724, 20.788136 ], [ 84.983078, 20.7278536 ] ] } },
{ "type": "Feature", "properties": { "@osmId": "way/237761510", "@snapshotTimestamp": "2015-01-01T00:00:00Z" }, "geometry": { "type": "LineString", "coordinates": [ [ 84.9817758, 20.7888166 ], [ 84.9814724, 20.788136 ] ] } },
{ "type": "Feature", "properties": { "@osmId": "way/237761517", "@snapshotTimestamp": "2015-01-01T00:00:00Z" }, "geometry": { "type": "LineString", "coordinates": [ [ 85.0111502, 20.8055414 ], [ 84.9817758, 20.7888166 ] ] } },
{ "type": "Feature", "properties": { "@osmId": "way/219068923", "@snapshotTimestamp": "2015-01-01T00:00:00Z" }, "geometry": { "type": "LineString", "coordinates": [ [ 85.0825858, 20.8302881 ], [ 85.009544, 20.8056422 ], [ 84.9043783, 20.8631052 ] ] } },
{ "type": "Feature", "properties": { "@osmId": "way/219070853", "@snapshotTimestamp": "2015-01-01T00:00:00Z" }, "geometry": { "type": "LineString", "coordinates": [ [ 84.9043783, 20.8631052 ], [ 84.9037766, 20.8634197 ] ] } },
{ "type": "Feature", "properties": { "@osmId": "way/235642402", "@snapshotTimestamp": "2015-01-01T00:00:00Z" }, "geometry": { "type": "LineString", "coordinates": [ [ 84.973726, 20.9504429 ], [ 84.9741131, 20.9503002 ] ] } },
{ "type": "Feature", "properties": { "@osmId": "way/291306801", "@snapshotTimestamp": "2015-01-01T00:00:00Z" }, "geometry": { "type": "LineString", "coordinates": [ [ 84.7499238, 20.39459 ], [ 84.7504023, 20.3939257 ] ] } },
{ "type": "Feature", "properties": { "@osmId": "way/291306802", "@snapshotTimestamp": "2015-01-01T00:00:00Z" }, "geometry": { "type": "LineString", "coordinates": [ [ 84.7232433, 20.4063471 ], [ 84.7499238, 20.39459 ] ] } },
{ "type": "Feature", "properties": { "@osmId": "way/237625717", "@snapshotTimestamp": "2015-01-01T00:00:00Z" }, "geometry": { "type": "LineString", "coordinates": [ [ 84.6886821, 20.8723279 ], [ 84.6886084, 20.8720106 ] ] } },
{ "type": "Feature", "properties": { "@osmId": "way/237625731", "@snapshotTimestamp": "2015-01-01T00:00:00Z" }, "geometry": { "type": "LineString", "coordinates": [ [ 84.7452131, 20.9206156 ], [ 84.6886821, 20.8723279 ] ] } },
{ "type": "Feature", "properties": { "@osmId": "way/237625722", "@snapshotTimestamp": "2015-01-01T00:00:00Z" }, "geometry": { "type": "LineString", "coordinates": [ [ 84.7456047, 20.9208278 ], [ 84.7452131, 20.9206156 ] ] } },
{ "type": "Feature", "properties": { "@osmId": "way/90989969", "@snapshotTimestamp": "2015-01-01T00:00:00Z" }, "geometry": { "type": "LineString", "coordinates": [ [ 84.7491523, 20.9227789 ], [ 84.7456047, 20.9208278 ] ] } },
{ "type": "Feature", "properties": { "@osmId": "way/217808305", "@snapshotTimestamp": "2015-01-01T00:00:00Z" }, "geometry": { "type": "LineString", "coordinates": [ [ 84.8669428, 21.1889618 ], [ 84.8049636, 21.2083486 ], [ 84.7102598, 21.3477684 ], [ 84.662933, 21.3461669 ] ] } },
{ "type": "Feature", "properties": { "@osmId": "way/240640950", "@snapshotTimestamp": "2015-01-01T00:00:00Z" }, "geometry": { "type": "LineString", "coordinates": [ [ 84.6919193, 21.4577237 ], [ 84.6914181, 21.4586365 ] ] } },
{ "type": "Feature", "properties": { "@osmId": "way/240640955", "@snapshotTimestamp": "2015-01-01T00:00:00Z" }, "geometry": { "type": "LineString", "coordinates": [ [ 84.6914181, 21.4586365 ], [ 84.7074499, 21.4772194 ] ] } },
{ "type": "Feature", "properties": { "@osmId": "way/240640954", "@snapshotTimestamp": "2015-01-01T00:00:00Z" }, "geometry": { "type": "LineString", "coordinates": [ [ 84.7074499, 21.4772194 ], [ 84.7183827, 21.4806618 ] ] } },
{ "type": "Feature", "properties": { "@osmId": "way/237625723", "@snapshotTimestamp": "2015-01-01T00:00:00Z" }, "geometry": { "type": "LineString", "coordinates": [ [ 84.549682, 20.7536825 ], [ 84.5496429, 20.7535925 ] ] } },
{ "type": "Feature", "properties": { "@osmId": "way/237625715", "@snapshotTimestamp": "2015-01-01T00:00:00Z" }, "geometry": { "type": "LineString", "coordinates": [ [ 84.4859856, 20.7507484 ], [ 84.4765078, 20.7568213 ] ] } },
{ "type": "Feature", "properties": { "@osmId": "way/237625720", "@snapshotTimestamp": "2015-01-01T00:00:00Z" }, "geometry": { "type": "LineString", "coordinates": [ [ 84.4765078, 20.7568213 ], [ 84.476339, 20.7568542 ] ] } },
{ "type": "Feature", "properties": { "@osmId": "way/237625728", "@snapshotTimestamp": "2015-01-01T00:00:00Z" }, "geometry": { "type": "LineString", "coordinates": [ [ 84.476339, 20.7568542 ], [ 84.4485662, 20.7654082 ] ] } },
{ "type": "Feature", "properties": { "@osmId": "way/237625733", "@snapshotTimestamp": "2015-01-01T00:00:00Z" }, "geometry": { "type": "LineString", "coordinates": [ [ 84.6183722, 20.809175 ], [ 84.56719, 20.7880672 ], [ 84.549682, 20.7536825 ] ] } },
{ "type": "Feature", "properties": { "@osmId": "way/237625716", "@snapshotTimestamp": "2015-01-01T00:00:00Z" }, "geometry": { "type": "LineString", "coordinates": [ [ 84.61898, 20.8093944 ], [ 84.6183722, 20.809175 ] ] } },
{ "type": "Feature", "properties": { "@osmId": "way/237625734", "@snapshotTimestamp": "2015-01-01T00:00:00Z" }, "geometry": { "type": "LineString", "coordinates": [ [ 84.6886084, 20.8720106 ], [ 84.61898, 20.8093944 ] ] } },
{ "type": "Feature", "properties": { "@osmId": "way/219070854", "@snapshotTimestamp": "2015-01-01T00:00:00Z" }, "geometry": { "type": "LineString", "coordinates": [ [ 84.9037766, 20.8634197 ], [ 84.87298, 20.8936556 ], [ 84.4939264, 21.0076165 ], [ 84.4279166, 21.0667623 ], [ 84.3578339, 21.0753724 ] ] } },
{ "type": "Feature", "properties": { "@osmId": "way/274121975", "@snapshotTimestamp": "2015-01-01T00:00:00Z" }, "geometry": { "type": "LineString", "coordinates": [ [ 84.5048523, 21.2277171 ], [ 84.5044093, 21.2273967 ] ] } },
{ "type": "Feature", "properties": { "@osmId": "way/274121974", "@snapshotTimestamp": "2015-01-01T00:00:00Z" }, "geometry": { "type": "LineString", "coordinates": [ [ 84.5441412, 21.2655901 ], [ 84.5048523, 21.2277171 ] ] } },
{ "type": "Feature", "properties": { "@osmId": "way/235642404", "@snapshotTimestamp": "2015-01-01T00:00:00Z" }, "geometry": { "type": "LineString", "coordinates": [ [ 84.9606901, 20.9748176 ], [ 84.973726, 20.9504429 ] ] } },
{ "type": "Feature", "properties": { "@osmId": "way/235642400", "@snapshotTimestamp": "2015-01-01T00:00:00Z" }, "geometry": { "type": "LineString", "coordinates": [ [ 84.9606222, 20.9752583 ], [ 84.9606901, 20.9748176 ] ] } },
{ "type": "Feature", "properties": { "@osmId": "way/235642408", "@snapshotTimestamp": "2015-01-01T00:00:00Z" }, "geometry": { "type": "LineString", "coordinates": [ [ 84.9394854, 21.0055847 ], [ 84.9606222, 20.9752583 ] ] } },
{ "type": "Feature", "properties": { "@osmId": "way/240640948", "@snapshotTimestamp": "2015-01-01T00:00:00Z" }, "geometry": { "type": "LineString", "coordinates": [ [ 85.0322689, 20.9754087 ], [ 84.9394854, 21.0055847 ] ] } },
{ "type": "Feature", "properties": { "@osmId": "way/235642390", "@snapshotTimestamp": "2015-01-01T00:00:00Z" }, "geometry": { "type": "LineString", "coordinates": [ [ 84.9394854, 21.0055847 ], [ 84.8821647, 21.0760974 ] ] } },
{ "type": "Feature", "properties": { "@osmId": "way/290744232", "@snapshotTimestamp": "2015-01-01T00:00:00Z" }, "geometry": { "type": "LineString", "coordinates": [ [ 84.8821647, 21.0760974 ], [ 84.8820894, 21.0764446 ] ] } },
{ "type": "Feature", "properties": { "@osmId": "way/290744235", "@snapshotTimestamp": "2015-01-01T00:00:00Z" }, "geometry": { "type": "LineString", "coordinates": [ [ 84.8820894, 21.0764446 ], [ 84.8621467, 21.1004744 ], [ 84.8858554, 21.169967 ] ] } },
{ "type": "Feature", "properties": { "@osmId": "way/290744233", "@snapshotTimestamp": "2015-01-01T00:00:00Z" }, "geometry": { "type": "LineString", "coordinates": [ [ 84.8858554, 21.169967 ], [ 84.8849748, 21.1715458 ] ] } },
{ "type": "Feature", "properties": { "@osmId": "way/290744234", "@snapshotTimestamp": "2015-01-01T00:00:00Z" }, "geometry": { "type": "LineString", "coordinates": [ [ 84.8849748, 21.1715458 ], [ 84.8669428, 21.1889618 ] ] } },
{ "type": "Feature", "properties": { "@osmId": "way/91003739", "@snapshotTimestamp": "2015-01-01T00:00:00Z" }, "geometry": { "type": "LineString", "coordinates": [ [ 84.8817899, 21.193738 ], [ 84.9215254, 21.2966907 ], [ 85.0214294, 21.2675888 ] ] } },
{ "type": "Feature", "properties": { "@osmId": "way/240640953", "@snapshotTimestamp": "2015-01-01T00:00:00Z" }, "geometry": { "type": "LineString", "coordinates": [ [ 84.7183827, 21.4806618 ], [ 84.7118626, 21.5255804 ] ] } },
{ "type": "Feature", "properties": { "@osmId": "way/240342989", "@snapshotTimestamp": "2015-01-01T00:00:00Z" }, "geometry": { "type": "LineString", "coordinates": [ [ 84.785569, 21.5287597 ], [ 84.8524862, 21.5223999 ] ] } },
{ "type": "Feature", "properties": { "@osmId": "way/295075240", "@snapshotTimestamp": "2015-01-01T00:00:00Z" }, "geometry": { "type": "LineString", "coordinates": [ [ 84.7118626, 21.5255804 ], [ 84.7119011, 21.5260778 ] ] } },
{ "type": "Feature", "properties": { "@osmId": "way/295075241", "@snapshotTimestamp": "2015-01-01T00:00:00Z" }, "geometry": { "type": "LineString", "coordinates": [ [ 84.7119011, 21.5260778 ], [ 84.7124927, 21.5294539 ] ] } },
{ "type": "Feature", "properties": { "@osmId": "way/240342982", "@snapshotTimestamp": "2015-01-01T00:00:00Z" }, "geometry": { "type": "LineString", "coordinates": [ [ 84.7850689, 21.5287303 ], [ 84.785569, 21.5287597 ] ] } },
{ "type": "Feature", "properties": { "@osmId": "way/217808302", "@snapshotTimestamp": "2015-01-01T00:00:00Z" }, "geometry": { "type": "LineString", "coordinates": [ [ 84.7124927, 21.5294539 ], [ 84.7129428, 21.5321959 ] ] } },
{ "type": "Feature", "properties": { "@osmId": "way/160224928", "@snapshotTimestamp": "2015-01-01T00:00:00Z" }, "geometry": { "type": "LineString", "coordinates": [ [ 84.7396273, 21.5285746 ], [ 84.734095, 21.5381035 ] ] } },
{ "type": "Feature", "properties": { "@osmId": "way/76826659", "@snapshotTimestamp": "2015-01-01T00:00:00Z" }, "geometry": { "type": "LineString", "coordinates": [ [ 84.7129428, 21.5321959 ], [ 84.7850689, 21.5287303 ] ] } },
{ "type": "Feature", "properties": { "@osmId": "way/160224965", "@snapshotTimestamp": "2015-01-01T00:00:00Z" }, "geometry": { "type": "LineString", "coordinates": [ [ 84.7055204, 21.5377069 ], [ 84.7217914, 21.5333696 ] ] } },
{ "type": "Feature", "properties": { "@osmId": "way/160224931", "@snapshotTimestamp": "2015-01-01T00:00:00Z" }, "geometry": { "type": "LineString", "coordinates": [ [ 84.7331237, 21.5382431 ], [ 84.7217914, 21.5333696 ] ] } },
{ "type": "Feature", "properties": { "@osmId": "way/232743986", "@snapshotTimestamp": "2015-01-01T00:00:00Z" }, "geometry": { "type": "LineString", "coordinates": [ [ 83.051723, 20.9923101 ], [ 82.9859226, 20.9824734 ] ] } },
{ "type": "Feature", "properties": { "@osmId": "way/232743984", "@snapshotTimestamp": "2015-01-01T00:00:00Z" }, "geometry": { "type": "LineString", "coordinates": [ [ 83.0517805, 20.9925634 ], [ 83.051723, 20.9923101 ] ] } },
{ "type": "Feature", "properties": { "@osmId": "way/232743995", "@snapshotTimestamp": "2015-01-01T00:00:00Z" }, "geometry": { "type": "LineString", "coordinates": [ [ 83.1031781, 21.0156585 ], [ 83.0517805, 20.9925634 ] ] } },
{ "type": "Feature", "properties": { "@osmId": "way/232743990", "@snapshotTimestamp": "2015-01-01T00:00:00Z" }, "geometry": { "type": "LineString", "coordinates": [ [ 83.1042855, 21.0167704 ], [ 83.1031781, 21.0156585 ] ] } },
{ "type": "Feature", "properties": { "@osmId": "way/232743974", "@snapshotTimestamp": "2015-01-01T00:00:00Z" }, "geometry": { "type": "LineString", "coordinates": [ [ 83.1408795, 21.0445003 ], [ 83.1042855, 21.0167704 ] ] } },
{ "type": "Feature", "properties": { "@osmId": "way/22829008", "@snapshotTimestamp": "2015-01-01T00:00:00Z" }, "geometry": { "type": "LineString", "coordinates": [ [ 83.0605349, 21.0015587 ], [ 83.0312, 21.0655 ] ] } },
{ "type": "Feature", "properties": { "@osmId": "way/232743975", "@snapshotTimestamp": "2015-01-01T00:00:00Z" }, "geometry": { "type": "LineString", "coordinates": [ [ 83.1412771, 21.0444736 ], [ 83.1408795, 21.0445003 ] ] } },
{ "type": "Feature", "properties": { "@osmId": "way/232743988", "@snapshotTimestamp": "2015-01-01T00:00:00Z" }, "geometry": { "type": "LineString", "coordinates": [ [ 83.2063782, 21.0731359 ], [ 83.1412771, 21.0444736 ] ] } },
{ "type": "Feature", "properties": { "@osmId": "way/232743978", "@snapshotTimestamp": "2015-01-01T00:00:00Z" }, "geometry": { "type": "LineString", "coordinates": [ [ 83.2065385, 21.0732272 ], [ 83.2063782, 21.0731359 ] ] } },
{ "type": "Feature", "properties": { "@osmId": "way/232743972", "@snapshotTimestamp": "2015-01-01T00:00:00Z" }, "geometry": { "type": "LineString", "coordinates": [ [ 83.2382938, 21.0850752 ], [ 83.2065385, 21.0732272 ] ] } },
{ "type": "Feature", "properties": { "@osmId": "way/232743977", "@snapshotTimestamp": "2015-01-01T00:00:00Z" }, "geometry": { "type": "LineString", "coordinates": [ [ 83.2386011, 21.0852293 ], [ 83.2382938, 21.0850752 ] ] } },
{ "type": "Feature", "properties": { "@osmId": "way/232743992", "@snapshotTimestamp": "2015-01-01T00:00:00Z" }, "geometry": { "type": "LineString", "coordinates": [ [ 83.2553712, 21.1395161 ], [ 83.2386011, 21.0852293 ] ] } },
{ "type": "Feature", "properties": { "@osmId": "way/263079734", "@snapshotTimestamp": "2015-01-01T00:00:00Z" }, "geometry": { "type": "LineString", "coordinates": [ [ 83.0272393, 21.1018975 ], [ 83.028772643151683, 21.135181227021839 ] ] } },
{ "type": "Feature", "properties": { "@osmId": "way/232743979", "@snapshotTimestamp": "2015-01-01T00:00:00Z" }, "geometry": { "type": "LineString", "coordinates": [ [ 83.2554648, 21.1397816 ], [ 83.2553712, 21.1395161 ] ] } },
{ "type": "Feature", "properties": { "@osmId": "way/232743991", "@snapshotTimestamp": "2015-01-01T00:00:00Z" }, "geometry": { "type": "LineString", "coordinates": [ [ 83.2913995, 21.1951326 ], [ 83.2554648, 21.1397816 ] ] } },
{ "type": "Feature", "properties": { "@osmId": "way/232743982", "@snapshotTimestamp": "2015-01-01T00:00:00Z" }, "geometry": { "type": "LineString", "coordinates": [ [ 83.2916219, 21.1952635 ], [ 83.2913995, 21.1951326 ] ] } },
{ "type": "Feature", "properties": { "@osmId": "way/232744002", "@snapshotTimestamp": "2015-01-01T00:00:00Z" }, "geometry": { "type": "LineString", "coordinates": [ [ 83.2982457, 21.1988086 ], [ 83.2916219, 21.1952635 ] ] } },
{ "type": "Feature", "properties": { "@osmId": "way/232743981", "@snapshotTimestamp": "2015-01-01T00:00:00Z" }, "geometry": { "type": "LineString", "coordinates": [ [ 83.2988158, 21.1988244 ], [ 83.2982457, 21.1988086 ] ] } },
{ "type": "Feature", "properties": { "@osmId": "way/217485704", "@snapshotTimestamp": "2015-01-01T00:00:00Z" }, "geometry": { "type": "LineString", "coordinates": [ [ 83.407311, 21.3029018 ], [ 83.4080296, 21.3031393 ] ] } },
{ "type": "Feature", "properties": { "@osmId": "way/240639318", "@snapshotTimestamp": "2015-01-01T00:00:00Z" }, "geometry": { "type": "LineString", "coordinates": [ [ 83.262181028171355, 21.307775615461853 ], [ 83.407311, 21.3029018 ] ] } },
{ "type": "Feature", "properties": { "@osmId": "way/217485703", "@snapshotTimestamp": "2015-01-01T00:00:00Z" }, "geometry": { "type": "LineString", "coordinates": [ [ 83.4080296, 21.3031393 ], [ 83.5669918, 21.3397416 ] ] } },
{ "type": "Feature", "properties": { "@osmId": "way/22829038", "@snapshotTimestamp": "2015-01-01T00:00:00Z" }, "geometry": { "type": "LineString", "coordinates": [ [ 83.604078, 21.3309155 ], [ 83.6071162, 21.3307121 ] ] } },
{ "type": "Feature", "properties": { "@osmId": "way/136160595", "@snapshotTimestamp": "2015-01-01T00:00:00Z" }, "geometry": { "type": "LineString", "coordinates": [ [ 83.6071162, 21.3307121 ], [ 83.6097738, 21.3319105 ] ] } },
{ "type": "Feature", "properties": { "@osmId": "way/136160594", "@snapshotTimestamp": "2015-01-01T00:00:00Z" }, "geometry": { "type": "LineString", "coordinates": [ [ 83.6097738, 21.3319105 ], [ 83.6146478, 21.3330827 ] ] } },
{ "type": "Feature", "properties": { "@osmId": "way/216156538", "@snapshotTimestamp": "2015-01-01T00:00:00Z" }, "geometry": { "type": "LineString", "coordinates": [ [ 83.5907909, 21.3379049 ], [ 83.6002965, 21.3405541 ] ] } },
{ "type": "Feature", "properties": { "@osmId": "way/240633863", "@snapshotTimestamp": "2015-01-01T00:00:00Z" }, "geometry": { "type": "LineString", "coordinates": [ [ 83.5669918, 21.3397416 ], [ 83.5675881, 21.3400227 ] ] } },
{ "type": "Feature", "properties": { "@osmId": "way/240633861", "@snapshotTimestamp": "2015-01-01T00:00:00Z" }, "geometry": { "type": "LineString", "coordinates": [ [ 83.5675881, 21.3400227 ], [ 83.5907909, 21.3379049 ] ] } },
{ "type": "Feature", "properties": { "@osmId": "way/217485710", "@snapshotTimestamp": "2015-01-01T00:00:00Z" }, "geometry": { "type": "LineString", "coordinates": [ [ 83.6002965, 21.3405541 ], [ 83.6029317, 21.3411114 ] ] } },
{ "type": "Feature", "properties": { "@osmId": "way/168244378", "@snapshotTimestamp": "2015-01-01T00:00:00Z" }, "geometry": { "type": "LineString", "coordinates": [ [ 85.0853945, 19.5068821 ], [ 85.0858502, 19.5066301 ] ] } },
{ "type": "Feature", "properties": { "@osmId": "way/86125228", "@snapshotTimestamp": "2015-01-01T00:00:00Z" }, "geometry": { "type": "LineString", "coordinates": [ [ 85.0898942, 19.5386545 ], [ 85.0882, 19.5035368 ] ] } },
{ "type": "Feature", "properties": { "@osmId": "way/86125195", "@snapshotTimestamp": "2015-01-01T00:00:00Z" }, "geometry": { "type": "LineString", "coordinates": [ [ 85.0898942, 19.5386545 ], [ 85.0853945, 19.5068821 ] ] } },
{ "type": "Feature", "properties": { "@osmId": "way/238744361", "@snapshotTimestamp": "2015-01-01T00:00:00Z" }, "geometry": { "type": "LineString", "coordinates": [ [ 85.0853999, 19.5066855 ], [ 85.1141117, 19.6034934 ] ] } },
{ "type": "Feature", "properties": { "@osmId": "way/292510727", "@snapshotTimestamp": "2015-01-01T00:00:00Z" }, "geometry": { "type": "LineString", "coordinates": [ [ 85.1169842, 19.6041453 ], [ 85.0898942, 19.5386545 ] ] } },
{ "type": "Feature", "properties": { "@osmId": "way/86133552", "@snapshotTimestamp": "2015-01-01T00:00:00Z" }, "geometry": { "type": "LineString", "coordinates": [ [ 85.2237852, 19.5246451 ], [ 85.2620853, 19.6352328 ] ] } },
{ "type": "Feature", "properties": { "@osmId": "way/86128182", "@snapshotTimestamp": "2015-01-01T00:00:00Z" }, "geometry": { "type": "LineString", "coordinates": [ [ 85.0678556, 19.6041809 ], [ 85.0907485, 19.5573819 ] ] } },
{ "type": "Feature", "properties": { "@osmId": "way/22830800", "@snapshotTimestamp": "2015-01-01T00:00:00Z" }, "geometry": { "type": "LineString", "coordinates": [ [ 85.1161387, 19.6023552 ], [ 85.1143195, 19.6034771 ] ] } },
{ "type": "Feature", "properties": { "@osmId": "way/229502657", "@snapshotTimestamp": "2015-01-01T00:00:00Z" }, "geometry": { "type": "LineString", "coordinates": [ [ 85.1143195, 19.6034771 ], [ 85.1142021, 19.6035762 ] ] } },
{ "type": "Feature", "properties": { "@osmId": "way/229502650", "@snapshotTimestamp": "2015-01-01T00:00:00Z" }, "geometry": { "type": "LineString", "coordinates": [ [ 85.1141117, 19.6034934 ], [ 85.1143518, 19.60358 ] ] } },
{ "type": "Feature", "properties": { "@osmId": "way/229502651", "@snapshotTimestamp": "2015-01-01T00:00:00Z" }, "geometry": { "type": "LineString", "coordinates": [ [ 85.1143518, 19.60358 ], [ 85.1164211, 19.6047764 ] ] } },
{ "type": "Feature", "properties": { "@osmId": "way/292510724", "@snapshotTimestamp": "2015-01-01T00:00:00Z" }, "geometry": { "type": "LineString", "coordinates": [ [ 85.1173161, 19.6049533 ], [ 85.1169842, 19.6041453 ] ] } },
{ "type": "Feature", "properties": { "@osmId": "way/292510725", "@snapshotTimestamp": "2015-01-01T00:00:00Z" }, "geometry": { "type": "LineString", "coordinates": [ [ 85.1164211, 19.6047764 ], [ 85.1168436, 19.6051752 ] ] } },
{ "type": "Feature", "properties": { "@osmId": "way/229502660", "@snapshotTimestamp": "2015-01-01T00:00:00Z" }, "geometry": { "type": "LineString", "coordinates": [ [ 85.1142021, 19.6035762 ], [ 84.9631373, 19.6197611 ] ] } },
{ "type": "Feature", "properties": { "@osmId": "way/291958565", "@snapshotTimestamp": "2015-01-01T00:00:00Z" }, "geometry": { "type": "LineString", "coordinates": [ [ 85.1399617, 19.6379474 ], [ 85.1173161, 19.6049533 ] ] } },
{ "type": "Feature", "properties": { "@osmId": "way/292510726", "@snapshotTimestamp": "2015-01-01T00:00:00Z" }, "geometry": { "type": "LineString", "coordinates": [ [ 85.1168436, 19.6051752 ], [ 85.1398575, 19.6380293 ] ] } },
{ "type": "Feature", "properties": { "@osmId": "way/86133549", "@snapshotTimestamp": "2015-01-01T00:00:00Z" }, "geometry": { "type": "LineString", "coordinates": [ [ 85.3425346, 19.6233951 ], [ 85.261645, 19.6382536 ] ] } },
{ "type": "Feature", "properties": { "@osmId": "way/291958570", "@snapshotTimestamp": "2015-01-01T00:00:00Z" }, "geometry": { "type": "LineString", "coordinates": [ [ 85.1403478, 19.6384187 ], [ 85.1399617, 19.6379474 ] ] } },
{ "type": "Feature", "properties": { "@osmId": "way/291958569", "@snapshotTimestamp": "2015-01-01T00:00:00Z" }, "geometry": { "type": "LineString", "coordinates": [ [ 85.1398575, 19.6380293 ], [ 85.1402497, 19.6385105 ] ] } },
{ "type": "Feature", "properties": { "@osmId": "way/218593904", "@snapshotTimestamp": "2015-01-01T00:00:00Z" }, "geometry": { "type": "LineString", "coordinates": [ [ 85.1800674, 19.7005358 ], [ 85.1403478, 19.6384187 ] ] } },
{ "type": "Feature", "properties": { "@osmId": "way/291958571", "@snapshotTimestamp": "2015-01-01T00:00:00Z" }, "geometry": { "type": "LineString", "coordinates": [ [ 85.1402497, 19.6385105 ], [ 85.1800674, 19.7005358 ] ] } },
{ "type": "Feature", "properties": { "@osmId": "way/90646321", "@snapshotTimestamp": "2015-01-01T00:00:00Z" }, "geometry": { "type": "LineString", "coordinates": [ [ 85.1800791, 19.7009817 ], [ 85.1800674, 19.7005358 ] ] } },
{ "type": "Feature", "properties": { "@osmId": "way/289993023", "@snapshotTimestamp": "2015-01-01T00:00:00Z" }, "geometry": { "type": "LineString", "coordinates": [ [ 85.1848073, 19.7110833 ], [ 85.184848, 19.7111126 ] ] } },
{ "type": "Feature", "properties": { "@osmId": "way/289980642", "@snapshotTimestamp": "2015-01-01T00:00:00Z" }, "geometry": { "type": "LineString", "coordinates": [ [ 85.1896892, 19.7152537 ], [ 85.1896715, 19.7152404 ] ] } },
{ "type": "Feature", "properties": { "@osmId": "way/289987763", "@snapshotTimestamp": "2015-01-01T00:00:00Z" }, "geometry": { "type": "LineString", "coordinates": [ [ 85.1950041, 19.7263269 ], [ 85.2000541, 19.7247465 ] ] } },
{ "type": "Feature", "properties": { "@osmId": "way/90646336", "@snapshotTimestamp": "2015-01-01T00:00:00Z" }, "geometry": { "type": "LineString", "coordinates": [ [ 85.1800791, 19.7009817 ], [ 85.1927198, 19.7594294 ] ] } },
{ "type": "Feature", "properties": { "@osmId": "way/290474229", "@snapshotTimestamp": "2015-01-01T00:00:00Z" }, "geometry": { "type": "LineString", "coordinates": [ [ 85.205699, 19.7459576 ], [ 85.207273, 19.7451286 ] ] } },
{ "type": "Feature", "properties": { "@osmId": "way/86125189", "@snapshotTimestamp": "2015-01-01T00:00:00Z" }, "geometry": { "type": "LineString", "coordinates": [ [ 85.2066121, 19.7476708 ], [ 85.2121279, 19.7438656 ] ] } },
{ "type": "Feature", "properties": { "@osmId": "way/90646354", "@snapshotTimestamp": "2015-01-01T00:00:00Z" }, "geometry": { "type": "LineString", "coordinates": [ [ 85.268341, 19.818178 ], [ 85.1800791, 19.7009817 ] ] } },
{ "type": "Feature", "properties": { "@osmId": "way/291958587", "@snapshotTimestamp": "2015-01-01T00:00:00Z" }, "geometry": { "type": "LineString", "coordinates": [ [ 85.1697839, 19.7800413 ], [ 85.177512, 19.7918192 ] ] } },
{ "type": "Feature", "properties": { "@osmId": "way/86133547", "@snapshotTimestamp": "2015-01-01T00:00:00Z" }, "geometry": { "type": "LineString", "coordinates": [ [ 85.3425346, 19.6233951 ], [ 85.4032056, 19.6795985 ] ] } },
{ "type": "Feature", "properties": { "@osmId": "way/219118257", "@snapshotTimestamp": "2015-01-01T00:00:00Z" }, "geometry": { "type": "LineString", "coordinates": [ [ 85.4433982, 19.6671744 ], [ 85.4379528, 19.6663888 ] ] } },
{ "type": "Feature", "properties": { "@osmId": "way/219118256", "@snapshotTimestamp": "2015-01-01T00:00:00Z" }, "geometry": { "type": "LineString", "coordinates": [ [ 85.5066468, 19.704621 ], [ 85.4433982, 19.6671744 ] ] } },
{ "type": "Feature", "properties": { "@osmId": "way/219118258", "@snapshotTimestamp": "2015-01-01T00:00:00Z" }, "geometry": { "type": "LineString", "coordinates": [ [ 85.5073352, 19.7053291 ], [ 85.5066468, 19.704621 ] ] } },
{ "type": "Feature", "properties": { "@osmId": "way/90633281", "@snapshotTimestamp": "2015-01-01T00:00:00Z" }, "geometry": { "type": "LineString", "coordinates": [ [ 85.7094401, 19.8046498 ], [ 85.610146, 19.7860125 ], [ 85.5073352, 19.7053291 ] ] } },
{ "type": "Feature", "properties": { "@osmId": "way/305234206", "@snapshotTimestamp": "2015-01-01T00:00:00Z" }, "geometry": { "type": "LineString", "coordinates": [ [ 85.6685148, 19.7988117 ], [ 85.6683935, 19.7985802 ] ] } },
{ "type": "Feature", "properties": { "@osmId": "way/111810115", "@snapshotTimestamp": "2015-01-01T00:00:00Z" }, "geometry": { "type": "LineString", "coordinates": [ [ 85.8065354, 19.8142053 ], [ 85.7094401, 19.8046498 ] ] } },
{ "type": "Feature", "properties": { "@osmId": "way/218571910", "@snapshotTimestamp": "2015-01-01T00:00:00Z" }, "geometry": { "type": "LineString", "coordinates": [ [ 85.3721011, 19.9060088 ], [ 85.3716685, 19.9057299 ] ] } },
{ "type": "Feature", "properties": { "@osmId": "way/218571909", "@snapshotTimestamp": "2015-01-01T00:00:00Z" }, "geometry": { "type": "LineString", "coordinates": [ [ 85.3716277, 19.9058327 ], [ 85.3719918, 19.9060683 ] ] } },
{ "type": "Feature", "properties": { "@osmId": "way/229145686", "@snapshotTimestamp": "2015-01-01T00:00:00Z" }, "geometry": { "type": "LineString", "coordinates": [ [ 85.8113225, 19.8954956 ], [ 85.6215484, 19.9703888 ] ] } },
{ "type": "Feature", "properties": { "@osmId": "way/90630376", "@snapshotTimestamp": "2015-01-01T00:00:00Z" }, "geometry": { "type": "LineString", "coordinates": [ [ 85.8316706, 19.7999584 ], [ 85.8313724, 19.8133846 ] ] } },
{ "type": "Feature", "properties": { "@osmId": "way/40014603", "@snapshotTimestamp": "2015-01-01T00:00:00Z" }, "geometry": { "type": "LineString", "coordinates": [ [ 85.8193271, 19.804648 ], [ 85.8313724, 19.8133846 ] ] } },
{ "type": "Feature", "properties": { "@osmId": "way/111810116", "@snapshotTimestamp": "2015-01-01T00:00:00Z" }, "geometry": { "type": "LineString", "coordinates": [ [ 85.8071691, 19.8136358 ], [ 85.8065354, 19.8142053 ] ] } },
{ "type": "Feature", "properties": { "@osmId": "way/90633265", "@snapshotTimestamp": "2015-01-01T00:00:00Z" }, "geometry": { "type": "LineString", "coordinates": [ [ 85.8303866, 19.8177296 ], [ 85.8071691, 19.8136358 ] ] } },
{ "type": "Feature", "properties": { "@osmId": "way/90630342", "@snapshotTimestamp": "2015-01-01T00:00:00Z" }, "geometry": { "type": "LineString", "coordinates": [ [ 85.8303866, 19.8177296 ], [ 85.8313724, 19.8133846 ] ] } },
{ "type": "Feature", "properties": { "@osmId": "way/64737404", "@snapshotTimestamp": "2015-01-01T00:00:00Z" }, "geometry": { "type": "LineString", "coordinates": [ [ 85.8313724, 19.8133846 ], [ 85.8400493, 19.818034 ] ] } },
{ "type": "Feature", "properties": { "@osmId": "way/64737402", "@snapshotTimestamp": "2015-01-01T00:00:00Z" }, "geometry": { "type": "LineString", "coordinates": [ [ 85.8326255, 19.8194031 ], [ 85.8303866, 19.8177296 ] ] } },
{ "type": "Feature", "properties": { "@osmId": "way/44949317", "@snapshotTimestamp": "2015-01-01T00:00:00Z" }, "geometry": { "type": "LineString", "coordinates": [ [ 85.8326255, 19.8194031 ], [ 85.8400493, 19.818034 ] ] } },
{ "type": "Feature", "properties": { "@osmId": "way/219113471", "@snapshotTimestamp": "2015-01-01T00:00:00Z" }, "geometry": { "type": "LineString", "coordinates": [ [ 85.8368033, 19.8383581 ], [ 85.8326255, 19.8194031 ] ] } },
{ "type": "Feature", "properties": { "@osmId": "way/219116710", "@snapshotTimestamp": "2015-01-01T00:00:00Z" }, "geometry": { "type": "LineString", "coordinates": [ [ 85.8260822, 19.8694208 ], [ 85.8368033, 19.8383581 ] ] } },
{ "type": "Feature", "properties": { "@osmId": "way/219116703", "@snapshotTimestamp": "2015-01-01T00:00:00Z" }, "geometry": { "type": "LineString", "coordinates": [ [ 85.8256715, 19.8696122 ], [ 85.8260822, 19.8694208 ] ] } },
{ "type": "Feature", "properties": { "@osmId": "way/219116709", "@snapshotTimestamp": "2015-01-01T00:00:00Z" }, "geometry": { "type": "LineString", "coordinates": [ [ 85.8169874, 19.8899593 ], [ 85.8256715, 19.8696122 ] ] } },
{ "type": "Feature", "properties": { "@osmId": "way/219116698", "@snapshotTimestamp": "2015-01-01T00:00:00Z" }, "geometry": { "type": "LineString", "coordinates": [ [ 85.8167297, 19.8909138 ], [ 85.8169874, 19.8899593 ] ] } },
{ "type": "Feature", "properties": { "@osmId": "way/219116713", "@snapshotTimestamp": "2015-01-01T00:00:00Z" }, "geometry": { "type": "LineString", "coordinates": [ [ 85.8251507, 19.9504177 ], [ 85.8167297, 19.8909138 ] ] } },
{ "type": "Feature", "properties": { "@osmId": "way/219116700", "@snapshotTimestamp": "2015-01-01T00:00:00Z" }, "geometry": { "type": "LineString", "coordinates": [ [ 85.82538, 19.9507888 ], [ 85.8251507, 19.9504177 ] ] } },
{ "type": "Feature", "properties": { "@osmId": "way/219116712", "@snapshotTimestamp": "2015-01-01T00:00:00Z" }, "geometry": { "type": "LineString", "coordinates": [ [ 85.8250585, 19.9836263 ], [ 85.82538, 19.9507888 ] ] } },
{ "type": "Feature", "properties": { "@osmId": "way/219116701", "@snapshotTimestamp": "2015-01-01T00:00:00Z" }, "geometry": { "type": "LineString", "coordinates": [ [ 85.8250377, 19.9838206 ], [ 85.8250585, 19.9836263 ] ] } },
{ "type": "Feature", "properties": { "@osmId": "way/219116688", "@snapshotTimestamp": "2015-01-01T00:00:00Z" }, "geometry": { "type": "LineString", "coordinates": [ [ 85.822705, 19.9958949 ], [ 85.8250377, 19.9838206 ] ] } },
{ "type": "Feature", "properties": { "@osmId": "way/219116705", "@snapshotTimestamp": "2015-01-01T00:00:00Z" }, "geometry": { "type": "LineString", "coordinates": [ [ 85.8225906, 19.9960994 ], [ 85.822705, 19.9958949 ] ] } },
{ "type": "Feature", "properties": { "@osmId": "way/219116707", "@snapshotTimestamp": "2015-01-01T00:00:00Z" }, "geometry": { "type": "LineString", "coordinates": [ [ 85.8221848, 19.997025 ], [ 85.8225906, 19.9960994 ] ] } },
{ "type": "Feature", "properties": { "@osmId": "way/90646300", "@snapshotTimestamp": "2015-01-01T00:00:00Z" }, "geometry": { "type": "LineString", "coordinates": [ [ 85.1927198, 19.7594294 ], [ 85.268341, 19.818178 ] ] } },
{ "type": "Feature", "properties": { "@osmId": "way/90646271", "@snapshotTimestamp": "2015-01-01T00:00:00Z" }, "geometry": { "type": "LineString", "coordinates": [ [ 85.1674951, 19.796897 ], [ 85.177512, 19.7918192 ] ] } },
{ "type": "Feature", "properties": { "@osmId": "way/218572656", "@snapshotTimestamp": "2015-01-01T00:00:00Z" }, "geometry": { "type": "LineString", "coordinates": [ [ 85.2716738, 19.8226532 ], [ 85.268341, 19.818178 ] ] } },
{ "type": "Feature", "properties": { "@osmId": "way/218571906", "@snapshotTimestamp": "2015-01-01T00:00:00Z" }, "geometry": { "type": "LineString", "coordinates": [ [ 85.3716685, 19.9057299 ], [ 85.2716738, 19.8226532 ] ] } },
{ "type": "Feature", "properties": { "@osmId": "way/26755563", "@snapshotTimestamp": "2015-01-01T00:00:00Z" }, "geometry": { "type": "LineString", "coordinates": [ [ 85.2716738, 19.8226532 ], [ 85.3716277, 19.9058327 ] ] } },
{ "type": "Feature", "properties": { "@osmId": "way/218558337", "@snapshotTimestamp": "2015-01-01T00:00:00Z" }, "geometry": { "type": "LineString", "coordinates": [ [ 85.4062562, 19.9475026 ], [ 85.3778282, 19.9927359 ], [ 85.2357826, 20.0761147 ] ] } },
{ "type": "Feature", "properties": { "@osmId": "way/22828799", "@snapshotTimestamp": "2015-01-01T00:00:00Z" }, "geometry": { "type": "LineString", "coordinates": [ [ 85.0021672, 20.0016266 ], [ 85.0742524, 20.0225851 ] ] } },
{ "type": "Feature", "properties": { "@osmId": "way/22828798", "@snapshotTimestamp": "2015-01-01T00:00:00Z" }, "geometry": { "type": "LineString", "coordinates": [ [ 85.0742524, 20.0225851 ], [ 85.1042027, 20.1270498 ] ] } },
{ "type": "Feature", "properties": { "@osmId": "way/22828373", "@snapshotTimestamp": "2015-01-01T00:00:00Z" }, "geometry": { "type": "LineString", "coordinates": [ [ 85.2357826, 20.0761147 ], [ 85.1954017, 20.0779994 ], [ 85.1495264, 20.138103 ] ] } },
{ "type": "Feature", "properties": { "@osmId": "way/218284658", "@snapshotTimestamp": "2015-01-01T00:00:00Z" }, "geometry": { "type": "LineString", "coordinates": [ [ 85.0079848, 20.1650117 ], [ 85.1018069, 20.1269304 ], [ 85.1769422, 20.1507614 ] ] } },
{ "type": "Feature", "properties": { "@osmId": "way/22828405", "@snapshotTimestamp": "2015-01-01T00:00:00Z" }, "geometry": { "type": "LineString", "coordinates": [ [ 85.4070003, 19.9457081 ], [ 85.4063904, 19.9471901 ] ] } },
{ "type": "Feature", "properties": { "@osmId": "way/218558328", "@snapshotTimestamp": "2015-01-01T00:00:00Z" }, "geometry": { "type": "LineString", "coordinates": [ [ 85.4063904, 19.9471901 ], [ 85.4062562, 19.9475026 ] ] } },
{ "type": "Feature", "properties": { "@osmId": "way/218557127", "@snapshotTimestamp": "2015-01-01T00:00:00Z" }, "geometry": { "type": "LineString", "coordinates": [ [ 85.5126211, 20.0269339 ], [ 85.3721011, 19.9060088 ] ] } },
{ "type": "Feature", "properties": { "@osmId": "way/218571911", "@snapshotTimestamp": "2015-01-01T00:00:00Z" }, "geometry": { "type": "LineString", "coordinates": [ [ 85.3719918, 19.9060683 ], [ 85.5124324, 20.0271353 ] ] } },
{ "type": "Feature", "properties": { "@osmId": "way/314064333", "@snapshotTimestamp": "2015-01-01T00:00:00Z" }, "geometry": { "type": "LineString", "coordinates": [ [ 85.6215484, 19.9703888 ], [ 85.6210093, 19.9705561 ] ] } },
{ "type": "Feature", "properties": { "@osmId": "way/314064334", "@snapshotTimestamp": "2015-01-01T00:00:00Z" }, "geometry": { "type": "LineString", "coordinates": [ [ 85.6210093, 19.9705561 ], [ 85.6172361, 19.9716406 ] ] } },
{ "type": "Feature", "properties": { "@osmId": "way/314064332", "@snapshotTimestamp": "2015-01-01T00:00:00Z" }, "geometry": { "type": "LineString", "coordinates": [ [ 85.6172361, 19.9716406 ], [ 85.6164449, 19.9718891 ] ] } },
{ "type": "Feature", "properties": { "@osmId": "way/314064335", "@snapshotTimestamp": "2015-01-01T00:00:00Z" }, "geometry": { "type": "LineString", "coordinates": [ [ 85.6164449, 19.9718891 ], [ 85.5299759, 20.0027731 ] ] } },
{ "type": "Feature", "properties": { "@osmId": "way/218557128", "@snapshotTimestamp": "2015-01-01T00:00:00Z" }, "geometry": { "type": "LineString", "coordinates": [ [ 85.5135075, 20.0278085 ], [ 85.5126211, 20.0269339 ] ] } },
{ "type": "Feature", "properties": { "@osmId": "way/218557129", "@snapshotTimestamp": "2015-01-01T00:00:00Z" }, "geometry": { "type": "LineString", "coordinates": [ [ 85.5124324, 20.0271353 ], [ 85.5132898, 20.027959 ] ] } },
{ "type": "Feature", "properties": { "@osmId": "way/219116699", "@snapshotTimestamp": "2015-01-01T00:00:00Z" }, "geometry": { "type": "LineString", "coordinates": [ [ 85.8220584, 19.9973097 ], [ 85.8221848, 19.997025 ] ] } },
{ "type": "Feature", "properties": { "@osmId": "way/302134012", "@snapshotTimestamp": "2015-01-01T00:00:00Z" }, "geometry": { "type": "LineString", "coordinates": [ [ 85.8320115, 20.0727472 ], [ 85.8220584, 19.9973097 ] ] } },
{ "type": "Feature", "properties": { "@osmId": "way/277014046", "@snapshotTimestamp": "2015-01-01T00:00:00Z" }, "geometry": { "type": "LineString", "coordinates": [ [ 85.8320115, 20.0727472 ], [ 85.8386778, 20.1326839 ] ] } },
{ "type": "Feature", "properties": { "@osmId": "way/40019130", "@snapshotTimestamp": "2015-01-01T00:00:00Z" }, "geometry": { "type": "LineString", "coordinates": [ [ 85.833178, 20.1149167 ], [ 85.828502, 20.1161675 ] ] } },
{ "type": "Feature", "properties": { "@osmId": "way/236074202", "@snapshotTimestamp": "2015-01-01T00:00:00Z" }, "geometry": { "type": "LineString", "coordinates": [ [ 85.828502, 20.1161675 ], [ 85.8282599, 20.1162117 ] ] } },
{ "type": "Feature", "properties": { "@osmId": "way/237794160", "@snapshotTimestamp": "2015-01-01T00:00:00Z" }, "geometry": { "type": "LineString", "coordinates": [ [ 85.8368242, 20.1200188 ], [ 85.833178, 20.1149167 ] ] } },
{ "type": "Feature", "properties": { "@osmId": "way/219116692", "@snapshotTimestamp": "2015-01-01T00:00:00Z" }, "geometry": { "type": "LineString", "coordinates": [ [ 85.8386786, 20.1293035 ], [ 85.8368242, 20.1200188 ] ] } },
{ "type": "Feature", "properties": { "@osmId": "way/236074200", "@snapshotTimestamp": "2015-01-01T00:00:00Z" }, "geometry": { "type": "LineString", "coordinates": [ [ 85.8282599, 20.1162117 ], [ 85.7755037, 20.1345079 ] ] } },
{ "type": "Feature", "properties": { "@osmId": "way/219116702", "@snapshotTimestamp": "2015-01-01T00:00:00Z" }, "geometry": { "type": "LineString", "coordinates": [ [ 85.838699, 20.1295524 ], [ 85.8386786, 20.1293035 ] ] } },
{ "type": "Feature", "properties": { "@osmId": "way/302134016", "@snapshotTimestamp": "2015-01-01T00:00:00Z" }, "geometry": { "type": "LineString", "coordinates": [ [ 85.8386778, 20.1326839 ], [ 85.838699, 20.1295524 ] ] } },
{ "type": "Feature", "properties": { "@osmId": "way/86143438", "@snapshotTimestamp": "2015-01-01T00:00:00Z" }, "geometry": { "type": "LineString", "coordinates": [ [ 85.6180854, 20.1687012 ], [ 85.5135075, 20.0278085 ] ] } },
{ "type": "Feature", "properties": { "@osmId": "way/218557130", "@snapshotTimestamp": "2015-01-01T00:00:00Z" }, "geometry": { "type": "LineString", "coordinates": [ [ 85.5132898, 20.027959 ], [ 85.6180723, 20.1688104 ] ] } },
{ "type": "Feature", "properties": { "@osmId": "way/22828245", "@snapshotTimestamp": "2015-01-01T00:00:00Z" }, "geometry": { "type": "LineString", "coordinates": [ [ 85.3405275, 20.0721701 ], [ 85.3350852, 20.1738719 ] ] } },
{ "type": "Feature", "properties": { "@osmId": "way/146694043", "@snapshotTimestamp": "2015-01-01T00:00:00Z" }, "geometry": { "type": "LineString", "coordinates": [ [ 85.5860647, 20.1308969 ], [ 85.5090371, 20.1394757 ] ] } },
{ "type": "Feature", "properties": { "@osmId": "way/146694044", "@snapshotTimestamp": "2015-01-01T00:00:00Z" }, "geometry": { "type": "LineString", "coordinates": [ [ 85.5090371, 20.1394757 ], [ 85.4846356, 20.1331133 ] ] } },
{ "type": "Feature", "properties": { "@osmId": "way/236074203", "@snapshotTimestamp": "2015-01-01T00:00:00Z" }, "geometry": { "type": "LineString", "coordinates": [ [ 85.7691303, 20.1379056 ], [ 85.7684577, 20.1391402 ] ] } },
{ "type": "Feature", "properties": { "@osmId": "way/236074204", "@snapshotTimestamp": "2015-01-01T00:00:00Z" }, "geometry": { "type": "LineString", "coordinates": [ [ 85.7684577, 20.1391402 ], [ 85.7116117, 20.1560751 ] ] } },
{ "type": "Feature", "properties": { "@osmId": "way/228033521", "@snapshotTimestamp": "2015-01-01T00:00:00Z" }, "geometry": { "type": "LineString", "coordinates": [ [ 85.7116117, 20.1560751 ], [ 85.7113302, 20.1563109 ] ] } },
{ "type": "Feature", "properties": { "@osmId": "way/228033522", "@snapshotTimestamp": "2015-01-01T00:00:00Z" }, "geometry": { "type": "LineString", "coordinates": [ [ 85.7113302, 20.1563109 ], [ 85.6447497, 20.1858648 ] ] } },
{ "type": "Feature", "properties": { "@osmId": "way/237807544", "@snapshotTimestamp": "2015-01-01T00:00:00Z" }, "geometry": { "type": "LineString", "coordinates": [ [ 85.6444975, 20.1858206 ], [ 85.6180854, 20.1687012 ] ] } },
{ "type": "Feature", "properties": { "@osmId": "way/45009513", "@snapshotTimestamp": "2015-01-01T00:00:00Z" }, "geometry": { "type": "LineString", "coordinates": [ [ 86.0066124, 19.8539947 ], [ 86.0087864, 19.8541064 ] ] } },
{ "type": "Feature", "properties": { "@osmId": "way/237771696", "@snapshotTimestamp": "2015-01-01T00:00:00Z" }, "geometry": { "type": "LineString", "coordinates": [ [ 85.9383067, 19.8597582 ], [ 86.0066124, 19.8539947 ] ] } },
{ "type": "Feature", "properties": { "@osmId": "way/237771714", "@snapshotTimestamp": "2015-01-01T00:00:00Z" }, "geometry": { "type": "LineString", "coordinates": [ [ 85.9382065, 19.8598095 ], [ 85.9382892, 19.8598116 ], [ 85.9382982, 19.8597397 ], [ 85.9382068, 19.8597317 ], [ 85.9382065, 19.8598095 ] ] } },
{ "type": "Feature", "properties": { "@osmId": "way/40017536", "@snapshotTimestamp": "2015-01-01T00:00:00Z" }, "geometry": { "type": "LineString", "coordinates": [ [ 86.0087864, 19.8541064 ], [ 86.1113243, 19.8657079 ], [ 86.0919962, 19.8895289 ] ] } },
{ "type": "Feature", "properties": { "@osmId": "way/237771695", "@snapshotTimestamp": "2015-01-01T00:00:00Z" }, "geometry": { "type": "LineString", "coordinates": [ [ 85.9382492, 19.8598264 ], [ 86.0002735, 19.9245362 ] ] } },
{ "type": "Feature", "properties": { "@osmId": "way/168251700", "@snapshotTimestamp": "2015-01-01T00:00:00Z" }, "geometry": { "type": "LineString", "coordinates": [ [ 86.0785423, 19.9037062 ], [ 86.0478466, 19.9239007 ] ] } },
{ "type": "Feature", "properties": { "@osmId": "way/168246340", "@snapshotTimestamp": "2015-01-01T00:00:00Z" }, "geometry": { "type": "LineString", "coordinates": [ [ 86.0994056, 19.8910258 ], [ 86.1792634, 19.9407251 ] ] } },
{ "type": "Feature", "properties": { "@osmId": "way/168251694", "@snapshotTimestamp": "2015-01-01T00:00:00Z" }, "geometry": { "type": "LineString", "coordinates": [ [ 86.0002735, 19.9245362 ], [ 86.0009265, 19.9241592 ] ] } },
{ "type": "Feature", "properties": { "@osmId": "way/168251710", "@snapshotTimestamp": "2015-01-01T00:00:00Z" }, "geometry": { "type": "LineString", "coordinates": [ [ 86.035393, 19.924055 ], [ 86.0478466, 19.9239007 ] ] } },
{ "type": "Feature", "properties": { "@osmId": "way/168251696", "@snapshotTimestamp": "2015-01-01T00:00:00Z" }, "geometry": { "type": "LineString", "coordinates": [ [ 86.0009265, 19.9241592 ], [ 86.0127708, 19.9417598 ] ] } },
{ "type": "Feature", "properties": { "@osmId": "way/90630367", "@snapshotTimestamp": "2015-01-01T00:00:00Z" }, "geometry": { "type": "LineString", "coordinates": [ [ 85.8400493, 19.818034 ], [ 85.8488728, 19.8238578 ] ] } },
{ "type": "Feature", "properties": { "@osmId": "way/219113472", "@snapshotTimestamp": "2015-01-01T00:00:00Z" }, "geometry": { "type": "LineString", "coordinates": [ [ 85.8488728, 19.8238578 ], [ 85.8955182, 19.8394085 ] ] } },
{ "type": "Feature", "properties": { "@osmId": "way/219113473", "@snapshotTimestamp": "2015-01-01T00:00:00Z" }, "geometry": { "type": "LineString", "coordinates": [ [ 85.8955182, 19.8394085 ], [ 85.8977688, 19.8403087 ] ] } },
{ "type": "Feature", "properties": { "@osmId": "way/219113474", "@snapshotTimestamp": "2015-01-01T00:00:00Z" }, "geometry": { "type": "LineString", "coordinates": [ [ 85.8977688, 19.8403087 ], [ 85.9004141, 19.8412006 ] ] } },
{ "type": "Feature", "properties": { "@osmId": "way/45009514", "@snapshotTimestamp": "2015-01-01T00:00:00Z" }, "geometry": { "type": "LineString", "coordinates": [ [ 85.9004141, 19.8412006 ], [ 85.9020571, 19.8418701 ] ] } },
{ "type": "Feature", "properties": { "@osmId": "way/45009515", "@snapshotTimestamp": "2015-01-01T00:00:00Z" }, "geometry": { "type": "LineString", "coordinates": [ [ 85.9020571, 19.8418701 ], [ 85.9382068, 19.8597317 ] ] } },
{ "type": "Feature", "properties": { "@osmId": "way/229648857", "@snapshotTimestamp": "2015-01-01T00:00:00Z" }, "geometry": { "type": "LineString", "coordinates": [ [ 85.8234354, 19.9943246 ], [ 85.8783106, 20.0392546 ] ] } },
{ "type": "Feature", "properties": { "@osmId": "way/241131710", "@snapshotTimestamp": "2015-01-01T00:00:00Z" }, "geometry": { "type": "LineString", "coordinates": [ [ 85.8783106, 20.0392546 ], [ 85.8791795, 20.0390078 ] ] } },
{ "type": "Feature", "properties": { "@osmId": "way/237794164", "@snapshotTimestamp": "2015-01-01T00:00:00Z" }, "geometry": { "type": "LineString", "coordinates": [ [ 85.9269846, 20.088441 ], [ 85.9273353, 20.0879936 ] ] } },
{ "type": "Feature", "properties": { "@osmId": "way/237794169", "@snapshotTimestamp": "2015-01-01T00:00:00Z" }, "geometry": { "type": "LineString", "coordinates": [ [ 85.8646491, 20.1166038 ], [ 85.9269846, 20.088441 ] ] } },
{ "type": "Feature", "properties": { "@osmId": "way/168251693", "@snapshotTimestamp": "2015-01-01T00:00:00Z" }, "geometry": { "type": "LineString", "coordinates": [ [ 86.0919962, 19.8895289 ], [ 86.0164418, 19.9847201 ] ] } },
{ "type": "Feature", "properties": { "@osmId": "way/168251695", "@snapshotTimestamp": "2015-01-01T00:00:00Z" }, "geometry": { "type": "LineString", "coordinates": [ [ 86.0127708, 19.9417598 ], [ 86.0140556, 19.9438667 ] ] } },
{ "type": "Feature", "properties": { "@osmId": "way/168251697", "@snapshotTimestamp": "2015-01-01T00:00:00Z" }, "geometry": { "type": "LineString", "coordinates": [ [ 86.0140556, 19.9438667 ], [ 86.0150748, 19.9768565 ] ] } },
{ "type": "Feature", "properties": { "@osmId": "way/237771692", "@snapshotTimestamp": "2015-01-01T00:00:00Z" }, "geometry": { "type": "LineString", "coordinates": [ [ 86.0150748, 19.9768565 ], [ 86.0150799, 19.9770875 ] ] } },
{ "type": "Feature", "properties": { "@osmId": "way/237771691", "@snapshotTimestamp": "2015-01-01T00:00:00Z" }, "geometry": { "type": "LineString", "coordinates": [ [ 86.0150799, 19.9770875 ], [ 86.0141426, 19.982508 ] ] } },
{ "type": "Feature", "properties": { "@osmId": "way/237771693", "@snapshotTimestamp": "2015-01-01T00:00:00Z" }, "geometry": { "type": "LineString", "coordinates": [ [ 86.0141426, 19.982508 ], [ 86.0154425, 19.9835528 ] ] } },
{ "type": "Feature", "properties": { "@osmId": "way/237771694", "@snapshotTimestamp": "2015-01-01T00:00:00Z" }, "geometry": { "type": "LineString", "coordinates": [ [ 86.0154425, 19.9835528 ], [ 86.0164418, 19.9847201 ] ] } },
{ "type": "Feature", "properties": { "@osmId": "way/237771710", "@snapshotTimestamp": "2015-01-01T00:00:00Z" }, "geometry": { "type": "LineString", "coordinates": [ [ 86.0164418, 19.9847201 ], [ 86.0590074, 20.0241936 ] ] } },
{ "type": "Feature", "properties": { "@osmId": "way/86162280", "@snapshotTimestamp": "2015-01-01T00:00:00Z" }, "geometry": { "type": "LineString", "coordinates": [ [ 86.0164418, 19.9847201 ], [ 86.0076147, 20.0609868 ] ] } },
{ "type": "Feature", "properties": { "@osmId": "way/237771708", "@snapshotTimestamp": "2015-01-01T00:00:00Z" }, "geometry": { "type": "LineString", "coordinates": [ [ 86.0590074, 20.0241936 ], [ 86.059207, 20.0243572 ] ] } },
{ "type": "Feature", "properties": { "@osmId": "way/229650657", "@snapshotTimestamp": "2015-01-01T00:00:00Z" }, "geometry": { "type": "LineString", "coordinates": [ [ 86.0074469, 20.0610286 ], [ 86.0989387, 20.0572664 ], [ 86.1763707, 20.0117614 ] ] } },
{ "type": "Feature", "properties": { "@osmId": "way/237771711", "@snapshotTimestamp": "2015-01-01T00:00:00Z" }, "geometry": { "type": "LineString", "coordinates": [ [ 86.059207, 20.0243572 ], [ 86.0826798, 20.0647907 ] ] } },
{ "type": "Feature", "properties": { "@osmId": "way/241131704", "@snapshotTimestamp": "2015-01-01T00:00:00Z" }, "geometry": { "type": "LineString", "coordinates": [ [ 85.8791795, 20.0390078 ], [ 86.0045711, 20.0605267 ] ] } },
{ "type": "Feature", "properties": { "@osmId": "way/237771698", "@snapshotTimestamp": "2015-01-01T00:00:00Z" }, "geometry": { "type": "LineString", "coordinates": [ [ 86.0056455, 20.0607311 ], [ 86.0068686, 20.0609654 ] ] } },
{ "type": "Feature", "properties": { "@osmId": "way/237771701", "@snapshotTimestamp": "2015-01-01T00:00:00Z" }, "geometry": { "type": "LineString", "coordinates": [ [ 86.0068686, 20.0609654 ], [ 86.0076147, 20.0609868 ] ] } },
{ "type": "Feature", "properties": { "@osmId": "way/237794171", "@snapshotTimestamp": "2015-01-01T00:00:00Z" }, "geometry": { "type": "LineString", "coordinates": [ [ 86.0009607, 20.0622097 ], [ 86.0056455, 20.0607311 ] ] } },
{ "type": "Feature", "properties": { "@osmId": "way/237794161", "@snapshotTimestamp": "2015-01-01T00:00:00Z" }, "geometry": { "type": "LineString", "coordinates": [ [ 86.0008151, 20.0623744 ], [ 86.0009607, 20.0622097 ] ] } },
{ "type": "Feature", "properties": { "@osmId": "way/237771704", "@snapshotTimestamp": "2015-01-01T00:00:00Z" }, "geometry": { "type": "LineString", "coordinates": [ [ 86.0826798, 20.0647907 ], [ 86.0827619, 20.0649418 ] ] } },
{ "type": "Feature", "properties": { "@osmId": "way/237794168", "@snapshotTimestamp": "2015-01-01T00:00:00Z" }, "geometry": { "type": "LineString", "coordinates": [ [ 85.9273353, 20.0879936 ], [ 86.0008151, 20.0623744 ] ] } },
{ "type": "Feature", "properties": { "@osmId": "way/237771709", "@snapshotTimestamp": "2015-01-01T00:00:00Z" }, "geometry": { "type": "LineString", "coordinates": [ [ 86.0827619, 20.0649418 ], [ 86.0878382, 20.094156 ] ] } },
{ "type": "Feature", "properties": { "@osmId": "way/237794165", "@snapshotTimestamp": "2015-01-01T00:00:00Z" }, "geometry": { "type": "LineString", "coordinates": [ [ 85.864601, 20.1167512 ], [ 85.8646491, 20.1166038 ] ] } },
{ "type": "Feature", "properties": { "@osmId": "way/237794167", "@snapshotTimestamp": "2015-01-01T00:00:00Z" }, "geometry": { "type": "LineString", "coordinates": [ [ 85.8644729, 20.1174219 ], [ 85.864601, 20.1167512 ] ] } },
{ "type": "Feature", "properties": { "@osmId": "way/237794163", "@snapshotTimestamp": "2015-01-01T00:00:00Z" }, "geometry": { "type": "LineString", "coordinates": [ [ 85.8643544, 20.1183062 ], [ 85.8644729, 20.1174219 ] ] } },
{ "type": "Feature", "properties": { "@osmId": "way/237794166", "@snapshotTimestamp": "2015-01-01T00:00:00Z" }, "geometry": { "type": "LineString", "coordinates": [ [ 85.8368242, 20.1200188 ], [ 85.8631212, 20.1205378 ] ] } },
{ "type": "Feature", "properties": { "@osmId": "way/237794170", "@snapshotTimestamp": "2015-01-01T00:00:00Z" }, "geometry": { "type": "LineString", "coordinates": [ [ 85.8635888, 20.1203664 ], [ 85.8643544, 20.1183062 ] ] } },
{ "type": "Feature", "properties": { "@osmId": "way/237794162", "@snapshotTimestamp": "2015-01-01T00:00:00Z" }, "geometry": { "type": "LineString", "coordinates": [ [ 85.8631212, 20.1205378 ], [ 85.8635888, 20.1203664 ] ] } },
{ "type": "Feature", "properties": { "@osmId": "way/44949318", "@snapshotTimestamp": "2015-01-01T00:00:00Z" }, "geometry": { "type": "LineString", "coordinates": [ [ 85.8585372, 20.175104 ], [ 85.8386778, 20.1326839 ] ] } },
{ "type": "Feature", "properties": { "@osmId": "way/45009582", "@snapshotTimestamp": "2015-01-01T00:00:00Z" }, "geometry": { "type": "LineString", "coordinates": [ [ 85.8595784, 20.1943871 ], [ 85.8585372, 20.175104 ] ] } },
{ "type": "Feature", "properties": { "@osmId": "way/45009583", "@snapshotTimestamp": "2015-01-01T00:00:00Z" }, "geometry": { "type": "LineString", "coordinates": [ [ 85.8596183, 20.1946452 ], [ 85.8595784, 20.1943871 ] ] } },
{ "type": "Feature", "properties": { "@osmId": "way/45009649", "@snapshotTimestamp": "2015-01-01T00:00:00Z" }, "geometry": { "type": "LineString", "coordinates": [ [ 85.8619962, 20.2021782 ], [ 85.8598089, 20.1970063 ] ] } },
{ "type": "Feature", "properties": { "@osmId": "way/40017365", "@snapshotTimestamp": "2015-01-01T00:00:00Z" }, "geometry": { "type": "LineString", "coordinates": [ [ 85.8508312, 20.2077993 ], [ 85.8596183, 20.1946452 ] ] } },
{ "type": "Feature", "properties": { "@osmId": "way/45009553", "@snapshotTimestamp": "2015-01-01T00:00:00Z" }, "geometry": { "type": "LineString", "coordinates": [ [ 85.890728, 20.2007685 ], [ 85.8786955, 20.2032067 ] ] } },
{ "type": "Feature", "properties": { "@osmId": "way/45009653", "@snapshotTimestamp": "2015-01-01T00:00:00Z" }, "geometry": { "type": "LineString", "coordinates": [ [ 85.8659122, 20.2026715 ], [ 85.8619962, 20.2021782 ] ] } },
{ "type": "Feature", "properties": { "@osmId": "way/45009693", "@snapshotTimestamp": "2015-01-01T00:00:00Z" }, "geometry": { "type": "LineString", "coordinates": [ [ 85.8782825, 20.2033059 ], [ 85.8786955, 20.2032067 ] ] } },
{ "type": "Feature", "properties": { "@osmId": "way/45009694", "@snapshotTimestamp": "2015-01-01T00:00:00Z" }, "geometry": { "type": "LineString", "coordinates": [ [ 85.8782825, 20.2033059 ], [ 85.8659122, 20.2026715 ] ] } },
{ "type": "Feature", "properties": { "@osmId": "way/45009856", "@snapshotTimestamp": "2015-01-01T00:00:00Z" }, "geometry": { "type": "LineString", "coordinates": [ [ 85.8520563, 20.2102082 ], [ 85.8508312, 20.2077993 ] ] } },
{ "type": "Feature", "properties": { "@osmId": "way/44949024", "@snapshotTimestamp": "2015-01-01T00:00:00Z" }, "geometry": { "type": "LineString", "coordinates": [ [ 85.8520563, 20.2102082 ], [ 85.8533071, 20.212703 ] ] } },
{ "type": "Feature", "properties": { "@osmId": "way/302134011", "@snapshotTimestamp": "2015-01-01T00:00:00Z" }, "geometry": { "type": "LineString", "coordinates": [ [ 85.8533071, 20.212703 ], [ 85.8430318, 20.2251748 ] ] } },
{ "type": "Feature", "properties": { "@osmId": "way/219116714", "@snapshotTimestamp": "2015-01-01T00:00:00Z" }, "geometry": { "type": "LineString", "coordinates": [ [ 85.8515069, 20.2741878 ], [ 85.8514596, 20.2742676 ], [ 85.8515546, 20.2743165 ], [ 85.8515987, 20.2742295 ], [ 85.8515069, 20.2741878 ] ] } },
{ "type": "Feature", "properties": { "@osmId": "way/264726511", "@snapshotTimestamp": "2015-01-01T00:00:00Z" }, "geometry": { "type": "LineString", "coordinates": [ [ 85.8438718, 20.2788243 ], [ 85.8427624, 20.2732906 ] ] } },
{ "type": "Feature", "properties": { "@osmId": "way/237771706", "@snapshotTimestamp": "2015-01-01T00:00:00Z" }, "geometry": { "type": "LineString", "coordinates": [ [ 86.0878382, 20.094156 ], [ 86.0881763, 20.0942639 ] ] } },
{ "type": "Feature", "properties": { "@osmId": "way/45009747", "@snapshotTimestamp": "2015-01-01T00:00:00Z" }, "geometry": { "type": "LineString", "coordinates": [ [ 85.9985816, 20.0648581 ], [ 85.974586, 20.182994 ], [ 85.890728, 20.2007685 ] ] } },
{ "type": "Feature", "properties": { "@osmId": "way/237771713", "@snapshotTimestamp": "2015-01-01T00:00:00Z" }, "geometry": { "type": "LineString", "coordinates": [ [ 86.0881763, 20.0942639 ], [ 85.9980202, 20.2419354 ] ] } },
{ "type": "Feature", "properties": { "@osmId": "way/237771707", "@snapshotTimestamp": "2015-01-01T00:00:00Z" }, "geometry": { "type": "LineString", "coordinates": [ [ 85.9980202, 20.2419354 ], [ 85.9975247, 20.2423113 ] ] } },
{ "type": "Feature", "properties": { "@osmId": "way/237771712", "@snapshotTimestamp": "2015-01-01T00:00:00Z" }, "geometry": { "type": "LineString", "coordinates": [ [ 85.9975247, 20.2423113 ], [ 85.8913951, 20.3624723 ] ] } },
{ "type": "Feature", "properties": { "@osmId": "way/236062154", "@snapshotTimestamp": "2015-01-01T00:00:00Z" }, "geometry": { "type": "LineString", "coordinates": [ [ 86.1783784, 20.2526477 ], [ 86.0192495, 20.3745739 ], [ 86.0155557, 20.4069562 ] ] } },
{ "type": "Feature", "properties": { "@osmId": "way/22828399", "@snapshotTimestamp": "2015-01-01T00:00:00Z" }, "geometry": { "type": "LineString", "coordinates": [ [ 86.2860977, 20.3226852 ], [ 86.2257118, 20.3546193 ], [ 86.0898734, 20.3686176 ], [ 86.0054489, 20.4149757 ] ] } },
{ "type": "Feature", "properties": { "@osmId": "way/44948291", "@snapshotTimestamp": "2015-01-01T00:00:00Z" }, "geometry": { "type": "LineString", "coordinates": [ [ 85.9766185, 20.427654 ], [ 86.0054489, 20.4149757 ] ] } },
{ "type": "Feature", "properties": { "@osmId": "way/44948293", "@snapshotTimestamp": "2015-01-01T00:00:00Z" }, "geometry": { "type": "LineString", "coordinates": [ [ 85.9764418, 20.4282576 ], [ 85.9766185, 20.427654 ] ] } },
{ "type": "Feature", "properties": { "@osmId": "way/90612072", "@snapshotTimestamp": "2015-01-01T00:00:00Z" }, "geometry": { "type": "LineString", "coordinates": [ [ 85.9161913, 20.4526004 ], [ 85.9764418, 20.4282576 ] ] } },
{ "type": "Feature", "properties": { "@osmId": "way/90622213", "@snapshotTimestamp": "2015-01-01T00:00:00Z" }, "geometry": { "type": "LineString", "coordinates": [ [ 85.8405504, 20.2675148 ], [ 85.841011, 20.2682083 ] ] } },
{ "type": "Feature", "properties": { "@osmId": "way/90622206", "@snapshotTimestamp": "2015-01-01T00:00:00Z" }, "geometry": { "type": "LineString", "coordinates": [ [ 85.8406082, 20.2683801 ], [ 85.8404512, 20.2675606 ] ] } },
{ "type": "Feature", "properties": { "@osmId": "way/292054984", "@snapshotTimestamp": "2015-01-01T00:00:00Z" }, "geometry": { "type": "LineString", "coordinates": [ [ 85.81288, 20.26967 ], [ 85.81073, 20.26712 ] ] } },
{ "type": "Feature", "properties": { "@osmId": "way/90622172", "@snapshotTimestamp": "2015-01-01T00:00:00Z" }, "geometry": { "type": "LineString", "coordinates": [ [ 85.8411956, 20.2685823 ], [ 85.841011, 20.2682083 ], [ 85.8406082, 20.2683801 ], [ 85.8407955, 20.2687593 ], [ 85.8411956, 20.2685823 ] ] } },
{ "type": "Feature", "properties": { "@osmId": "way/90622231", "@snapshotTimestamp": "2015-01-01T00:00:00Z" }, "geometry": { "type": "LineString", "coordinates": [ [ 85.8385456, 20.2694931 ], [ 85.8406082, 20.2683801 ] ] } },
{ "type": "Feature", "properties": { "@osmId": "way/90622169", "@snapshotTimestamp": "2015-01-01T00:00:00Z" }, "geometry": { "type": "LineString", "coordinates": [ [ 85.8407955, 20.2687593 ], [ 85.8385456, 20.2694931 ] ] } },
{ "type": "Feature", "properties": { "@osmId": "way/26755414", "@snapshotTimestamp": "2015-01-01T00:00:00Z" }, "geometry": { "type": "LineString", "coordinates": [ [ 85.821759, 20.2700259 ], [ 85.813408, 20.2697453 ] ] } },
{ "type": "Feature", "properties": { "@osmId": "way/26764960", "@snapshotTimestamp": "2015-01-01T00:00:00Z" }, "geometry": { "type": "LineString", "coordinates": [ [ 85.8297189, 20.2663811 ], [ 85.83339, 20.27276 ] ] } },
{ "type": "Feature", "properties": { "@osmId": "way/292054986", "@snapshotTimestamp": "2015-01-01T00:00:00Z" }, "geometry": { "type": "LineString", "coordinates": [ [ 85.8131321, 20.2696953 ], [ 85.81288, 20.26967 ] ] } },
{ "type": "Feature", "properties": { "@osmId": "way/292054985", "@snapshotTimestamp": "2015-01-01T00:00:00Z" }, "geometry": { "type": "LineString", "coordinates": [ [ 85.81288, 20.26967 ], [ 85.8130746, 20.2697767 ] ] } },
{ "type": "Feature", "properties": { "@osmId": "way/219116708", "@snapshotTimestamp": "2015-01-01T00:00:00Z" }, "geometry": { "type": "LineString", "coordinates": [ [ 85.8450362, 20.2630135 ], [ 85.8573136, 20.294258 ] ] } },
{ "type": "Feature", "properties": { "@osmId": "way/40016878", "@snapshotTimestamp": "2015-01-01T00:00:00Z" }, "geometry": { "type": "LineString", "coordinates": [ [ 85.8578973, 20.2951493 ], [ 85.8450362, 20.2630135 ] ] } },
{ "type": "Feature", "properties": { "@osmId": "way/264726565", "@snapshotTimestamp": "2015-01-01T00:00:00Z" }, "geometry": { "type": "LineString", "coordinates": [ [ 85.8434632, 20.2855152 ], [ 85.8438718, 20.2788243 ] ] } },
{ "type": "Feature", "properties": { "@osmId": "way/44949028", "@snapshotTimestamp": "2015-01-01T00:00:00Z" }, "geometry": { "type": "LineString", "coordinates": [ [ 85.8573136, 20.294258 ], [ 85.8573223, 20.2949976 ] ] } },
{ "type": "Feature", "properties": { "@osmId": "way/44948793", "@snapshotTimestamp": "2015-01-01T00:00:00Z" }, "geometry": { "type": "LineString", "coordinates": [ [ 85.8573223, 20.2949976 ], [ 85.8526117, 20.2953337 ] ] } },
{ "type": "Feature", "properties": { "@osmId": "way/44949020", "@snapshotTimestamp": "2015-01-01T00:00:00Z" }, "geometry": { "type": "LineString", "coordinates": [ [ 85.857785, 20.2950526 ], [ 85.8573223, 20.2949976 ], [ 85.8572287, 20.2953767 ], [ 85.8577975, 20.2954958 ], [ 85.857785, 20.2950526 ] ] } },
{ "type": "Feature", "properties": { "@osmId": "way/218505931", "@snapshotTimestamp": "2015-01-01T00:00:00Z" }, "geometry": { "type": "LineString", "coordinates": [ [ 85.8526032, 20.2954513 ], [ 85.8572287, 20.2953767 ] ] } },
{ "type": "Feature", "properties": { "@osmId": "way/218505932", "@snapshotTimestamp": "2015-01-01T00:00:00Z" }, "geometry": { "type": "LineString", "coordinates": [ [ 85.8526117, 20.2953337 ], [ 85.8521773, 20.2953678 ] ] } },
{ "type": "Feature", "properties": { "@osmId": "way/218505930", "@snapshotTimestamp": "2015-01-01T00:00:00Z" }, "geometry": { "type": "LineString", "coordinates": [ [ 85.8521712, 20.2954853 ], [ 85.8526032, 20.2954513 ] ] } },
{ "type": "Feature", "properties": { "@osmId": "way/218505933", "@snapshotTimestamp": "2015-01-01T00:00:00Z" }, "geometry": { "type": "LineString", "coordinates": [ [ 85.8521773, 20.2953678 ], [ 85.8487903, 20.2956295 ] ] } },
{ "type": "Feature", "properties": { "@osmId": "way/264753947", "@snapshotTimestamp": "2015-01-01T00:00:00Z" }, "geometry": { "type": "LineString", "coordinates": [ [ 85.8422743, 20.2941518 ], [ 85.8434632, 20.2855152 ] ] } },
{ "type": "Feature", "properties": { "@osmId": "way/26754812", "@snapshotTimestamp": "2015-01-01T00:00:00Z" }, "geometry": { "type": "LineString", "coordinates": [ [ 85.807673, 20.2850486 ], [ 85.8196131, 20.2968464 ] ] } },
{ "type": "Feature", "properties": { "@osmId": "way/218526249", "@snapshotTimestamp": "2015-01-01T00:00:00Z" }, "geometry": { "type": "LineString", "coordinates": [ [ 85.8226074, 20.2938699 ], [ 85.8176284, 20.2908353 ] ] } },
{ "type": "Feature", "properties": { "@osmId": "way/280421147", "@snapshotTimestamp": "2015-01-01T00:00:00Z" }, "geometry": { "type": "LineString", "coordinates": [ [ 85.8175816, 20.2909309 ], [ 85.8225406, 20.2939437 ] ] } },
{ "type": "Feature", "properties": { "@osmId": "way/218526247", "@snapshotTimestamp": "2015-01-01T00:00:00Z" }, "geometry": { "type": "LineString", "coordinates": [ [ 85.8225406, 20.2939437 ], [ 85.8245453, 20.2952148 ] ] } },
{ "type": "Feature", "properties": { "@osmId": "way/44948784", "@snapshotTimestamp": "2015-01-01T00:00:00Z" }, "geometry": { "type": "LineString", "coordinates": [ [ 85.825016, 20.2953555 ], [ 85.8226074, 20.2938699 ] ] } },
{ "type": "Feature", "properties": { "@osmId": "way/279959308", "@snapshotTimestamp": "2015-01-01T00:00:00Z" }, "geometry": { "type": "LineString", "coordinates": [ [ 85.8421451, 20.2961298 ], [ 85.8422743, 20.2941518 ] ] } },
{ "type": "Feature", "properties": { "@osmId": "way/44948919", "@snapshotTimestamp": "2015-01-01T00:00:00Z" }, "geometry": { "type": "LineString", "coordinates": [ [ 85.8257732, 20.2922528 ], [ 85.8235865, 20.2993139 ] ] } },
{ "type": "Feature", "properties": { "@osmId": "way/279038115", "@snapshotTimestamp": "2015-01-01T00:00:00Z" }, "geometry": { "type": "LineString", "coordinates": [ [ 85.8419679, 20.2958307 ], [ 85.8417246, 20.2961604 ] ] } },
{ "type": "Feature", "properties": { "@osmId": "way/26755523", "@snapshotTimestamp": "2015-01-01T00:00:00Z" }, "geometry": { "type": "LineString", "coordinates": [ [ 85.8245453, 20.2952148 ], [ 85.8284975, 20.296899 ] ] } },
{ "type": "Feature", "properties": { "@osmId": "way/258631460", "@snapshotTimestamp": "2015-01-01T00:00:00Z" }, "geometry": { "type": "LineString", "coordinates": [ [ 85.6180723, 20.1688104 ], [ 85.6443984, 20.1858493 ] ] } },
{ "type": "Feature", "properties": { "@osmId": "way/218284674", "@snapshotTimestamp": "2015-01-01T00:00:00Z" }, "geometry": { "type": "LineString", "coordinates": [ [ 85.1775302, 20.1503474 ], [ 85.500059, 20.220651 ], [ 85.6468254, 20.191637 ] ] } },
{ "type": "Feature", "properties": { "@osmId": "way/237807543", "@snapshotTimestamp": "2015-01-01T00:00:00Z" }, "geometry": { "type": "LineString", "coordinates": [ [ 85.6445765, 20.1860305 ], [ 85.6444975, 20.1858206 ] ] } },
{ "type": "Feature", "properties": { "@osmId": "way/240684085", "@snapshotTimestamp": "2015-01-01T00:00:00Z" }, "geometry": { "type": "LineString", "coordinates": [ [ 85.6447497, 20.1858648 ], [ 85.6442834, 20.1860145 ] ] } },
{ "type": "Feature", "properties": { "@osmId": "way/237807545", "@snapshotTimestamp": "2015-01-01T00:00:00Z" }, "geometry": { "type": "LineString", "coordinates": [ [ 85.6443984, 20.1858493 ], [ 85.6444773, 20.1860621 ] ] } },
{ "type": "Feature", "properties": { "@osmId": "way/218533005", "@snapshotTimestamp": "2015-01-01T00:00:00Z" }, "geometry": { "type": "LineString", "coordinates": [ [ 85.6378434, 20.1884048 ], [ 85.6442834, 20.1860145 ] ] } },
{ "type": "Feature", "properties": { "@osmId": "way/86143435", "@snapshotTimestamp": "2015-01-01T00:00:00Z" }, "geometry": { "type": "LineString", "coordinates": [ [ 85.6474599, 20.1918559 ], [ 85.6445765, 20.1860305 ] ] } },
{ "type": "Feature", "properties": { "@osmId": "way/237807546", "@snapshotTimestamp": "2015-01-01T00:00:00Z" }, "geometry": { "type": "LineString", "coordinates": [ [ 85.6444773, 20.1860621 ], [ 85.6472998, 20.1918749 ] ] } },
{ "type": "Feature", "properties": { "@osmId": "way/22828371", "@snapshotTimestamp": "2015-01-01T00:00:00Z" }, "geometry": { "type": "LineString", "coordinates": [ [ 85.6588884, 20.1974732 ], [ 85.6590382, 20.1978077 ] ] } },
{ "type": "Feature", "properties": { "@osmId": "way/218533008", "@snapshotTimestamp": "2015-01-01T00:00:00Z" }, "geometry": { "type": "LineString", "coordinates": [ [ 85.6920958, 20.2088094 ], [ 85.6474599, 20.1918559 ] ] } },
{ "type": "Feature", "properties": { "@osmId": "way/236074201", "@snapshotTimestamp": "2015-01-01T00:00:00Z" }, "geometry": { "type": "LineString", "coordinates": [ [ 85.7755037, 20.1345079 ], [ 85.7752384, 20.1346276 ] ] } },
{ "type": "Feature", "properties": { "@osmId": "way/236074205", "@snapshotTimestamp": "2015-01-01T00:00:00Z" }, "geometry": { "type": "LineString", "coordinates": [ [ 85.7752384, 20.1346276 ], [ 85.7691303, 20.1379056 ] ] } },
{ "type": "Feature", "properties": { "@osmId": "way/219116706", "@snapshotTimestamp": "2015-01-01T00:00:00Z" }, "geometry": { "type": "LineString", "coordinates": [ [ 85.8430318, 20.2251748 ], [ 85.8417745, 20.2263814 ] ] } },
{ "type": "Feature", "properties": { "@osmId": "way/219116686", "@snapshotTimestamp": "2015-01-01T00:00:00Z" }, "geometry": { "type": "LineString", "coordinates": [ [ 85.8417745, 20.2263814 ], [ 85.8411409, 20.2375688 ] ] } },
{ "type": "Feature", "properties": { "@osmId": "way/26754464", "@snapshotTimestamp": "2015-01-01T00:00:00Z" }, "geometry": { "type": "LineString", "coordinates": [ [ 85.8346513, 20.2379874 ], [ 85.84112, 20.23665 ] ] } },
{ "type": "Feature", "properties": { "@osmId": "way/219116704", "@snapshotTimestamp": "2015-01-01T00:00:00Z" }, "geometry": { "type": "LineString", "coordinates": [ [ 85.8411409, 20.2375688 ], [ 85.8411299, 20.2379447 ] ] } },
{ "type": "Feature", "properties": { "@osmId": "way/26755134", "@snapshotTimestamp": "2015-01-01T00:00:00Z" }, "geometry": { "type": "LineString", "coordinates": [ [ 85.8326809, 20.2401684 ], [ 85.8346513, 20.2379874 ] ] } },
{ "type": "Feature", "properties": { "@osmId": "way/26764946", "@snapshotTimestamp": "2015-01-01T00:00:00Z" }, "geometry": { "type": "LineString", "coordinates": [ [ 85.8112657, 20.2372053 ], [ 85.82646, 20.24617 ] ] } },
{ "type": "Feature", "properties": { "@osmId": "way/26755410", "@snapshotTimestamp": "2015-01-01T00:00:00Z" }, "geometry": { "type": "LineString", "coordinates": [ [ 85.8410756, 20.2446266 ], [ 85.8360127, 20.2452771 ] ] } },
{ "type": "Feature", "properties": { "@osmId": "way/90617087", "@snapshotTimestamp": "2015-01-01T00:00:00Z" }, "geometry": { "type": "LineString", "coordinates": [ [ 85.80397, 20.25394 ], [ 85.8112657, 20.2372053 ] ] } },
{ "type": "Feature", "properties": { "@osmId": "way/286065164", "@snapshotTimestamp": "2015-01-01T00:00:00Z" }, "geometry": { "type": "LineString", "coordinates": [ [ 85.7825436, 20.2472946 ], [ 85.7737884, 20.2444466 ] ] } },
{ "type": "Feature", "properties": { "@osmId": "way/286065172", "@snapshotTimestamp": "2015-01-01T00:00:00Z" }, "geometry": { "type": "LineString", "coordinates": [ [ 85.773791, 20.2445355 ], [ 85.7824673, 20.247359 ] ] } },
{ "type": "Feature", "properties": { "@osmId": "way/26755220", "@snapshotTimestamp": "2015-01-01T00:00:00Z" }, "geometry": { "type": "LineString", "coordinates": [ [ 85.8362838, 20.2526553 ], [ 85.8326809, 20.2401684 ] ] } },
{ "type": "Feature", "properties": { "@osmId": "way/174418041", "@snapshotTimestamp": "2015-01-01T00:00:00Z" }, "geometry": { "type": "LineString", "coordinates": [ [ 85.8360127, 20.2452771 ], [ 85.8362838, 20.2526553 ] ] } },
{ "type": "Feature", "properties": { "@osmId": "way/26764947", "@snapshotTimestamp": "2015-01-01T00:00:00Z" }, "geometry": { "type": "LineString", "coordinates": [ [ 85.82646, 20.24617 ], [ 85.82481, 20.25259 ] ] } },
{ "type": "Feature", "properties": { "@osmId": "way/219116711", "@snapshotTimestamp": "2015-01-01T00:00:00Z" }, "geometry": { "type": "LineString", "coordinates": [ [ 85.8411299, 20.2379447 ], [ 85.8450362, 20.2630135 ] ] } },
{ "type": "Feature", "properties": { "@osmId": "way/174417954", "@snapshotTimestamp": "2015-01-01T00:00:00Z" }, "geometry": { "type": "LineString", "coordinates": [ [ 85.8361558, 20.2526411 ], [ 85.83578, 20.25276 ] ] } },
{ "type": "Feature", "properties": { "@osmId": "way/230927120", "@snapshotTimestamp": "2015-01-01T00:00:00Z" }, "geometry": { "type": "LineString", "coordinates": [ [ 85.83578, 20.25276 ], [ 85.83378, 20.25381 ] ] } },
{ "type": "Feature", "properties": { "@osmId": "way/44948644", "@snapshotTimestamp": "2015-01-01T00:00:00Z" }, "geometry": { "type": "LineString", "coordinates": [ [ 85.7891081, 20.2593598 ], [ 85.7825436, 20.2472946 ] ] } },
{ "type": "Feature", "properties": { "@osmId": "way/286065167", "@snapshotTimestamp": "2015-01-01T00:00:00Z" }, "geometry": { "type": "LineString", "coordinates": [ [ 85.7824673, 20.247359 ], [ 85.7890273, 20.2593985 ] ] } },
{ "type": "Feature", "properties": { "@osmId": "way/26764948", "@snapshotTimestamp": "2015-01-01T00:00:00Z" }, "geometry": { "type": "LineString", "coordinates": [ [ 85.8262253, 20.2555388 ], [ 85.82481, 20.25259 ] ] } },
{ "type": "Feature", "properties": { "@osmId": "way/230927116", "@snapshotTimestamp": "2015-01-01T00:00:00Z" }, "geometry": { "type": "LineString", "coordinates": [ [ 85.83378, 20.25381 ], [ 85.8320306, 20.2549624 ] ] } },
{ "type": "Feature", "properties": { "@osmId": "way/26755276", "@snapshotTimestamp": "2015-01-01T00:00:00Z" }, "geometry": { "type": "LineString", "coordinates": [ [ 85.840111, 20.2563566 ], [ 85.8362838, 20.2526553 ] ] } },
{ "type": "Feature", "properties": { "@osmId": "way/230574625", "@snapshotTimestamp": "2015-01-01T00:00:00Z" }, "geometry": { "type": "LineString", "coordinates": [ [ 85.7947762, 20.257387 ], [ 85.80694, 20.25261 ] ] } },
{ "type": "Feature", "properties": { "@osmId": "way/230927119", "@snapshotTimestamp": "2015-01-01T00:00:00Z" }, "geometry": { "type": "LineString", "coordinates": [ [ 85.8320306, 20.2549624 ], [ 85.8318141, 20.2552427 ] ] } },
{ "type": "Feature", "properties": { "@osmId": "way/279088743", "@snapshotTimestamp": "2015-01-01T00:00:00Z" }, "geometry": { "type": "LineString", "coordinates": [ [ 85.8362666, 20.2616437 ], [ 85.825888, 20.2450115 ], [ 85.8297189, 20.2663811 ] ] } },
{ "type": "Feature", "properties": { "@osmId": "way/26755555", "@snapshotTimestamp": "2015-01-01T00:00:00Z" }, "geometry": { "type": "LineString", "coordinates": [ [ 85.8248432, 20.2601509 ], [ 85.8318141, 20.2552427 ] ] } },
{ "type": "Feature", "properties": { "@osmId": "way/170090970", "@snapshotTimestamp": "2015-01-01T00:00:00Z" }, "geometry": { "type": "LineString", "coordinates": [ [ 85.8318141, 20.2552427 ], [ 85.8360199, 20.2605884 ] ] } },
{ "type": "Feature", "properties": { "@osmId": "way/252236396", "@snapshotTimestamp": "2015-01-01T00:00:00Z" }, "geometry": { "type": "LineString", "coordinates": [ [ 85.7947762, 20.257387 ], [ 85.7890803, 20.2593005 ] ] } },
{ "type": "Feature", "properties": { "@osmId": "way/252236395", "@snapshotTimestamp": "2015-01-01T00:00:00Z" }, "geometry": { "type": "LineString", "coordinates": [ [ 85.7891081, 20.2593598 ], [ 85.7947762, 20.257387 ] ] } },
{ "type": "Feature", "properties": { "@osmId": "way/26764957", "@snapshotTimestamp": "2015-01-01T00:00:00Z" }, "geometry": { "type": "LineString", "coordinates": [ [ 85.8414143, 20.2582533 ], [ 85.8390377, 20.2598723 ] ] } },
{ "type": "Feature", "properties": { "@osmId": "way/230574629", "@snapshotTimestamp": "2015-01-01T00:00:00Z" }, "geometry": { "type": "LineString", "coordinates": [ [ 85.7858191, 20.253589 ], [ 85.7912261, 20.2644315 ] ] } },
{ "type": "Feature", "properties": { "@osmId": "way/218526268", "@snapshotTimestamp": "2015-01-01T00:00:00Z" }, "geometry": { "type": "LineString", "coordinates": [ [ 85.7911507, 20.2642271 ], [ 85.78591, 20.2537497 ] ] } },
{ "type": "Feature", "properties": { "@osmId": "way/292050680", "@snapshotTimestamp": "2015-01-01T00:00:00Z" }, "geometry": { "type": "LineString", "coordinates": [ [ 85.8298268, 20.2663179 ], [ 85.8201435, 20.2538206 ] ] } },
{ "type": "Feature", "properties": { "@osmId": "way/26764962", "@snapshotTimestamp": "2015-01-01T00:00:00Z" }, "geometry": { "type": "LineString", "coordinates": [ [ 85.8200665, 20.2538813 ], [ 85.8297189, 20.2663811 ] ] } },
{ "type": "Feature", "properties": { "@osmId": "way/170090974", "@snapshotTimestamp": "2015-01-01T00:00:00Z" }, "geometry": { "type": "LineString", "coordinates": [ [ 85.8390377, 20.2598723 ], [ 85.8365858, 20.2612577 ] ] } },
{ "type": "Feature", "properties": { "@osmId": "way/26764919", "@snapshotTimestamp": "2015-01-01T00:00:00Z" }, "geometry": { "type": "LineString", "coordinates": [ [ 85.81073, 20.26712 ], [ 85.8318141, 20.2552427 ] ] } },
{ "type": "Feature", "properties": { "@osmId": "way/279088746", "@snapshotTimestamp": "2015-01-01T00:00:00Z" }, "geometry": { "type": "LineString", "coordinates": [ [ 85.8369828, 20.2616729 ], [ 85.8390377, 20.2598723 ] ] } },
{ "type": "Feature", "properties": { "@osmId": "way/279088748", "@snapshotTimestamp": "2015-01-01T00:00:00Z" }, "geometry": { "type": "LineString", "coordinates": [ [ 85.8365858, 20.2612577 ], [ 85.8360199, 20.2605884 ] ] } },
{ "type": "Feature", "properties": { "@osmId": "way/279088742", "@snapshotTimestamp": "2015-01-01T00:00:00Z" }, "geometry": { "type": "LineString", "coordinates": [ [ 85.8360199, 20.2605884 ], [ 85.8365253, 20.2619561 ] ] } },
{ "type": "Feature", "properties": { "@osmId": "way/279088744", "@snapshotTimestamp": "2015-01-01T00:00:00Z" }, "geometry": { "type": "LineString", "coordinates": [ [ 85.836801, 20.261374 ], [ 85.8365858, 20.2612577 ] ] } },
{ "type": "Feature", "properties": { "@osmId": "way/170090967", "@snapshotTimestamp": "2015-01-01T00:00:00Z" }, "geometry": { "type": "LineString", "coordinates": [ [ 85.8369828, 20.2616729 ], [ 85.836801, 20.261374 ] ] } },
{ "type": "Feature", "properties": { "@osmId": "way/279088741", "@snapshotTimestamp": "2015-01-01T00:00:00Z" }, "geometry": { "type": "LineString", "coordinates": [ [ 85.8381521, 20.2604308 ], [ 85.8345762, 20.2630535 ] ] } },
{ "type": "Feature", "properties": { "@osmId": "way/279088738", "@snapshotTimestamp": "2015-01-01T00:00:00Z" }, "geometry": { "type": "LineString", "coordinates": [ [ 85.83467, 20.2631875 ], [ 85.838267, 20.2606182 ] ] } },
{ "type": "Feature", "properties": { "@osmId": "way/279088740", "@snapshotTimestamp": "2015-01-01T00:00:00Z" }, "geometry": { "type": "LineString", "coordinates": [ [ 85.8347724, 20.2631677 ], [ 85.837213, 20.2622081 ] ] } },
{ "type": "Feature", "properties": { "@osmId": "way/279088745", "@snapshotTimestamp": "2015-01-01T00:00:00Z" }, "geometry": { "type": "LineString", "coordinates": [ [ 85.8405504, 20.2675148 ], [ 85.8369828, 20.2616729 ] ] } },
{ "type": "Feature", "properties": { "@osmId": "way/170090972", "@snapshotTimestamp": "2015-01-01T00:00:00Z" }, "geometry": { "type": "LineString", "coordinates": [ [ 85.8298735, 20.2665645 ], [ 85.8347724, 20.2631677 ] ] } },
{ "type": "Feature", "properties": { "@osmId": "way/279088747", "@snapshotTimestamp": "2015-01-01T00:00:00Z" }, "geometry": { "type": "LineString", "coordinates": [ [ 85.837213, 20.2622081 ], [ 85.8404512, 20.2675606 ] ] } },
{ "type": "Feature", "properties": { "@osmId": "way/218526251", "@snapshotTimestamp": "2015-01-01T00:00:00Z" }, "geometry": { "type": "LineString", "coordinates": [ [ 85.7935951, 20.2708972 ], [ 85.7891081, 20.2593598 ] ] } },
{ "type": "Feature", "properties": { "@osmId": "way/26755741", "@snapshotTimestamp": "2015-01-01T00:00:00Z" }, "geometry": { "type": "LineString", "coordinates": [ [ 85.7890273, 20.2593985 ], [ 85.7934853, 20.2709516 ] ] } },
{ "type": "Feature", "properties": { "@osmId": "way/292054981", "@snapshotTimestamp": "2015-01-01T00:00:00Z" }, "geometry": { "type": "LineString", "coordinates": [ [ 85.813408, 20.2697453 ], [ 85.8132353, 20.2697054 ] ] } },
{ "type": "Feature", "properties": { "@osmId": "way/292054987", "@snapshotTimestamp": "2015-01-01T00:00:00Z" }, "geometry": { "type": "LineString", "coordinates": [ [ 85.8132353, 20.2697054 ], [ 85.8131321, 20.2696953 ], [ 85.8130746, 20.2697767 ], [ 85.8131705, 20.2698531 ], [ 85.8132353, 20.2697054 ] ] } },
{ "type": "Feature", "properties": { "@osmId": "way/292054983", "@snapshotTimestamp": "2015-01-01T00:00:00Z" }, "geometry": { "type": "LineString", "coordinates": [ [ 85.813408, 20.2697453 ], [ 85.8132455, 20.2698186 ] ] } },
{ "type": "Feature", "properties": { "@osmId": "way/26764916", "@snapshotTimestamp": "2015-01-01T00:00:00Z" }, "geometry": { "type": "LineString", "coordinates": [ [ 85.82232, 20.26995 ], [ 85.8219867, 20.2699148 ], [ 85.821744, 20.2700964 ], [ 85.822216, 20.2703681 ], [ 85.82232, 20.26995 ] ] } },
{ "type": "Feature", "properties": { "@osmId": "way/26755988", "@snapshotTimestamp": "2015-01-01T00:00:00Z" }, "geometry": { "type": "LineString", "coordinates": [ [ 85.8385456, 20.2694931 ], [ 85.83309, 20.27186 ] ] } },
{ "type": "Feature", "properties": { "@osmId": "way/264726512", "@snapshotTimestamp": "2015-01-01T00:00:00Z" }, "geometry": { "type": "LineString", "coordinates": [ [ 85.8427624, 20.2732906 ], [ 85.8411956, 20.2685823 ] ] } },
{ "type": "Feature", "properties": { "@osmId": "way/90622228", "@snapshotTimestamp": "2015-01-01T00:00:00Z" }, "geometry": { "type": "LineString", "coordinates": [ [ 85.8429659, 20.274577 ], [ 85.8407955, 20.2687593 ] ] } },
{ "type": "Feature", "properties": { "@osmId": "way/218526250", "@snapshotTimestamp": "2015-01-01T00:00:00Z" }, "geometry": { "type": "LineString", "coordinates": [ [ 85.7943727, 20.2731314 ], [ 85.7935951, 20.2708972 ] ] } },
{ "type": "Feature", "properties": { "@osmId": "way/218526248", "@snapshotTimestamp": "2015-01-01T00:00:00Z" }, "geometry": { "type": "LineString", "coordinates": [ [ 85.7934853, 20.2709516 ], [ 85.7942731, 20.2731676 ] ] } },
{ "type": "Feature", "properties": { "@osmId": "way/264726927", "@snapshotTimestamp": "2015-01-01T00:00:00Z" }, "geometry": { "type": "LineString", "coordinates": [ [ 85.8435624, 20.2779378 ], [ 85.8298268, 20.2663179 ] ] } },
{ "type": "Feature", "properties": { "@osmId": "way/279091478", "@snapshotTimestamp": "2015-01-01T00:00:00Z" }, "geometry": { "type": "LineString", "coordinates": [ [ 85.822216, 20.2703681 ], [ 85.8255, 20.27561 ] ] } },
{ "type": "Feature", "properties": { "@osmId": "way/280421141", "@snapshotTimestamp": "2015-01-01T00:00:00Z" }, "geometry": { "type": "LineString", "coordinates": [ [ 85.7955094, 20.2757564 ], [ 85.7943727, 20.2731314 ] ] } },
{ "type": "Feature", "properties": { "@osmId": "way/218526246", "@snapshotTimestamp": "2015-01-01T00:00:00Z" }, "geometry": { "type": "LineString", "coordinates": [ [ 85.7942731, 20.2731676 ], [ 85.795416, 20.2758029 ] ] } },
{ "type": "Feature", "properties": { "@osmId": "way/26764959", "@snapshotTimestamp": "2015-01-01T00:00:00Z" }, "geometry": { "type": "LineString", "coordinates": [ [ 85.83339, 20.27276 ], [ 85.8352044, 20.2809702 ] ] } },
{ "type": "Feature", "properties": { "@osmId": "way/26755461", "@snapshotTimestamp": "2015-01-01T00:00:00Z" }, "geometry": { "type": "LineString", "coordinates": [ [ 85.81739, 20.27559 ], [ 85.81241, 20.28001 ] ] } },
{ "type": "Feature", "properties": { "@osmId": "way/26754699", "@snapshotTimestamp": "2015-01-01T00:00:00Z" }, "geometry": { "type": "LineString", "coordinates": [ [ 85.8351143, 20.2789766 ], [ 85.8435723, 20.278022 ] ] } },
{ "type": "Feature", "properties": { "@osmId": "way/26755286", "@snapshotTimestamp": "2015-01-01T00:00:00Z" }, "geometry": { "type": "LineString", "coordinates": [ [ 85.81241, 20.28001 ], [ 85.8079051, 20.2848063 ] ] } },
{ "type": "Feature", "properties": { "@osmId": "way/26755862", "@snapshotTimestamp": "2015-01-01T00:00:00Z" }, "geometry": { "type": "LineString", "coordinates": [ [ 85.8255, 20.27561 ], [ 85.8257732, 20.2922528 ] ] } },
{ "type": "Feature", "properties": { "@osmId": "way/26754634", "@snapshotTimestamp": "2015-01-01T00:00:00Z" }, "geometry": { "type": "LineString", "coordinates": [ [ 85.8429659, 20.274577 ], [ 85.8419818, 20.2961399 ] ] } },
{ "type": "Feature", "properties": { "@osmId": "way/26755771", "@snapshotTimestamp": "2015-01-01T00:00:00Z" }, "geometry": { "type": "LineString", "coordinates": [ [ 85.8352044, 20.2809702 ], [ 85.8331972, 20.2971465 ] ] } },
{ "type": "Feature", "properties": { "@osmId": "way/258631462", "@snapshotTimestamp": "2015-01-01T00:00:00Z" }, "geometry": { "type": "LineString", "coordinates": [ [ 85.6472998, 20.1918749 ], [ 85.6920311, 20.2088903 ] ] } },
{ "type": "Feature", "properties": { "@osmId": "way/218533007", "@snapshotTimestamp": "2015-01-01T00:00:00Z" }, "geometry": { "type": "LineString", "coordinates": [ [ 85.6923921, 20.208883 ], [ 85.6920958, 20.2088094 ] ] } },
{ "type": "Feature", "properties": { "@osmId": "way/218533006", "@snapshotTimestamp": "2015-01-01T00:00:00Z" }, "geometry": { "type": "LineString", "coordinates": [ [ 85.6920311, 20.2088903 ], [ 85.6923488, 20.2089616 ] ] } },
{ "type": "Feature", "properties": { "@osmId": "way/218533015", "@snapshotTimestamp": "2015-01-01T00:00:00Z" }, "geometry": { "type": "LineString", "coordinates": [ [ 85.6590382, 20.1978077 ], [ 85.6701404, 20.2217246 ] ] } },
{ "type": "Feature", "properties": { "@osmId": "way/45009645", "@snapshotTimestamp": "2015-01-01T00:00:00Z" }, "geometry": { "type": "LineString", "coordinates": [ [ 85.7396518, 20.2313801 ], [ 85.6923921, 20.208883 ] ] } },
{ "type": "Feature", "properties": { "@osmId": "way/218533009", "@snapshotTimestamp": "2015-01-01T00:00:00Z" }, "geometry": { "type": "LineString", "coordinates": [ [ 85.6923488, 20.2089616 ], [ 85.773791, 20.2445355 ] ] } },
{ "type": "Feature", "properties": { "@osmId": "way/296217384", "@snapshotTimestamp": "2015-01-01T00:00:00Z" }, "geometry": { "type": "LineString", "coordinates": [ [ 85.4994993, 20.2205835 ], [ 85.4542243, 20.2391677 ] ] } },
{ "type": "Feature", "properties": { "@osmId": "way/286065168", "@snapshotTimestamp": "2015-01-01T00:00:00Z" }, "geometry": { "type": "LineString", "coordinates": [ [ 85.7737884, 20.2444466 ], [ 85.7396518, 20.2313801 ] ] } },
{ "type": "Feature", "properties": { "@osmId": "way/296217385", "@snapshotTimestamp": "2015-01-01T00:00:00Z" }, "geometry": { "type": "LineString", "coordinates": [ [ 85.4799751, 20.2287947 ], [ 85.5167436, 20.2656712 ], [ 85.5278382, 20.3785077 ] ] } },
{ "type": "Feature", "properties": { "@osmId": "way/22828398", "@snapshotTimestamp": "2015-01-01T00:00:00Z" }, "geometry": { "type": "LineString", "coordinates": [ [ 85.5278382, 20.3785077 ], [ 85.5926097, 20.4035577 ] ] } },
{ "type": "Feature", "properties": { "@osmId": "way/312566662", "@snapshotTimestamp": "2015-01-01T00:00:00Z" }, "geometry": { "type": "LineString", "coordinates": [ [ 85.8321047, 20.3712792 ], [ 85.8321734, 20.3683906 ] ] } },
{ "type": "Feature", "properties": { "@osmId": "way/44948515", "@snapshotTimestamp": "2015-01-01T00:00:00Z" }, "geometry": { "type": "LineString", "coordinates": [ [ 85.734909, 20.3298031 ], [ 85.8291023, 20.4154816 ] ] } },
{ "type": "Feature", "properties": { "@osmId": "way/300427510", "@snapshotTimestamp": "2015-01-01T00:00:00Z" }, "geometry": { "type": "LineString", "coordinates": [ [ 85.8268653, 20.3955723 ], [ 85.826869, 20.3957438 ], [ 85.8269674, 20.3957565 ], [ 85.8269536, 20.3955821 ], [ 85.8268653, 20.3955723 ] ] } },
{ "type": "Feature", "properties": { "@osmId": "way/300427509", "@snapshotTimestamp": "2015-01-01T00:00:00Z" }, "geometry": { "type": "LineString", "coordinates": [ [ 85.8269674, 20.3957565 ], [ 85.8257503, 20.4104784 ] ] } },
{ "type": "Feature", "properties": { "@osmId": "way/315126270", "@snapshotTimestamp": "2015-01-01T00:00:00Z" }, "geometry": { "type": "LineString", "coordinates": [ [ 85.8292243, 20.3979057 ], [ 85.826987, 20.4115352 ] ] } },
{ "type": "Feature", "properties": { "@osmId": "way/315126271", "@snapshotTimestamp": "2015-01-01T00:00:00Z" }, "geometry": { "type": "LineString", "coordinates": [ [ 85.8270516, 20.411635 ], [ 85.8293248, 20.3979969 ] ] } },
{ "type": "Feature", "properties": { "@osmId": "way/44946731", "@snapshotTimestamp": "2015-01-01T00:00:00Z" }, "geometry": { "type": "LineString", "coordinates": [ [ 85.8295689, 20.4162618 ], [ 85.8291023, 20.4154816 ] ] } },
{ "type": "Feature", "properties": { "@osmId": "way/44946732", "@snapshotTimestamp": "2015-01-01T00:00:00Z" }, "geometry": { "type": "LineString", "coordinates": [ [ 85.8392684, 20.4383581 ], [ 85.8295689, 20.4162618 ] ] } },
{ "type": "Feature", "properties": { "@osmId": "way/44948466", "@snapshotTimestamp": "2015-01-01T00:00:00Z" }, "geometry": { "type": "LineString", "coordinates": [ [ 85.7901094, 20.4503179 ], [ 85.8392684, 20.4383581 ] ] } },
{ "type": "Feature", "properties": { "@osmId": "way/44948465", "@snapshotTimestamp": "2015-01-01T00:00:00Z" }, "geometry": { "type": "LineString", "coordinates": [ [ 85.7896621, 20.4497345 ], [ 85.7901094, 20.4503179 ] ] } },
{ "type": "Feature", "properties": { "@osmId": "way/168246339", "@snapshotTimestamp": "2015-01-01T00:00:00Z" }, "geometry": { "type": "LineString", "coordinates": [ [ 86.1792634, 19.9407251 ], [ 86.1945086, 20.0022335 ] ] } },
{ "type": "Feature", "properties": { "@osmId": "way/168246337", "@snapshotTimestamp": "2015-01-01T00:00:00Z" }, "geometry": { "type": "LineString", "coordinates": [ [ 86.2687308, 19.9795627 ], [ 86.1945086, 20.0022335 ] ] } },
{ "type": "Feature", "properties": { "@osmId": "way/168246342", "@snapshotTimestamp": "2015-01-01T00:00:00Z" }, "geometry": { "type": "LineString", "coordinates": [ [ 86.2913587, 20.0089617 ], [ 86.2687308, 19.9795627 ] ] } },
{ "type": "Feature", "properties": { "@osmId": "way/168246341", "@snapshotTimestamp": "2015-01-01T00:00:00Z" }, "geometry": { "type": "LineString", "coordinates": [ [ 86.1945086, 20.0022335 ], [ 86.1763707, 20.0117614 ] ] } },
{ "type": "Feature", "properties": { "@osmId": "way/236062155", "@snapshotTimestamp": "2015-01-01T00:00:00Z" }, "geometry": { "type": "LineString", "coordinates": [ [ 86.2751793, 20.0655028 ], [ 86.2824558, 20.1304396 ], [ 86.1783784, 20.2526477 ] ] } },
{ "type": "Feature", "properties": { "@osmId": "way/219096193", "@snapshotTimestamp": "2015-01-01T00:00:00Z" }, "geometry": { "type": "LineString", "coordinates": [ [ 86.3794524, 20.5155702 ], [ 86.3791573, 20.5157792 ] ] } },
{ "type": "Feature", "properties": { "@osmId": "way/84730799", "@snapshotTimestamp": "2015-01-01T00:00:00Z" }, "geometry": { "type": "LineString", "coordinates": [ [ 86.3791573, 20.5157792 ], [ 86.3637022, 20.5267352 ] ] } },
{ "type": "Feature", "properties": { "@osmId": "way/219099814", "@snapshotTimestamp": "2015-01-01T00:00:00Z" }, "geometry": { "type": "LineString", "coordinates": [ [ 86.3636625, 20.527016 ], [ 86.3793154, 20.5158309 ] ] } },
{ "type": "Feature", "properties": { "@osmId": "way/219096224", "@snapshotTimestamp": "2015-01-01T00:00:00Z" }, "geometry": { "type": "LineString", "coordinates": [ [ 86.3637022, 20.5267352 ], [ 86.363223, 20.5270845 ] ] } },
{ "type": "Feature", "properties": { "@osmId": "way/219099858", "@snapshotTimestamp": "2015-01-01T00:00:00Z" }, "geometry": { "type": "LineString", "coordinates": [ [ 86.3631459, 20.5273993 ], [ 86.3636625, 20.527016 ] ] } },
{ "type": "Feature", "properties": { "@osmId": "way/22828395", "@snapshotTimestamp": "2015-01-01T00:00:00Z" }, "geometry": { "type": "LineString", "coordinates": [ [ 86.506747227202396, 20.317135207776442 ], [ 86.4040855, 20.3025346 ], [ 86.2860977, 20.3226852 ] ] } },
{ "type": "Feature", "properties": { "@osmId": "way/219096223", "@snapshotTimestamp": "2015-01-01T00:00:00Z" }, "geometry": { "type": "LineString", "coordinates": [ [ 86.521350779158283, 20.37487497114661 ], [ 86.4893239, 20.3787878 ], [ 86.4901226, 20.405698 ] ] } },
{ "type": "Feature", "properties": { "@osmId": "way/219099889", "@snapshotTimestamp": "2015-01-01T00:00:00Z" }, "geometry": { "type": "LineString", "coordinates": [ [ 86.4902918, 20.4056 ], [ 86.4894303, 20.3788685 ], [ 86.521369548765634, 20.374968101851216 ] ] } },
{ "type": "Feature", "properties": { "@osmId": "way/219099881", "@snapshotTimestamp": "2015-01-01T00:00:00Z" }, "geometry": { "type": "LineString", "coordinates": [ [ 86.4932904, 20.4098934 ], [ 86.4902918, 20.4056 ] ] } },
{ "type": "Feature", "properties": { "@osmId": "way/219096205", "@snapshotTimestamp": "2015-01-01T00:00:00Z" }, "geometry": { "type": "LineString", "coordinates": [ [ 86.4901226, 20.405698 ], [ 86.4930164, 20.4100072 ] ] } },
{ "type": "Feature", "properties": { "@osmId": "way/219096229", "@snapshotTimestamp": "2015-01-01T00:00:00Z" }, "geometry": { "type": "LineString", "coordinates": [ [ 86.4930164, 20.4100072 ], [ 86.4978471, 20.4168658 ] ] } },
{ "type": "Feature", "properties": { "@osmId": "way/219099842", "@snapshotTimestamp": "2015-01-01T00:00:00Z" }, "geometry": { "type": "LineString", "coordinates": [ [ 86.4983559, 20.419852 ], [ 86.4932904, 20.4098934 ] ] } },
{ "type": "Feature", "properties": { "@osmId": "way/219096222", "@snapshotTimestamp": "2015-01-01T00:00:00Z" }, "geometry": { "type": "LineString", "coordinates": [ [ 86.4978471, 20.4168658 ], [ 86.4981508, 20.4198454 ] ] } },
{ "type": "Feature", "properties": { "@osmId": "way/219096189", "@snapshotTimestamp": "2015-01-01T00:00:00Z" }, "geometry": { "type": "LineString", "coordinates": [ [ 86.4981508, 20.4198454 ], [ 86.497901, 20.4208316 ] ] } },
{ "type": "Feature", "properties": { "@osmId": "way/219099852", "@snapshotTimestamp": "2015-01-01T00:00:00Z" }, "geometry": { "type": "LineString", "coordinates": [ [ 86.4980235, 20.4208464 ], [ 86.4983559, 20.419852 ] ] } },
{ "type": "Feature", "properties": { "@osmId": "way/219096183", "@snapshotTimestamp": "2015-01-01T00:00:00Z" }, "geometry": { "type": "LineString", "coordinates": [ [ 86.497901, 20.4208316 ], [ 86.4888976, 20.4295238 ] ] } },
{ "type": "Feature", "properties": { "@osmId": "way/219099891", "@snapshotTimestamp": "2015-01-01T00:00:00Z" }, "geometry": { "type": "LineString", "coordinates": [ [ 86.489061, 20.4296777 ], [ 86.4980235, 20.4208464 ] ] } },
{ "type": "Feature", "properties": { "@osmId": "way/219099851", "@snapshotTimestamp": "2015-01-01T00:00:00Z" }, "geometry": { "type": "LineString", "coordinates": [ [ 86.4888976, 20.4295238 ], [ 86.4885183, 20.4298572 ] ] } },
{ "type": "Feature", "properties": { "@osmId": "way/219099868", "@snapshotTimestamp": "2015-01-01T00:00:00Z" }, "geometry": { "type": "LineString", "coordinates": [ [ 86.4887316, 20.4299348 ], [ 86.489061, 20.4296777 ] ] } },
{ "type": "Feature", "properties": { "@osmId": "way/219099884", "@snapshotTimestamp": "2015-01-01T00:00:00Z" }, "geometry": { "type": "LineString", "coordinates": [ [ 86.4885183, 20.4298572 ], [ 86.4772702, 20.4389221 ] ] } },
{ "type": "Feature", "properties": { "@osmId": "way/219099820", "@snapshotTimestamp": "2015-01-01T00:00:00Z" }, "geometry": { "type": "LineString", "coordinates": [ [ 86.4774903, 20.4389455 ], [ 86.4887316, 20.4299348 ] ] } },
{ "type": "Feature", "properties": { "@osmId": "way/219096207", "@snapshotTimestamp": "2015-01-01T00:00:00Z" }, "geometry": { "type": "LineString", "coordinates": [ [ 86.4772702, 20.4389221 ], [ 86.4770518, 20.4391178 ] ] } },
{ "type": "Feature", "properties": { "@osmId": "way/219099856", "@snapshotTimestamp": "2015-01-01T00:00:00Z" }, "geometry": { "type": "LineString", "coordinates": [ [ 86.4771359, 20.4392326 ], [ 86.4774903, 20.4389455 ] ] } },
{ "type": "Feature", "properties": { "@osmId": "way/219096225", "@snapshotTimestamp": "2015-01-01T00:00:00Z" }, "geometry": { "type": "LineString", "coordinates": [ [ 86.4770518, 20.4391178 ], [ 86.4555332, 20.4563379 ] ] } },
{ "type": "Feature", "properties": { "@osmId": "way/219099841", "@snapshotTimestamp": "2015-01-01T00:00:00Z" }, "geometry": { "type": "LineString", "coordinates": [ [ 86.4557107, 20.4564771 ], [ 86.4771359, 20.4392326 ] ] } },
{ "type": "Feature", "properties": { "@osmId": "way/219096197", "@snapshotTimestamp": "2015-01-01T00:00:00Z" }, "geometry": { "type": "LineString", "coordinates": [ [ 86.4555332, 20.4563379 ], [ 86.454876, 20.4568551 ] ] } },
{ "type": "Feature", "properties": { "@osmId": "way/219099846", "@snapshotTimestamp": "2015-01-01T00:00:00Z" }, "geometry": { "type": "LineString", "coordinates": [ [ 86.4551012, 20.4569421 ], [ 86.4557107, 20.4564771 ] ] } },
{ "type": "Feature", "properties": { "@osmId": "way/219096181", "@snapshotTimestamp": "2015-01-01T00:00:00Z" }, "geometry": { "type": "LineString", "coordinates": [ [ 86.454876, 20.4568551 ], [ 86.4167883, 20.4873037 ] ] } },
{ "type": "Feature", "properties": { "@osmId": "way/219099870", "@snapshotTimestamp": "2015-01-01T00:00:00Z" }, "geometry": { "type": "LineString", "coordinates": [ [ 86.4168852, 20.4873702 ], [ 86.4551012, 20.4569421 ] ] } },
{ "type": "Feature", "properties": { "@osmId": "way/219096195", "@snapshotTimestamp": "2015-01-01T00:00:00Z" }, "geometry": { "type": "LineString", "coordinates": [ [ 86.4167883, 20.4873037 ], [ 86.4165604, 20.487478 ] ] } },
{ "type": "Feature", "properties": { "@osmId": "way/219099857", "@snapshotTimestamp": "2015-01-01T00:00:00Z" }, "geometry": { "type": "LineString", "coordinates": [ [ 86.4166389, 20.487574 ], [ 86.4168852, 20.4873702 ] ] } },
{ "type": "Feature", "properties": { "@osmId": "way/22828313", "@snapshotTimestamp": "2015-01-01T00:00:00Z" }, "geometry": { "type": "LineString", "coordinates": [ [ 86.535035274456149, 20.483252727114117 ], [ 86.4157829, 20.504158 ] ] } },
{ "type": "Feature", "properties": { "@osmId": "way/219096180", "@snapshotTimestamp": "2015-01-01T00:00:00Z" }, "geometry": { "type": "LineString", "coordinates": [ [ 86.4165604, 20.487478 ], [ 86.397889, 20.5021263 ] ] } },
{ "type": "Feature", "properties": { "@osmId": "way/219099836", "@snapshotTimestamp": "2015-01-01T00:00:00Z" }, "geometry": { "type": "LineString", "coordinates": [ [ 86.3981706, 20.5022599 ], [ 86.4166389, 20.487574 ] ] } },
{ "type": "Feature", "properties": { "@osmId": "way/219096188", "@snapshotTimestamp": "2015-01-01T00:00:00Z" }, "geometry": { "type": "LineString", "coordinates": [ [ 86.397889, 20.5021263 ], [ 86.3966686, 20.5030132 ] ] } },
{ "type": "Feature", "properties": { "@osmId": "way/219099844", "@snapshotTimestamp": "2015-01-01T00:00:00Z" }, "geometry": { "type": "LineString", "coordinates": [ [ 86.3969573, 20.5031217 ], [ 86.3981706, 20.5022599 ] ] } },
{ "type": "Feature", "properties": { "@osmId": "way/219096226", "@snapshotTimestamp": "2015-01-01T00:00:00Z" }, "geometry": { "type": "LineString", "coordinates": [ [ 86.3966686, 20.5030132 ], [ 86.3828466, 20.5130968 ] ] } },
{ "type": "Feature", "properties": { "@osmId": "way/219099809", "@snapshotTimestamp": "2015-01-01T00:00:00Z" }, "geometry": { "type": "LineString", "coordinates": [ [ 86.3829899, 20.5132593 ], [ 86.3969573, 20.5031217 ] ] } },
{ "type": "Feature", "properties": { "@osmId": "way/219099885", "@snapshotTimestamp": "2015-01-01T00:00:00Z" }, "geometry": { "type": "LineString", "coordinates": [ [ 86.363223, 20.5270845 ], [ 86.3498205, 20.5363605 ] ] } },
{ "type": "Feature", "properties": { "@osmId": "way/219099833", "@snapshotTimestamp": "2015-01-01T00:00:00Z" }, "geometry": { "type": "LineString", "coordinates": [ [ 86.3412707, 20.5424189 ], [ 86.3631459, 20.5273993 ] ] } },
{ "type": "Feature", "properties": { "@osmId": "way/219096221", "@snapshotTimestamp": "2015-01-01T00:00:00Z" }, "geometry": { "type": "LineString", "coordinates": [ [ 86.3498205, 20.5363605 ], [ 86.342242, 20.5415529 ] ] } },
{ "type": "Feature", "properties": { "@osmId": "way/219096190", "@snapshotTimestamp": "2015-01-01T00:00:00Z" }, "geometry": { "type": "LineString", "coordinates": [ [ 86.342242, 20.5415529 ], [ 86.3411788, 20.5422756 ] ] } },
{ "type": "Feature", "properties": { "@osmId": "way/219096186", "@snapshotTimestamp": "2015-01-01T00:00:00Z" }, "geometry": { "type": "LineString", "coordinates": [ [ 86.3411788, 20.5422756 ], [ 86.3406024, 20.5426533 ] ] } },
{ "type": "Feature", "properties": { "@osmId": "way/219099848", "@snapshotTimestamp": "2015-01-01T00:00:00Z" }, "geometry": { "type": "LineString", "coordinates": [ [ 86.3404493, 20.5429951 ], [ 86.3412707, 20.5424189 ] ] } },
{ "type": "Feature", "properties": { "@osmId": "way/219096220", "@snapshotTimestamp": "2015-01-01T00:00:00Z" }, "geometry": { "type": "LineString", "coordinates": [ [ 86.3406024, 20.5426533 ], [ 86.3314638, 20.5486327 ] ] } },
{ "type": "Feature", "properties": { "@osmId": "way/219099888", "@snapshotTimestamp": "2015-01-01T00:00:00Z" }, "geometry": { "type": "LineString", "coordinates": [ [ 86.3315781, 20.5488032 ], [ 86.3404493, 20.5429951 ] ] } },
{ "type": "Feature", "properties": { "@osmId": "way/219096191", "@snapshotTimestamp": "2015-01-01T00:00:00Z" }, "geometry": { "type": "LineString", "coordinates": [ [ 86.3314638, 20.5486327 ], [ 86.330638, 20.549157 ] ] } },
{ "type": "Feature", "properties": { "@osmId": "way/219099863", "@snapshotTimestamp": "2015-01-01T00:00:00Z" }, "geometry": { "type": "LineString", "coordinates": [ [ 86.3307654, 20.5493141 ], [ 86.3315781, 20.5488032 ] ] } },
{ "type": "Feature", "properties": { "@osmId": "way/86162242", "@snapshotTimestamp": "2015-01-01T00:00:00Z" }, "geometry": { "type": "LineString", "coordinates": [ [ 86.4005176, 20.5156715 ], [ 86.4157829, 20.504158 ] ] } },
{ "type": "Feature", "properties": { "@osmId": "way/219096198", "@snapshotTimestamp": "2015-01-01T00:00:00Z" }, "geometry": { "type": "LineString", "coordinates": [ [ 86.3828466, 20.5130968 ], [ 86.3824979, 20.513341 ] ] } },
{ "type": "Feature", "properties": { "@osmId": "way/219099853", "@snapshotTimestamp": "2015-01-01T00:00:00Z" }, "geometry": { "type": "LineString", "coordinates": [ [ 86.3825516, 20.5135529 ], [ 86.3829899, 20.5132593 ] ] } },
{ "type": "Feature", "properties": { "@osmId": "way/219096217", "@snapshotTimestamp": "2015-01-01T00:00:00Z" }, "geometry": { "type": "LineString", "coordinates": [ [ 86.3824979, 20.513341 ], [ 86.3794524, 20.5155702 ] ] } },
{ "type": "Feature", "properties": { "@osmId": "way/219099878", "@snapshotTimestamp": "2015-01-01T00:00:00Z" }, "geometry": { "type": "LineString", "coordinates": [ [ 86.3796027, 20.5156134 ], [ 86.3825516, 20.5135529 ] ] } },
{ "type": "Feature", "properties": { "@osmId": "way/219099855", "@snapshotTimestamp": "2015-01-01T00:00:00Z" }, "geometry": { "type": "LineString", "coordinates": [ [ 86.3793154, 20.5158309 ], [ 86.3796027, 20.5156134 ] ] } },
{ "type": "Feature", "properties": { "@osmId": "way/90608783", "@snapshotTimestamp": "2015-01-01T00:00:00Z" }, "geometry": { "type": "LineString", "coordinates": [ [ 86.3723167, 20.5147836 ], [ 86.4403756, 20.5232982 ], [ 86.4814801, 20.5657161 ], [ 86.533135320282227, 20.576598655319035 ] ] } },
{ "type": "Feature", "properties": { "@osmId": "way/279958945", "@snapshotTimestamp": "2015-01-01T00:00:00Z" }, "geometry": { "type": "LineString", "coordinates": [ [ 85.8487932, 20.2957575 ], [ 85.8521712, 20.2954853 ] ] } },
{ "type": "Feature", "properties": { "@osmId": "way/26755549", "@snapshotTimestamp": "2015-01-01T00:00:00Z" }, "geometry": { "type": "LineString", "coordinates": [ [ 85.8399553, 20.2964606 ], [ 85.8487932, 20.2957575 ] ] } },
{ "type": "Feature", "properties": { "@osmId": "way/292410140", "@snapshotTimestamp": "2015-01-01T00:00:00Z" }, "geometry": { "type": "LineString", "coordinates": [ [ 85.8673947, 20.3043378 ], [ 85.8578973, 20.2951493 ] ] } },
{ "type": "Feature", "properties": { "@osmId": "way/26755786", "@snapshotTimestamp": "2015-01-01T00:00:00Z" }, "geometry": { "type": "LineString", "coordinates": [ [ 85.8576877, 20.2955317 ], [ 85.8672807, 20.3044493 ] ] } },
{ "type": "Feature", "properties": { "@osmId": "way/292410141", "@snapshotTimestamp": "2015-01-01T00:00:00Z" }, "geometry": { "type": "LineString", "coordinates": [ [ 85.8690505, 20.3059754 ], [ 85.8673947, 20.3043378 ] ] } },
{ "type": "Feature", "properties": { "@osmId": "way/292410142", "@snapshotTimestamp": "2015-01-01T00:00:00Z" }, "geometry": { "type": "LineString", "coordinates": [ [ 85.8672807, 20.3044493 ], [ 85.8689297, 20.3060827 ] ] } },
{ "type": "Feature", "properties": { "@osmId": "way/196856999", "@snapshotTimestamp": "2015-01-01T00:00:00Z" }, "geometry": { "type": "LineString", "coordinates": [ [ 85.8745085, 20.3111341 ], [ 85.8690505, 20.3059754 ] ] } },
{ "type": "Feature", "properties": { "@osmId": "way/292410143", "@snapshotTimestamp": "2015-01-01T00:00:00Z" }, "geometry": { "type": "LineString", "coordinates": [ [ 85.8689297, 20.3060827 ], [ 85.8742059, 20.3113352 ] ] } },
{ "type": "Feature", "properties": { "@osmId": "way/196857001", "@snapshotTimestamp": "2015-01-01T00:00:00Z" }, "geometry": { "type": "LineString", "coordinates": [ [ 85.877943, 20.314609 ], [ 85.8745085, 20.3111341 ] ] } },
{ "type": "Feature", "properties": { "@osmId": "way/196857000", "@snapshotTimestamp": "2015-01-01T00:00:00Z" }, "geometry": { "type": "LineString", "coordinates": [ [ 85.8742059, 20.3113352 ], [ 85.8776919, 20.3148626 ] ] } },
{ "type": "Feature", "properties": { "@osmId": "way/218526252", "@snapshotTimestamp": "2015-01-01T00:00:00Z" }, "geometry": { "type": "LineString", "coordinates": [ [ 85.8285518, 20.2968052 ], [ 85.825016, 20.2953555 ] ] } },
{ "type": "Feature", "properties": { "@osmId": "way/279717600", "@snapshotTimestamp": "2015-01-01T00:00:00Z" }, "geometry": { "type": "LineString", "coordinates": [ [ 85.8247124, 20.2955303 ], [ 85.8196131, 20.2968464 ] ] } },
{ "type": "Feature", "properties": { "@osmId": "way/218526282", "@snapshotTimestamp": "2015-01-01T00:00:00Z" }, "geometry": { "type": "LineString", "coordinates": [ [ 85.8196131, 20.2968464 ], [ 85.8245702, 20.2960542 ] ] } },
{ "type": "Feature", "properties": { "@osmId": "way/279958946", "@snapshotTimestamp": "2015-01-01T00:00:00Z" }, "geometry": { "type": "LineString", "coordinates": [ [ 85.8487903, 20.2956295 ], [ 85.8285518, 20.2968052 ] ] } },
{ "type": "Feature", "properties": { "@osmId": "way/218526245", "@snapshotTimestamp": "2015-01-01T00:00:00Z" }, "geometry": { "type": "LineString", "coordinates": [ [ 85.8284975, 20.296899 ], [ 85.8399553, 20.2964606 ] ] } },
{ "type": "Feature", "properties": { "@osmId": "way/300173739", "@snapshotTimestamp": "2015-01-01T00:00:00Z" }, "geometry": { "type": "LineString", "coordinates": [ [ 85.8203343, 20.3147426 ], [ 85.8257732, 20.2922528 ] ] } },
{ "type": "Feature", "properties": { "@osmId": "way/26754491", "@snapshotTimestamp": "2015-01-01T00:00:00Z" }, "geometry": { "type": "LineString", "coordinates": [ [ 85.8331972, 20.2971465 ], [ 85.83399, 20.31173 ] ] } },
{ "type": "Feature", "properties": { "@osmId": "way/279956988", "@snapshotTimestamp": "2015-01-01T00:00:00Z" }, "geometry": { "type": "LineString", "coordinates": [ [ 85.8235865, 20.2993139 ], [ 85.82022, 20.31475 ] ] } },
{ "type": "Feature", "properties": { "@osmId": "way/26754248", "@snapshotTimestamp": "2015-01-01T00:00:00Z" }, "geometry": { "type": "LineString", "coordinates": [ [ 85.82041, 20.31997 ], [ 85.83399, 20.31173 ] ] } },
{ "type": "Feature", "properties": { "@osmId": "way/300173742", "@snapshotTimestamp": "2015-01-01T00:00:00Z" }, "geometry": { "type": "LineString", "coordinates": [ [ 85.82022, 20.31475 ], [ 85.8268653, 20.3955723 ] ] } },
{ "type": "Feature", "properties": { "@osmId": "way/44947128", "@snapshotTimestamp": "2015-01-01T00:00:00Z" }, "geometry": { "type": "LineString", "coordinates": [ [ 85.880949, 20.3192221 ], [ 85.877943, 20.314609 ] ] } },
{ "type": "Feature", "properties": { "@osmId": "way/196857002", "@snapshotTimestamp": "2015-01-01T00:00:00Z" }, "geometry": { "type": "LineString", "coordinates": [ [ 85.8776919, 20.3148626 ], [ 85.8808784, 20.3193022 ] ] } },
{ "type": "Feature", "properties": { "@osmId": "way/44947109", "@snapshotTimestamp": "2015-01-01T00:00:00Z" }, "geometry": { "type": "LineString", "coordinates": [ [ 85.8813987, 20.3196537 ], [ 85.880949, 20.3192221 ] ] } },
{ "type": "Feature", "properties": { "@osmId": "way/44947105", "@snapshotTimestamp": "2015-01-01T00:00:00Z" }, "geometry": { "type": "LineString", "coordinates": [ [ 85.8808784, 20.3193022 ], [ 85.8813154, 20.319722 ] ] } },
{ "type": "Feature", "properties": { "@osmId": "way/44947108", "@snapshotTimestamp": "2015-01-01T00:00:00Z" }, "geometry": { "type": "LineString", "coordinates": [ [ 85.880768, 20.4021866 ], [ 85.8813987, 20.3196537 ] ] } },
{ "type": "Feature", "properties": { "@osmId": "way/44947113", "@snapshotTimestamp": "2015-01-01T00:00:00Z" }, "geometry": { "type": "LineString", "coordinates": [ [ 85.8813154, 20.319722 ], [ 85.8806608, 20.4021823 ] ] } },
{ "type": "Feature", "properties": { "@osmId": "way/218501308", "@snapshotTimestamp": "2015-01-01T00:00:00Z" }, "geometry": { "type": "LineString", "coordinates": [ [ 85.8807175, 20.4024387 ], [ 85.880768, 20.4021866 ] ] } },
{ "type": "Feature", "properties": { "@osmId": "way/44946760", "@snapshotTimestamp": "2015-01-01T00:00:00Z" }, "geometry": { "type": "LineString", "coordinates": [ [ 85.8806608, 20.4021823 ], [ 85.8806048, 20.4024492 ] ] } },
{ "type": "Feature", "properties": { "@osmId": "way/44946759", "@snapshotTimestamp": "2015-01-01T00:00:00Z" }, "geometry": { "type": "LineString", "coordinates": [ [ 85.8872911, 20.4374492 ], [ 85.8807175, 20.4024387 ] ] } },
{ "type": "Feature", "properties": { "@osmId": "way/44947089", "@snapshotTimestamp": "2015-01-01T00:00:00Z" }, "geometry": { "type": "LineString", "coordinates": [ [ 85.8806048, 20.4024492 ], [ 85.8870952, 20.437776 ] ] } },
{ "type": "Feature", "properties": { "@osmId": "way/218501325", "@snapshotTimestamp": "2015-01-01T00:00:00Z" }, "geometry": { "type": "LineString", "coordinates": [ [ 85.8765696, 20.4292815 ], [ 85.8775276, 20.4283097 ] ] } },
{ "type": "Feature", "properties": { "@osmId": "way/44948487", "@snapshotTimestamp": "2015-01-01T00:00:00Z" }, "geometry": { "type": "LineString", "coordinates": [ [ 85.8765696, 20.4292815 ], [ 85.8623354, 20.4401577 ] ] } },
{ "type": "Feature", "properties": { "@osmId": "way/44948490", "@snapshotTimestamp": "2015-01-01T00:00:00Z" }, "geometry": { "type": "LineString", "coordinates": [ [ 85.8517139, 20.4354929 ], [ 85.8392684, 20.4383581 ] ] } },
{ "type": "Feature", "properties": { "@osmId": "way/44948488", "@snapshotTimestamp": "2015-01-01T00:00:00Z" }, "geometry": { "type": "LineString", "coordinates": [ [ 85.8596854, 20.4389915 ], [ 85.8517139, 20.4354929 ] ] } },
{ "type": "Feature", "properties": { "@osmId": "way/44948486", "@snapshotTimestamp": "2015-01-01T00:00:00Z" }, "geometry": { "type": "LineString", "coordinates": [ [ 85.8623354, 20.4401577 ], [ 85.8596854, 20.4389915 ] ] } },
{ "type": "Feature", "properties": { "@osmId": "way/218501319", "@snapshotTimestamp": "2015-01-01T00:00:00Z" }, "geometry": { "type": "LineString", "coordinates": [ [ 85.8935165, 20.4429223 ], [ 85.8872911, 20.4374492 ] ] } },
{ "type": "Feature", "properties": { "@osmId": "way/22062295", "@snapshotTimestamp": "2015-01-01T00:00:00Z" }, "geometry": { "type": "LineString", "coordinates": [ [ 85.8870952, 20.437776 ], [ 85.8932138, 20.4431356 ] ] } },
{ "type": "Feature", "properties": { "@osmId": "way/218501314", "@snapshotTimestamp": "2015-01-01T00:00:00Z" }, "geometry": { "type": "LineString", "coordinates": [ [ 85.8939721, 20.4433618 ], [ 85.8935165, 20.4429223 ] ] } },
{ "type": "Feature", "properties": { "@osmId": "way/218501306", "@snapshotTimestamp": "2015-01-01T00:00:00Z" }, "geometry": { "type": "LineString", "coordinates": [ [ 85.8932138, 20.4431356 ], [ 85.8937063, 20.4435712 ] ] } },
{ "type": "Feature", "properties": { "@osmId": "way/44946739", "@snapshotTimestamp": "2015-01-01T00:00:00Z" }, "geometry": { "type": "LineString", "coordinates": [ [ 85.8941873, 20.4435568 ], [ 85.8939721, 20.4433618 ] ] } },
{ "type": "Feature", "properties": { "@osmId": "way/218501304", "@snapshotTimestamp": "2015-01-01T00:00:00Z" }, "geometry": { "type": "LineString", "coordinates": [ [ 85.8937063, 20.4435712 ], [ 85.8939499, 20.4437842 ] ] } },
{ "type": "Feature", "properties": { "@osmId": "way/47441902", "@snapshotTimestamp": "2015-01-01T00:00:00Z" }, "geometry": { "type": "LineString", "coordinates": [ [ 85.8982323, 20.4400903 ], [ 85.9157847, 20.4514502 ] ] } },
{ "type": "Feature", "properties": { "@osmId": "way/44946801", "@snapshotTimestamp": "2015-01-01T00:00:00Z" }, "geometry": { "type": "LineString", "coordinates": [ [ 85.900087, 20.4528635 ], [ 85.8941873, 20.4435568 ] ] } },
{ "type": "Feature", "properties": { "@osmId": "way/44946756", "@snapshotTimestamp": "2015-01-01T00:00:00Z" }, "geometry": { "type": "LineString", "coordinates": [ [ 85.8939499, 20.4437842 ], [ 85.8999873, 20.4529232 ] ] } },
{ "type": "Feature", "properties": { "@osmId": "way/178746748", "@snapshotTimestamp": "2015-01-01T00:00:00Z" }, "geometry": { "type": "LineString", "coordinates": [ [ 85.8776177, 20.4552504 ], [ 85.8959725, 20.4454394 ] ] } },
{ "type": "Feature", "properties": { "@osmId": "way/44946805", "@snapshotTimestamp": "2015-01-01T00:00:00Z" }, "geometry": { "type": "LineString", "coordinates": [ [ 85.9005011, 20.4537039 ], [ 85.900087, 20.4528635 ] ] } },
{ "type": "Feature", "properties": { "@osmId": "way/44946799", "@snapshotTimestamp": "2015-01-01T00:00:00Z" }, "geometry": { "type": "LineString", "coordinates": [ [ 85.8999873, 20.4529232 ], [ 85.9004112, 20.4537616 ] ] } },
{ "type": "Feature", "properties": { "@osmId": "way/44946790", "@snapshotTimestamp": "2015-01-01T00:00:00Z" }, "geometry": { "type": "LineString", "coordinates": [ [ 85.9009133, 20.454519 ], [ 85.9005011, 20.4537039 ] ] } },
{ "type": "Feature", "properties": { "@osmId": "way/44946793", "@snapshotTimestamp": "2015-01-01T00:00:00Z" }, "geometry": { "type": "LineString", "coordinates": [ [ 85.9004112, 20.4537616 ], [ 85.900824, 20.4545999 ] ] } },
{ "type": "Feature", "properties": { "@osmId": "way/44948317", "@snapshotTimestamp": "2015-01-01T00:00:00Z" }, "geometry": { "type": "LineString", "coordinates": [ [ 85.9021124, 20.456848 ], [ 85.9161913, 20.4526004 ] ] } },
{ "type": "Feature", "properties": { "@osmId": "way/44946777", "@snapshotTimestamp": "2015-01-01T00:00:00Z" }, "geometry": { "type": "LineString", "coordinates": [ [ 85.8975427, 20.447963 ], [ 85.8919792, 20.460062 ] ] } },
{ "type": "Feature", "properties": { "@osmId": "way/218501302", "@snapshotTimestamp": "2015-01-01T00:00:00Z" }, "geometry": { "type": "LineString", "coordinates": [ [ 85.9014836, 20.4587813 ], [ 85.9009133, 20.454519 ] ] } },
{ "type": "Feature", "properties": { "@osmId": "way/178746756", "@snapshotTimestamp": "2015-01-01T00:00:00Z" }, "geometry": { "type": "LineString", "coordinates": [ [ 85.8811267, 20.4596881 ], [ 85.8776177, 20.4552504 ] ] } },
{ "type": "Feature", "properties": { "@osmId": "way/44946789", "@snapshotTimestamp": "2015-01-01T00:00:00Z" }, "geometry": { "type": "LineString", "coordinates": [ [ 85.900824, 20.4545999 ], [ 85.9018081, 20.4603832 ] ] } },
{ "type": "Feature", "properties": { "@osmId": "way/44946780", "@snapshotTimestamp": "2015-01-01T00:00:00Z" }, "geometry": { "type": "LineString", "coordinates": [ [ 85.8998598, 20.4605505 ], [ 85.9010938, 20.457565 ] ] } },
{ "type": "Feature", "properties": { "@osmId": "way/44946773", "@snapshotTimestamp": "2015-01-01T00:00:00Z" }, "geometry": { "type": "LineString", "coordinates": [ [ 85.9019185, 20.4603554 ], [ 85.9014836, 20.4587813 ] ] } },
{ "type": "Feature", "properties": { "@osmId": "way/44948320", "@snapshotTimestamp": "2015-01-01T00:00:00Z" }, "geometry": { "type": "LineString", "coordinates": [ [ 85.8929341, 20.4605847 ], [ 85.8986367, 20.4608621 ] ] } },
{ "type": "Feature", "properties": { "@osmId": "way/44948319", "@snapshotTimestamp": "2015-01-01T00:00:00Z" }, "geometry": { "type": "LineString", "coordinates": [ [ 85.8919792, 20.460062 ], [ 85.8921723, 20.4601826 ] ] } },
{ "type": "Feature", "properties": { "@osmId": "way/44948322", "@snapshotTimestamp": "2015-01-01T00:00:00Z" }, "geometry": { "type": "LineString", "coordinates": [ [ 85.8921723, 20.4601826 ], [ 85.89258, 20.4603836 ] ] } },
{ "type": "Feature", "properties": { "@osmId": "way/44948321", "@snapshotTimestamp": "2015-01-01T00:00:00Z" }, "geometry": { "type": "LineString", "coordinates": [ [ 85.89258, 20.4603836 ], [ 85.8929341, 20.4605847 ] ] } },
{ "type": "Feature", "properties": { "@osmId": "way/44946776", "@snapshotTimestamp": "2015-01-01T00:00:00Z" }, "geometry": { "type": "LineString", "coordinates": [ [ 85.8986367, 20.4608621 ], [ 85.8998598, 20.4605505 ] ] } },
{ "type": "Feature", "properties": { "@osmId": "way/178746741", "@snapshotTimestamp": "2015-01-01T00:00:00Z" }, "geometry": { "type": "LineString", "coordinates": [ [ 85.9161913, 20.4526004 ], [ 85.9077348, 20.4725061 ] ] } },
{ "type": "Feature", "properties": { "@osmId": "way/44948326", "@snapshotTimestamp": "2015-01-01T00:00:00Z" }, "geometry": { "type": "LineString", "coordinates": [ [ 85.8922045, 20.4674701 ], [ 85.8983792, 20.4609425 ] ] } },
{ "type": "Feature", "properties": { "@osmId": "way/178746753", "@snapshotTimestamp": "2015-01-01T00:00:00Z" }, "geometry": { "type": "LineString", "coordinates": [ [ 85.8830494, 20.462488 ], [ 85.8890395, 20.4689477 ] ] } },
{ "type": "Feature", "properties": { "@osmId": "way/44946874", "@snapshotTimestamp": "2015-01-01T00:00:00Z" }, "geometry": { "type": "LineString", "coordinates": [ [ 85.9083008, 20.4720269 ], [ 85.9019185, 20.4603554 ] ] } },
{ "type": "Feature", "properties": { "@osmId": "way/44946772", "@snapshotTimestamp": "2015-01-01T00:00:00Z" }, "geometry": { "type": "LineString", "coordinates": [ [ 85.9018081, 20.4603832 ], [ 85.9080245, 20.4721952 ] ] } },
{ "type": "Feature", "properties": { "@osmId": "way/77355294", "@snapshotTimestamp": "2015-01-01T00:00:00Z" }, "geometry": { "type": "LineString", "coordinates": [ [ 85.8760406, 20.4660462 ], [ 85.8700324, 20.4686898 ] ] } },
{ "type": "Feature", "properties": { "@osmId": "way/44948324", "@snapshotTimestamp": "2015-01-01T00:00:00Z" }, "geometry": { "type": "LineString", "coordinates": [ [ 85.8917646, 20.4676008 ], [ 85.8922045, 20.4674701 ] ] } },
{ "type": "Feature", "properties": { "@osmId": "way/90613691", "@snapshotTimestamp": "2015-01-01T00:00:00Z" }, "geometry": { "type": "LineString", "coordinates": [ [ 85.8890395, 20.4689477 ], [ 85.8917646, 20.4676008 ] ] } },
{ "type": "Feature", "properties": { "@osmId": "way/178746744", "@snapshotTimestamp": "2015-01-01T00:00:00Z" }, "geometry": { "type": "LineString", "coordinates": [ [ 85.8930769, 20.4606152 ], [ 85.9005863, 20.4788311 ] ] } },
{ "type": "Feature", "properties": { "@osmId": "way/77355955", "@snapshotTimestamp": "2015-01-01T00:00:00Z" }, "geometry": { "type": "LineString", "coordinates": [ [ 85.8423413, 20.4856356 ], [ 85.8776177, 20.4552504 ] ] } },
{ "type": "Feature", "properties": { "@osmId": "way/77355403", "@snapshotTimestamp": "2015-01-01T00:00:00Z" }, "geometry": { "type": "LineString", "coordinates": [ [ 85.8810402, 20.4775147 ], [ 85.854143, 20.469906 ] ] } },
{ "type": "Feature", "properties": { "@osmId": "way/44946876", "@snapshotTimestamp": "2015-01-01T00:00:00Z" }, "geometry": { "type": "LineString", "coordinates": [ [ 85.9085126, 20.4723309 ], [ 85.9083008, 20.4720269 ] ] } },
{ "type": "Feature", "properties": { "@osmId": "way/44946875", "@snapshotTimestamp": "2015-01-01T00:00:00Z" }, "geometry": { "type": "LineString", "coordinates": [ [ 85.9080245, 20.4721952 ], [ 85.9081614, 20.4724565 ] ] } },
{ "type": "Feature", "properties": { "@osmId": "way/44946877", "@snapshotTimestamp": "2015-01-01T00:00:00Z" }, "geometry": { "type": "LineString", "coordinates": [ [ 85.9088667, 20.4729541 ], [ 85.9085126, 20.4723309 ] ] } },
{ "type": "Feature", "properties": { "@osmId": "way/44946878", "@snapshotTimestamp": "2015-01-01T00:00:00Z" }, "geometry": { "type": "LineString", "coordinates": [ [ 85.9081614, 20.4724565 ], [ 85.9085234, 20.4731401 ] ] } },
{ "type": "Feature", "properties": { "@osmId": "way/90613705", "@snapshotTimestamp": "2015-01-01T00:00:00Z" }, "geometry": { "type": "LineString", "coordinates": [ [ 85.8503931, 20.4750779 ], [ 85.8438981, 20.4710846 ] ] } },
{ "type": "Feature", "properties": { "@osmId": "way/77356781", "@snapshotTimestamp": "2015-01-01T00:00:00Z" }, "geometry": { "type": "LineString", "coordinates": [ [ 85.8810402, 20.4775147 ], [ 85.8890395, 20.4689477 ] ] } },
{ "type": "Feature", "properties": { "@osmId": "way/178746746", "@snapshotTimestamp": "2015-01-01T00:00:00Z" }, "geometry": { "type": "LineString", "coordinates": [ [ 85.9007016, 20.4788017 ], [ 85.9063256, 20.4690091 ] ] } },
{ "type": "Feature", "properties": { "@osmId": "way/90613703", "@snapshotTimestamp": "2015-01-01T00:00:00Z" }, "geometry": { "type": "LineString", "coordinates": [ [ 85.8810402, 20.4775147 ], [ 85.8571578, 20.4674233 ] ] } },
{ "type": "Feature", "properties": { "@osmId": "way/77356844", "@snapshotTimestamp": "2015-01-01T00:00:00Z" }, "geometry": { "type": "LineString", "coordinates": [ [ 85.8631874, 20.4778665 ], [ 85.8745318, 20.4749808 ] ] } },
{ "type": "Feature", "properties": { "@osmId": "way/77356937", "@snapshotTimestamp": "2015-01-01T00:00:00Z" }, "geometry": { "type": "LineString", "coordinates": [ [ 85.8518256, 20.4784193 ], [ 85.8503931, 20.4750779 ] ] } },
{ "type": "Feature", "properties": { "@osmId": "way/77356848", "@snapshotTimestamp": "2015-01-01T00:00:00Z" }, "geometry": { "type": "LineString", "coordinates": [ [ 85.8530272, 20.4785801 ], [ 85.8631874, 20.4778665 ] ] } },
{ "type": "Feature", "properties": { "@osmId": "way/77355855", "@snapshotTimestamp": "2015-01-01T00:00:00Z" }, "geometry": { "type": "LineString", "coordinates": [ [ 85.9007952, 20.4789213 ], [ 85.9006631, 20.4787987 ], [ 85.9005491, 20.4789116 ], [ 85.9006516, 20.4790275 ], [ 85.9007952, 20.4789213 ] ] } },
{ "type": "Feature", "properties": { "@osmId": "way/44946873", "@snapshotTimestamp": "2015-01-01T00:00:00Z" }, "geometry": { "type": "LineString", "coordinates": [ [ 85.9186479, 20.4911753 ], [ 85.9088667, 20.4729541 ] ] } },
{ "type": "Feature", "properties": { "@osmId": "way/44946872", "@snapshotTimestamp": "2015-01-01T00:00:00Z" }, "geometry": { "type": "LineString", "coordinates": [ [ 85.9085234, 20.4731401 ], [ 85.9182901, 20.4913053 ] ] } },
{ "type": "Feature", "properties": { "@osmId": "way/77355664", "@snapshotTimestamp": "2015-01-01T00:00:00Z" }, "geometry": { "type": "LineString", "coordinates": [ [ 85.8496047, 20.4831933 ], [ 85.8388652, 20.4854748 ] ] } },
{ "type": "Feature", "properties": { "@osmId": "way/77355487", "@snapshotTimestamp": "2015-01-01T00:00:00Z" }, "geometry": { "type": "LineString", "coordinates": [ [ 85.9005491, 20.4789116 ], [ 85.8423413, 20.4856356 ] ] } },
{ "type": "Feature", "properties": { "@osmId": "way/77355977", "@snapshotTimestamp": "2015-01-01T00:00:00Z" }, "geometry": { "type": "LineString", "coordinates": [ [ 85.8422562, 20.4856216 ], [ 85.9007345, 20.4790133 ] ] } },
{ "type": "Feature", "properties": { "@osmId": "way/44946758", "@snapshotTimestamp": "2015-01-01T00:00:00Z" }, "geometry": { "type": "LineString", "coordinates": [ [ 85.9208348, 20.4952773 ], [ 85.9186479, 20.4911753 ] ] } },
{ "type": "Feature", "properties": { "@osmId": "way/44946871", "@snapshotTimestamp": "2015-01-01T00:00:00Z" }, "geometry": { "type": "LineString", "coordinates": [ [ 85.9182901, 20.4913053 ], [ 85.9203117, 20.4955029 ] ] } },
{ "type": "Feature", "properties": { "@osmId": "way/178746755", "@snapshotTimestamp": "2015-01-01T00:00:00Z" }, "geometry": { "type": "LineString", "coordinates": [ [ 85.9151269, 20.4961103 ], [ 85.9086281, 20.4950831 ] ] } },
{ "type": "Feature", "properties": { "@osmId": "way/44946868", "@snapshotTimestamp": "2015-01-01T00:00:00Z" }, "geometry": { "type": "LineString", "coordinates": [ [ 85.9208348, 20.4952773 ], [ 85.9203117, 20.4955029 ], [ 85.9206525, 20.4960186 ], [ 85.9211312, 20.4957673 ], [ 85.9208348, 20.4952773 ] ] } },
{ "type": "Feature", "properties": { "@osmId": "way/44947378", "@snapshotTimestamp": "2015-01-01T00:00:00Z" }, "geometry": { "type": "LineString", "coordinates": [ [ 85.9203117, 20.4955029 ], [ 85.9196413, 20.4960882 ] ] } },
{ "type": "Feature", "properties": { "@osmId": "way/90617083", "@snapshotTimestamp": "2015-01-01T00:00:00Z" }, "geometry": { "type": "LineString", "coordinates": [ [ 85.9151269, 20.4961103 ], [ 85.9196413, 20.4960882 ] ] } },
{ "type": "Feature", "properties": { "@osmId": "way/44947382", "@snapshotTimestamp": "2015-01-01T00:00:00Z" }, "geometry": { "type": "LineString", "coordinates": [ [ 85.9196413, 20.4960882 ], [ 85.9204715, 20.4959357 ] ] } },
{ "type": "Feature", "properties": { "@osmId": "way/44947393", "@snapshotTimestamp": "2015-01-01T00:00:00Z" }, "geometry": { "type": "LineString", "coordinates": [ [ 85.9304094, 20.5028183 ], [ 85.9211312, 20.4957673 ] ] } },
{ "type": "Feature", "properties": { "@osmId": "way/44947054", "@snapshotTimestamp": "2015-01-01T00:00:00Z" }, "geometry": { "type": "LineString", "coordinates": [ [ 85.9206525, 20.4960186 ], [ 85.9303101, 20.5028815 ] ] } },
{ "type": "Feature", "properties": { "@osmId": "way/44947395", "@snapshotTimestamp": "2015-01-01T00:00:00Z" }, "geometry": { "type": "LineString", "coordinates": [ [ 85.9307167, 20.5033021 ], [ 85.9304094, 20.5028183 ] ] } },
{ "type": "Feature", "properties": { "@osmId": "way/44947392", "@snapshotTimestamp": "2015-01-01T00:00:00Z" }, "geometry": { "type": "LineString", "coordinates": [ [ 85.9303101, 20.5028815 ], [ 85.9306208, 20.5033634 ] ] } },
{ "type": "Feature", "properties": { "@osmId": "way/218284666", "@snapshotTimestamp": "2015-01-01T00:00:00Z" }, "geometry": { "type": "LineString", "coordinates": [ [ 85.1769422, 20.1507614 ], [ 85.1775302, 20.1503474 ] ] } },
{ "type": "Feature", "properties": { "@osmId": "way/218284673", "@snapshotTimestamp": "2015-01-01T00:00:00Z" }, "geometry": { "type": "LineString", "coordinates": [ [ 85.0085408, 20.1663002 ], [ 85.0079848, 20.1650117 ] ] } },
{ "type": "Feature", "properties": { "@osmId": "way/22828841", "@snapshotTimestamp": "2015-01-01T00:00:00Z" }, "geometry": { "type": "LineString", "coordinates": [ [ 85.1814, 20.2771 ], [ 85.0904, 20.3451 ], [ 84.9906, 20.3578 ] ] } },
{ "type": "Feature", "properties": { "@osmId": "way/22829011", "@snapshotTimestamp": "2015-01-01T00:00:00Z" }, "geometry": { "type": "LineString", "coordinates": [ [ 84.9906, 20.3578 ], [ 85.0478, 20.3982 ] ] } },
{ "type": "Feature", "properties": { "@osmId": "way/22828400", "@snapshotTimestamp": "2015-01-01T00:00:00Z" }, "geometry": { "type": "LineString", "coordinates": [ [ 85.3035474, 20.4098114 ], [ 85.3258859, 20.4142818 ] ] } },
{ "type": "Feature", "properties": { "@osmId": "way/235921520", "@snapshotTimestamp": "2015-01-01T00:00:00Z" }, "geometry": { "type": "LineString", "coordinates": [ [ 85.3258859, 20.4142818 ], [ 85.3262492, 20.4144389 ] ] } },
{ "type": "Feature", "properties": { "@osmId": "way/22828909", "@snapshotTimestamp": "2015-01-01T00:00:00Z" }, "geometry": { "type": "LineString", "coordinates": [ [ 85.0478, 20.3982 ], [ 85.0524, 20.4404 ], [ 85.0844537, 20.4640751 ] ] } },
{ "type": "Feature", "properties": { "@osmId": "way/22828401", "@snapshotTimestamp": "2015-01-01T00:00:00Z" }, "geometry": { "type": "LineString", "coordinates": [ [ 85.3035474, 20.4098114 ], [ 85.222629, 20.4106177 ], [ 85.0844537, 20.4640751 ] ] } },
{ "type": "Feature", "properties": { "@osmId": "way/22828232", "@snapshotTimestamp": "2015-01-01T00:00:00Z" }, "geometry": { "type": "LineString", "coordinates": [ [ 85.0844537, 20.4640751 ], [ 85.1349, 20.5613 ], [ 85.1952039, 20.6082515 ] ] } },
{ "type": "Feature", "properties": { "@osmId": "way/22828367", "@snapshotTimestamp": "2015-01-01T00:00:00Z" }, "geometry": { "type": "LineString", "coordinates": [ [ 85.1952039, 20.6082515 ], [ 85.2853, 20.6653 ] ] } },
{ "type": "Feature", "properties": { "@osmId": "way/317636809", "@snapshotTimestamp": "2015-01-01T00:00:00Z" }, "geometry": { "type": "LineString", "coordinates": [ [ 85.5926097, 20.4035577 ], [ 85.5936083, 20.4038047 ] ] } },
{ "type": "Feature", "properties": { "@osmId": "way/317636808", "@snapshotTimestamp": "2015-01-01T00:00:00Z" }, "geometry": { "type": "LineString", "coordinates": [ [ 85.5936083, 20.4038047 ], [ 85.6479, 20.4334 ], [ 85.7318621, 20.4212764 ] ] } },
{ "type": "Feature", "properties": { "@osmId": "way/44948331", "@snapshotTimestamp": "2015-01-01T00:00:00Z" }, "geometry": { "type": "LineString", "coordinates": [ [ 85.7318621, 20.4212764 ], [ 85.7896621, 20.4497345 ] ] } },
{ "type": "Feature", "properties": { "@osmId": "way/235921518", "@snapshotTimestamp": "2015-01-01T00:00:00Z" }, "geometry": { "type": "LineString", "coordinates": [ [ 85.3262492, 20.4144389 ], [ 85.5185695, 20.4638804 ] ] } },
{ "type": "Feature", "properties": { "@osmId": "way/22828408", "@snapshotTimestamp": "2015-01-01T00:00:00Z" }, "geometry": { "type": "LineString", "coordinates": [ [ 85.5185695, 20.4638804 ], [ 85.6201309, 20.5142201 ] ] } },
{ "type": "Feature", "properties": { "@osmId": "way/22828548", "@snapshotTimestamp": "2015-01-01T00:00:00Z" }, "geometry": { "type": "LineString", "coordinates": [ [ 85.6201309, 20.5142201 ], [ 85.6288992, 20.5278323 ] ] } },
{ "type": "Feature", "properties": { "@osmId": "way/235921519", "@snapshotTimestamp": "2015-01-01T00:00:00Z" }, "geometry": { "type": "LineString", "coordinates": [ [ 85.6288992, 20.5278323 ], [ 85.6293356, 20.5281808 ] ] } },
{ "type": "Feature", "properties": { "@osmId": "way/22828368", "@snapshotTimestamp": "2015-01-01T00:00:00Z" }, "geometry": { "type": "LineString", "coordinates": [ [ 85.6201309, 20.5142201 ], [ 85.5089206, 20.5474009 ] ] } },
{ "type": "Feature", "properties": { "@osmId": "way/235921521", "@snapshotTimestamp": "2015-01-01T00:00:00Z" }, "geometry": { "type": "LineString", "coordinates": [ [ 85.6293356, 20.5281808 ], [ 85.7153819, 20.564803 ] ] } },
{ "type": "Feature", "properties": { "@osmId": "way/315133360", "@snapshotTimestamp": "2015-01-01T00:00:00Z" }, "geometry": { "type": "LineString", "coordinates": [ [ 85.5089206, 20.5474009 ], [ 85.5085613, 20.5476944 ] ] } },
{ "type": "Feature", "properties": { "@osmId": "way/219066465", "@snapshotTimestamp": "2015-01-01T00:00:00Z" }, "geometry": { "type": "LineString", "coordinates": [ [ 85.7534683, 20.556009 ], [ 85.7532701, 20.5560904 ] ] } },
{ "type": "Feature", "properties": { "@osmId": "way/219066462", "@snapshotTimestamp": "2015-01-01T00:00:00Z" }, "geometry": { "type": "LineString", "coordinates": [ [ 85.7532701, 20.5560904 ], [ 85.7240305, 20.5628051 ] ] } },
{ "type": "Feature", "properties": { "@osmId": "way/315133367", "@snapshotTimestamp": "2015-01-01T00:00:00Z" }, "geometry": { "type": "LineString", "coordinates": [ [ 85.5085613, 20.5476944 ], [ 85.4408099, 20.5765715 ] ] } },
{ "type": "Feature", "properties": { "@osmId": "way/121808442", "@snapshotTimestamp": "2015-01-01T00:00:00Z" }, "geometry": { "type": "LineString", "coordinates": [ [ 85.7240305, 20.5628051 ], [ 85.7189152, 20.564018 ] ] } },
{ "type": "Feature", "properties": { "@osmId": "way/219066464", "@snapshotTimestamp": "2015-01-01T00:00:00Z" }, "geometry": { "type": "LineString", "coordinates": [ [ 85.7189152, 20.564018 ], [ 85.7184371, 20.5641222 ] ] } },
{ "type": "Feature", "properties": { "@osmId": "way/219066467", "@snapshotTimestamp": "2015-01-01T00:00:00Z" }, "geometry": { "type": "LineString", "coordinates": [ [ 85.7184371, 20.5641222 ], [ 85.7153819, 20.564803 ] ] } },
{ "type": "Feature", "properties": { "@osmId": "way/315133363", "@snapshotTimestamp": "2015-01-01T00:00:00Z" }, "geometry": { "type": "LineString", "coordinates": [ [ 85.4408099, 20.5765715 ], [ 85.4407492, 20.5767193 ] ] } },
{ "type": "Feature", "properties": { "@osmId": "way/315133365", "@snapshotTimestamp": "2015-01-01T00:00:00Z" }, "geometry": { "type": "LineString", "coordinates": [ [ 85.4407492, 20.5767193 ], [ 85.4056339, 20.5873789 ] ] } },
{ "type": "Feature", "properties": { "@osmId": "way/315133361", "@snapshotTimestamp": "2015-01-01T00:00:00Z" }, "geometry": { "type": "LineString", "coordinates": [ [ 85.4056339, 20.5873789 ], [ 85.4051445, 20.587572 ] ] } },
{ "type": "Feature", "properties": { "@osmId": "way/315133358", "@snapshotTimestamp": "2015-01-01T00:00:00Z" }, "geometry": { "type": "LineString", "coordinates": [ [ 85.4051445, 20.587572 ], [ 85.3957854, 20.58837 ] ] } },
{ "type": "Feature", "properties": { "@osmId": "way/77356042", "@snapshotTimestamp": "2015-01-01T00:00:00Z" }, "geometry": { "type": "LineString", "coordinates": [ [ 85.780663, 20.4791222 ], [ 85.8550121, 20.4667096 ] ] } },
{ "type": "Feature", "properties": { "@osmId": "way/90613707", "@snapshotTimestamp": "2015-01-01T00:00:00Z" }, "geometry": { "type": "LineString", "coordinates": [ [ 85.8464612, 20.472459 ], [ 85.8358867, 20.4810269 ] ] } },
{ "type": "Feature", "properties": { "@osmId": "way/90613693", "@snapshotTimestamp": "2015-01-01T00:00:00Z" }, "geometry": { "type": "LineString", "coordinates": [ [ 85.8317146, 20.4727889 ], [ 85.8358867, 20.4810269 ] ] } },
{ "type": "Feature", "properties": { "@osmId": "way/77355726", "@snapshotTimestamp": "2015-01-01T00:00:00Z" }, "geometry": { "type": "LineString", "coordinates": [ [ 85.8358867, 20.4810269 ], [ 85.8388652, 20.4854748 ] ] } },
{ "type": "Feature", "properties": { "@osmId": "way/90613687", "@snapshotTimestamp": "2015-01-01T00:00:00Z" }, "geometry": { "type": "LineString", "coordinates": [ [ 85.8341659, 20.4872537 ], [ 85.8246543, 20.4851218 ] ] } },
{ "type": "Feature", "properties": { "@osmId": "way/90613694", "@snapshotTimestamp": "2015-01-01T00:00:00Z" }, "geometry": { "type": "LineString", "coordinates": [ [ 85.8341659, 20.4872537 ], [ 85.8388652, 20.4854748 ] ] } },
{ "type": "Feature", "properties": { "@osmId": "way/90613701", "@snapshotTimestamp": "2015-01-01T00:00:00Z" }, "geometry": { "type": "LineString", "coordinates": [ [ 85.8391441, 20.4918767 ], [ 85.7814006, 20.4821782 ] ] } },
{ "type": "Feature", "properties": { "@osmId": "way/219066463", "@snapshotTimestamp": "2015-01-01T00:00:00Z" }, "geometry": { "type": "LineString", "coordinates": [ [ 85.8406409, 20.5202564 ], [ 85.8402358, 20.5202106 ] ] } },
{ "type": "Feature", "properties": { "@osmId": "way/219066468", "@snapshotTimestamp": "2015-01-01T00:00:00Z" }, "geometry": { "type": "LineString", "coordinates": [ [ 85.8402358, 20.5202106 ], [ 85.7534683, 20.556009 ] ] } },
{ "type": "Feature", "properties": { "@osmId": "way/178743966", "@snapshotTimestamp": "2015-01-01T00:00:00Z" }, "geometry": { "type": "LineString", "coordinates": [ [ 85.8400101, 20.8134251 ], [ 85.8170701, 20.7925209 ] ] } },
{ "type": "Feature", "properties": { "@osmId": "way/315133362", "@snapshotTimestamp": "2015-01-01T00:00:00Z" }, "geometry": { "type": "LineString", "coordinates": [ [ 85.3050653, 20.6491692 ], [ 85.3049305, 20.6493932 ] ] } },
{ "type": "Feature", "properties": { "@osmId": "way/236042695", "@snapshotTimestamp": "2015-01-01T00:00:00Z" }, "geometry": { "type": "LineString", "coordinates": [ [ 85.1952039, 20.6082515 ], [ 85.1642329, 20.6536454 ], [ 85.1772189, 20.6999817 ] ] } },
{ "type": "Feature", "properties": { "@osmId": "way/315133359", "@snapshotTimestamp": "2015-01-01T00:00:00Z" }, "geometry": { "type": "LineString", "coordinates": [ [ 85.3049305, 20.6493932 ], [ 85.2603174, 20.6815809 ], [ 85.1805191, 20.6924296 ] ] } },
{ "type": "Feature", "properties": { "@osmId": "way/315444890", "@snapshotTimestamp": "2015-01-01T00:00:00Z" }, "geometry": { "type": "LineString", "coordinates": [ [ 85.1797771, 20.6927398 ], [ 85.1774154, 20.6947198 ] ] } },
{ "type": "Feature", "properties": { "@osmId": "way/315444894", "@snapshotTimestamp": "2015-01-01T00:00:00Z" }, "geometry": { "type": "LineString", "coordinates": [ [ 85.1774154, 20.6947198 ], [ 85.1767786, 20.6947256 ] ] } },
{ "type": "Feature", "properties": { "@osmId": "way/237640702", "@snapshotTimestamp": "2015-01-01T00:00:00Z" }, "geometry": { "type": "LineString", "coordinates": [ [ 85.1772189, 20.6999817 ], [ 85.1767978, 20.7009553 ] ] } },
{ "type": "Feature", "properties": { "@osmId": "way/315444896", "@snapshotTimestamp": "2015-01-01T00:00:00Z" }, "geometry": { "type": "LineString", "coordinates": [ [ 85.1767786, 20.6947256 ], [ 85.1214246, 20.7143217 ] ] } },
{ "type": "Feature", "properties": { "@osmId": "way/237640703", "@snapshotTimestamp": "2015-01-01T00:00:00Z" }, "geometry": { "type": "LineString", "coordinates": [ [ 85.1767978, 20.7009553 ], [ 85.1660162, 20.7259789 ] ] } },
{ "type": "Feature", "properties": { "@osmId": "way/315444895", "@snapshotTimestamp": "2015-01-01T00:00:00Z" }, "geometry": { "type": "LineString", "coordinates": [ [ 85.1214246, 20.7143217 ], [ 85.1211561, 20.7145283 ] ] } },
{ "type": "Feature", "properties": { "@osmId": "way/237640700", "@snapshotTimestamp": "2015-01-01T00:00:00Z" }, "geometry": { "type": "LineString", "coordinates": [ [ 85.1660162, 20.7259789 ], [ 85.1659342, 20.7261475 ] ] } },
{ "type": "Feature", "properties": { "@osmId": "way/315133364", "@snapshotTimestamp": "2015-01-01T00:00:00Z" }, "geometry": { "type": "LineString", "coordinates": [ [ 85.3957854, 20.58837 ], [ 85.3955817, 20.5884438 ] ] } },
{ "type": "Feature", "properties": { "@osmId": "way/146694003", "@snapshotTimestamp": "2015-01-01T00:00:00Z" }, "geometry": { "type": "LineString", "coordinates": [ [ 85.7153819, 20.564803 ], [ 85.5735943, 20.6661984 ] ] } },
{ "type": "Feature", "properties": { "@osmId": "way/315133366", "@snapshotTimestamp": "2015-01-01T00:00:00Z" }, "geometry": { "type": "LineString", "coordinates": [ [ 85.3955817, 20.5884438 ], [ 85.3554466, 20.5944136 ], [ 85.3050653, 20.6491692 ] ] } },
{ "type": "Feature", "properties": { "@osmId": "way/71928285", "@snapshotTimestamp": "2015-01-01T00:00:00Z" }, "geometry": { "type": "LineString", "coordinates": [ [ 85.6187072, 20.6383733 ], [ 85.5763696, 20.6868117 ] ] } },
{ "type": "Feature", "properties": { "@osmId": "way/219066466", "@snapshotTimestamp": "2015-01-01T00:00:00Z" }, "geometry": { "type": "LineString", "coordinates": [ [ 85.5735943, 20.6661984 ], [ 85.5734711, 20.6666144 ] ] } },
{ "type": "Feature", "properties": { "@osmId": "way/219066461", "@snapshotTimestamp": "2015-01-01T00:00:00Z" }, "geometry": { "type": "LineString", "coordinates": [ [ 85.5734711, 20.6666144 ], [ 85.574697, 20.6895713 ], [ 85.5411799, 20.6951802 ] ] } },
{ "type": "Feature", "properties": { "@osmId": "way/219066990", "@snapshotTimestamp": "2015-01-01T00:00:00Z" }, "geometry": { "type": "LineString", "coordinates": [ [ 85.5411799, 20.6951802 ], [ 85.5406173, 20.6954306 ] ] } },
{ "type": "Feature", "properties": { "@osmId": "way/277792900", "@snapshotTimestamp": "2015-01-01T00:00:00Z" }, "geometry": { "type": "LineString", "coordinates": [ [ 85.5705624, 20.6921616 ], [ 85.5543693, 20.7369671 ] ] } },
{ "type": "Feature", "properties": { "@osmId": "way/219066993", "@snapshotTimestamp": "2015-01-01T00:00:00Z" }, "geometry": { "type": "LineString", "coordinates": [ [ 85.5406173, 20.6954306 ], [ 85.4912042, 20.7347608 ] ] } },
{ "type": "Feature", "properties": { "@osmId": "way/22828499", "@snapshotTimestamp": "2015-01-01T00:00:00Z" }, "geometry": { "type": "LineString", "coordinates": [ [ 85.2853, 20.6653 ], [ 85.3907682, 20.7728494 ] ] } },
{ "type": "Feature", "properties": { "@osmId": "way/219066991", "@snapshotTimestamp": "2015-01-01T00:00:00Z" }, "geometry": { "type": "LineString", "coordinates": [ [ 85.4912042, 20.7347608 ], [ 85.4904991, 20.7349004 ] ] } },
{ "type": "Feature", "properties": { "@osmId": "way/219066989", "@snapshotTimestamp": "2015-01-01T00:00:00Z" }, "geometry": { "type": "LineString", "coordinates": [ [ 85.4904991, 20.7349004 ], [ 85.4752182, 20.73884 ] ] } },
{ "type": "Feature", "properties": { "@osmId": "way/219066992", "@snapshotTimestamp": "2015-01-01T00:00:00Z" }, "geometry": { "type": "LineString", "coordinates": [ [ 85.4752182, 20.73884 ], [ 85.4747641, 20.7389893 ] ] } },
{ "type": "Feature", "properties": { "@osmId": "way/21420441", "@snapshotTimestamp": "2015-01-01T00:00:00Z" }, "geometry": { "type": "LineString", "coordinates": [ [ 85.5566331, 20.7484854 ], [ 85.5543693, 20.7369671 ] ] } },
{ "type": "Feature", "properties": { "@osmId": "way/219066988", "@snapshotTimestamp": "2015-01-01T00:00:00Z" }, "geometry": { "type": "LineString", "coordinates": [ [ 85.4747641, 20.7389893 ], [ 85.4083899, 20.7700224 ] ] } },
{ "type": "Feature", "properties": { "@osmId": "way/219068904", "@snapshotTimestamp": "2015-01-01T00:00:00Z" }, "geometry": { "type": "LineString", "coordinates": [ [ 85.4083899, 20.7700224 ], [ 85.4077805, 20.7702713 ] ] } },
{ "type": "Feature", "properties": { "@osmId": "way/219068917", "@snapshotTimestamp": "2015-01-01T00:00:00Z" }, "geometry": { "type": "LineString", "coordinates": [ [ 85.4077805, 20.7702713 ], [ 85.3646711, 20.7772241 ] ] } },
{ "type": "Feature", "properties": { "@osmId": "way/219068901", "@snapshotTimestamp": "2015-01-01T00:00:00Z" }, "geometry": { "type": "LineString", "coordinates": [ [ 85.3646711, 20.7772241 ], [ 85.3642852, 20.7772716 ] ] } },
{ "type": "Feature", "properties": { "@osmId": "way/219068914", "@snapshotTimestamp": "2015-01-01T00:00:00Z" }, "geometry": { "type": "LineString", "coordinates": [ [ 85.3642852, 20.7772716 ], [ 85.3432971, 20.7814414 ] ] } },
{ "type": "Feature", "properties": { "@osmId": "way/219068909", "@snapshotTimestamp": "2015-01-01T00:00:00Z" }, "geometry": { "type": "LineString", "coordinates": [ [ 85.3432971, 20.7814414 ], [ 85.3429488, 20.7816675 ] ] } },
{ "type": "Feature", "properties": { "@osmId": "way/193361384", "@snapshotTimestamp": "2015-01-01T00:00:00Z" }, "geometry": { "type": "LineString", "coordinates": [ [ 85.1659342, 20.7261475 ], [ 85.1449581, 20.759421 ] ] } },
{ "type": "Feature", "properties": { "@osmId": "way/315444891", "@snapshotTimestamp": "2015-01-01T00:00:00Z" }, "geometry": { "type": "LineString", "coordinates": [ [ 85.1211561, 20.7145283 ], [ 85.0269933, 20.7576454 ], [ 85.0143675, 20.7915644 ] ] } },
{ "type": "Feature", "properties": { "@osmId": "way/237640699", "@snapshotTimestamp": "2015-01-01T00:00:00Z" }, "geometry": { "type": "LineString", "coordinates": [ [ 85.1449581, 20.759421 ], [ 85.1446713, 20.7597916 ] ] } },
{ "type": "Feature", "properties": { "@osmId": "way/237640704", "@snapshotTimestamp": "2015-01-01T00:00:00Z" }, "geometry": { "type": "LineString", "coordinates": [ [ 85.1446713, 20.7597916 ], [ 85.1158418, 20.8025049 ] ] } },
{ "type": "Feature", "properties": { "@osmId": "way/219068916", "@snapshotTimestamp": "2015-01-01T00:00:00Z" }, "geometry": { "type": "LineString", "coordinates": [ [ 85.3429488, 20.7816675 ], [ 85.3108011, 20.7906148 ] ] } },
{ "type": "Feature", "properties": { "@osmId": "way/219068911", "@snapshotTimestamp": "2015-01-01T00:00:00Z" }, "geometry": { "type": "LineString", "coordinates": [ [ 85.3108011, 20.7906148 ], [ 85.3101545, 20.7918163 ] ] } },
{ "type": "Feature", "properties": { "@osmId": "way/315444893", "@snapshotTimestamp": "2015-01-01T00:00:00Z" }, "geometry": { "type": "LineString", "coordinates": [ [ 85.0143675, 20.7915644 ], [ 85.0141016, 20.7919 ] ] } },
{ "type": "Feature", "properties": { "@osmId": "way/315444892", "@snapshotTimestamp": "2015-01-01T00:00:00Z" }, "geometry": { "type": "LineString", "coordinates": [ [ 85.0141016, 20.7919 ], [ 85.0076445, 20.806191 ] ] } },
{ "type": "Feature", "properties": { "@osmId": "way/237640701", "@snapshotTimestamp": "2015-01-01T00:00:00Z" }, "geometry": { "type": "LineString", "coordinates": [ [ 85.1158418, 20.8025049 ], [ 85.1157013, 20.8030778 ] ] } },
{ "type": "Feature", "properties": { "@osmId": "way/219068918", "@snapshotTimestamp": "2015-01-01T00:00:00Z" }, "geometry": { "type": "LineString", "coordinates": [ [ 85.3101545, 20.7918163 ], [ 85.2663197, 20.8238054 ] ] } },
{ "type": "Feature", "properties": { "@osmId": "way/277792901", "@snapshotTimestamp": "2015-01-01T00:00:00Z" }, "geometry": { "type": "LineString", "coordinates": [ [ 85.5566331, 20.7484854 ], [ 85.5211386, 20.8503877 ], [ 85.543047, 20.9083301 ] ] } },
{ "type": "Feature", "properties": { "@osmId": "way/277792903", "@snapshotTimestamp": "2015-01-01T00:00:00Z" }, "geometry": { "type": "LineString", "coordinates": [ [ 85.543047, 20.9083301 ], [ 85.5441795, 20.9111072 ] ] } },
{ "type": "Feature", "properties": { "@osmId": "way/217771614", "@snapshotTimestamp": "2015-01-01T00:00:00Z" }, "geometry": { "type": "LineString", "coordinates": [ [ 85.7417742, 20.9215119 ], [ 85.6838381, 20.9021938 ], [ 85.6292594, 20.9157797 ] ] } },
{ "type": "Feature", "properties": { "@osmId": "way/217771615", "@snapshotTimestamp": "2015-01-01T00:00:00Z" }, "geometry": { "type": "LineString", "coordinates": [ [ 85.7425048, 20.921523 ], [ 85.7417742, 20.9215119 ] ] } },
{ "type": "Feature", "properties": { "@osmId": "way/277792902", "@snapshotTimestamp": "2015-01-01T00:00:00Z" }, "geometry": { "type": "LineString", "coordinates": [ [ 85.5441795, 20.9111072 ], [ 85.5421503, 20.9319786 ] ] } },
{ "type": "Feature", "properties": { "@osmId": "way/240645034", "@snapshotTimestamp": "2015-01-01T00:00:00Z" }, "geometry": { "type": "LineString", "coordinates": [ [ 85.6292594, 20.9157797 ], [ 85.5201358, 20.9311752 ] ] } },
{ "type": "Feature", "properties": { "@osmId": "way/217771628", "@snapshotTimestamp": "2015-01-01T00:00:00Z" }, "geometry": { "type": "LineString", "coordinates": [ [ 85.5201358, 20.9311752 ], [ 85.5174237, 20.9306161 ] ] } },
{ "type": "Feature", "properties": { "@osmId": "way/217771610", "@snapshotTimestamp": "2015-01-01T00:00:00Z" }, "geometry": { "type": "LineString", "coordinates": [ [ 85.37663, 20.9405068 ], [ 85.3107303, 20.9320557 ] ] } },
{ "type": "Feature", "properties": { "@osmId": "way/217771639", "@snapshotTimestamp": "2015-01-01T00:00:00Z" }, "geometry": { "type": "LineString", "coordinates": [ [ 85.5174237, 20.9306161 ], [ 85.4543331, 20.9409668 ] ] } },
{ "type": "Feature", "properties": { "@osmId": "way/217771620", "@snapshotTimestamp": "2015-01-01T00:00:00Z" }, "geometry": { "type": "LineString", "coordinates": [ [ 85.3775462, 20.9411567 ], [ 85.37663, 20.9405068 ] ] } },
{ "type": "Feature", "properties": { "@osmId": "way/237640705", "@snapshotTimestamp": "2015-01-01T00:00:00Z" }, "geometry": { "type": "LineString", "coordinates": [ [ 85.1157013, 20.8030778 ], [ 85.0978557, 20.8378917 ] ] } },
{ "type": "Feature", "properties": { "@osmId": "way/219068899", "@snapshotTimestamp": "2015-01-01T00:00:00Z" }, "geometry": { "type": "LineString", "coordinates": [ [ 85.2663197, 20.8238054 ], [ 85.2657499, 20.824033 ] ] } },
{ "type": "Feature", "properties": { "@osmId": "way/219068906", "@snapshotTimestamp": "2015-01-01T00:00:00Z" }, "geometry": { "type": "LineString", "coordinates": [ [ 85.0835499, 20.8308924 ], [ 85.0825858, 20.8302881 ] ] } },
{ "type": "Feature", "properties": { "@osmId": "way/219068893", "@snapshotTimestamp": "2015-01-01T00:00:00Z" }, "geometry": { "type": "LineString", "coordinates": [ [ 85.2657499, 20.824033 ], [ 85.1903397, 20.8451195 ], [ 85.0835499, 20.8308924 ] ] } },
{ "type": "Feature", "properties": { "@osmId": "way/193361385", "@snapshotTimestamp": "2015-01-01T00:00:00Z" }, "geometry": { "type": "LineString", "coordinates": [ [ 85.0965446, 20.8402076 ], [ 85.0978557, 20.8378917 ] ] } },
{ "type": "Feature", "properties": { "@osmId": "way/22828623", "@snapshotTimestamp": "2015-01-01T00:00:00Z" }, "geometry": { "type": "LineString", "coordinates": [ [ 85.2154298, 20.8417767 ], [ 85.214644, 20.865841 ] ] } },
{ "type": "Feature", "properties": { "@osmId": "way/217993655", "@snapshotTimestamp": "2015-01-01T00:00:00Z" }, "geometry": { "type": "LineString", "coordinates": [ [ 85.214644, 20.865841 ], [ 85.214699, 20.8661679 ] ] } },
{ "type": "Feature", "properties": { "@osmId": "way/193361381", "@snapshotTimestamp": "2015-01-01T00:00:00Z" }, "geometry": { "type": "LineString", "coordinates": [ [ 85.0965446, 20.8402076 ], [ 85.0774295, 20.8932486 ] ] } },
{ "type": "Feature", "properties": { "@osmId": "way/217993647", "@snapshotTimestamp": "2015-01-01T00:00:00Z" }, "geometry": { "type": "LineString", "coordinates": [ [ 85.214699, 20.8661679 ], [ 85.2192418, 20.9005644 ] ] } },
{ "type": "Feature", "properties": { "@osmId": "way/235642394", "@snapshotTimestamp": "2015-01-01T00:00:00Z" }, "geometry": { "type": "LineString", "coordinates": [ [ 84.9741131, 20.9503002 ], [ 85.0304894, 20.8753335 ], [ 85.0965446, 20.8402076 ] ] } },
{ "type": "Feature", "properties": { "@osmId": "way/305233524", "@snapshotTimestamp": "2015-01-01T00:00:00Z" }, "geometry": { "type": "LineString", "coordinates": [ [ 86.1035821, 20.4788019 ], [ 86.1049875, 20.4784552 ] ] } },
{ "type": "Feature", "properties": { "@osmId": "way/44947373", "@snapshotTimestamp": "2015-01-01T00:00:00Z" }, "geometry": { "type": "LineString", "coordinates": [ [ 86.0046999, 20.4881213 ], [ 85.9420118, 20.4942952 ] ] } },
{ "type": "Feature", "properties": { "@osmId": "way/44948188", "@snapshotTimestamp": "2015-01-01T00:00:00Z" }, "geometry": { "type": "LineString", "coordinates": [ [ 85.9420118, 20.4942952 ], [ 85.9414866, 20.4940366 ] ] } },
{ "type": "Feature", "properties": { "@osmId": "way/44948189", "@snapshotTimestamp": "2015-01-01T00:00:00Z" }, "geometry": { "type": "LineString", "coordinates": [ [ 85.9414866, 20.4940366 ], [ 85.9223591, 20.495564 ] ] } },
{ "type": "Feature", "properties": { "@osmId": "way/44947400", "@snapshotTimestamp": "2015-01-01T00:00:00Z" }, "geometry": { "type": "LineString", "coordinates": [ [ 85.9318027, 20.5083716 ], [ 85.9318166, 20.5077184 ] ] } },
{ "type": "Feature", "properties": { "@osmId": "way/44947403", "@snapshotTimestamp": "2015-01-01T00:00:00Z" }, "geometry": { "type": "LineString", "coordinates": [ [ 85.9317913, 20.5108808 ], [ 85.9318027, 20.5083716 ] ] } },
{ "type": "Feature", "properties": { "@osmId": "way/44947408", "@snapshotTimestamp": "2015-01-01T00:00:00Z" }, "geometry": { "type": "LineString", "coordinates": [ [ 85.9317863, 20.5158093 ], [ 85.9317913, 20.5108808 ] ] } },
{ "type": "Feature", "properties": { "@osmId": "way/218501316", "@snapshotTimestamp": "2015-01-01T00:00:00Z" }, "geometry": { "type": "LineString", "coordinates": [ [ 85.9386909, 20.5230755 ], [ 85.9317863, 20.5158093 ] ] } },
{ "type": "Feature", "properties": { "@osmId": "way/44947409", "@snapshotTimestamp": "2015-01-01T00:00:00Z" }, "geometry": { "type": "LineString", "coordinates": [ [ 85.9314058, 20.5157916 ], [ 85.9386231, 20.523169 ] ] } },
{ "type": "Feature", "properties": { "@osmId": "way/218501315", "@snapshotTimestamp": "2015-01-01T00:00:00Z" }, "geometry": { "type": "LineString", "coordinates": [ [ 85.9390458, 20.5233045 ], [ 85.9386909, 20.5230755 ] ] } },
{ "type": "Feature", "properties": { "@osmId": "way/218501309", "@snapshotTimestamp": "2015-01-01T00:00:00Z" }, "geometry": { "type": "LineString", "coordinates": [ [ 85.9386231, 20.523169 ], [ 85.9389506, 20.5233876 ] ] } },
{ "type": "Feature", "properties": { "@osmId": "way/218501300", "@snapshotTimestamp": "2015-01-01T00:00:00Z" }, "geometry": { "type": "LineString", "coordinates": [ [ 85.9403442, 20.5248047 ], [ 85.9384622, 20.5260755 ] ] } },
{ "type": "Feature", "properties": { "@osmId": "way/44947428", "@snapshotTimestamp": "2015-01-01T00:00:00Z" }, "geometry": { "type": "LineString", "coordinates": [ [ 85.9384622, 20.5260755 ], [ 85.9404735, 20.5248384 ] ] } },
{ "type": "Feature", "properties": { "@osmId": "way/44947427", "@snapshotTimestamp": "2015-01-01T00:00:00Z" }, "geometry": { "type": "LineString", "coordinates": [ [ 85.9384622, 20.5260755 ], [ 85.9351856, 20.5278517 ] ] } },
{ "type": "Feature", "properties": { "@osmId": "way/219066460", "@snapshotTimestamp": "2015-01-01T00:00:00Z" }, "geometry": { "type": "LineString", "coordinates": [ [ 85.9351856, 20.5278517 ], [ 85.9346669, 20.5280056 ] ] } },
{ "type": "Feature", "properties": { "@osmId": "way/219066459", "@snapshotTimestamp": "2015-01-01T00:00:00Z" }, "geometry": { "type": "LineString", "coordinates": [ [ 85.9346669, 20.5280056 ], [ 85.9324159, 20.5286723 ] ] } },
{ "type": "Feature", "properties": { "@osmId": "way/44947310", "@snapshotTimestamp": "2015-01-01T00:00:00Z" }, "geometry": { "type": "LineString", "coordinates": [ [ 85.9324159, 20.5286723 ], [ 85.9319753, 20.5288036 ] ] } },
{ "type": "Feature", "properties": { "@osmId": "way/44947366", "@snapshotTimestamp": "2015-01-01T00:00:00Z" }, "geometry": { "type": "LineString", "coordinates": [ [ 86.0050731, 20.5624886 ], [ 85.9390458, 20.5233045 ] ] } },
{ "type": "Feature", "properties": { "@osmId": "way/218501311", "@snapshotTimestamp": "2015-01-01T00:00:00Z" }, "geometry": { "type": "LineString", "coordinates": [ [ 85.9389506, 20.5233876 ], [ 86.0057001, 20.5629144 ] ] } },
{ "type": "Feature", "properties": { "@osmId": "way/218455988", "@snapshotTimestamp": "2015-01-01T00:00:00Z" }, "geometry": { "type": "LineString", "coordinates": [ [ 86.0600627, 20.6109996 ], [ 86.0050731, 20.5624886 ] ] } },
{ "type": "Feature", "properties": { "@osmId": "way/102591120", "@snapshotTimestamp": "2015-01-01T00:00:00Z" }, "geometry": { "type": "LineString", "coordinates": [ [ 86.0057001, 20.5629144 ], [ 86.0599564, 20.6110535 ] ] } },
{ "type": "Feature", "properties": { "@osmId": "way/169844887", "@snapshotTimestamp": "2015-01-01T00:00:00Z" }, "geometry": { "type": "LineString", "coordinates": [ [ 86.1172533, 20.6020661 ], [ 86.1281472, 20.5895071 ] ] } },
{ "type": "Feature", "properties": { "@osmId": "way/169844892", "@snapshotTimestamp": "2015-01-01T00:00:00Z" }, "geometry": { "type": "LineString", "coordinates": [ [ 86.0674185, 20.6108765 ], [ 86.1172533, 20.6020661 ] ] } },
{ "type": "Feature", "properties": { "@osmId": "way/169844821", "@snapshotTimestamp": "2015-01-01T00:00:00Z" }, "geometry": { "type": "LineString", "coordinates": [ [ 86.05716, 20.6015236 ], [ 86.0696236, 20.614606 ] ] } },
{ "type": "Feature", "properties": { "@osmId": "way/218455996", "@snapshotTimestamp": "2015-01-01T00:00:00Z" }, "geometry": { "type": "LineString", "coordinates": [ [ 86.0633474, 20.6136923 ], [ 86.0600627, 20.6109996 ] ] } },
{ "type": "Feature", "properties": { "@osmId": "way/218456012", "@snapshotTimestamp": "2015-01-01T00:00:00Z" }, "geometry": { "type": "LineString", "coordinates": [ [ 86.0599564, 20.6110535 ], [ 86.0632901, 20.6137633 ] ] } },
{ "type": "Feature", "properties": { "@osmId": "way/218455115", "@snapshotTimestamp": "2015-01-01T00:00:00Z" }, "geometry": { "type": "LineString", "coordinates": [ [ 86.0866745, 20.6306669 ], [ 86.0633474, 20.6136923 ] ] } },
{ "type": "Feature", "properties": { "@osmId": "way/218456007", "@snapshotTimestamp": "2015-01-01T00:00:00Z" }, "geometry": { "type": "LineString", "coordinates": [ [ 86.0632901, 20.6137633 ], [ 86.086613, 20.6307523 ] ] } },
{ "type": "Feature", "properties": { "@osmId": "way/169844856", "@snapshotTimestamp": "2015-01-01T00:00:00Z" }, "geometry": { "type": "LineString", "coordinates": [ [ 86.0653366, 20.6093804 ], [ 86.0244885, 20.6390273 ] ] } },
{ "type": "Feature", "properties": { "@osmId": "way/218455114", "@snapshotTimestamp": "2015-01-01T00:00:00Z" }, "geometry": { "type": "LineString", "coordinates": [ [ 86.0869752, 20.6309396 ], [ 86.0866745, 20.6306669 ] ] } },
{ "type": "Feature", "properties": { "@osmId": "way/178746751", "@snapshotTimestamp": "2015-01-01T00:00:00Z" }, "geometry": { "type": "LineString", "coordinates": [ [ 85.9007671, 20.4789874 ], [ 85.9184037, 20.5274694 ] ] } },
{ "type": "Feature", "properties": { "@osmId": "way/44947399", "@snapshotTimestamp": "2015-01-01T00:00:00Z" }, "geometry": { "type": "LineString", "coordinates": [ [ 85.9318166, 20.5077184 ], [ 85.9307167, 20.5033021 ] ] } },
{ "type": "Feature", "properties": { "@osmId": "way/44947394", "@snapshotTimestamp": "2015-01-01T00:00:00Z" }, "geometry": { "type": "LineString", "coordinates": [ [ 85.9306208, 20.5033634 ], [ 85.9314127, 20.5076906 ] ] } },
{ "type": "Feature", "properties": { "@osmId": "way/44947401", "@snapshotTimestamp": "2015-01-01T00:00:00Z" }, "geometry": { "type": "LineString", "coordinates": [ [ 85.9314127, 20.5076906 ], [ 85.9314096, 20.5083337 ] ] } },
{ "type": "Feature", "properties": { "@osmId": "way/44947396", "@snapshotTimestamp": "2015-01-01T00:00:00Z" }, "geometry": { "type": "LineString", "coordinates": [ [ 85.9314096, 20.5083337 ], [ 85.9313982, 20.5109972 ] ] } },
{ "type": "Feature", "properties": { "@osmId": "way/44947404", "@snapshotTimestamp": "2015-01-01T00:00:00Z" }, "geometry": { "type": "LineString", "coordinates": [ [ 85.9313982, 20.5109972 ], [ 85.9314058, 20.5157916 ] ] } },
{ "type": "Feature", "properties": { "@osmId": "way/44947253", "@snapshotTimestamp": "2015-01-01T00:00:00Z" }, "geometry": { "type": "LineString", "coordinates": [ [ 85.8658574, 20.523147 ], [ 85.8406409, 20.5202564 ] ] } },
{ "type": "Feature", "properties": { "@osmId": "way/44947254", "@snapshotTimestamp": "2015-01-01T00:00:00Z" }, "geometry": { "type": "LineString", "coordinates": [ [ 85.8663768, 20.5232093 ], [ 85.8658574, 20.523147 ] ] } },
{ "type": "Feature", "properties": { "@osmId": "way/44947309", "@snapshotTimestamp": "2015-01-01T00:00:00Z" }, "geometry": { "type": "LineString", "coordinates": [ [ 85.9319753, 20.5288036 ], [ 85.8663768, 20.5232093 ] ] } },
{ "type": "Feature", "properties": { "@osmId": "way/178743971", "@snapshotTimestamp": "2015-01-01T00:00:00Z" }, "geometry": { "type": "LineString", "coordinates": [ [ 85.8400101, 20.8134251 ], [ 85.8919904, 20.799015 ] ] } },
{ "type": "Feature", "properties": { "@osmId": "way/219096228", "@snapshotTimestamp": "2015-01-01T00:00:00Z" }, "geometry": { "type": "LineString", "coordinates": [ [ 86.1992694, 20.6342265 ], [ 86.1937164, 20.6388894 ] ] } },
{ "type": "Feature", "properties": { "@osmId": "way/219099877", "@snapshotTimestamp": "2015-01-01T00:00:00Z" }, "geometry": { "type": "LineString", "coordinates": [ [ 86.1939357, 20.6390613 ], [ 86.1994512, 20.6344514 ] ] } },
{ "type": "Feature", "properties": { "@osmId": "way/219099867", "@snapshotTimestamp": "2015-01-01T00:00:00Z" }, "geometry": { "type": "LineString", "coordinates": [ [ 86.1937164, 20.6388894 ], [ 86.1933252, 20.6392366 ] ] } },
{ "type": "Feature", "properties": { "@osmId": "way/219099869", "@snapshotTimestamp": "2015-01-01T00:00:00Z" }, "geometry": { "type": "LineString", "coordinates": [ [ 86.1934965, 20.6394455 ], [ 86.1939357, 20.6390613 ] ] } },
{ "type": "Feature", "properties": { "@osmId": "way/219099880", "@snapshotTimestamp": "2015-01-01T00:00:00Z" }, "geometry": { "type": "LineString", "coordinates": [ [ 86.1933252, 20.6392366 ], [ 86.1905841, 20.6415831 ] ] } },
{ "type": "Feature", "properties": { "@osmId": "way/240645043", "@snapshotTimestamp": "2015-01-01T00:00:00Z" }, "geometry": { "type": "LineString", "coordinates": [ [ 86.1907458, 20.6418083 ], [ 86.1934965, 20.6394455 ] ] } },
{ "type": "Feature", "properties": { "@osmId": "way/240645042", "@snapshotTimestamp": "2015-01-01T00:00:00Z" }, "geometry": { "type": "LineString", "coordinates": [ [ 86.1905841, 20.6415831 ], [ 86.189855, 20.6422284 ] ] } },
{ "type": "Feature", "properties": { "@osmId": "way/240645041", "@snapshotTimestamp": "2015-01-01T00:00:00Z" }, "geometry": { "type": "LineString", "coordinates": [ [ 86.1900525, 20.6424167 ], [ 86.1907458, 20.6418083 ] ] } },
{ "type": "Feature", "properties": { "@osmId": "way/240645040", "@snapshotTimestamp": "2015-01-01T00:00:00Z" }, "geometry": { "type": "LineString", "coordinates": [ [ 86.189855, 20.6422284 ], [ 86.1695898, 20.6702339 ] ] } },
{ "type": "Feature", "properties": { "@osmId": "way/219099827", "@snapshotTimestamp": "2015-01-01T00:00:00Z" }, "geometry": { "type": "LineString", "coordinates": [ [ 86.1698464, 20.6704233 ], [ 86.1900525, 20.6424167 ] ] } },
{ "type": "Feature", "properties": { "@osmId": "way/218455120", "@snapshotTimestamp": "2015-01-01T00:00:00Z" }, "geometry": { "type": "LineString", "coordinates": [ [ 86.086613, 20.6307523 ], [ 86.0869086, 20.6310228 ] ] } },
{ "type": "Feature", "properties": { "@osmId": "way/218454182", "@snapshotTimestamp": "2015-01-01T00:00:00Z" }, "geometry": { "type": "LineString", "coordinates": [ [ 86.1349411, 20.7082867 ], [ 86.0869752, 20.6309396 ] ] } },
{ "type": "Feature", "properties": { "@osmId": "way/218455132", "@snapshotTimestamp": "2015-01-01T00:00:00Z" }, "geometry": { "type": "LineString", "coordinates": [ [ 86.0869086, 20.6310228 ], [ 86.1293448, 20.6719205 ], [ 86.150559, 20.7500415 ] ] } },
{ "type": "Feature", "properties": { "@osmId": "way/219099862", "@snapshotTimestamp": "2015-01-01T00:00:00Z" }, "geometry": { "type": "LineString", "coordinates": [ [ 86.1418057, 20.6975298 ], [ 86.1414453, 20.6976364 ] ] } },
{ "type": "Feature", "properties": { "@osmId": "way/219099864", "@snapshotTimestamp": "2015-01-01T00:00:00Z" }, "geometry": { "type": "LineString", "coordinates": [ [ 86.1414674, 20.6977439 ], [ 86.1417264, 20.6976683 ] ] } },
{ "type": "Feature", "properties": { "@osmId": "way/219099873", "@snapshotTimestamp": "2015-01-01T00:00:00Z" }, "geometry": { "type": "LineString", "coordinates": [ [ 86.1414453, 20.6976364 ], [ 86.1386638, 20.6985211 ] ] } },
{ "type": "Feature", "properties": { "@osmId": "way/219099879", "@snapshotTimestamp": "2015-01-01T00:00:00Z" }, "geometry": { "type": "LineString", "coordinates": [ [ 86.1386638, 20.6985211 ], [ 86.1414674, 20.6977439 ] ] } },
{ "type": "Feature", "properties": { "@osmId": "way/219096219", "@snapshotTimestamp": "2015-01-01T00:00:00Z" }, "geometry": { "type": "LineString", "coordinates": [ [ 86.1386638, 20.6985211 ], [ 86.1343902, 20.6998145 ] ] } },
{ "type": "Feature", "properties": { "@osmId": "way/22828277", "@snapshotTimestamp": "2015-01-01T00:00:00Z" }, "geometry": { "type": "LineString", "coordinates": [ [ 86.1343902, 20.6998145 ], [ 86.1336637, 20.7000348 ] ] } },
{ "type": "Feature", "properties": { "@osmId": "way/218454180", "@snapshotTimestamp": "2015-01-01T00:00:00Z" }, "geometry": { "type": "LineString", "coordinates": [ [ 86.1336637, 20.7000348 ], [ 86.1256636, 20.7024213 ] ] } },
{ "type": "Feature", "properties": { "@osmId": "way/219096215", "@snapshotTimestamp": "2015-01-01T00:00:00Z" }, "geometry": { "type": "LineString", "coordinates": [ [ 86.1695898, 20.6702339 ], [ 86.1685847, 20.672414 ] ] } },
{ "type": "Feature", "properties": { "@osmId": "way/219099875", "@snapshotTimestamp": "2015-01-01T00:00:00Z" }, "geometry": { "type": "LineString", "coordinates": [ [ 86.1688479, 20.6725415 ], [ 86.1698464, 20.6704233 ] ] } },
{ "type": "Feature", "properties": { "@osmId": "way/219096208", "@snapshotTimestamp": "2015-01-01T00:00:00Z" }, "geometry": { "type": "LineString", "coordinates": [ [ 86.1685847, 20.672414 ], [ 86.1418057, 20.6975298 ] ] } },
{ "type": "Feature", "properties": { "@osmId": "way/219099872", "@snapshotTimestamp": "2015-01-01T00:00:00Z" }, "geometry": { "type": "LineString", "coordinates": [ [ 86.1417264, 20.6976683 ], [ 86.1688479, 20.6725415 ] ] } },
{ "type": "Feature", "properties": { "@osmId": "way/218453670", "@snapshotTimestamp": "2015-01-01T00:00:00Z" }, "geometry": { "type": "LineString", "coordinates": [ [ 86.1507439, 20.7502658 ], [ 86.1506802, 20.7500534 ] ] } },
{ "type": "Feature", "properties": { "@osmId": "way/218453677", "@snapshotTimestamp": "2015-01-01T00:00:00Z" }, "geometry": { "type": "LineString", "coordinates": [ [ 86.150559, 20.7500415 ], [ 86.150631, 20.7502879 ] ] } },
{ "type": "Feature", "properties": { "@osmId": "way/218453680", "@snapshotTimestamp": "2015-01-01T00:00:00Z" }, "geometry": { "type": "LineString", "coordinates": [ [ 86.150631, 20.7502879 ], [ 86.1475531, 20.7858031 ] ] } },
{ "type": "Feature", "properties": { "@osmId": "way/44949322", "@snapshotTimestamp": "2015-01-01T00:00:00Z" }, "geometry": { "type": "LineString", "coordinates": [ [ 86.1479195, 20.7859608 ], [ 86.1507439, 20.7502658 ] ] } },
{ "type": "Feature", "properties": { "@osmId": "way/218452458", "@snapshotTimestamp": "2015-01-01T00:00:00Z" }, "geometry": { "type": "LineString", "coordinates": [ [ 86.1475531, 20.7858031 ], [ 86.1444548, 20.7912049 ] ] } },
{ "type": "Feature", "properties": { "@osmId": "way/44949321", "@snapshotTimestamp": "2015-01-01T00:00:00Z" }, "geometry": { "type": "LineString", "coordinates": [ [ 86.1445701, 20.7918291 ], [ 86.1479195, 20.7859608 ] ] } },
{ "type": "Feature", "properties": { "@osmId": "way/217771621", "@snapshotTimestamp": "2015-01-01T00:00:00Z" }, "geometry": { "type": "LineString", "coordinates": [ [ 86.1256636, 20.7024213 ], [ 86.1248984, 20.7025728 ] ] } },
{ "type": "Feature", "properties": { "@osmId": "way/218454181", "@snapshotTimestamp": "2015-01-01T00:00:00Z" }, "geometry": { "type": "LineString", "coordinates": [ [ 86.1349968, 20.7085357 ], [ 86.1349411, 20.7082867 ] ] } },
{ "type": "Feature", "properties": { "@osmId": "way/289988308", "@snapshotTimestamp": "2015-01-01T00:00:00Z" }, "geometry": { "type": "LineString", "coordinates": [ [ 86.0047949, 20.7200134 ], [ 86.0042338, 20.7176703 ] ] } },
{ "type": "Feature", "properties": { "@osmId": "way/289988307", "@snapshotTimestamp": "2015-01-01T00:00:00Z" }, "geometry": { "type": "LineString", "coordinates": [ [ 86.006467, 20.7218539 ], [ 86.0047949, 20.7200134 ] ] } },
{ "type": "Feature", "properties": { "@osmId": "way/218453671", "@snapshotTimestamp": "2015-01-01T00:00:00Z" }, "geometry": { "type": "LineString", "coordinates": [ [ 86.1506802, 20.7500534 ], [ 86.1349968, 20.7085357 ] ] } },
{ "type": "Feature", "properties": { "@osmId": "way/217771637", "@snapshotTimestamp": "2015-01-01T00:00:00Z" }, "geometry": { "type": "LineString", "coordinates": [ [ 86.1248984, 20.7025728 ], [ 86.0785918, 20.7737591 ] ] } },
{ "type": "Feature", "properties": { "@osmId": "way/217771623", "@snapshotTimestamp": "2015-01-01T00:00:00Z" }, "geometry": { "type": "LineString", "coordinates": [ [ 86.0785918, 20.7737591 ], [ 86.0781308, 20.7743373 ] ] } },
{ "type": "Feature", "properties": { "@osmId": "way/217771627", "@snapshotTimestamp": "2015-01-01T00:00:00Z" }, "geometry": { "type": "LineString", "coordinates": [ [ 86.0781308, 20.7743373 ], [ 86.0518474, 20.8097277 ] ] } },
{ "type": "Feature", "properties": { "@osmId": "way/217771618", "@snapshotTimestamp": "2015-01-01T00:00:00Z" }, "geometry": { "type": "LineString", "coordinates": [ [ 86.0518474, 20.8097277 ], [ 86.0517, 20.8099324 ] ] } },
{ "type": "Feature", "properties": { "@osmId": "way/217771611", "@snapshotTimestamp": "2015-01-01T00:00:00Z" }, "geometry": { "type": "LineString", "coordinates": [ [ 86.0517, 20.8099324 ], [ 86.026385, 20.847043 ] ] } },
{ "type": "Feature", "properties": { "@osmId": "way/292438255", "@snapshotTimestamp": "2015-01-01T00:00:00Z" }, "geometry": { "type": "LineString", "coordinates": [ [ 86.1831794, 20.8104219 ], [ 86.1979661, 20.8180652 ] ] } },
{ "type": "Feature", "properties": { "@osmId": "way/218452437", "@snapshotTimestamp": "2015-01-01T00:00:00Z" }, "geometry": { "type": "LineString", "coordinates": [ [ 86.200957, 20.821251 ], [ 86.1980228, 20.8179632 ] ] } },
{ "type": "Feature", "properties": { "@osmId": "way/218452449", "@snapshotTimestamp": "2015-01-01T00:00:00Z" }, "geometry": { "type": "LineString", "coordinates": [ [ 86.1979661, 20.8180652 ], [ 86.2008397, 20.821232 ] ] } },
{ "type": "Feature", "properties": { "@osmId": "way/218452460", "@snapshotTimestamp": "2015-01-01T00:00:00Z" }, "geometry": { "type": "LineString", "coordinates": [ [ 86.2008397, 20.821232 ], [ 86.2008263, 20.822268 ] ] } },
{ "type": "Feature", "properties": { "@osmId": "way/218452446", "@snapshotTimestamp": "2015-01-01T00:00:00Z" }, "geometry": { "type": "LineString", "coordinates": [ [ 86.2009563, 20.8222552 ], [ 86.200957, 20.821251 ] ] } },
{ "type": "Feature", "properties": { "@osmId": "way/218452454", "@snapshotTimestamp": "2015-01-01T00:00:00Z" }, "geometry": { "type": "LineString", "coordinates": [ [ 86.2008263, 20.822268 ], [ 86.2008155, 20.8225795 ] ] } },
{ "type": "Feature", "properties": { "@osmId": "way/218452438", "@snapshotTimestamp": "2015-01-01T00:00:00Z" }, "geometry": { "type": "LineString", "coordinates": [ [ 86.2009475, 20.8226095 ], [ 86.2009563, 20.8222552 ] ] } },
{ "type": "Feature", "properties": { "@osmId": "way/218452445", "@snapshotTimestamp": "2015-01-01T00:00:00Z" }, "geometry": { "type": "LineString", "coordinates": [ [ 86.1969002, 20.8475934 ], [ 86.2009475, 20.8226095 ] ] } },
{ "type": "Feature", "properties": { "@osmId": "way/218452462", "@snapshotTimestamp": "2015-01-01T00:00:00Z" }, "geometry": { "type": "LineString", "coordinates": [ [ 86.2008155, 20.8225795 ], [ 86.2000096, 20.8514204 ] ] } },
{ "type": "Feature", "properties": { "@osmId": "way/218452443", "@snapshotTimestamp": "2015-01-01T00:00:00Z" }, "geometry": { "type": "LineString", "coordinates": [ [ 86.1971992, 20.8479421 ], [ 86.1969002, 20.8475934 ] ] } },
{ "type": "Feature", "properties": { "@osmId": "way/218452455", "@snapshotTimestamp": "2015-01-01T00:00:00Z" }, "geometry": { "type": "LineString", "coordinates": [ [ 86.2056463, 20.8803777 ], [ 86.205941, 20.8809991 ] ] } },
{ "type": "Feature", "properties": { "@osmId": "way/218452441", "@snapshotTimestamp": "2015-01-01T00:00:00Z" }, "geometry": { "type": "LineString", "coordinates": [ [ 86.2061108, 20.8810755 ], [ 86.2057999, 20.880394 ] ] } },
{ "type": "Feature", "properties": { "@osmId": "way/218452459", "@snapshotTimestamp": "2015-01-01T00:00:00Z" }, "geometry": { "type": "LineString", "coordinates": [ [ 86.205941, 20.8809991 ], [ 86.2271582, 20.9127398 ] ] } },
{ "type": "Feature", "properties": { "@osmId": "way/218405670", "@snapshotTimestamp": "2015-01-01T00:00:00Z" }, "geometry": { "type": "LineString", "coordinates": [ [ 86.2272539, 20.9126998 ], [ 86.2061108, 20.8810755 ] ] } },
{ "type": "Feature", "properties": { "@osmId": "way/237817042", "@snapshotTimestamp": "2015-01-01T00:00:00Z" }, "geometry": { "type": "LineString", "coordinates": [ [ 86.2696162, 20.9126944 ], [ 86.271882, 20.9103302 ] ] } },
{ "type": "Feature", "properties": { "@osmId": "way/218405672", "@snapshotTimestamp": "2015-01-01T00:00:00Z" }, "geometry": { "type": "LineString", "coordinates": [ [ 86.232202, 20.915799 ], [ 86.2272539, 20.9126998 ] ] } },
{ "type": "Feature", "properties": { "@osmId": "way/218405674", "@snapshotTimestamp": "2015-01-01T00:00:00Z" }, "geometry": { "type": "LineString", "coordinates": [ [ 86.2271582, 20.9127398 ], [ 86.2321084, 20.9158444 ] ] } },
{ "type": "Feature", "properties": { "@osmId": "way/218405671", "@snapshotTimestamp": "2015-01-01T00:00:00Z" }, "geometry": { "type": "LineString", "coordinates": [ [ 86.239432, 20.920689 ], [ 86.232202, 20.915799 ] ] } },
{ "type": "Feature", "properties": { "@osmId": "way/218405673", "@snapshotTimestamp": "2015-01-01T00:00:00Z" }, "geometry": { "type": "LineString", "coordinates": [ [ 86.2321084, 20.9158444 ], [ 86.2393679, 20.9207523 ] ] } },
{ "type": "Feature", "properties": { "@osmId": "way/218405669", "@snapshotTimestamp": "2015-01-01T00:00:00Z" }, "geometry": { "type": "LineString", "coordinates": [ [ 86.2398303, 20.9209163 ], [ 86.239432, 20.920689 ] ] } },
{ "type": "Feature", "properties": { "@osmId": "way/219096211", "@snapshotTimestamp": "2015-01-01T00:00:00Z" }, "geometry": { "type": "LineString", "coordinates": [ [ 86.330638, 20.549157 ], [ 86.278367, 20.5893769 ] ] } },
{ "type": "Feature", "properties": { "@osmId": "way/219099871", "@snapshotTimestamp": "2015-01-01T00:00:00Z" }, "geometry": { "type": "LineString", "coordinates": [ [ 86.2786487, 20.5894407 ], [ 86.3307654, 20.5493141 ] ] } },
{ "type": "Feature", "properties": { "@osmId": "way/219099847", "@snapshotTimestamp": "2015-01-01T00:00:00Z" }, "geometry": { "type": "LineString", "coordinates": [ [ 86.278367, 20.5893769 ], [ 86.2776852, 20.5903406 ] ] } },
{ "type": "Feature", "properties": { "@osmId": "way/219099854", "@snapshotTimestamp": "2015-01-01T00:00:00Z" }, "geometry": { "type": "LineString", "coordinates": [ [ 86.2779579, 20.5904433 ], [ 86.2786487, 20.5894407 ] ] } },
{ "type": "Feature", "properties": { "@osmId": "way/219096218", "@snapshotTimestamp": "2015-01-01T00:00:00Z" }, "geometry": { "type": "LineString", "coordinates": [ [ 86.2776852, 20.5903406 ], [ 86.2291689, 20.6155348 ] ] } },
{ "type": "Feature", "properties": { "@osmId": "way/219099876", "@snapshotTimestamp": "2015-01-01T00:00:00Z" }, "geometry": { "type": "LineString", "coordinates": [ [ 86.2294809, 20.6157258 ], [ 86.2779579, 20.5904433 ] ] } },
{ "type": "Feature", "properties": { "@osmId": "way/289993601", "@snapshotTimestamp": "2015-01-01T00:00:00Z" }, "geometry": { "type": "LineString", "coordinates": [ [ 86.2699711, 20.6049318 ], [ 86.2739889, 20.6078309 ] ] } },
{ "type": "Feature", "properties": { "@osmId": "way/219096201", "@snapshotTimestamp": "2015-01-01T00:00:00Z" }, "geometry": { "type": "LineString", "coordinates": [ [ 86.2291689, 20.6155348 ], [ 86.2279684, 20.6158142 ] ] } },
{ "type": "Feature", "properties": { "@osmId": "way/219099843", "@snapshotTimestamp": "2015-01-01T00:00:00Z" }, "geometry": { "type": "LineString", "coordinates": [ [ 86.2283025, 20.6160137 ], [ 86.2294809, 20.6157258 ] ] } },
{ "type": "Feature", "properties": { "@osmId": "way/289986792", "@snapshotTimestamp": "2015-01-01T00:00:00Z" }, "geometry": { "type": "LineString", "coordinates": [ [ 86.3080623, 20.6184575 ], [ 86.3081609, 20.618428 ] ] } },
{ "type": "Feature", "properties": { "@osmId": "way/289986791", "@snapshotTimestamp": "2015-01-01T00:00:00Z" }, "geometry": { "type": "LineString", "coordinates": [ [ 86.3060378, 20.6187075 ], [ 86.3080623, 20.6184575 ] ] } },
{ "type": "Feature", "properties": { "@osmId": "way/219096182", "@snapshotTimestamp": "2015-01-01T00:00:00Z" }, "geometry": { "type": "LineString", "coordinates": [ [ 86.2279684, 20.6158142 ], [ 86.2149056, 20.6225255 ] ] } },
{ "type": "Feature", "properties": { "@osmId": "way/219099830", "@snapshotTimestamp": "2015-01-01T00:00:00Z" }, "geometry": { "type": "LineString", "coordinates": [ [ 86.2146525, 20.6230774 ], [ 86.2283025, 20.6160137 ] ] } },
{ "type": "Feature", "properties": { "@osmId": "way/219099850", "@snapshotTimestamp": "2015-01-01T00:00:00Z" }, "geometry": { "type": "LineString", "coordinates": [ [ 86.2149056, 20.6225255 ], [ 86.2144882, 20.6228869 ] ] } },
{ "type": "Feature", "properties": { "@osmId": "way/219099866", "@snapshotTimestamp": "2015-01-01T00:00:00Z" }, "geometry": { "type": "LineString", "coordinates": [ [ 86.2138079, 20.6238353 ], [ 86.2146525, 20.6230774 ] ] } },
{ "type": "Feature", "properties": { "@osmId": "way/219099859", "@snapshotTimestamp": "2015-01-01T00:00:00Z" }, "geometry": { "type": "LineString", "coordinates": [ [ 86.2144882, 20.6228869 ], [ 86.2129831, 20.6241901 ] ] } },
{ "type": "Feature", "properties": { "@osmId": "way/219099839", "@snapshotTimestamp": "2015-01-01T00:00:00Z" }, "geometry": { "type": "LineString", "coordinates": [ [ 86.2001695, 20.6338521 ], [ 86.2138079, 20.6238353 ] ] } },
{ "type": "Feature", "properties": { "@osmId": "way/219096184", "@snapshotTimestamp": "2015-01-01T00:00:00Z" }, "geometry": { "type": "LineString", "coordinates": [ [ 86.2129831, 20.6241901 ], [ 86.199911, 20.6337034 ] ] } },
{ "type": "Feature", "properties": { "@osmId": "way/219096202", "@snapshotTimestamp": "2015-01-01T00:00:00Z" }, "geometry": { "type": "LineString", "coordinates": [ [ 86.199911, 20.6337034 ], [ 86.1992694, 20.6342265 ] ] } },
{ "type": "Feature", "properties": { "@osmId": "way/219099865", "@snapshotTimestamp": "2015-01-01T00:00:00Z" }, "geometry": { "type": "LineString", "coordinates": [ [ 86.1994512, 20.6344514 ], [ 86.2001695, 20.6338521 ] ] } },
{ "type": "Feature", "properties": { "@osmId": "way/86201461", "@snapshotTimestamp": "2015-01-01T00:00:00Z" }, "geometry": { "type": "LineString", "coordinates": [ [ 86.5127819, 20.6850203 ], [ 86.530676470913932, 20.687208032062781 ] ] } },
{ "type": "Feature", "properties": { "@osmId": "way/86201466", "@snapshotTimestamp": "2015-01-01T00:00:00Z" }, "geometry": { "type": "LineString", "coordinates": [ [ 86.5098384, 20.6889514 ], [ 86.4134, 20.731 ] ] } },
{ "type": "Feature", "properties": { "@osmId": "way/237817032", "@snapshotTimestamp": "2015-01-01T00:00:00Z" }, "geometry": { "type": "LineString", "coordinates": [ [ 86.3370715, 20.8550097 ], [ 86.528003036770158, 20.807470333698664 ] ] } },
{ "type": "Feature", "properties": { "@osmId": "way/237817063", "@snapshotTimestamp": "2015-01-01T00:00:00Z" }, "geometry": { "type": "LineString", "coordinates": [ [ 86.3370715, 20.8550097 ], [ 86.3571403, 20.7874401 ], [ 86.4134, 20.731 ] ] } },
{ "type": "Feature", "properties": { "@osmId": "way/218452466", "@snapshotTimestamp": "2015-01-01T00:00:00Z" }, "geometry": { "type": "LineString", "coordinates": [ [ 86.1444548, 20.7912049 ], [ 86.1778753, 20.8076728 ] ] } },
{ "type": "Feature", "properties": { "@osmId": "way/292438262", "@snapshotTimestamp": "2015-01-01T00:00:00Z" }, "geometry": { "type": "LineString", "coordinates": [ [ 86.1779441, 20.8075296 ], [ 86.1445701, 20.7918291 ] ] } },
{ "type": "Feature", "properties": { "@osmId": "way/292438258", "@snapshotTimestamp": "2015-01-01T00:00:00Z" }, "geometry": { "type": "LineString", "coordinates": [ [ 86.1787672, 20.8079251 ], [ 86.1779441, 20.8075296 ] ] } },
{ "type": "Feature", "properties": { "@osmId": "way/292438256", "@snapshotTimestamp": "2015-01-01T00:00:00Z" }, "geometry": { "type": "LineString", "coordinates": [ [ 86.1778753, 20.8076728 ], [ 86.1786965, 20.8080937 ] ] } },
{ "type": "Feature", "properties": { "@osmId": "way/292438260", "@snapshotTimestamp": "2015-01-01T00:00:00Z" }, "geometry": { "type": "LineString", "coordinates": [ [ 86.1823952, 20.8097644 ], [ 86.1787672, 20.8079251 ] ] } },
{ "type": "Feature", "properties": { "@osmId": "way/292438261", "@snapshotTimestamp": "2015-01-01T00:00:00Z" }, "geometry": { "type": "LineString", "coordinates": [ [ 86.1786965, 20.8080937 ], [ 86.1823059, 20.8099638 ] ] } },
{ "type": "Feature", "properties": { "@osmId": "way/292438259", "@snapshotTimestamp": "2015-01-01T00:00:00Z" }, "geometry": { "type": "LineString", "coordinates": [ [ 86.1832676, 20.8102253 ], [ 86.1823952, 20.8097644 ] ] } },
{ "type": "Feature", "properties": { "@osmId": "way/292438257", "@snapshotTimestamp": "2015-01-01T00:00:00Z" }, "geometry": { "type": "LineString", "coordinates": [ [ 86.1823059, 20.8099638 ], [ 86.1831794, 20.8104219 ] ] } },
{ "type": "Feature", "properties": { "@osmId": "way/218452447", "@snapshotTimestamp": "2015-01-01T00:00:00Z" }, "geometry": { "type": "LineString", "coordinates": [ [ 86.1980228, 20.8179632 ], [ 86.1832676, 20.8102253 ] ] } },
{ "type": "Feature", "properties": { "@osmId": "way/44949319", "@snapshotTimestamp": "2015-01-01T00:00:00Z" }, "geometry": { "type": "LineString", "coordinates": [ [ 86.2003484, 20.8511683 ], [ 86.1971992, 20.8479421 ] ] } },
{ "type": "Feature", "properties": { "@osmId": "way/44949320", "@snapshotTimestamp": "2015-01-01T00:00:00Z" }, "geometry": { "type": "LineString", "coordinates": [ [ 86.2031629, 20.8544997 ], [ 86.2003484, 20.8511683 ] ] } },
{ "type": "Feature", "properties": { "@osmId": "way/218452457", "@snapshotTimestamp": "2015-01-01T00:00:00Z" }, "geometry": { "type": "LineString", "coordinates": [ [ 86.2000096, 20.8514204 ], [ 86.2027855, 20.8546946 ] ] } },
{ "type": "Feature", "properties": { "@osmId": "way/218452444", "@snapshotTimestamp": "2015-01-01T00:00:00Z" }, "geometry": { "type": "LineString", "coordinates": [ [ 86.2002217, 20.8689044 ], [ 86.2031629, 20.8544997 ] ] } },
{ "type": "Feature", "properties": { "@osmId": "way/218452461", "@snapshotTimestamp": "2015-01-01T00:00:00Z" }, "geometry": { "type": "LineString", "coordinates": [ [ 86.2027855, 20.8546946 ], [ 86.2001207, 20.8689814 ] ] } },
{ "type": "Feature", "properties": { "@osmId": "way/218452442", "@snapshotTimestamp": "2015-01-01T00:00:00Z" }, "geometry": { "type": "LineString", "coordinates": [ [ 86.200337, 20.8691423 ], [ 86.2002217, 20.8689044 ] ] } },
{ "type": "Feature", "properties": { "@osmId": "way/218452456", "@snapshotTimestamp": "2015-01-01T00:00:00Z" }, "geometry": { "type": "LineString", "coordinates": [ [ 86.2001207, 20.8689814 ], [ 86.2002189, 20.8691669 ] ] } },
{ "type": "Feature", "properties": { "@osmId": "way/218452448", "@snapshotTimestamp": "2015-01-01T00:00:00Z" }, "geometry": { "type": "LineString", "coordinates": [ [ 86.2057999, 20.880394 ], [ 86.200337, 20.8691423 ] ] } },
{ "type": "Feature", "properties": { "@osmId": "way/218452465", "@snapshotTimestamp": "2015-01-01T00:00:00Z" }, "geometry": { "type": "LineString", "coordinates": [ [ 86.2002189, 20.8691669 ], [ 86.2056463, 20.8803777 ] ] } },
{ "type": "Feature", "properties": { "@osmId": "way/237817047", "@snapshotTimestamp": "2015-01-01T00:00:00Z" }, "geometry": { "type": "LineString", "coordinates": [ [ 86.271882, 20.9103302 ], [ 86.3120255, 20.8527706 ], [ 86.3370715, 20.8550097 ] ] } },
{ "type": "Feature", "properties": { "@osmId": "way/235632951", "@snapshotTimestamp": "2015-01-01T00:00:00Z" }, "geometry": { "type": "LineString", "coordinates": [ [ 86.52574889097319, 20.908871283633907 ], [ 86.5207585, 20.9147747 ] ] } },
{ "type": "Feature", "properties": { "@osmId": "way/235632949", "@snapshotTimestamp": "2015-01-01T00:00:00Z" }, "geometry": { "type": "LineString", "coordinates": [ [ 86.5207585, 20.9147747 ], [ 86.520406, 20.9150714 ] ] } },
{ "type": "Feature", "properties": { "@osmId": "way/235632952", "@snapshotTimestamp": "2015-01-01T00:00:00Z" }, "geometry": { "type": "LineString", "coordinates": [ [ 86.520406, 20.9150714 ], [ 86.5222129, 20.9357831 ] ] } },
{ "type": "Feature", "properties": { "@osmId": "way/235632950", "@snapshotTimestamp": "2015-01-01T00:00:00Z" }, "geometry": { "type": "LineString", "coordinates": [ [ 86.5222129, 20.9357831 ], [ 86.5222346, 20.9361123 ] ] } },
{ "type": "Feature", "properties": { "@osmId": "way/235632946", "@snapshotTimestamp": "2015-01-01T00:00:00Z" }, "geometry": { "type": "LineString", "coordinates": [ [ 86.5222346, 20.9361123 ], [ 86.5212212, 20.9651782 ] ] } },
{ "type": "Feature", "properties": { "@osmId": "way/235632947", "@snapshotTimestamp": "2015-01-01T00:00:00Z" }, "geometry": { "type": "LineString", "coordinates": [ [ 86.5212212, 20.9651782 ], [ 86.5212387, 20.9654128 ] ] } },
{ "type": "Feature", "properties": { "@osmId": "way/218405480", "@snapshotTimestamp": "2015-01-01T00:00:00Z" }, "geometry": { "type": "LineString", "coordinates": [ [ 86.3996561, 20.975296 ], [ 86.3679409, 20.9601142 ] ] } },
{ "type": "Feature", "properties": { "@osmId": "way/218405489", "@snapshotTimestamp": "2015-01-01T00:00:00Z" }, "geometry": { "type": "LineString", "coordinates": [ [ 86.3680432, 20.9602477 ], [ 86.3996702, 20.975449 ] ] } },
{ "type": "Feature", "properties": { "@osmId": "way/218405482", "@snapshotTimestamp": "2015-01-01T00:00:00Z" }, "geometry": { "type": "LineString", "coordinates": [ [ 86.3999242, 20.9754979 ], [ 86.3996561, 20.975296 ] ] } },
{ "type": "Feature", "properties": { "@osmId": "way/218405488", "@snapshotTimestamp": "2015-01-01T00:00:00Z" }, "geometry": { "type": "LineString", "coordinates": [ [ 86.3996702, 20.975449 ], [ 86.3999834, 20.9756668 ] ] } },
{ "type": "Feature", "properties": { "@osmId": "way/218407199", "@snapshotTimestamp": "2015-01-01T00:00:00Z" }, "geometry": { "type": "LineString", "coordinates": [ [ 86.4129322, 20.9851747 ], [ 86.3999242, 20.9754979 ] ] } },
{ "type": "Feature", "properties": { "@osmId": "way/218405491", "@snapshotTimestamp": "2015-01-01T00:00:00Z" }, "geometry": { "type": "LineString", "coordinates": [ [ 86.3999834, 20.9756668 ], [ 86.4128326, 20.9852638 ] ] } },
{ "type": "Feature", "properties": { "@osmId": "way/235017874", "@snapshotTimestamp": "2015-01-01T00:00:00Z" }, "geometry": { "type": "LineString", "coordinates": [ [ 86.522322321505044, 21.063012776857327 ], [ 86.5067984, 21.0719675 ] ] } },
{ "type": "Feature", "properties": { "@osmId": "way/218407191", "@snapshotTimestamp": "2015-01-01T00:00:00Z" }, "geometry": { "type": "LineString", "coordinates": [ [ 86.4132941, 20.9854436 ], [ 86.4129322, 20.9851747 ] ] } },
{ "type": "Feature", "properties": { "@osmId": "way/218407226", "@snapshotTimestamp": "2015-01-01T00:00:00Z" }, "geometry": { "type": "LineString", "coordinates": [ [ 86.4128326, 20.9852638 ], [ 86.4132099, 20.9855407 ] ] } },
{ "type": "Feature", "properties": { "@osmId": "way/218407197", "@snapshotTimestamp": "2015-01-01T00:00:00Z" }, "geometry": { "type": "LineString", "coordinates": [ [ 86.4164787, 20.9877142 ], [ 86.4132941, 20.9854436 ] ] } },
{ "type": "Feature", "properties": { "@osmId": "way/218407247", "@snapshotTimestamp": "2015-01-01T00:00:00Z" }, "geometry": { "type": "LineString", "coordinates": [ [ 86.4132099, 20.9855407 ], [ 86.4162535, 20.9877959 ] ] } },
{ "type": "Feature", "properties": { "@osmId": "way/218407196", "@snapshotTimestamp": "2015-01-01T00:00:00Z" }, "geometry": { "type": "LineString", "coordinates": [ [ 86.4169808, 20.9881015 ], [ 86.4164787, 20.9877142 ] ] } },
{ "type": "Feature", "properties": { "@osmId": "way/218407231", "@snapshotTimestamp": "2015-01-01T00:00:00Z" }, "geometry": { "type": "LineString", "coordinates": [ [ 86.4162535, 20.9877959 ], [ 86.4168541, 20.9882453 ] ] } },
{ "type": "Feature", "properties": { "@osmId": "way/218407187", "@snapshotTimestamp": "2015-01-01T00:00:00Z" }, "geometry": { "type": "LineString", "coordinates": [ [ 86.4562193, 21.021531 ], [ 86.4169808, 20.9881015 ] ] } },
{ "type": "Feature", "properties": { "@osmId": "way/218407240", "@snapshotTimestamp": "2015-01-01T00:00:00Z" }, "geometry": { "type": "LineString", "coordinates": [ [ 86.4168541, 20.9882453 ], [ 86.4560866, 21.0216775 ] ] } },
{ "type": "Feature", "properties": { "@osmId": "way/235632953", "@snapshotTimestamp": "2015-01-01T00:00:00Z" }, "geometry": { "type": "LineString", "coordinates": [ [ 86.5212387, 20.9654128 ], [ 86.487445, 21.0490643 ] ] } },
{ "type": "Feature", "properties": { "@osmId": "way/218407194", "@snapshotTimestamp": "2015-01-01T00:00:00Z" }, "geometry": { "type": "LineString", "coordinates": [ [ 86.4567288, 21.0219912 ], [ 86.4562193, 21.021531 ] ] } },
{ "type": "Feature", "properties": { "@osmId": "way/218407219", "@snapshotTimestamp": "2015-01-01T00:00:00Z" }, "geometry": { "type": "LineString", "coordinates": [ [ 86.4560866, 21.0216775 ], [ 86.4565742, 21.0220984 ] ] } },
{ "type": "Feature", "properties": { "@osmId": "way/218407202", "@snapshotTimestamp": "2015-01-01T00:00:00Z" }, "geometry": { "type": "LineString", "coordinates": [ [ 86.4722086, 21.0354023 ], [ 86.4567288, 21.0219912 ] ] } },
{ "type": "Feature", "properties": { "@osmId": "way/218407260", "@snapshotTimestamp": "2015-01-01T00:00:00Z" }, "geometry": { "type": "LineString", "coordinates": [ [ 86.4565742, 21.0220984 ], [ 86.4721287, 21.0354703 ] ] } },
{ "type": "Feature", "properties": { "@osmId": "way/218407190", "@snapshotTimestamp": "2015-01-01T00:00:00Z" }, "geometry": { "type": "LineString", "coordinates": [ [ 86.4726311, 21.0357467 ], [ 86.4722086, 21.0354023 ] ] } },
{ "type": "Feature", "properties": { "@osmId": "way/218407236", "@snapshotTimestamp": "2015-01-01T00:00:00Z" }, "geometry": { "type": "LineString", "coordinates": [ [ 86.4721287, 21.0354703 ], [ 86.4725794, 21.0358392 ] ] } },
{ "type": "Feature", "properties": { "@osmId": "way/218405492", "@snapshotTimestamp": "2015-01-01T00:00:00Z" }, "geometry": { "type": "LineString", "coordinates": [ [ 86.2755687, 20.9361721 ], [ 86.2779301, 20.9346501 ] ] } },
{ "type": "Feature", "properties": { "@osmId": "way/218405485", "@snapshotTimestamp": "2015-01-01T00:00:00Z" }, "geometry": { "type": "LineString", "coordinates": [ [ 86.2749438, 20.9360893 ], [ 86.2660035, 20.9345791 ] ] } },
{ "type": "Feature", "properties": { "@osmId": "way/218407217", "@snapshotTimestamp": "2015-01-01T00:00:00Z" }, "geometry": { "type": "LineString", "coordinates": [ [ 86.2659777, 20.9347057 ], [ 86.2752306, 20.9363855 ] ] } },
{ "type": "Feature", "properties": { "@osmId": "way/218405481", "@snapshotTimestamp": "2015-01-01T00:00:00Z" }, "geometry": { "type": "LineString", "coordinates": [ [ 86.2753891, 20.9357975 ], [ 86.2749438, 20.9360893 ] ] } },
{ "type": "Feature", "properties": { "@osmId": "way/218405486", "@snapshotTimestamp": "2015-01-01T00:00:00Z" }, "geometry": { "type": "LineString", "coordinates": [ [ 86.2752306, 20.9363855 ], [ 86.2755687, 20.9361721 ] ] } },
{ "type": "Feature", "properties": { "@osmId": "way/218405484", "@snapshotTimestamp": "2015-01-01T00:00:00Z" }, "geometry": { "type": "LineString", "coordinates": [ [ 86.367027, 20.9600953 ], [ 86.2852262, 20.9295261 ] ] } },
{ "type": "Feature", "properties": { "@osmId": "way/218405490", "@snapshotTimestamp": "2015-01-01T00:00:00Z" }, "geometry": { "type": "LineString", "coordinates": [ [ 86.2855578, 20.929797 ], [ 86.3670524, 20.9602238 ] ] } },
{ "type": "Feature", "properties": { "@osmId": "way/218405483", "@snapshotTimestamp": "2015-01-01T00:00:00Z" }, "geometry": { "type": "LineString", "coordinates": [ [ 86.3679409, 20.9601142 ], [ 86.367027, 20.9600953 ] ] } },
{ "type": "Feature", "properties": { "@osmId": "way/218405487", "@snapshotTimestamp": "2015-01-01T00:00:00Z" }, "geometry": { "type": "LineString", "coordinates": [ [ 86.3670524, 20.9602238 ], [ 86.3680432, 20.9602477 ] ] } },
{ "type": "Feature", "properties": { "@osmId": "way/233817224", "@snapshotTimestamp": "2015-01-01T00:00:00Z" }, "geometry": { "type": "LineString", "coordinates": [ [ 86.409599, 21.0943131 ], [ 86.3445742, 21.1183077 ] ] } },
{ "type": "Feature", "properties": { "@osmId": "way/218407198", "@snapshotTimestamp": "2015-01-01T00:00:00Z" }, "geometry": { "type": "LineString", "coordinates": [ [ 86.4743993, 21.0371877 ], [ 86.4726311, 21.0357467 ] ] } },
{ "type": "Feature", "properties": { "@osmId": "way/218407245", "@snapshotTimestamp": "2015-01-01T00:00:00Z" }, "geometry": { "type": "LineString", "coordinates": [ [ 86.4725794, 21.0358392 ], [ 86.4743358, 21.0372567 ] ] } },
{ "type": "Feature", "properties": { "@osmId": "way/218407195", "@snapshotTimestamp": "2015-01-01T00:00:00Z" }, "geometry": { "type": "LineString", "coordinates": [ [ 86.4746437, 21.0373868 ], [ 86.4743993, 21.0371877 ] ] } },
{ "type": "Feature", "properties": { "@osmId": "way/218407218", "@snapshotTimestamp": "2015-01-01T00:00:00Z" }, "geometry": { "type": "LineString", "coordinates": [ [ 86.4743358, 21.0372567 ], [ 86.4745565, 21.0374389 ] ] } },
{ "type": "Feature", "properties": { "@osmId": "way/218407193", "@snapshotTimestamp": "2015-01-01T00:00:00Z" }, "geometry": { "type": "LineString", "coordinates": [ [ 86.4757115, 21.0382511 ], [ 86.4746437, 21.0373868 ] ] } },
{ "type": "Feature", "properties": { "@osmId": "way/218407220", "@snapshotTimestamp": "2015-01-01T00:00:00Z" }, "geometry": { "type": "LineString", "coordinates": [ [ 86.4745565, 21.0374389 ], [ 86.4756273, 21.0383297 ] ] } },
{ "type": "Feature", "properties": { "@osmId": "way/218407192", "@snapshotTimestamp": "2015-01-01T00:00:00Z" }, "geometry": { "type": "LineString", "coordinates": [ [ 86.4759562, 21.0384518 ], [ 86.4757115, 21.0382511 ] ] } },
{ "type": "Feature", "properties": { "@osmId": "way/218407234", "@snapshotTimestamp": "2015-01-01T00:00:00Z" }, "geometry": { "type": "LineString", "coordinates": [ [ 86.4756273, 21.0383297 ], [ 86.4758605, 21.038521 ] ] } },
{ "type": "Feature", "properties": { "@osmId": "way/92193361", "@snapshotTimestamp": "2015-01-01T00:00:00Z" }, "geometry": { "type": "LineString", "coordinates": [ [ 86.491977, 21.053331 ], [ 86.4759562, 21.0384518 ] ] } },
{ "type": "Feature", "properties": { "@osmId": "way/218407215", "@snapshotTimestamp": "2015-01-01T00:00:00Z" }, "geometry": { "type": "LineString", "coordinates": [ [ 86.4758605, 21.038521 ], [ 86.4919076, 21.0533684 ] ] } },
{ "type": "Feature", "properties": { "@osmId": "way/102591119", "@snapshotTimestamp": "2015-01-01T00:00:00Z" }, "geometry": { "type": "LineString", "coordinates": [ [ 86.487445, 21.0490643 ], [ 86.4874109, 21.049105 ] ] } },
{ "type": "Feature", "properties": { "@osmId": "way/218407203", "@snapshotTimestamp": "2015-01-01T00:00:00Z" }, "geometry": { "type": "LineString", "coordinates": [ [ 86.4874109, 21.049105 ], [ 86.4872214, 21.0493146 ] ] } },
{ "type": "Feature", "properties": { "@osmId": "way/218407204", "@snapshotTimestamp": "2015-01-01T00:00:00Z" }, "geometry": { "type": "LineString", "coordinates": [ [ 86.4872214, 21.0493146 ], [ 86.4872023, 21.0493288 ] ] } },
{ "type": "Feature", "properties": { "@osmId": "way/218407184", "@snapshotTimestamp": "2015-01-01T00:00:00Z" }, "geometry": { "type": "LineString", "coordinates": [ [ 86.4935291, 21.0559363 ], [ 86.491977, 21.053331 ] ] } },
{ "type": "Feature", "properties": { "@osmId": "way/258611022", "@snapshotTimestamp": "2015-01-01T00:00:00Z" }, "geometry": { "type": "LineString", "coordinates": [ [ 86.4919076, 21.0533684 ], [ 86.4934345, 21.0559518 ] ] } },
{ "type": "Feature", "properties": { "@osmId": "way/218407183", "@snapshotTimestamp": "2015-01-01T00:00:00Z" }, "geometry": { "type": "LineString", "coordinates": [ [ 86.4942285, 21.0614947 ], [ 86.4935291, 21.0559363 ] ] } },
{ "type": "Feature", "properties": { "@osmId": "way/218407255", "@snapshotTimestamp": "2015-01-01T00:00:00Z" }, "geometry": { "type": "LineString", "coordinates": [ [ 86.4934345, 21.0559518 ], [ 86.4941214, 21.0615001 ] ] } },
{ "type": "Feature", "properties": { "@osmId": "way/86143429", "@snapshotTimestamp": "2015-01-01T00:00:00Z" }, "geometry": { "type": "LineString", "coordinates": [ [ 86.4932089, 21.0545141 ], [ 86.5031128, 21.0669998 ] ] } },
{ "type": "Feature", "properties": { "@osmId": "way/22828470", "@snapshotTimestamp": "2015-01-01T00:00:00Z" }, "geometry": { "type": "LineString", "coordinates": [ [ 86.4963312, 21.0573589 ], [ 86.4714516, 21.0647445 ] ] } },
{ "type": "Feature", "properties": { "@osmId": "way/218407232", "@snapshotTimestamp": "2015-01-01T00:00:00Z" }, "geometry": { "type": "LineString", "coordinates": [ [ 86.4941214, 21.0615001 ], [ 86.4942094, 21.0622598 ] ] } },
{ "type": "Feature", "properties": { "@osmId": "way/218405311", "@snapshotTimestamp": "2015-01-01T00:00:00Z" }, "geometry": { "type": "LineString", "coordinates": [ [ 86.4944378, 21.0633283 ], [ 86.4942285, 21.0614947 ] ] } },
{ "type": "Feature", "properties": { "@osmId": "way/102591121", "@snapshotTimestamp": "2015-01-01T00:00:00Z" }, "geometry": { "type": "LineString", "coordinates": [ [ 86.4942094, 21.0622598 ], [ 86.4943175, 21.0633471 ] ] } },
{ "type": "Feature", "properties": { "@osmId": "way/218405312", "@snapshotTimestamp": "2015-01-01T00:00:00Z" }, "geometry": { "type": "LineString", "coordinates": [ [ 86.4946249, 21.0649254 ], [ 86.4944378, 21.0633283 ] ] } },
{ "type": "Feature", "properties": { "@osmId": "way/218405320", "@snapshotTimestamp": "2015-01-01T00:00:00Z" }, "geometry": { "type": "LineString", "coordinates": [ [ 86.4943175, 21.0633471 ], [ 86.4945183, 21.0649422 ] ] } },
{ "type": "Feature", "properties": { "@osmId": "way/233817215", "@snapshotTimestamp": "2015-01-01T00:00:00Z" }, "geometry": { "type": "LineString", "coordinates": [ [ 86.4714516, 21.0647445 ], [ 86.4678985, 21.0666234 ] ] } },
{ "type": "Feature", "properties": { "@osmId": "way/236247636", "@snapshotTimestamp": "2015-01-01T00:00:00Z" }, "geometry": { "type": "LineString", "coordinates": [ [ 86.5031128, 21.0669998 ], [ 86.5035832, 21.0676507 ] ] } },
{ "type": "Feature", "properties": { "@osmId": "way/236247637", "@snapshotTimestamp": "2015-01-01T00:00:00Z" }, "geometry": { "type": "LineString", "coordinates": [ [ 86.5035832, 21.0676507 ], [ 86.5067984, 21.0719675 ] ] } },
{ "type": "Feature", "properties": { "@osmId": "way/92193363", "@snapshotTimestamp": "2015-01-01T00:00:00Z" }, "geometry": { "type": "LineString", "coordinates": [ [ 86.5127899, 21.0793892 ], [ 86.4946249, 21.0649254 ] ] } },
{ "type": "Feature", "properties": { "@osmId": "way/235017886", "@snapshotTimestamp": "2015-01-01T00:00:00Z" }, "geometry": { "type": "LineString", "coordinates": [ [ 86.5067984, 21.0719675 ], [ 86.5120204, 21.0785897 ] ] } },
{ "type": "Feature", "properties": { "@osmId": "way/233817202", "@snapshotTimestamp": "2015-01-01T00:00:00Z" }, "geometry": { "type": "LineString", "coordinates": [ [ 86.4678985, 21.0666234 ], [ 86.4097827, 21.0942309 ] ] } },
{ "type": "Feature", "properties": { "@osmId": "way/233817206", "@snapshotTimestamp": "2015-01-01T00:00:00Z" }, "geometry": { "type": "LineString", "coordinates": [ [ 86.4097827, 21.0942309 ], [ 86.409599, 21.0943131 ] ] } },
{ "type": "Feature", "properties": { "@osmId": "way/218405323", "@snapshotTimestamp": "2015-01-01T00:00:00Z" }, "geometry": { "type": "LineString", "coordinates": [ [ 86.4945183, 21.0649422 ], [ 86.521714830445603, 21.090340277405755 ] ] } },
{ "type": "Feature", "properties": { "@osmId": "way/218405316", "@snapshotTimestamp": "2015-01-01T00:00:00Z" }, "geometry": { "type": "LineString", "coordinates": [ [ 86.521717616925002, 21.090214929854039 ], [ 86.5127899, 21.0793892 ] ] } },
{ "type": "Feature", "properties": { "@osmId": "way/217771624", "@snapshotTimestamp": "2015-01-01T00:00:00Z" }, "geometry": { "type": "LineString", "coordinates": [ [ 86.026385, 20.847043 ], [ 86.0261216, 20.847431 ] ] } },
{ "type": "Feature", "properties": { "@osmId": "way/217771612", "@snapshotTimestamp": "2015-01-01T00:00:00Z" }, "geometry": { "type": "LineString", "coordinates": [ [ 86.0261216, 20.847431 ], [ 86.0102876, 20.8747184 ] ] } },
{ "type": "Feature", "properties": { "@osmId": "way/217771617", "@snapshotTimestamp": "2015-01-01T00:00:00Z" }, "geometry": { "type": "LineString", "coordinates": [ [ 86.0102876, 20.8747184 ], [ 86.0103058, 20.87525 ] ] } },
{ "type": "Feature", "properties": { "@osmId": "way/217771629", "@snapshotTimestamp": "2015-01-01T00:00:00Z" }, "geometry": { "type": "LineString", "coordinates": [ [ 86.0103058, 20.87525 ], [ 86.010561, 20.8787586 ] ] } },
{ "type": "Feature", "properties": { "@osmId": "way/217771633", "@snapshotTimestamp": "2015-01-01T00:00:00Z" }, "geometry": { "type": "LineString", "coordinates": [ [ 86.010561, 20.8787586 ], [ 86.0114098, 20.8906478 ] ] } },
{ "type": "Feature", "properties": { "@osmId": "way/217771630", "@snapshotTimestamp": "2015-01-01T00:00:00Z" }, "geometry": { "type": "LineString", "coordinates": [ [ 86.0114098, 20.8906478 ], [ 86.0115029, 20.892021 ] ] } },
{ "type": "Feature", "properties": { "@osmId": "way/217771631", "@snapshotTimestamp": "2015-01-01T00:00:00Z" }, "geometry": { "type": "LineString", "coordinates": [ [ 86.0115029, 20.892021 ], [ 85.9885325, 20.9881267 ] ] } },
{ "type": "Feature", "properties": { "@osmId": "way/263322805", "@snapshotTimestamp": "2015-01-01T00:00:00Z" }, "geometry": { "type": "LineString", "coordinates": [ [ 86.1292878, 20.9418346 ], [ 86.1366207, 20.9438834 ] ] } },
{ "type": "Feature", "properties": { "@osmId": "way/263322804", "@snapshotTimestamp": "2015-01-01T00:00:00Z" }, "geometry": { "type": "LineString", "coordinates": [ [ 86.1359662, 20.9452535 ], [ 86.1292878, 20.9418346 ] ] } },
{ "type": "Feature", "properties": { "@osmId": "way/263322806", "@snapshotTimestamp": "2015-01-01T00:00:00Z" }, "geometry": { "type": "LineString", "coordinates": [ [ 86.1329261, 20.942841 ], [ 86.1357562, 20.9440404 ] ] } },
{ "type": "Feature", "properties": { "@osmId": "way/218405678", "@snapshotTimestamp": "2015-01-01T00:00:00Z" }, "geometry": { "type": "LineString", "coordinates": [ [ 86.2393679, 20.9207523 ], [ 86.2397761, 20.9210017 ] ] } },
{ "type": "Feature", "properties": { "@osmId": "way/237817044", "@snapshotTimestamp": "2015-01-01T00:00:00Z" }, "geometry": { "type": "LineString", "coordinates": [ [ 86.2609105, 20.9315515 ], [ 86.2696162, 20.9126944 ] ] } },
{ "type": "Feature", "properties": { "@osmId": "way/218407200", "@snapshotTimestamp": "2015-01-01T00:00:00Z" }, "geometry": { "type": "LineString", "coordinates": [ [ 86.265192, 20.9342524 ], [ 86.2398303, 20.9209163 ] ] } },
{ "type": "Feature", "properties": { "@osmId": "way/218405686", "@snapshotTimestamp": "2015-01-01T00:00:00Z" }, "geometry": { "type": "LineString", "coordinates": [ [ 86.2397761, 20.9210017 ], [ 86.2651533, 20.9343686 ] ] } },
{ "type": "Feature", "properties": { "@osmId": "way/22828351", "@snapshotTimestamp": "2015-01-01T00:00:00Z" }, "geometry": { "type": "LineString", "coordinates": [ [ 86.229005, 20.9145986 ], [ 86.1389477, 20.9453705 ] ] } },
{ "type": "Feature", "properties": { "@osmId": "way/44949373", "@snapshotTimestamp": "2015-01-01T00:00:00Z" }, "geometry": { "type": "LineString", "coordinates": [ [ 86.2852262, 20.9295261 ], [ 86.277613, 20.934432 ] ] } },
{ "type": "Feature", "properties": { "@osmId": "way/218405493", "@snapshotTimestamp": "2015-01-01T00:00:00Z" }, "geometry": { "type": "LineString", "coordinates": [ [ 86.2779301, 20.9346501 ], [ 86.2855578, 20.929797 ] ] } },
{ "type": "Feature", "properties": { "@osmId": "way/218407188", "@snapshotTimestamp": "2015-01-01T00:00:00Z" }, "geometry": { "type": "LineString", "coordinates": [ [ 86.2660035, 20.9345791 ], [ 86.265192, 20.9342524 ] ] } },
{ "type": "Feature", "properties": { "@osmId": "way/218407221", "@snapshotTimestamp": "2015-01-01T00:00:00Z" }, "geometry": { "type": "LineString", "coordinates": [ [ 86.2651533, 20.9343686 ], [ 86.2659777, 20.9347057 ] ] } },
{ "type": "Feature", "properties": { "@osmId": "way/44949354", "@snapshotTimestamp": "2015-01-01T00:00:00Z" }, "geometry": { "type": "LineString", "coordinates": [ [ 86.277613, 20.934432 ], [ 86.2753891, 20.9357975 ] ] } },
{ "type": "Feature", "properties": { "@osmId": "way/263322807", "@snapshotTimestamp": "2015-01-01T00:00:00Z" }, "geometry": { "type": "LineString", "coordinates": [ [ 86.1338136, 20.9476747 ], [ 86.1312591, 20.9434713 ] ] } },
{ "type": "Feature", "properties": { "@osmId": "way/238921163", "@snapshotTimestamp": "2015-01-01T00:00:00Z" }, "geometry": { "type": "LineString", "coordinates": [ [ 86.1389477, 20.9453705 ], [ 86.1387763, 20.9458923 ] ] } },
{ "type": "Feature", "properties": { "@osmId": "way/263322014", "@snapshotTimestamp": "2015-01-01T00:00:00Z" }, "geometry": { "type": "LineString", "coordinates": [ [ 86.1298476, 20.9522025 ], [ 86.1405804, 20.9428467 ] ] } },
{ "type": "Feature", "properties": { "@osmId": "way/263333484", "@snapshotTimestamp": "2015-01-01T00:00:00Z" }, "geometry": { "type": "LineString", "coordinates": [ [ 86.0682571, 20.9425094 ], [ 86.0849693, 20.9638006 ] ] } },
{ "type": "Feature", "properties": { "@osmId": "way/263333483", "@snapshotTimestamp": "2015-01-01T00:00:00Z" }, "geometry": { "type": "LineString", "coordinates": [ [ 86.0629607, 20.9543466 ], [ 86.0549787, 20.9674323 ] ] } },
{ "type": "Feature", "properties": { "@osmId": "way/86201468", "@snapshotTimestamp": "2015-01-01T00:00:00Z" }, "geometry": { "type": "LineString", "coordinates": [ [ 86.1271441, 20.9550384 ], [ 86.0442535, 20.9698061 ] ] } },
{ "type": "Feature", "properties": { "@osmId": "way/160441599", "@snapshotTimestamp": "2015-01-01T00:00:00Z" }, "geometry": { "type": "LineString", "coordinates": [ [ 86.0442535, 20.9698061 ], [ 85.9885325, 20.9881267 ] ] } },
{ "type": "Feature", "properties": { "@osmId": "way/263330794", "@snapshotTimestamp": "2015-01-01T00:00:00Z" }, "geometry": { "type": "LineString", "coordinates": [ [ 86.0672555, 21.0302338 ], [ 86.0578838, 21.0267789 ] ] } },
{ "type": "Feature", "properties": { "@osmId": "way/263330789", "@snapshotTimestamp": "2015-01-01T00:00:00Z" }, "geometry": { "type": "LineString", "coordinates": [ [ 86.1245488, 21.0353199 ], [ 86.0937036, 21.0516338 ] ] } },
{ "type": "Feature", "properties": { "@osmId": "way/263330793", "@snapshotTimestamp": "2015-01-01T00:00:00Z" }, "geometry": { "type": "LineString", "coordinates": [ [ 86.0815409, 21.0596477 ], [ 86.0672555, 21.0302338 ] ] } },
{ "type": "Feature", "properties": { "@osmId": "way/238921159", "@snapshotTimestamp": "2015-01-01T00:00:00Z" }, "geometry": { "type": "LineString", "coordinates": [ [ 86.1387763, 20.9458923 ], [ 86.1090652, 21.0624823 ], [ 86.1222138, 21.1616374 ] ] } },
{ "type": "Feature", "properties": { "@osmId": "way/22828243", "@snapshotTimestamp": "2015-01-01T00:00:00Z" }, "geometry": { "type": "LineString", "coordinates": [ [ 85.9885325, 20.9881267 ], [ 85.9838219, 21.0915195 ], [ 85.9542879, 21.0866518 ], [ 85.928865, 21.1227876 ] ] } },
{ "type": "Feature", "properties": { "@osmId": "way/263330792", "@snapshotTimestamp": "2015-01-01T00:00:00Z" }, "geometry": { "type": "LineString", "coordinates": [ [ 86.0853282, 21.0631619 ], [ 86.0815409, 21.0596477 ] ] } },
{ "type": "Feature", "properties": { "@osmId": "way/263330791", "@snapshotTimestamp": "2015-01-01T00:00:00Z" }, "geometry": { "type": "LineString", "coordinates": [ [ 86.1100328, 21.072962 ], [ 86.0853282, 21.0631619 ] ] } },
{ "type": "Feature", "properties": { "@osmId": "way/263330795", "@snapshotTimestamp": "2015-01-01T00:00:00Z" }, "geometry": { "type": "LineString", "coordinates": [ [ 86.1090806, 21.0628432 ], [ 86.0888179, 21.1151198 ] ] } },
{ "type": "Feature", "properties": { "@osmId": "way/238921167", "@snapshotTimestamp": "2015-01-01T00:00:00Z" }, "geometry": { "type": "LineString", "coordinates": [ [ 86.1222138, 21.1616374 ], [ 86.1248089, 21.1616636 ] ] } },
{ "type": "Feature", "properties": { "@osmId": "way/238921175", "@snapshotTimestamp": "2015-01-01T00:00:00Z" }, "geometry": { "type": "LineString", "coordinates": [ [ 86.1248089, 21.1616636 ], [ 86.0963623, 21.2341917 ] ] } },
{ "type": "Feature", "properties": { "@osmId": "way/86201456", "@snapshotTimestamp": "2015-01-01T00:00:00Z" }, "geometry": { "type": "LineString", "coordinates": [ [ 86.120449, 21.1996402 ], [ 86.1301309, 21.2020963 ] ] } },
{ "type": "Feature", "properties": { "@osmId": "way/178743929", "@snapshotTimestamp": "2015-01-01T00:00:00Z" }, "geometry": { "type": "LineString", "coordinates": [ [ 86.1301309, 21.2020963 ], [ 86.1326265, 21.2076548 ] ] } },
{ "type": "Feature", "properties": { "@osmId": "way/238921170", "@snapshotTimestamp": "2015-01-01T00:00:00Z" }, "geometry": { "type": "LineString", "coordinates": [ [ 86.0963623, 21.2341917 ], [ 86.0963877, 21.2344349 ] ] } },
{ "type": "Feature", "properties": { "@osmId": "way/178743942", "@snapshotTimestamp": "2015-01-01T00:00:00Z" }, "geometry": { "type": "LineString", "coordinates": [ [ 85.8582428, 20.8509371 ], [ 85.8400101, 20.8134251 ] ] } },
{ "type": "Feature", "properties": { "@osmId": "way/178743948", "@snapshotTimestamp": "2015-01-01T00:00:00Z" }, "geometry": { "type": "LineString", "coordinates": [ [ 85.8614489, 20.8616342 ], [ 85.8948647, 20.864786 ] ] } },
{ "type": "Feature", "properties": { "@osmId": "way/178743943", "@snapshotTimestamp": "2015-01-01T00:00:00Z" }, "geometry": { "type": "LineString", "coordinates": [ [ 85.8320696, 20.8844396 ], [ 85.8614489, 20.8616342 ] ] } },
{ "type": "Feature", "properties": { "@osmId": "way/217771632", "@snapshotTimestamp": "2015-01-01T00:00:00Z" }, "geometry": { "type": "LineString", "coordinates": [ [ 85.868604, 20.9609135 ], [ 85.8416106, 20.9206656 ] ] } },
{ "type": "Feature", "properties": { "@osmId": "way/217771635", "@snapshotTimestamp": "2015-01-01T00:00:00Z" }, "geometry": { "type": "LineString", "coordinates": [ [ 85.9885325, 20.9881267 ], [ 85.868604, 20.9609135 ] ] } },
{ "type": "Feature", "properties": { "@osmId": "way/178743945", "@snapshotTimestamp": "2015-01-01T00:00:00Z" }, "geometry": { "type": "LineString", "coordinates": [ [ 85.928865, 21.1227876 ], [ 85.8538852, 21.10467 ], [ 85.7622, 21.1447 ], [ 85.7639, 21.2294 ], [ 85.8068, 21.3271 ] ] } },
{ "type": "Feature", "properties": { "@osmId": "way/238921173", "@snapshotTimestamp": "2015-01-01T00:00:00Z" }, "geometry": { "type": "LineString", "coordinates": [ [ 85.8860169, 21.4050745 ], [ 85.869912, 21.4477047 ] ] } },
{ "type": "Feature", "properties": { "@osmId": "way/238921164", "@snapshotTimestamp": "2015-01-01T00:00:00Z" }, "geometry": { "type": "LineString", "coordinates": [ [ 85.869912, 21.4477047 ], [ 85.8692604, 21.448164 ] ] } },
{ "type": "Feature", "properties": { "@osmId": "way/22828290", "@snapshotTimestamp": "2015-01-01T00:00:00Z" }, "geometry": { "type": "LineString", "coordinates": [ [ 85.8331919, 21.4974913 ], [ 85.8670939, 21.5192342 ] ] } },
{ "type": "Feature", "properties": { "@osmId": "way/233758668", "@snapshotTimestamp": "2015-01-01T00:00:00Z" }, "geometry": { "type": "LineString", "coordinates": [ [ 85.8670939, 21.5192342 ], [ 85.8673091, 21.5197066 ] ] } },
{ "type": "Feature", "properties": { "@osmId": "way/217771626", "@snapshotTimestamp": "2015-01-01T00:00:00Z" }, "geometry": { "type": "LineString", "coordinates": [ [ 85.8412586, 20.9203147 ], [ 85.8320696, 20.8844396 ] ] } },
{ "type": "Feature", "properties": { "@osmId": "way/178743926", "@snapshotTimestamp": "2015-01-01T00:00:00Z" }, "geometry": { "type": "LineString", "coordinates": [ [ 85.8320696, 20.8844396 ], [ 85.7975696, 20.9171735 ], [ 85.7425048, 20.921523 ] ] } },
{ "type": "Feature", "properties": { "@osmId": "way/217771619", "@snapshotTimestamp": "2015-01-01T00:00:00Z" }, "geometry": { "type": "LineString", "coordinates": [ [ 85.8416106, 20.9206656 ], [ 85.8412586, 20.9203147 ] ] } },
{ "type": "Feature", "properties": { "@osmId": "way/178743970", "@snapshotTimestamp": "2015-01-01T00:00:00Z" }, "geometry": { "type": "LineString", "coordinates": [ [ 85.9541581, 21.0866093 ], [ 85.777703, 21.0532949 ], [ 85.7304431, 21.0177943 ], [ 85.8075829, 20.9692861 ], [ 85.868604, 20.9609135 ] ] } },
{ "type": "Feature", "properties": { "@osmId": "way/238921178", "@snapshotTimestamp": "2015-01-01T00:00:00Z" }, "geometry": { "type": "LineString", "coordinates": [ [ 85.8692604, 21.448164 ], [ 85.8065895, 21.5338348 ] ] } },
{ "type": "Feature", "properties": { "@osmId": "way/238921165", "@snapshotTimestamp": "2015-01-01T00:00:00Z" }, "geometry": { "type": "LineString", "coordinates": [ [ 85.8065895, 21.5338348 ], [ 85.8063309, 21.5342973 ] ] } },
{ "type": "Feature", "properties": { "@osmId": "way/217495502", "@snapshotTimestamp": "2015-01-01T00:00:00Z" }, "geometry": { "type": "LineString", "coordinates": [ [ 85.807843, 21.8156172 ], [ 85.8098921, 21.8152939 ] ] } },
{ "type": "Feature", "properties": { "@osmId": "way/217495506", "@snapshotTimestamp": "2015-01-01T00:00:00Z" }, "geometry": { "type": "LineString", "coordinates": [ [ 85.8098921, 21.8152939 ], [ 85.832721, 21.821837 ] ] } },
{ "type": "Feature", "properties": { "@osmId": "way/238921172", "@snapshotTimestamp": "2015-01-01T00:00:00Z" }, "geometry": { "type": "LineString", "coordinates": [ [ 86.0963877, 21.2344349 ], [ 86.0820948, 21.2762606 ] ] } },
{ "type": "Feature", "properties": { "@osmId": "way/238921162", "@snapshotTimestamp": "2015-01-01T00:00:00Z" }, "geometry": { "type": "LineString", "coordinates": [ [ 86.0820948, 21.2762606 ], [ 86.0821564, 21.2768429 ] ] } },
{ "type": "Feature", "properties": { "@osmId": "way/238921174", "@snapshotTimestamp": "2015-01-01T00:00:00Z" }, "geometry": { "type": "LineString", "coordinates": [ [ 86.0821564, 21.2768429 ], [ 86.0405203, 21.3251387 ] ] } },
{ "type": "Feature", "properties": { "@osmId": "way/238921161", "@snapshotTimestamp": "2015-01-01T00:00:00Z" }, "geometry": { "type": "LineString", "coordinates": [ [ 86.0405203, 21.3251387 ], [ 86.0404307, 21.3265275 ] ] } },
{ "type": "Feature", "properties": { "@osmId": "way/178743928", "@snapshotTimestamp": "2015-01-01T00:00:00Z" }, "geometry": { "type": "LineString", "coordinates": [ [ 86.1553981, 21.5209934 ], [ 86.1633133, 21.4042913 ], [ 86.0944037, 21.2983152 ], [ 86.1276176, 21.263019 ], [ 86.1326265, 21.2076548 ] ] } },
{ "type": "Feature", "properties": { "@osmId": "way/238921171", "@snapshotTimestamp": "2015-01-01T00:00:00Z" }, "geometry": { "type": "LineString", "coordinates": [ [ 86.0404307, 21.3265275 ], [ 85.8860169, 21.4050745 ] ] } },
{ "type": "Feature", "properties": { "@osmId": "way/178743930", "@snapshotTimestamp": "2015-01-01T00:00:00Z" }, "geometry": { "type": "LineString", "coordinates": [ [ 86.1553981, 21.5209934 ], [ 86.1027545, 21.6425052 ], [ 86.1111, 21.6827 ], [ 85.9808481, 21.775007 ] ] } },
{ "type": "Feature", "properties": { "@osmId": "way/233758679", "@snapshotTimestamp": "2015-01-01T00:00:00Z" }, "geometry": { "type": "LineString", "coordinates": [ [ 85.9149303, 21.6651773 ], [ 85.968792, 21.7413609 ] ] } },
{ "type": "Feature", "properties": { "@osmId": "way/233758672", "@snapshotTimestamp": "2015-01-01T00:00:00Z" }, "geometry": { "type": "LineString", "coordinates": [ [ 85.968792, 21.7413609 ], [ 85.9694875, 21.7425503 ] ] } },
{ "type": "Feature", "properties": { "@osmId": "way/233758665", "@snapshotTimestamp": "2015-01-01T00:00:00Z" }, "geometry": { "type": "LineString", "coordinates": [ [ 85.9694875, 21.7425503 ], [ 85.9808481, 21.775007 ] ] } },
{ "type": "Feature", "properties": { "@osmId": "way/233817201", "@snapshotTimestamp": "2015-01-01T00:00:00Z" }, "geometry": { "type": "LineString", "coordinates": [ [ 86.3443982, 21.1181792 ], [ 86.3310271, 21.1178294 ] ] } },
{ "type": "Feature", "properties": { "@osmId": "way/233817203", "@snapshotTimestamp": "2015-01-01T00:00:00Z" }, "geometry": { "type": "LineString", "coordinates": [ [ 86.3310271, 21.1178294 ], [ 86.3308893, 21.1178615 ] ] } },
{ "type": "Feature", "properties": { "@osmId": "way/233817213", "@snapshotTimestamp": "2015-01-01T00:00:00Z" }, "geometry": { "type": "LineString", "coordinates": [ [ 86.3445742, 21.1183077 ], [ 86.3443982, 21.1181792 ] ] } },
{ "type": "Feature", "properties": { "@osmId": "way/233817226", "@snapshotTimestamp": "2015-01-01T00:00:00Z" }, "geometry": { "type": "LineString", "coordinates": [ [ 86.3308893, 21.1178615 ], [ 86.2372909, 21.1747998 ] ] } },
{ "type": "Feature", "properties": { "@osmId": "way/233817210", "@snapshotTimestamp": "2015-01-01T00:00:00Z" }, "geometry": { "type": "LineString", "coordinates": [ [ 86.2372909, 21.1747998 ], [ 86.2370766, 21.1749176 ] ] } },
{ "type": "Feature", "properties": { "@osmId": "way/233817218", "@snapshotTimestamp": "2015-01-01T00:00:00Z" }, "geometry": { "type": "LineString", "coordinates": [ [ 86.2370766, 21.1749176 ], [ 86.2336005, 21.1770641 ] ] } },
{ "type": "Feature", "properties": { "@osmId": "way/233817205", "@snapshotTimestamp": "2015-01-01T00:00:00Z" }, "geometry": { "type": "LineString", "coordinates": [ [ 86.2336005, 21.1770641 ], [ 86.2333863, 21.1771834 ] ] } },
{ "type": "Feature", "properties": { "@osmId": "way/233817221", "@snapshotTimestamp": "2015-01-01T00:00:00Z" }, "geometry": { "type": "LineString", "coordinates": [ [ 86.2333863, 21.1771834 ], [ 86.1341304, 21.2105183 ] ] } },
{ "type": "Feature", "properties": { "@osmId": "way/233758685", "@snapshotTimestamp": "2015-01-01T00:00:00Z" }, "geometry": { "type": "LineString", "coordinates": [ [ 85.8673091, 21.5197066 ], [ 85.896608, 21.621933 ] ] } },
{ "type": "Feature", "properties": { "@osmId": "way/233758674", "@snapshotTimestamp": "2015-01-01T00:00:00Z" }, "geometry": { "type": "LineString", "coordinates": [ [ 85.896608, 21.621933 ], [ 85.8964038, 21.6221434 ] ] } },
{ "type": "Feature", "properties": { "@osmId": "way/233758676", "@snapshotTimestamp": "2015-01-01T00:00:00Z" }, "geometry": { "type": "LineString", "coordinates": [ [ 85.8964038, 21.6221434 ], [ 85.8981451, 21.6416648 ] ] } },
{ "type": "Feature", "properties": { "@osmId": "way/233758667", "@snapshotTimestamp": "2015-01-01T00:00:00Z" }, "geometry": { "type": "LineString", "coordinates": [ [ 85.8981451, 21.6416648 ], [ 85.8997141, 21.6435875 ] ] } },
{ "type": "Feature", "properties": { "@osmId": "way/233758664", "@snapshotTimestamp": "2015-01-01T00:00:00Z" }, "geometry": { "type": "LineString", "coordinates": [ [ 85.8997141, 21.6435875 ], [ 85.9073981, 21.6491097 ] ] } },
{ "type": "Feature", "properties": { "@osmId": "way/233758663", "@snapshotTimestamp": "2015-01-01T00:00:00Z" }, "geometry": { "type": "LineString", "coordinates": [ [ 85.9073981, 21.6491097 ], [ 85.9148834, 21.6648581 ] ] } },
{ "type": "Feature", "properties": { "@osmId": "way/233758669", "@snapshotTimestamp": "2015-01-01T00:00:00Z" }, "geometry": { "type": "LineString", "coordinates": [ [ 85.9148834, 21.6648581 ], [ 85.9149303, 21.6651773 ] ] } },
{ "type": "Feature", "properties": { "@osmId": "way/217495507", "@snapshotTimestamp": "2015-01-01T00:00:00Z" }, "geometry": { "type": "LineString", "coordinates": [ [ 85.832721, 21.821837 ], [ 85.9174584, 21.8539926 ] ] } },
{ "type": "Feature", "properties": { "@osmId": "way/233758687", "@snapshotTimestamp": "2015-01-01T00:00:00Z" }, "geometry": { "type": "LineString", "coordinates": [ [ 85.9750377, 21.7656176 ], [ 85.9115486, 21.8515877 ] ] } },
{ "type": "Feature", "properties": { "@osmId": "way/22828419", "@snapshotTimestamp": "2015-01-01T00:00:00Z" }, "geometry": { "type": "LineString", "coordinates": [ [ 85.9808481, 21.775007 ], [ 86.0391072, 21.8989733 ] ] } },
{ "type": "Feature", "properties": { "@osmId": "way/76826637", "@snapshotTimestamp": "2015-01-01T00:00:00Z" }, "geometry": { "type": "LineString", "coordinates": [ [ 85.9174584, 21.8539926 ], [ 85.9762191, 21.8804721 ] ] } },
{ "type": "Feature", "properties": { "@osmId": "way/217495501", "@snapshotTimestamp": "2015-01-01T00:00:00Z" }, "geometry": { "type": "LineString", "coordinates": [ [ 85.9762191, 21.8804721 ], [ 85.977104, 21.881335 ] ] } },
{ "type": "Feature", "properties": { "@osmId": "way/217495508", "@snapshotTimestamp": "2015-01-01T00:00:00Z" }, "geometry": { "type": "LineString", "coordinates": [ [ 85.977104, 21.881335 ], [ 86.0391072, 21.8989733 ] ] } },
{ "type": "Feature", "properties": { "@osmId": "way/233758659", "@snapshotTimestamp": "2015-01-01T00:00:00Z" }, "geometry": { "type": "LineString", "coordinates": [ [ 86.0391072, 21.8989733 ], [ 86.0670722, 21.9608924 ] ] } },
{ "type": "Feature", "properties": { "@osmId": "way/217495504", "@snapshotTimestamp": "2015-01-01T00:00:00Z" }, "geometry": { "type": "LineString", "coordinates": [ [ 86.0670722, 21.9608924 ], [ 86.067329, 21.9622168 ] ] } },
{ "type": "Feature", "properties": { "@osmId": "way/217495498", "@snapshotTimestamp": "2015-01-01T00:00:00Z" }, "geometry": { "type": "LineString", "coordinates": [ [ 86.067329, 21.9622168 ], [ 86.0804779, 21.9702628 ] ] } },
{ "type": "Feature", "properties": { "@osmId": "way/233758675", "@snapshotTimestamp": "2015-01-01T00:00:00Z" }, "geometry": { "type": "LineString", "coordinates": [ [ 86.0804779, 21.9702628 ], [ 86.080331, 21.9853115 ] ] } },
{ "type": "Feature", "properties": { "@osmId": "way/233758673", "@snapshotTimestamp": "2015-01-01T00:00:00Z" }, "geometry": { "type": "LineString", "coordinates": [ [ 86.080331, 21.9853115 ], [ 86.080331, 21.9855159 ] ] } },
{ "type": "Feature", "properties": { "@osmId": "way/218284645", "@snapshotTimestamp": "2015-01-01T00:00:00Z" }, "geometry": { "type": "LineString", "coordinates": [ [ 83.5002919, 20.8146185 ], [ 83.499659, 20.8156415 ] ] } },
{ "type": "Feature", "properties": { "@osmId": "way/218284642", "@snapshotTimestamp": "2015-01-01T00:00:00Z" }, "geometry": { "type": "LineString", "coordinates": [ [ 83.499659, 20.8156415 ], [ 83.499072, 20.8165188 ] ] } },
{ "type": "Feature", "properties": { "@osmId": "way/218284650", "@snapshotTimestamp": "2015-01-01T00:00:00Z" }, "geometry": { "type": "LineString", "coordinates": [ [ 83.499072, 20.8165188 ], [ 83.5111804, 20.8411713 ] ] } },
{ "type": "Feature", "properties": { "@osmId": "way/218284648", "@snapshotTimestamp": "2015-01-01T00:00:00Z" }, "geometry": { "type": "LineString", "coordinates": [ [ 83.5111804, 20.8411713 ], [ 83.5111959, 20.8418742 ] ] } },
{ "type": "Feature", "properties": { "@osmId": "way/218284635", "@snapshotTimestamp": "2015-01-01T00:00:00Z" }, "geometry": { "type": "LineString", "coordinates": [ [ 83.5111959, 20.8418742 ], [ 83.5265639, 20.9503248 ] ] } },
{ "type": "Feature", "properties": { "@osmId": "way/239005227", "@snapshotTimestamp": "2015-01-01T00:00:00Z" }, "geometry": { "type": "LineString", "coordinates": [ [ 83.5265639, 20.9503248 ], [ 83.5266696, 20.9506339 ] ] } },
{ "type": "Feature", "properties": { "@osmId": "way/239005230", "@snapshotTimestamp": "2015-01-01T00:00:00Z" }, "geometry": { "type": "LineString", "coordinates": [ [ 83.5266696, 20.9506339 ], [ 83.5422657, 20.9786051 ] ] } },
{ "type": "Feature", "properties": { "@osmId": "way/218284639", "@snapshotTimestamp": "2015-01-01T00:00:00Z" }, "geometry": { "type": "LineString", "coordinates": [ [ 83.5422657, 20.9786051 ], [ 83.5437732, 20.9846906 ] ] } },
{ "type": "Feature", "properties": { "@osmId": "way/218284652", "@snapshotTimestamp": "2015-01-01T00:00:00Z" }, "geometry": { "type": "LineString", "coordinates": [ [ 83.5437732, 20.9846906 ], [ 83.5514703, 21.0394306 ] ] } },
{ "type": "Feature", "properties": { "@osmId": "way/194637141", "@snapshotTimestamp": "2015-01-01T00:00:00Z" }, "geometry": { "type": "LineString", "coordinates": [ [ 83.552024, 21.0427121 ], [ 83.5775632, 21.022936 ] ] } },
{ "type": "Feature", "properties": { "@osmId": "way/237625718", "@snapshotTimestamp": "2015-01-01T00:00:00Z" }, "geometry": { "type": "LineString", "coordinates": [ [ 84.3906167, 20.8149062 ], [ 84.3900546, 20.8159274 ] ] } },
{ "type": "Feature", "properties": { "@osmId": "way/218284667", "@snapshotTimestamp": "2015-01-01T00:00:00Z" }, "geometry": { "type": "LineString", "coordinates": [ [ 83.911951, 20.8249632 ], [ 84.1193655, 20.8060379 ], [ 84.2614608, 20.8621289 ] ] } },
{ "type": "Feature", "properties": { "@osmId": "way/237625729", "@snapshotTimestamp": "2015-01-01T00:00:00Z" }, "geometry": { "type": "LineString", "coordinates": [ [ 84.3900546, 20.8159274 ], [ 84.3556564, 20.8809948 ] ] } },
{ "type": "Feature", "properties": { "@osmId": "way/134540547", "@snapshotTimestamp": "2015-01-01T00:00:00Z" }, "geometry": { "type": "LineString", "coordinates": [ [ 84.3058049, 20.8482791 ], [ 84.3065701, 20.8508255 ] ] } },
{ "type": "Feature", "properties": { "@osmId": "way/218284720", "@snapshotTimestamp": "2015-01-01T00:00:00Z" }, "geometry": { "type": "LineString", "coordinates": [ [ 84.3065701, 20.8508255 ], [ 84.3135043, 20.865908 ] ] } },
{ "type": "Feature", "properties": { "@osmId": "way/218284663", "@snapshotTimestamp": "2015-01-01T00:00:00Z" }, "geometry": { "type": "LineString", "coordinates": [ [ 84.2614608, 20.8621289 ], [ 84.2635177, 20.8620284 ] ] } },
{ "type": "Feature", "properties": { "@osmId": "way/237625730", "@snapshotTimestamp": "2015-01-01T00:00:00Z" }, "geometry": { "type": "LineString", "coordinates": [ [ 84.3556564, 20.8809948 ], [ 84.3221431, 20.8636496 ], [ 84.3221804, 20.8794288 ] ] } },
{ "type": "Feature", "properties": { "@osmId": "way/134540572", "@snapshotTimestamp": "2015-01-01T00:00:00Z" }, "geometry": { "type": "LineString", "coordinates": [ [ 84.3135043, 20.865908 ], [ 84.3064505, 20.9351507 ] ] } },
{ "type": "Feature", "properties": { "@osmId": "way/293017875", "@snapshotTimestamp": "2015-01-01T00:00:00Z" }, "geometry": { "type": "LineString", "coordinates": [ [ 84.3064505, 20.9351507 ], [ 84.3065419, 20.9358863 ] ] } },
{ "type": "Feature", "properties": { "@osmId": "way/293017876", "@snapshotTimestamp": "2015-01-01T00:00:00Z" }, "geometry": { "type": "LineString", "coordinates": [ [ 84.3065419, 20.9358863 ], [ 84.3371161, 20.9944953 ], [ 84.3352471, 21.0604505 ] ] } },
{ "type": "Feature", "properties": { "@osmId": "way/90852039", "@snapshotTimestamp": "2015-01-01T00:00:00Z" }, "geometry": { "type": "LineString", "coordinates": [ [ 83.9080671, 20.8684681 ], [ 83.9095367, 20.9233781 ], [ 83.8492737, 21.0248688 ] ] } },
{ "type": "Feature", "properties": { "@osmId": "way/194637133", "@snapshotTimestamp": "2015-01-01T00:00:00Z" }, "geometry": { "type": "LineString", "coordinates": [ [ 83.8111863, 21.0203892 ], [ 83.8102316, 21.0271971 ] ] } },
{ "type": "Feature", "properties": { "@osmId": "way/232780496", "@snapshotTimestamp": "2015-01-01T00:00:00Z" }, "geometry": { "type": "LineString", "coordinates": [ [ 83.8492737, 21.0248688 ], [ 83.849284, 21.0254088 ] ] } },
{ "type": "Feature", "properties": { "@osmId": "way/194637136", "@snapshotTimestamp": "2015-01-01T00:00:00Z" }, "geometry": { "type": "LineString", "coordinates": [ [ 83.8102316, 21.0271971 ], [ 83.7604, 21.0784 ] ] } },
{ "type": "Feature", "properties": { "@osmId": "way/232780499", "@snapshotTimestamp": "2015-01-01T00:00:00Z" }, "geometry": { "type": "LineString", "coordinates": [ [ 83.849284, 21.0254088 ], [ 83.8642789, 21.1049388 ] ] } },
{ "type": "Feature", "properties": { "@osmId": "way/22828815", "@snapshotTimestamp": "2015-01-01T00:00:00Z" }, "geometry": { "type": "LineString", "coordinates": [ [ 83.7604, 21.0784 ], [ 83.673, 21.1104 ] ] } },
{ "type": "Feature", "properties": { "@osmId": "way/232780493", "@snapshotTimestamp": "2015-01-01T00:00:00Z" }, "geometry": { "type": "LineString", "coordinates": [ [ 83.8642789, 21.1049388 ], [ 83.8649919, 21.1048896 ] ] } },
{ "type": "Feature", "properties": { "@osmId": "way/22828781", "@snapshotTimestamp": "2015-01-01T00:00:00Z" }, "geometry": { "type": "LineString", "coordinates": [ [ 83.673, 21.1104 ], [ 83.5877109, 21.1928265 ] ] } },
{ "type": "Feature", "properties": { "@osmId": "way/232780491", "@snapshotTimestamp": "2015-01-01T00:00:00Z" }, "geometry": { "type": "LineString", "coordinates": [ [ 83.8649919, 21.1048896 ], [ 83.91733, 21.2139414 ] ] } },
{ "type": "Feature", "properties": { "@osmId": "way/232780494", "@snapshotTimestamp": "2015-01-01T00:00:00Z" }, "geometry": { "type": "LineString", "coordinates": [ [ 83.91733, 21.2139414 ], [ 83.9173247, 21.2141386 ] ] } },
{ "type": "Feature", "properties": { "@osmId": "way/22828836", "@snapshotTimestamp": "2015-01-01T00:00:00Z" }, "geometry": { "type": "LineString", "coordinates": [ [ 83.5522693, 21.0444482 ], [ 83.673, 21.1104 ] ] } },
{ "type": "Feature", "properties": { "@osmId": "way/218284657", "@snapshotTimestamp": "2015-01-01T00:00:00Z" }, "geometry": { "type": "LineString", "coordinates": [ [ 83.5514703, 21.0394306 ], [ 83.5625112, 21.1170704 ] ] } },
{ "type": "Feature", "properties": { "@osmId": "way/218284646", "@snapshotTimestamp": "2015-01-01T00:00:00Z" }, "geometry": { "type": "LineString", "coordinates": [ [ 83.5625112, 21.1170704 ], [ 83.5629354, 21.1179979 ] ] } },
{ "type": "Feature", "properties": { "@osmId": "way/218284653", "@snapshotTimestamp": "2015-01-01T00:00:00Z" }, "geometry": { "type": "LineString", "coordinates": [ [ 83.5629354, 21.1179979 ], [ 83.5782944, 21.1660728 ] ] } },
{ "type": "Feature", "properties": { "@osmId": "way/218284644", "@snapshotTimestamp": "2015-01-01T00:00:00Z" }, "geometry": { "type": "LineString", "coordinates": [ [ 83.5782944, 21.1660728 ], [ 83.5786576, 21.1664891 ] ] } },
{ "type": "Feature", "properties": { "@osmId": "way/194637129", "@snapshotTimestamp": "2015-01-01T00:00:00Z" }, "geometry": { "type": "LineString", "coordinates": [ [ 83.5878507, 21.1932072 ], [ 83.494978, 21.2427722 ] ] } },
{ "type": "Feature", "properties": { "@osmId": "way/232743971", "@snapshotTimestamp": "2015-01-01T00:00:00Z" }, "geometry": { "type": "LineString", "coordinates": [ [ 83.3972586, 21.3004987 ], [ 83.2988158, 21.1988244 ] ] } },
{ "type": "Feature", "properties": { "@osmId": "way/218284636", "@snapshotTimestamp": "2015-01-01T00:00:00Z" }, "geometry": { "type": "LineString", "coordinates": [ [ 83.5786576, 21.1664891 ], [ 83.5915975, 21.337923 ] ] } },
{ "type": "Feature", "properties": { "@osmId": "way/194637128", "@snapshotTimestamp": "2015-01-01T00:00:00Z" }, "geometry": { "type": "LineString", "coordinates": [ [ 83.494978, 21.2427722 ], [ 83.4008948, 21.300966 ] ] } },
{ "type": "Feature", "properties": { "@osmId": "way/22828800", "@snapshotTimestamp": "2015-01-01T00:00:00Z" }, "geometry": { "type": "LineString", "coordinates": [ [ 83.494978, 21.2427722 ], [ 83.5969262, 21.310297 ] ] } },
{ "type": "Feature", "properties": { "@osmId": "way/90989985", "@snapshotTimestamp": "2015-01-01T00:00:00Z" }, "geometry": { "type": "LineString", "coordinates": [ [ 84.3352471, 21.0604505 ], [ 84.3412655, 21.0717778 ] ] } },
{ "type": "Feature", "properties": { "@osmId": "way/293017884", "@snapshotTimestamp": "2015-01-01T00:00:00Z" }, "geometry": { "type": "LineString", "coordinates": [ [ 84.3412655, 21.0717778 ], [ 84.3395863, 21.0718128 ] ] } },
{ "type": "Feature", "properties": { "@osmId": "way/240675505", "@snapshotTimestamp": "2015-01-01T00:00:00Z" }, "geometry": { "type": "LineString", "coordinates": [ [ 84.3395863, 21.0718128 ], [ 84.3386682, 21.0718138 ] ] } },
{ "type": "Feature", "properties": { "@osmId": "way/121808478", "@snapshotTimestamp": "2015-01-01T00:00:00Z" }, "geometry": { "type": "LineString", "coordinates": [ [ 84.3498509, 21.0727962 ], [ 84.3412655, 21.0717778 ] ] } },
{ "type": "Feature", "properties": { "@osmId": "way/293017886", "@snapshotTimestamp": "2015-01-01T00:00:00Z" }, "geometry": { "type": "LineString", "coordinates": [ [ 84.3412655, 21.0717778 ], [ 84.3544061, 21.0745466 ] ] } },
{ "type": "Feature", "properties": { "@osmId": "way/293017885", "@snapshotTimestamp": "2015-01-01T00:00:00Z" }, "geometry": { "type": "LineString", "coordinates": [ [ 84.3578339, 21.0753724 ], [ 84.3498509, 21.0727962 ] ] } },
{ "type": "Feature", "properties": { "@osmId": "way/274121979", "@snapshotTimestamp": "2015-01-01T00:00:00Z" }, "geometry": { "type": "LineString", "coordinates": [ [ 84.5044093, 21.2273967 ], [ 84.3578339, 21.0753724 ] ] } },
{ "type": "Feature", "properties": { "@osmId": "way/240675506", "@snapshotTimestamp": "2015-01-01T00:00:00Z" }, "geometry": { "type": "LineString", "coordinates": [ [ 84.3386682, 21.0718138 ], [ 84.2947479, 21.070468 ], [ 84.1758419, 21.1296527 ], [ 84.1328203, 21.2814346 ], [ 84.0258736, 21.4183441 ] ] } },
{ "type": "Feature", "properties": { "@osmId": "way/76826678", "@snapshotTimestamp": "2015-01-01T00:00:00Z" }, "geometry": { "type": "LineString", "coordinates": [ [ 84.1653151, 21.4474051 ], [ 84.1670032, 21.4471347 ] ] } },
{ "type": "Feature", "properties": { "@osmId": "way/240640967", "@snapshotTimestamp": "2015-01-01T00:00:00Z" }, "geometry": { "type": "LineString", "coordinates": [ [ 84.0427381, 21.4510793 ], [ 84.1653151, 21.4474051 ] ] } },
{ "type": "Feature", "properties": { "@osmId": "way/232780502", "@snapshotTimestamp": "2015-01-01T00:00:00Z" }, "geometry": { "type": "LineString", "coordinates": [ [ 83.9173247, 21.2141386 ], [ 83.9231143, 21.2672265 ] ] } },
{ "type": "Feature", "properties": { "@osmId": "way/90852035", "@snapshotTimestamp": "2015-01-01T00:00:00Z" }, "geometry": { "type": "LineString", "coordinates": [ [ 83.9231143, 21.2672265 ], [ 83.9260592, 21.2778718 ] ] } },
{ "type": "Feature", "properties": { "@osmId": "way/232780498", "@snapshotTimestamp": "2015-01-01T00:00:00Z" }, "geometry": { "type": "LineString", "coordinates": [ [ 83.9260592, 21.2778718 ], [ 83.9264068, 21.2784438 ] ] } },
{ "type": "Feature", "properties": { "@osmId": "way/232780503", "@snapshotTimestamp": "2015-01-01T00:00:00Z" }, "geometry": { "type": "LineString", "coordinates": [ [ 83.9264068, 21.2784438 ], [ 83.9356321, 21.2900937 ] ] } },
{ "type": "Feature", "properties": { "@osmId": "way/90852029", "@snapshotTimestamp": "2015-01-01T00:00:00Z" }, "geometry": { "type": "LineString", "coordinates": [ [ 83.9356321, 21.2900937 ], [ 83.9634429, 21.3375849 ] ] } },
{ "type": "Feature", "properties": { "@osmId": "way/22829039", "@snapshotTimestamp": "2015-01-01T00:00:00Z" }, "geometry": { "type": "LineString", "coordinates": [ [ 83.6146478, 21.3330827 ], [ 83.6263217, 21.3434012 ] ] } },
{ "type": "Feature", "properties": { "@osmId": "way/90851892", "@snapshotTimestamp": "2015-01-01T00:00:00Z" }, "geometry": { "type": "LineString", "coordinates": [ [ 83.9634429, 21.3375849 ], [ 83.9665174, 21.3488244 ] ] } },
{ "type": "Feature", "properties": { "@osmId": "way/217485714", "@snapshotTimestamp": "2015-01-01T00:00:00Z" }, "geometry": { "type": "LineString", "coordinates": [ [ 83.6029317, 21.3411114 ], [ 83.6456809, 21.349803 ] ] } },
{ "type": "Feature", "properties": { "@osmId": "way/232780497", "@snapshotTimestamp": "2015-01-01T00:00:00Z" }, "geometry": { "type": "LineString", "coordinates": [ [ 83.9665174, 21.3488244 ], [ 83.9665525, 21.3489469 ] ] } },
{ "type": "Feature", "properties": { "@osmId": "way/244509655", "@snapshotTimestamp": "2015-01-01T00:00:00Z" }, "geometry": { "type": "LineString", "coordinates": [ [ 83.6456809, 21.349803 ], [ 83.6466328, 21.349604 ] ] } },
{ "type": "Feature", "properties": { "@osmId": "way/217485709", "@snapshotTimestamp": "2015-01-01T00:00:00Z" }, "geometry": { "type": "LineString", "coordinates": [ [ 83.6949152, 21.3510606 ], [ 83.6971676, 21.3518922 ] ] } },
{ "type": "Feature", "properties": { "@osmId": "way/244509656", "@snapshotTimestamp": "2015-01-01T00:00:00Z" }, "geometry": { "type": "LineString", "coordinates": [ [ 83.6466328, 21.349604 ], [ 83.6949152, 21.3510606 ] ] } },
{ "type": "Feature", "properties": { "@osmId": "way/232780500", "@snapshotTimestamp": "2015-01-01T00:00:00Z" }, "geometry": { "type": "LineString", "coordinates": [ [ 83.9665525, 21.3489469 ], [ 83.9758442, 21.3722805 ] ] } },
{ "type": "Feature", "properties": { "@osmId": "way/217485702", "@snapshotTimestamp": "2015-01-01T00:00:00Z" }, "geometry": { "type": "LineString", "coordinates": [ [ 83.6971676, 21.3518922 ], [ 83.8029931, 21.3855555 ] ] } },
{ "type": "Feature", "properties": { "@osmId": "way/232780495", "@snapshotTimestamp": "2015-01-01T00:00:00Z" }, "geometry": { "type": "LineString", "coordinates": [ [ 83.9758442, 21.3722805 ], [ 83.9759171, 21.3724681 ] ] } },
{ "type": "Feature", "properties": { "@osmId": "way/240633865", "@snapshotTimestamp": "2015-01-01T00:00:00Z" }, "geometry": { "type": "LineString", "coordinates": [ [ 83.8029931, 21.3855555 ], [ 83.8041184, 21.3862877 ] ] } },
{ "type": "Feature", "properties": { "@osmId": "way/240633862", "@snapshotTimestamp": "2015-01-01T00:00:00Z" }, "geometry": { "type": "LineString", "coordinates": [ [ 83.8041184, 21.3862877 ], [ 83.8051579, 21.3869905 ] ] } },
{ "type": "Feature", "properties": { "@osmId": "way/232780490", "@snapshotTimestamp": "2015-01-01T00:00:00Z" }, "geometry": { "type": "LineString", "coordinates": [ [ 83.9759171, 21.3724681 ], [ 83.9876739, 21.4032926 ] ] } },
{ "type": "Feature", "properties": { "@osmId": "way/90851901", "@snapshotTimestamp": "2015-01-01T00:00:00Z" }, "geometry": { "type": "LineString", "coordinates": [ [ 83.9876739, 21.4032926 ], [ 83.9890487, 21.4114512 ] ] } },
{ "type": "Feature", "properties": { "@osmId": "way/232780501", "@snapshotTimestamp": "2015-01-01T00:00:00Z" }, "geometry": { "type": "LineString", "coordinates": [ [ 83.9890487, 21.4114512 ], [ 83.9891861, 21.4128014 ] ] } },
{ "type": "Feature", "properties": { "@osmId": "way/219072795", "@snapshotTimestamp": "2015-01-01T00:00:00Z" }, "geometry": { "type": "LineString", "coordinates": [ [ 84.0258736, 21.4183441 ], [ 84.0247642, 21.4191806 ] ] } },
{ "type": "Feature", "properties": { "@osmId": "way/240633860", "@snapshotTimestamp": "2015-01-01T00:00:00Z" }, "geometry": { "type": "LineString", "coordinates": [ [ 83.8051579, 21.3869905 ], [ 83.9001025, 21.4273939 ], [ 83.9005948, 21.4669606 ] ] } },
{ "type": "Feature", "properties": { "@osmId": "way/232780492", "@snapshotTimestamp": "2015-01-01T00:00:00Z" }, "geometry": { "type": "LineString", "coordinates": [ [ 83.9891861, 21.4128014 ], [ 83.9909889, 21.4483022 ] ] } },
{ "type": "Feature", "properties": { "@osmId": "way/219072796", "@snapshotTimestamp": "2015-01-01T00:00:00Z" }, "geometry": { "type": "LineString", "coordinates": [ [ 84.0247642, 21.4191806 ], [ 83.9909889, 21.4483022 ] ] } },
{ "type": "Feature", "properties": { "@osmId": "way/121557040", "@snapshotTimestamp": "2015-01-01T00:00:00Z" }, "geometry": { "type": "LineString", "coordinates": [ [ 83.9909889, 21.4483022 ], [ 83.9871062, 21.4542106 ] ] } },
{ "type": "Feature", "properties": { "@osmId": "way/90854312", "@snapshotTimestamp": "2015-01-01T00:00:00Z" }, "geometry": { "type": "LineString", "coordinates": [ [ 84.0184773, 21.4532585 ], [ 83.9909889, 21.4483022 ] ] } },
{ "type": "Feature", "properties": { "@osmId": "way/76766328", "@snapshotTimestamp": "2015-01-01T00:00:00Z" }, "geometry": { "type": "LineString", "coordinates": [ [ 84.0190259, 21.4531499 ], [ 84.0413835, 21.4510678 ] ] } },
{ "type": "Feature", "properties": { "@osmId": "way/233203693", "@snapshotTimestamp": "2015-01-01T00:00:00Z" }, "geometry": { "type": "LineString", "coordinates": [ [ 83.9871062, 21.4542106 ], [ 83.9869506, 21.4549551 ] ] } },
{ "type": "Feature", "properties": { "@osmId": "way/76766321", "@snapshotTimestamp": "2015-01-01T00:00:00Z" }, "geometry": { "type": "LineString", "coordinates": [ [ 84.0190259, 21.4531499 ], [ 84.0119943, 21.4621187 ] ] } },
{ "type": "Feature", "properties": { "@osmId": "way/233203714", "@snapshotTimestamp": "2015-01-01T00:00:00Z" }, "geometry": { "type": "LineString", "coordinates": [ [ 83.9869506, 21.4549551 ], [ 83.9753343, 21.4681579 ] ] } },
{ "type": "Feature", "properties": { "@osmId": "way/216156535", "@snapshotTimestamp": "2015-01-01T00:00:00Z" }, "geometry": { "type": "LineString", "coordinates": [ [ 84.0119943, 21.4621187 ], [ 84.0113834, 21.4631075 ] ] } },
{ "type": "Feature", "properties": { "@osmId": "way/240640957", "@snapshotTimestamp": "2015-01-01T00:00:00Z" }, "geometry": { "type": "LineString", "coordinates": [ [ 83.9005948, 21.4669606 ], [ 83.9004989, 21.4672828 ] ] } },
{ "type": "Feature", "properties": { "@osmId": "way/89582434", "@snapshotTimestamp": "2015-01-01T00:00:00Z" }, "geometry": { "type": "LineString", "coordinates": [ [ 83.9753343, 21.4681579 ], [ 83.9773313, 21.4771157 ] ] } },
{ "type": "Feature", "properties": { "@osmId": "way/216156543", "@snapshotTimestamp": "2015-01-01T00:00:00Z" }, "geometry": { "type": "LineString", "coordinates": [ [ 84.0113834, 21.4631075 ], [ 83.9948241, 21.4842807 ] ] } },
{ "type": "Feature", "properties": { "@osmId": "way/233203705", "@snapshotTimestamp": "2015-01-01T00:00:00Z" }, "geometry": { "type": "LineString", "coordinates": [ [ 83.9773313, 21.4771157 ], [ 83.9776924, 21.4778543 ] ] } },
{ "type": "Feature", "properties": { "@osmId": "way/240640956", "@snapshotTimestamp": "2015-01-01T00:00:00Z" }, "geometry": { "type": "LineString", "coordinates": [ [ 83.9004989, 21.4672828 ], [ 83.9090447, 21.4898958 ] ] } },
{ "type": "Feature", "properties": { "@osmId": "way/217485706", "@snapshotTimestamp": "2015-01-01T00:00:00Z" }, "geometry": { "type": "LineString", "coordinates": [ [ 83.9948241, 21.4842807 ], [ 83.9945552, 21.4846716 ] ] } },
{ "type": "Feature", "properties": { "@osmId": "way/89582435", "@snapshotTimestamp": "2015-01-01T00:00:00Z" }, "geometry": { "type": "LineString", "coordinates": [ [ 83.9753343, 21.4681579 ], [ 83.944044, 21.502076 ] ] } },
{ "type": "Feature", "properties": { "@osmId": "way/233203690", "@snapshotTimestamp": "2015-01-01T00:00:00Z" }, "geometry": { "type": "LineString", "coordinates": [ [ 83.9776924, 21.4778543 ], [ 83.9889319, 21.4934147 ] ] } },
{ "type": "Feature", "properties": { "@osmId": "way/217485701", "@snapshotTimestamp": "2015-01-01T00:00:00Z" }, "geometry": { "type": "LineString", "coordinates": [ [ 83.9945552, 21.4846716 ], [ 83.9893767, 21.4933106 ] ] } },
{ "type": "Feature", "properties": { "@osmId": "way/240640959", "@snapshotTimestamp": "2015-01-01T00:00:00Z" }, "geometry": { "type": "LineString", "coordinates": [ [ 84.0413835, 21.4510678 ], [ 84.0427381, 21.4510793 ] ] } },
{ "type": "Feature", "properties": { "@osmId": "way/76826544", "@snapshotTimestamp": "2015-01-01T00:00:00Z" }, "geometry": { "type": "LineString", "coordinates": [ [ 84.1670032, 21.4471347 ], [ 84.25014, 21.471494 ], [ 84.240842, 21.489977 ], [ 84.313143, 21.4976361 ] ] } },
{ "type": "Feature", "properties": { "@osmId": "way/240640961", "@snapshotTimestamp": "2015-01-01T00:00:00Z" }, "geometry": { "type": "LineString", "coordinates": [ [ 84.313143, 21.4976361 ], [ 84.3137914, 21.4976206 ] ] } },
{ "type": "Feature", "properties": { "@osmId": "way/240640965", "@snapshotTimestamp": "2015-01-01T00:00:00Z" }, "geometry": { "type": "LineString", "coordinates": [ [ 84.3137914, 21.4976206 ], [ 84.3318533, 21.5032948 ] ] } },
{ "type": "Feature", "properties": { "@osmId": "way/240640960", "@snapshotTimestamp": "2015-01-01T00:00:00Z" }, "geometry": { "type": "LineString", "coordinates": [ [ 84.3318533, 21.5032948 ], [ 84.3324002, 21.5035223 ] ] } },
{ "type": "Feature", "properties": { "@osmId": "way/240640966", "@snapshotTimestamp": "2015-01-01T00:00:00Z" }, "geometry": { "type": "LineString", "coordinates": [ [ 84.3324002, 21.5035223 ], [ 84.3733165, 21.5303786 ] ] } },
{ "type": "Feature", "properties": { "@osmId": "way/240640958", "@snapshotTimestamp": "2015-01-01T00:00:00Z" }, "geometry": { "type": "LineString", "coordinates": [ [ 84.3733165, 21.5303786 ], [ 84.3735886, 21.5305859 ] ] } },
{ "type": "Feature", "properties": { "@osmId": "way/240640964", "@snapshotTimestamp": "2015-01-01T00:00:00Z" }, "geometry": { "type": "LineString", "coordinates": [ [ 84.3735886, 21.5305859 ], [ 84.3875319, 21.536966 ] ] } },
{ "type": "Feature", "properties": { "@osmId": "way/240640962", "@snapshotTimestamp": "2015-01-01T00:00:00Z" }, "geometry": { "type": "LineString", "coordinates": [ [ 84.3958247, 21.5362381 ], [ 84.3962976, 21.536264 ] ] } },
{ "type": "Feature", "properties": { "@osmId": "way/217485708", "@snapshotTimestamp": "2015-01-01T00:00:00Z" }, "geometry": { "type": "LineString", "coordinates": [ [ 84.3875319, 21.536966 ], [ 84.3958247, 21.5362381 ] ] } },
{ "type": "Feature", "properties": { "@osmId": "way/274121976", "@snapshotTimestamp": "2015-01-01T00:00:00Z" }, "geometry": { "type": "LineString", "coordinates": [ [ 84.5444493, 21.2669926 ], [ 84.5441412, 21.2655901 ] ] } },
{ "type": "Feature", "properties": { "@osmId": "way/274121980", "@snapshotTimestamp": "2015-01-01T00:00:00Z" }, "geometry": { "type": "LineString", "coordinates": [ [ 84.5661427, 21.2734244 ], [ 84.5444493, 21.2669926 ] ] } },
{ "type": "Feature", "properties": { "@osmId": "way/274121977", "@snapshotTimestamp": "2015-01-01T00:00:00Z" }, "geometry": { "type": "LineString", "coordinates": [ [ 84.5663156, 21.2729361 ], [ 84.5661427, 21.2734244 ] ] } },
{ "type": "Feature", "properties": { "@osmId": "way/274121978", "@snapshotTimestamp": "2015-01-01T00:00:00Z" }, "geometry": { "type": "LineString", "coordinates": [ [ 84.6698008, 21.3420272 ], [ 84.5663156, 21.2729361 ] ] } },
{ "type": "Feature", "properties": { "@osmId": "way/240640952", "@snapshotTimestamp": "2015-01-01T00:00:00Z" }, "geometry": { "type": "LineString", "coordinates": [ [ 84.662933, 21.3461669 ], [ 84.6627382, 21.3464793 ] ] } },
{ "type": "Feature", "properties": { "@osmId": "way/240640949", "@snapshotTimestamp": "2015-01-01T00:00:00Z" }, "geometry": { "type": "LineString", "coordinates": [ [ 84.6627382, 21.3464793 ], [ 84.6919193, 21.4577237 ] ] } },
{ "type": "Feature", "properties": { "@osmId": "way/240640963", "@snapshotTimestamp": "2015-01-01T00:00:00Z" }, "geometry": { "type": "LineString", "coordinates": [ [ 84.3962976, 21.536264 ], [ 84.5407959, 21.5177534 ], [ 84.6041607, 21.5448638 ] ] } },
{ "type": "Feature", "properties": { "@osmId": "way/216159590", "@snapshotTimestamp": "2015-01-01T00:00:00Z" }, "geometry": { "type": "LineString", "coordinates": [ [ 84.6081936, 21.5481278 ], [ 84.7129428, 21.5321959 ] ] } },
{ "type": "Feature", "properties": { "@osmId": "way/217771645", "@snapshotTimestamp": "2015-01-01T00:00:00Z" }, "geometry": { "type": "LineString", "coordinates": [ [ 84.6041607, 21.5448638 ], [ 84.6081936, 21.5481278 ] ] } },
{ "type": "Feature", "properties": { "@osmId": "way/240342954", "@snapshotTimestamp": "2015-01-01T00:00:00Z" }, "geometry": { "type": "LineString", "coordinates": [ [ 84.3533789, 21.7299361 ], [ 84.4057735, 21.6503768 ], [ 84.4873895, 21.5886076 ], [ 84.6041607, 21.5448638 ] ] } },
{ "type": "Feature", "properties": { "@osmId": "way/216156534", "@snapshotTimestamp": "2015-01-01T00:00:00Z" }, "geometry": { "type": "LineString", "coordinates": [ [ 83.9090447, 21.4898958 ], [ 83.9093811, 21.4907601 ] ] } },
{ "type": "Feature", "properties": { "@osmId": "way/216156545", "@snapshotTimestamp": "2015-01-01T00:00:00Z" }, "geometry": { "type": "LineString", "coordinates": [ [ 83.9093811, 21.4907601 ], [ 83.909886, 21.4918398 ] ] } },
{ "type": "Feature", "properties": { "@osmId": "way/90851902", "@snapshotTimestamp": "2015-01-01T00:00:00Z" }, "geometry": { "type": "LineString", "coordinates": [ [ 83.909886, 21.4918398 ], [ 83.9142468, 21.4947659 ] ] } },
{ "type": "Feature", "properties": { "@osmId": "way/216156536", "@snapshotTimestamp": "2015-01-01T00:00:00Z" }, "geometry": { "type": "LineString", "coordinates": [ [ 83.9890962, 21.4932771 ], [ 83.9888835, 21.4935355 ], [ 83.9891322, 21.4936679 ], [ 83.989425, 21.4934327 ], [ 83.9890962, 21.4932771 ] ] } },
{ "type": "Feature", "properties": { "@osmId": "way/90852019", "@snapshotTimestamp": "2015-01-01T00:00:00Z" }, "geometry": { "type": "LineString", "coordinates": [ [ 83.9142468, 21.4947659 ], [ 83.9207649, 21.4987214 ] ] } },
{ "type": "Feature", "properties": { "@osmId": "way/216156524", "@snapshotTimestamp": "2015-01-01T00:00:00Z" }, "geometry": { "type": "LineString", "coordinates": [ [ 83.9414938, 21.5018682 ], [ 83.9889291, 21.4936306 ] ] } },
{ "type": "Feature", "properties": { "@osmId": "way/90852025", "@snapshotTimestamp": "2015-01-01T00:00:00Z" }, "geometry": { "type": "LineString", "coordinates": [ [ 83.9207649, 21.4987214 ], [ 83.9315582, 21.4992739 ] ] } },
{ "type": "Feature", "properties": { "@osmId": "way/216156558", "@snapshotTimestamp": "2015-01-01T00:00:00Z" }, "geometry": { "type": "LineString", "coordinates": [ [ 83.9315582, 21.4992739 ], [ 83.9414938, 21.5018682 ] ] } },
{ "type": "Feature", "properties": { "@osmId": "way/90854307", "@snapshotTimestamp": "2015-01-01T00:00:00Z" }, "geometry": { "type": "LineString", "coordinates": [ [ 83.944044, 21.502076 ], [ 83.8979793, 21.5280498 ] ] } },
{ "type": "Feature", "properties": { "@osmId": "way/90854334", "@snapshotTimestamp": "2015-01-01T00:00:00Z" }, "geometry": { "type": "LineString", "coordinates": [ [ 83.9893532, 21.4935484 ], [ 84.0271338, 21.5386806 ] ] } },
{ "type": "Feature", "properties": { "@osmId": "way/22828803", "@snapshotTimestamp": "2015-01-01T00:00:00Z" }, "geometry": { "type": "LineString", "coordinates": [ [ 83.6146478, 21.3330827 ], [ 83.484, 21.5727 ] ] } },
{ "type": "Feature", "properties": { "@osmId": "way/178644317", "@snapshotTimestamp": "2015-01-01T00:00:00Z" }, "geometry": { "type": "LineString", "coordinates": [ [ 83.424898016895924, 21.6421179406343 ], [ 83.444755818220997, 21.630259187264446 ] ] } },
{ "type": "Feature", "properties": { "@osmId": "way/217803052", "@snapshotTimestamp": "2015-01-01T00:00:00Z" }, "geometry": { "type": "LineString", "coordinates": [ [ 83.476882907777522, 21.779136588413056 ], [ 83.4776976, 21.7794324 ] ] } },
{ "type": "Feature", "properties": { "@osmId": "way/240342939", "@snapshotTimestamp": "2015-01-01T00:00:00Z" }, "geometry": { "type": "LineString", "coordinates": [ [ 83.5594642, 21.7904703 ], [ 83.6474862, 21.7863762 ] ] } },
{ "type": "Feature", "properties": { "@osmId": "way/217803043", "@snapshotTimestamp": "2015-01-01T00:00:00Z" }, "geometry": { "type": "LineString", "coordinates": [ [ 83.4776976, 21.7794324 ], [ 83.5539514, 21.7876024 ] ] } },
{ "type": "Feature", "properties": { "@osmId": "way/217803053", "@snapshotTimestamp": "2015-01-01T00:00:00Z" }, "geometry": { "type": "LineString", "coordinates": [ [ 83.5539514, 21.7876024 ], [ 83.5548196, 21.7881088 ] ] } },
{ "type": "Feature", "properties": { "@osmId": "way/217803060", "@snapshotTimestamp": "2015-01-01T00:00:00Z" }, "geometry": { "type": "LineString", "coordinates": [ [ 83.5548196, 21.7881088 ], [ 83.5591426, 21.7906128 ] ] } },
{ "type": "Feature", "properties": { "@osmId": "way/240342950", "@snapshotTimestamp": "2015-01-01T00:00:00Z" }, "geometry": { "type": "LineString", "coordinates": [ [ 83.5591426, 21.7906128 ], [ 83.5594642, 21.7904703 ] ] } },
{ "type": "Feature", "properties": { "@osmId": "way/233203729", "@snapshotTimestamp": "2015-01-01T00:00:00Z" }, "geometry": { "type": "LineString", "coordinates": [ [ 84.0388495, 21.5716785 ], [ 84.0320888, 21.5438533 ] ] } },
{ "type": "Feature", "properties": { "@osmId": "way/233203692", "@snapshotTimestamp": "2015-01-01T00:00:00Z" }, "geometry": { "type": "LineString", "coordinates": [ [ 84.0391524, 21.5759761 ], [ 84.0391727, 21.5762825 ] ] } },
{ "type": "Feature", "properties": { "@osmId": "way/22828948", "@snapshotTimestamp": "2015-01-01T00:00:00Z" }, "geometry": { "type": "LineString", "coordinates": [ [ 84.3946055, 21.5371965 ], [ 84.406891, 21.6493755 ] ] } },
{ "type": "Feature", "properties": { "@osmId": "way/90854311", "@snapshotTimestamp": "2015-01-01T00:00:00Z" }, "geometry": { "type": "LineString", "coordinates": [ [ 84.0391727, 21.5762825 ], [ 84.0469819, 21.6345406 ] ] } },
{ "type": "Feature", "properties": { "@osmId": "way/233203702", "@snapshotTimestamp": "2015-01-01T00:00:00Z" }, "geometry": { "type": "LineString", "coordinates": [ [ 84.0469819, 21.6345406 ], [ 84.0468424, 21.6348147 ] ] } },
{ "type": "Feature", "properties": { "@osmId": "way/233203724", "@snapshotTimestamp": "2015-01-01T00:00:00Z" }, "geometry": { "type": "LineString", "coordinates": [ [ 84.0468424, 21.6348147 ], [ 84.0419753, 21.6861622 ] ] } },
{ "type": "Feature", "properties": { "@osmId": "way/233203703", "@snapshotTimestamp": "2015-01-01T00:00:00Z" }, "geometry": { "type": "LineString", "coordinates": [ [ 84.0419753, 21.6861622 ], [ 84.041866, 21.6866547 ] ] } },
{ "type": "Feature", "properties": { "@osmId": "way/240342948", "@snapshotTimestamp": "2015-01-01T00:00:00Z" }, "geometry": { "type": "LineString", "coordinates": [ [ 84.3524901, 21.7302837 ], [ 84.3533789, 21.7299361 ] ] } },
{ "type": "Feature", "properties": { "@osmId": "way/233584400", "@snapshotTimestamp": "2015-01-01T00:00:00Z" }, "geometry": { "type": "LineString", "coordinates": [ [ 84.3506601, 21.7468366 ], [ 84.3524901, 21.7302837 ] ] } },
{ "type": "Feature", "properties": { "@osmId": "way/217808318", "@snapshotTimestamp": "2015-01-01T00:00:00Z" }, "geometry": { "type": "LineString", "coordinates": [ [ 84.3610034, 21.7568227 ], [ 84.3506601, 21.7468366 ] ] } },
{ "type": "Feature", "properties": { "@osmId": "way/149126686", "@snapshotTimestamp": "2015-01-01T00:00:00Z" }, "geometry": { "type": "LineString", "coordinates": [ [ 83.8979793, 21.5280498 ], [ 83.8951881, 21.5345489 ] ] } },
{ "type": "Feature", "properties": { "@osmId": "way/149126691", "@snapshotTimestamp": "2015-01-01T00:00:00Z" }, "geometry": { "type": "LineString", "coordinates": [ [ 83.8979793, 21.5280498 ], [ 83.8951881, 21.5345489 ] ] } },
{ "type": "Feature", "properties": { "@osmId": "way/233203697", "@snapshotTimestamp": "2015-01-01T00:00:00Z" }, "geometry": { "type": "LineString", "coordinates": [ [ 84.0271338, 21.5386806 ], [ 84.0273536, 21.5389038 ] ] } },
{ "type": "Feature", "properties": { "@osmId": "way/233203711", "@snapshotTimestamp": "2015-01-01T00:00:00Z" }, "geometry": { "type": "LineString", "coordinates": [ [ 84.0273536, 21.5389038 ], [ 84.0391524, 21.5759761 ] ] } },
{ "type": "Feature", "properties": { "@osmId": "way/91005928", "@snapshotTimestamp": "2015-01-01T00:00:00Z" }, "geometry": { "type": "LineString", "coordinates": [ [ 84.041866, 21.6866547 ], [ 84.0094287, 21.732151 ], [ 84.0106279, 21.7803704 ] ] } },
{ "type": "Feature", "properties": { "@osmId": "way/240342940", "@snapshotTimestamp": "2015-01-01T00:00:00Z" }, "geometry": { "type": "LineString", "coordinates": [ [ 83.7200924, 21.7530153 ], [ 83.7771698, 21.7382962 ], [ 83.8295371, 21.8038241 ] ] } },
{ "type": "Feature", "properties": { "@osmId": "way/240342962", "@snapshotTimestamp": "2015-01-01T00:00:00Z" }, "geometry": { "type": "LineString", "coordinates": [ [ 83.6479196, 21.7868574 ], [ 83.7200924, 21.7530153 ] ] } },
{ "type": "Feature", "properties": { "@osmId": "way/233203709", "@snapshotTimestamp": "2015-01-01T00:00:00Z" }, "geometry": { "type": "LineString", "coordinates": [ [ 84.0106279, 21.7803704 ], [ 84.0091158, 21.7816259 ] ] } },
{ "type": "Feature", "properties": { "@osmId": "way/240342949", "@snapshotTimestamp": "2015-01-01T00:00:00Z" }, "geometry": { "type": "LineString", "coordinates": [ [ 83.6479196, 21.7868574 ], [ 83.6474862, 21.7863762 ] ] } },
{ "type": "Feature", "properties": { "@osmId": "way/233203717", "@snapshotTimestamp": "2015-01-01T00:00:00Z" }, "geometry": { "type": "LineString", "coordinates": [ [ 84.0091158, 21.7816259 ], [ 84.0089583, 21.8226054 ] ] } },
{ "type": "Feature", "properties": { "@osmId": "way/217808303", "@snapshotTimestamp": "2015-01-01T00:00:00Z" }, "geometry": { "type": "LineString", "coordinates": [ [ 84.3606164, 21.7582375 ], [ 84.3610034, 21.7568227 ] ] } },
{ "type": "Feature", "properties": { "@osmId": "way/233584399", "@snapshotTimestamp": "2015-01-01T00:00:00Z" }, "geometry": { "type": "LineString", "coordinates": [ [ 84.3553326, 21.7841542 ], [ 84.3606164, 21.7582375 ] ] } },
{ "type": "Feature", "properties": { "@osmId": "way/217808295", "@snapshotTimestamp": "2015-01-01T00:00:00Z" }, "geometry": { "type": "LineString", "coordinates": [ [ 84.3096326, 21.7963852 ], [ 84.3553326, 21.7841542 ] ] } },
{ "type": "Feature", "properties": { "@osmId": "way/290628854", "@snapshotTimestamp": "2015-01-01T00:00:00Z" }, "geometry": { "type": "LineString", "coordinates": [ [ 84.2949295, 21.7934696 ], [ 84.2955307, 21.7929183 ] ] } },
{ "type": "Feature", "properties": { "@osmId": "way/290628855", "@snapshotTimestamp": "2015-01-01T00:00:00Z" }, "geometry": { "type": "LineString", "coordinates": [ [ 84.2946054, 21.7938111 ], [ 84.2949295, 21.7934696 ] ] } },
{ "type": "Feature", "properties": { "@osmId": "way/290628856", "@snapshotTimestamp": "2015-01-01T00:00:00Z" }, "geometry": { "type": "LineString", "coordinates": [ [ 84.2955307, 21.7929183 ], [ 84.3096326, 21.7963852 ] ] } },
{ "type": "Feature", "properties": { "@osmId": "way/240342953", "@snapshotTimestamp": "2015-01-01T00:00:00Z" }, "geometry": { "type": "LineString", "coordinates": [ [ 84.1588853, 21.8051859 ], [ 84.159991, 21.8042973 ] ] } },
{ "type": "Feature", "properties": { "@osmId": "way/240342937", "@snapshotTimestamp": "2015-01-01T00:00:00Z" }, "geometry": { "type": "LineString", "coordinates": [ [ 84.2123027, 21.8105513 ], [ 84.2676151, 21.8161789 ], [ 84.2946054, 21.7938111 ] ] } },
{ "type": "Feature", "properties": { "@osmId": "way/240342961", "@snapshotTimestamp": "2015-01-01T00:00:00Z" }, "geometry": { "type": "LineString", "coordinates": [ [ 84.159991, 21.8042973 ], [ 84.2119559, 21.8107086 ] ] } },
{ "type": "Feature", "properties": { "@osmId": "way/240342952", "@snapshotTimestamp": "2015-01-01T00:00:00Z" }, "geometry": { "type": "LineString", "coordinates": [ [ 84.2119559, 21.8107086 ], [ 84.2123027, 21.8105513 ] ] } },
{ "type": "Feature", "properties": { "@osmId": "way/240342951", "@snapshotTimestamp": "2015-01-01T00:00:00Z" }, "geometry": { "type": "LineString", "coordinates": [ [ 83.8295371, 21.8038241 ], [ 83.8301318, 21.8038403 ] ] } },
{ "type": "Feature", "properties": { "@osmId": "way/240342938", "@snapshotTimestamp": "2015-01-01T00:00:00Z" }, "geometry": { "type": "LineString", "coordinates": [ [ 83.8301318, 21.8038403 ], [ 83.8926612, 21.8580284 ], [ 83.947194, 21.863722 ] ] } },
{ "type": "Feature", "properties": { "@osmId": "way/91005943", "@snapshotTimestamp": "2015-01-01T00:00:00Z" }, "geometry": { "type": "LineString", "coordinates": [ [ 84.0089583, 21.8226054 ], [ 84.0019806, 21.8497593 ] ] } },
{ "type": "Feature", "properties": { "@osmId": "way/91005944", "@snapshotTimestamp": "2015-01-01T00:00:00Z" }, "geometry": { "type": "LineString", "coordinates": [ [ 83.9194876, 21.826103 ], [ 83.9141024, 21.8597917 ] ] } },
{ "type": "Feature", "properties": { "@osmId": "way/91005935", "@snapshotTimestamp": "2015-01-01T00:00:00Z" }, "geometry": { "type": "LineString", "coordinates": [ [ 84.0089583, 21.8226054 ], [ 84.024292, 21.8651219 ] ] } },
{ "type": "Feature", "properties": { "@osmId": "way/233203680", "@snapshotTimestamp": "2015-01-01T00:00:00Z" }, "geometry": { "type": "LineString", "coordinates": [ [ 84.0019806, 21.8497593 ], [ 84.0016775, 21.8501055 ] ] } },
{ "type": "Feature", "properties": { "@osmId": "way/233203679", "@snapshotTimestamp": "2015-01-01T00:00:00Z" }, "geometry": { "type": "LineString", "coordinates": [ [ 84.0016775, 21.8501055 ], [ 83.9963903, 21.872836 ] ] } },
{ "type": "Feature", "properties": { "@osmId": "way/91005942", "@snapshotTimestamp": "2015-01-01T00:00:00Z" }, "geometry": { "type": "LineString", "coordinates": [ [ 83.9516169, 21.8645737 ], [ 83.947194, 21.863722 ] ] } },
{ "type": "Feature", "properties": { "@osmId": "way/91005920", "@snapshotTimestamp": "2015-01-01T00:00:00Z" }, "geometry": { "type": "LineString", "coordinates": [ [ 84.0243009, 21.8652042 ], [ 84.0252175, 21.8675409 ] ] } },
{ "type": "Feature", "properties": { "@osmId": "way/202818565", "@snapshotTimestamp": "2015-01-01T00:00:00Z" }, "geometry": { "type": "LineString", "coordinates": [ [ 84.0252175, 21.8675409 ], [ 84.02505, 21.8678317 ] ] } },
{ "type": "Feature", "properties": { "@osmId": "way/91005940", "@snapshotTimestamp": "2015-01-01T00:00:00Z" }, "geometry": { "type": "LineString", "coordinates": [ [ 84.3553326, 21.7841542 ], [ 84.3763381, 21.8750935 ] ] } },
{ "type": "Feature", "properties": { "@osmId": "way/22828845", "@snapshotTimestamp": "2015-01-01T00:00:00Z" }, "geometry": { "type": "LineString", "coordinates": [ [ 84.0243009, 21.8652042 ], [ 84.1588853, 21.8051859 ] ] } },
{ "type": "Feature", "properties": { "@osmId": "way/233584406", "@snapshotTimestamp": "2015-01-01T00:00:00Z" }, "geometry": { "type": "LineString", "coordinates": [ [ 84.3763381, 21.8750935 ], [ 84.3765435, 21.8756173 ] ] } },
{ "type": "Feature", "properties": { "@osmId": "way/233584402", "@snapshotTimestamp": "2015-01-01T00:00:00Z" }, "geometry": { "type": "LineString", "coordinates": [ [ 84.3765435, 21.8756173 ], [ 84.3815902, 21.8976639 ] ] } },
{ "type": "Feature", "properties": { "@osmId": "way/233584407", "@snapshotTimestamp": "2015-01-01T00:00:00Z" }, "geometry": { "type": "LineString", "coordinates": [ [ 84.3815902, 21.8976639 ], [ 84.381585, 21.8981169 ] ] } },
{ "type": "Feature", "properties": { "@osmId": "way/233203685", "@snapshotTimestamp": "2015-01-01T00:00:00Z" }, "geometry": { "type": "LineString", "coordinates": [ [ 84.033431, 21.9093161 ], [ 84.0353218, 21.9296238 ] ] } },
{ "type": "Feature", "properties": { "@osmId": "way/233584411", "@snapshotTimestamp": "2015-01-01T00:00:00Z" }, "geometry": { "type": "LineString", "coordinates": [ [ 84.381585, 21.8981169 ], [ 84.3832387, 21.94163 ] ] } },
{ "type": "Feature", "properties": { "@osmId": "way/233203696", "@snapshotTimestamp": "2015-01-01T00:00:00Z" }, "geometry": { "type": "LineString", "coordinates": [ [ 84.0353218, 21.9296238 ], [ 84.0352932, 21.9298372 ] ] } },
{ "type": "Feature", "properties": { "@osmId": "way/233584404", "@snapshotTimestamp": "2015-01-01T00:00:00Z" }, "geometry": { "type": "LineString", "coordinates": [ [ 84.3832387, 21.94163 ], [ 84.3832942, 21.9418547 ] ] } },
{ "type": "Feature", "properties": { "@osmId": "way/233584409", "@snapshotTimestamp": "2015-01-01T00:00:00Z" }, "geometry": { "type": "LineString", "coordinates": [ [ 84.3832942, 21.9418547 ], [ 84.3840151, 21.9469503 ] ] } },
{ "type": "Feature", "properties": { "@osmId": "way/233203682", "@snapshotTimestamp": "2015-01-01T00:00:00Z" }, "geometry": { "type": "LineString", "coordinates": [ [ 83.9963903, 21.872836 ], [ 83.9516169, 21.8645737 ] ] } },
{ "type": "Feature", "properties": { "@osmId": "way/202818564", "@snapshotTimestamp": "2015-01-01T00:00:00Z" }, "geometry": { "type": "LineString", "coordinates": [ [ 84.02505, 21.8678317 ], [ 84.0254482, 21.8779368 ] ] } },
{ "type": "Feature", "properties": { "@osmId": "way/233203683", "@snapshotTimestamp": "2015-01-01T00:00:00Z" }, "geometry": { "type": "LineString", "coordinates": [ [ 84.024703, 21.8778442 ], [ 83.9963903, 21.872836 ] ] } },
{ "type": "Feature", "properties": { "@osmId": "way/233203681", "@snapshotTimestamp": "2015-01-01T00:00:00Z" }, "geometry": { "type": "LineString", "coordinates": [ [ 84.0254482, 21.8779368 ], [ 84.024703, 21.8778442 ] ] } },
{ "type": "Feature", "properties": { "@osmId": "way/175447652", "@snapshotTimestamp": "2015-01-01T00:00:00Z" }, "geometry": { "type": "LineString", "coordinates": [ [ 84.0247464, 21.8693642 ], [ 84.0024437, 21.9024065 ] ] } },
{ "type": "Feature", "properties": { "@osmId": "way/233203713", "@snapshotTimestamp": "2015-01-01T00:00:00Z" }, "geometry": { "type": "LineString", "coordinates": [ [ 84.0254482, 21.8779368 ], [ 84.0333814, 21.9091035 ] ] } },
{ "type": "Feature", "properties": { "@osmId": "way/233203710", "@snapshotTimestamp": "2015-01-01T00:00:00Z" }, "geometry": { "type": "LineString", "coordinates": [ [ 84.0333814, 21.9091035 ], [ 84.033431, 21.9093161 ] ] } },
{ "type": "Feature", "properties": { "@osmId": "way/233203712", "@snapshotTimestamp": "2015-01-01T00:00:00Z" }, "geometry": { "type": "LineString", "coordinates": [ [ 84.0352932, 21.9298372 ], [ 84.0358013, 21.9477644 ] ] } },
{ "type": "Feature", "properties": { "@osmId": "way/233584405", "@snapshotTimestamp": "2015-01-01T00:00:00Z" }, "geometry": { "type": "LineString", "coordinates": [ [ 84.3840151, 21.9469503 ], [ 84.3840516, 21.9472892 ] ] } },
{ "type": "Feature", "properties": { "@osmId": "way/238738791", "@snapshotTimestamp": "2015-01-01T00:00:00Z" }, "geometry": { "type": "LineString", "coordinates": [ [ 84.0360256, 21.9516395 ], [ 84.0358013, 21.9477644 ] ] } },
{ "type": "Feature", "properties": { "@osmId": "way/238738794", "@snapshotTimestamp": "2015-01-01T00:00:00Z" }, "geometry": { "type": "LineString", "coordinates": [ [ 84.0358013, 21.9477644 ], [ 84.0360256, 21.9516395 ] ] } },
{ "type": "Feature", "properties": { "@osmId": "way/238738787", "@snapshotTimestamp": "2015-01-01T00:00:00Z" }, "geometry": { "type": "LineString", "coordinates": [ [ 84.0360256, 21.9516395 ], [ 84.0394393, 21.9723882 ] ] } },
{ "type": "Feature", "properties": { "@osmId": "way/202818566", "@snapshotTimestamp": "2015-01-01T00:00:00Z" }, "geometry": { "type": "LineString", "coordinates": [ [ 84.0394393, 21.9723882 ], [ 84.0367735, 21.9735486 ] ] } },
{ "type": "Feature", "properties": { "@osmId": "way/233584401", "@snapshotTimestamp": "2015-01-01T00:00:00Z" }, "geometry": { "type": "LineString", "coordinates": [ [ 84.3840516, 21.9472892 ], [ 84.3964837, 22.0198571 ], [ 84.3799414, 22.0396139 ] ] } },
{ "type": "Feature", "properties": { "@osmId": "way/202818567", "@snapshotTimestamp": "2015-01-01T00:00:00Z" }, "geometry": { "type": "LineString", "coordinates": [ [ 84.0367735, 21.9735486 ], [ 84.0368171, 22.0803743 ] ] } },
{ "type": "Feature", "properties": { "@osmId": "way/233584403", "@snapshotTimestamp": "2015-01-01T00:00:00Z" }, "geometry": { "type": "LineString", "coordinates": [ [ 84.3799414, 22.0396139 ], [ 84.3797764, 22.0396624 ] ] } },
{ "type": "Feature", "properties": { "@osmId": "way/233584410", "@snapshotTimestamp": "2015-01-01T00:00:00Z" }, "geometry": { "type": "LineString", "coordinates": [ [ 84.3797764, 22.0396624 ], [ 84.2937728, 22.0507038 ] ] } },
{ "type": "Feature", "properties": { "@osmId": "way/233584408", "@snapshotTimestamp": "2015-01-01T00:00:00Z" }, "geometry": { "type": "LineString", "coordinates": [ [ 84.2937728, 22.0507038 ], [ 84.2866219, 22.0513894 ] ] } },
{ "type": "Feature", "properties": { "@osmId": "way/240342972", "@snapshotTimestamp": "2015-01-01T00:00:00Z" }, "geometry": { "type": "LineString", "coordinates": [ [ 84.8524862, 21.5223999 ], [ 84.8530012, 21.5224032 ] ] } },
{ "type": "Feature", "properties": { "@osmId": "way/240342994", "@snapshotTimestamp": "2015-01-01T00:00:00Z" }, "geometry": { "type": "LineString", "coordinates": [ [ 84.8530012, 21.5224032 ], [ 84.895086, 21.552771 ], [ 84.9900695, 21.5431804 ] ] } },
{ "type": "Feature", "properties": { "@osmId": "way/217993663", "@snapshotTimestamp": "2015-01-01T00:00:00Z" }, "geometry": { "type": "LineString", "coordinates": [ [ 84.9900695, 21.5431804 ], [ 84.9964788, 21.5391186 ] ] } },
{ "type": "Feature", "properties": { "@osmId": "way/117553936", "@snapshotTimestamp": "2015-01-01T00:00:00Z" }, "geometry": { "type": "LineString", "coordinates": [ [ 84.9900695, 21.5431804 ], [ 84.9917947, 21.6017732 ], [ 84.963819, 21.6242118 ] ] } },
{ "type": "Feature", "properties": { "@osmId": "way/239921527", "@snapshotTimestamp": "2015-01-01T00:00:00Z" }, "geometry": { "type": "LineString", "coordinates": [ [ 84.963819, 21.6242118 ], [ 84.9633241, 21.6247753 ] ] } },
{ "type": "Feature", "properties": { "@osmId": "way/239921528", "@snapshotTimestamp": "2015-01-01T00:00:00Z" }, "geometry": { "type": "LineString", "coordinates": [ [ 84.9633241, 21.6247753 ], [ 84.9417054, 21.6528274 ] ] } },
{ "type": "Feature", "properties": { "@osmId": "way/217993649", "@snapshotTimestamp": "2015-01-01T00:00:00Z" }, "geometry": { "type": "LineString", "coordinates": [ [ 84.9417054, 21.6528274 ], [ 84.8919828, 21.6684764 ], [ 84.8739367, 21.7193492 ], [ 84.9208723, 21.7799527 ], [ 84.9024181, 21.8307531 ] ] } },
{ "type": "Feature", "properties": { "@osmId": "way/233587424", "@snapshotTimestamp": "2015-01-01T00:00:00Z" }, "geometry": { "type": "LineString", "coordinates": [ [ 84.9810649, 21.7885437 ], [ 84.9811011, 21.7892788 ] ] } },
{ "type": "Feature", "properties": { "@osmId": "way/233587429", "@snapshotTimestamp": "2015-01-01T00:00:00Z" }, "geometry": { "type": "LineString", "coordinates": [ [ 84.9811011, 21.7892788 ], [ 84.9833753, 21.8450295 ] ] } },
{ "type": "Feature", "properties": { "@osmId": "way/117553935", "@snapshotTimestamp": "2015-01-01T00:00:00Z" }, "geometry": { "type": "LineString", "coordinates": [ [ 84.9024181, 21.8307531 ], [ 84.9058742, 21.838669 ] ] } },
{ "type": "Feature", "properties": { "@osmId": "way/160224927", "@snapshotTimestamp": "2015-01-01T00:00:00Z" }, "geometry": { "type": "LineString", "coordinates": [ [ 84.7391809, 21.5481359 ], [ 84.734095, 21.5381035 ] ] } },
{ "type": "Feature", "properties": { "@osmId": "way/150812527", "@snapshotTimestamp": "2015-01-01T00:00:00Z" }, "geometry": { "type": "LineString", "coordinates": [ [ 84.8297542, 22.2072456 ], [ 84.8302439, 22.2071006 ] ] } },
{ "type": "Feature", "properties": { "@osmId": "way/150812531", "@snapshotTimestamp": "2015-01-01T00:00:00Z" }, "geometry": { "type": "LineString", "coordinates": [ [ 84.8045968, 22.2268236 ], [ 84.8297542, 22.2072456 ] ] } },
{ "type": "Feature", "properties": { "@osmId": "way/150662785", "@snapshotTimestamp": "2015-01-01T00:00:00Z" }, "geometry": { "type": "LineString", "coordinates": [ [ 84.8351212, 22.2212026 ], [ 84.8062382, 22.2219693 ] ] } },
{ "type": "Feature", "properties": { "@osmId": "way/150662471", "@snapshotTimestamp": "2015-01-01T00:00:00Z" }, "geometry": { "type": "LineString", "coordinates": [ [ 84.8351222, 22.2212408 ], [ 84.8318258, 22.2265526 ] ] } },
{ "type": "Feature", "properties": { "@osmId": "way/150662480", "@snapshotTimestamp": "2015-01-01T00:00:00Z" }, "geometry": { "type": "LineString", "coordinates": [ [ 84.8318865, 22.2265526 ], [ 84.8352092, 22.2213237 ] ] } },
{ "type": "Feature", "properties": { "@osmId": "way/150662487", "@snapshotTimestamp": "2015-01-01T00:00:00Z" }, "geometry": { "type": "LineString", "coordinates": [ [ 84.831888, 22.2268228 ], [ 84.8318865, 22.2265526 ] ] } },
{ "type": "Feature", "properties": { "@osmId": "way/150662486", "@snapshotTimestamp": "2015-01-01T00:00:00Z" }, "geometry": { "type": "LineString", "coordinates": [ [ 84.8318258, 22.2265526 ], [ 84.8318242, 22.2268229 ] ] } },
{ "type": "Feature", "properties": { "@osmId": "way/150812530", "@snapshotTimestamp": "2015-01-01T00:00:00Z" }, "geometry": { "type": "LineString", "coordinates": [ [ 84.8043435, 22.2269914 ], [ 84.8027997, 22.2270254 ] ] } },
{ "type": "Feature", "properties": { "@osmId": "way/150812524", "@snapshotTimestamp": "2015-01-01T00:00:00Z" }, "geometry": { "type": "LineString", "coordinates": [ [ 84.8047554, 22.2270235 ], [ 84.8045671, 22.2268192 ], [ 84.8043435, 22.2269914 ], [ 84.804523, 22.2271995 ], [ 84.8047554, 22.2270235 ] ] } },
{ "type": "Feature", "properties": { "@osmId": "way/233587419", "@snapshotTimestamp": "2015-01-01T00:00:00Z" }, "geometry": { "type": "LineString", "coordinates": [ [ 84.9833753, 21.8450295 ], [ 84.9832612, 21.8453693 ] ] } },
{ "type": "Feature", "properties": { "@osmId": "way/117553937", "@snapshotTimestamp": "2015-01-01T00:00:00Z" }, "geometry": { "type": "LineString", "coordinates": [ [ 84.9058742, 21.838669 ], [ 84.9186908, 21.8708894 ] ] } },
{ "type": "Feature", "properties": { "@osmId": "way/233587425", "@snapshotTimestamp": "2015-01-01T00:00:00Z" }, "geometry": { "type": "LineString", "coordinates": [ [ 84.9832612, 21.8453693 ], [ 84.9789137, 21.869545 ] ] } },
{ "type": "Feature", "properties": { "@osmId": "way/233587421", "@snapshotTimestamp": "2015-01-01T00:00:00Z" }, "geometry": { "type": "LineString", "coordinates": [ [ 84.9789137, 21.869545 ], [ 84.9787506, 21.8695882 ] ] } },
{ "type": "Feature", "properties": { "@osmId": "way/233587426", "@snapshotTimestamp": "2015-01-01T00:00:00Z" }, "geometry": { "type": "LineString", "coordinates": [ [ 84.9787506, 21.8695882 ], [ 84.9557318, 21.8837865 ] ] } },
{ "type": "Feature", "properties": { "@osmId": "way/233587423", "@snapshotTimestamp": "2015-01-01T00:00:00Z" }, "geometry": { "type": "LineString", "coordinates": [ [ 84.9557318, 21.8837865 ], [ 84.9555812, 21.8838082 ] ] } },
{ "type": "Feature", "properties": { "@osmId": "way/233587418", "@snapshotTimestamp": "2015-01-01T00:00:00Z" }, "geometry": { "type": "LineString", "coordinates": [ [ 84.9555812, 21.8838082 ], [ 84.9407392, 21.8856904 ] ] } },
{ "type": "Feature", "properties": { "@osmId": "way/238946745", "@snapshotTimestamp": "2015-01-01T00:00:00Z" }, "geometry": { "type": "LineString", "coordinates": [ [ 84.9526066, 21.9298216 ], [ 84.9379386, 21.8835736 ] ] } },
{ "type": "Feature", "properties": { "@osmId": "way/238946730", "@snapshotTimestamp": "2015-01-01T00:00:00Z" }, "geometry": { "type": "LineString", "coordinates": [ [ 84.9530077, 21.9300949 ], [ 84.9526066, 21.9298216 ] ] } },
{ "type": "Feature", "properties": { "@osmId": "way/205478463", "@snapshotTimestamp": "2015-01-01T00:00:00Z" }, "geometry": { "type": "LineString", "coordinates": [ [ 84.9021588, 21.9929685 ], [ 84.8829434, 21.9482466 ], [ 84.9186908, 21.8708894 ] ] } },
{ "type": "Feature", "properties": { "@osmId": "way/238946753", "@snapshotTimestamp": "2015-01-01T00:00:00Z" }, "geometry": { "type": "LineString", "coordinates": [ [ 84.9992332, 21.9811697 ], [ 84.9530077, 21.9300949 ] ] } },
{ "type": "Feature", "properties": { "@osmId": "way/205478461", "@snapshotTimestamp": "2015-01-01T00:00:00Z" }, "geometry": { "type": "LineString", "coordinates": [ [ 84.9028845, 21.9942669 ], [ 84.9021588, 21.9929685 ] ] } },
{ "type": "Feature", "properties": { "@osmId": "way/205478460", "@snapshotTimestamp": "2015-01-01T00:00:00Z" }, "geometry": { "type": "LineString", "coordinates": [ [ 84.9103471, 22.0744568 ], [ 84.9028845, 21.9942669 ] ] } },
{ "type": "Feature", "properties": { "@osmId": "way/205478462", "@snapshotTimestamp": "2015-01-01T00:00:00Z" }, "geometry": { "type": "LineString", "coordinates": [ [ 84.9100836, 22.0744756 ], [ 84.9103471, 22.0744568 ] ] } },
{ "type": "Feature", "properties": { "@osmId": "way/150908968", "@snapshotTimestamp": "2015-01-01T00:00:00Z" }, "geometry": { "type": "LineString", "coordinates": [ [ 84.872959, 22.1459657 ], [ 84.9100836, 22.0744756 ] ] } },
{ "type": "Feature", "properties": { "@osmId": "way/150908966", "@snapshotTimestamp": "2015-01-01T00:00:00Z" }, "geometry": { "type": "LineString", "coordinates": [ [ 84.8716524, 22.1463658 ], [ 84.872959, 22.1459657 ] ] } },
{ "type": "Feature", "properties": { "@osmId": "way/150893580", "@snapshotTimestamp": "2015-01-01T00:00:00Z" }, "geometry": { "type": "LineString", "coordinates": [ [ 84.8426219, 22.1945262 ], [ 84.8716524, 22.1463658 ] ] } },
{ "type": "Feature", "properties": { "@osmId": "way/150893579", "@snapshotTimestamp": "2015-01-01T00:00:00Z" }, "geometry": { "type": "LineString", "coordinates": [ [ 84.8424013, 22.1946686 ], [ 84.8426219, 22.1945262 ] ] } },
{ "type": "Feature", "properties": { "@osmId": "way/150812523", "@snapshotTimestamp": "2015-01-01T00:00:00Z" }, "geometry": { "type": "LineString", "coordinates": [ [ 84.8302439, 22.2071006 ], [ 84.8424013, 22.1946686 ] ] } },
{ "type": "Feature", "properties": { "@osmId": "way/150662477", "@snapshotTimestamp": "2015-01-01T00:00:00Z" }, "geometry": { "type": "LineString", "coordinates": [ [ 84.8480112, 22.220826 ], [ 84.8352734, 22.2211239 ] ] } },
{ "type": "Feature", "properties": { "@osmId": "way/233203689", "@snapshotTimestamp": "2015-01-01T00:00:00Z" }, "geometry": { "type": "LineString", "coordinates": [ [ 84.5690684, 22.206227 ], [ 84.5831877, 22.1871752 ] ] } },
{ "type": "Feature", "properties": { "@osmId": "way/233203694", "@snapshotTimestamp": "2015-01-01T00:00:00Z" }, "geometry": { "type": "LineString", "coordinates": [ [ 84.5687808, 22.2066828 ], [ 84.5690684, 22.206227 ] ] } },
{ "type": "Feature", "properties": { "@osmId": "way/233203686", "@snapshotTimestamp": "2015-01-01T00:00:00Z" }, "geometry": { "type": "LineString", "coordinates": [ [ 84.5614711, 22.2108428 ], [ 84.5687808, 22.2066828 ] ] } },
{ "type": "Feature", "properties": { "@osmId": "way/233203701", "@snapshotTimestamp": "2015-01-01T00:00:00Z" }, "geometry": { "type": "LineString", "coordinates": [ [ 84.5807041, 22.2114237 ], [ 84.5810838, 22.211544 ] ] } },
{ "type": "Feature", "properties": { "@osmId": "way/233203721", "@snapshotTimestamp": "2015-01-01T00:00:00Z" }, "geometry": { "type": "LineString", "coordinates": [ [ 84.4893166, 22.2197303 ], [ 84.5807041, 22.2114237 ] ] } },
{ "type": "Feature", "properties": { "@osmId": "way/233203700", "@snapshotTimestamp": "2015-01-01T00:00:00Z" }, "geometry": { "type": "LineString", "coordinates": [ [ 84.4889837, 22.2199226 ], [ 84.4893166, 22.2197303 ] ] } },
{ "type": "Feature", "properties": { "@osmId": "way/22828986", "@snapshotTimestamp": "2015-01-01T00:00:00Z" }, "geometry": { "type": "LineString", "coordinates": [ [ 84.5810838, 22.211544 ], [ 84.6130714, 22.2398657 ], [ 84.6556739, 22.2345094 ] ] } },
{ "type": "Feature", "properties": { "@osmId": "way/233203716", "@snapshotTimestamp": "2015-01-01T00:00:00Z" }, "geometry": { "type": "LineString", "coordinates": [ [ 84.6556739, 22.2345094 ], [ 84.6563719, 22.2332822 ] ] } },
{ "type": "Feature", "properties": { "@osmId": "way/150662469", "@snapshotTimestamp": "2015-01-01T00:00:00Z" }, "geometry": { "type": "LineString", "coordinates": [ [ 84.8353467, 22.2211975 ], [ 84.8479839, 22.2209231 ] ] } },
{ "type": "Feature", "properties": { "@osmId": "way/150662561", "@snapshotTimestamp": "2015-01-01T00:00:00Z" }, "geometry": { "type": "LineString", "coordinates": [ [ 84.848371, 22.2209967 ], [ 84.8483104, 22.220779 ], [ 84.8479902, 22.220851 ], [ 84.8480964, 22.221035 ], [ 84.848371, 22.2209967 ] ] } },
{ "type": "Feature", "properties": { "@osmId": "way/150662498", "@snapshotTimestamp": "2015-01-01T00:00:00Z" }, "geometry": { "type": "LineString", "coordinates": [ [ 84.8544135, 22.221506 ], [ 84.8484088, 22.2208652 ] ] } },
{ "type": "Feature", "properties": { "@osmId": "way/150662563", "@snapshotTimestamp": "2015-01-01T00:00:00Z" }, "geometry": { "type": "LineString", "coordinates": [ [ 84.8353455, 22.2212533 ], [ 84.8352377, 22.2211119 ], [ 84.8351212, 22.2212026 ], [ 84.8352092, 22.2213237 ], [ 84.8353455, 22.2212533 ] ] } },
{ "type": "Feature", "properties": { "@osmId": "way/150662497", "@snapshotTimestamp": "2015-01-01T00:00:00Z" }, "geometry": { "type": "LineString", "coordinates": [ [ 84.8483907, 22.2209586 ], [ 84.8544033, 22.2215743 ] ] } },
{ "type": "Feature", "properties": { "@osmId": "way/150662547", "@snapshotTimestamp": "2015-01-01T00:00:00Z" }, "geometry": { "type": "LineString", "coordinates": [ [ 84.8547671, 22.2216179 ], [ 84.8546609, 22.2214536 ], [ 84.8544135, 22.221506 ], [ 84.8545481, 22.2216731 ], [ 84.8547671, 22.2216179 ] ] } },
{ "type": "Feature", "properties": { "@osmId": "way/150662492", "@snapshotTimestamp": "2015-01-01T00:00:00Z" }, "geometry": { "type": "LineString", "coordinates": [ [ 84.8598332, 22.2220284 ], [ 84.8547482, 22.2215117 ] ] } },
{ "type": "Feature", "properties": { "@osmId": "way/150662488", "@snapshotTimestamp": "2015-01-01T00:00:00Z" }, "geometry": { "type": "LineString", "coordinates": [ [ 84.8547671, 22.2216179 ], [ 84.8598034, 22.2221453 ] ] } },
{ "type": "Feature", "properties": { "@osmId": "way/150662546", "@snapshotTimestamp": "2015-01-01T00:00:00Z" }, "geometry": { "type": "LineString", "coordinates": [ [ 84.8598034, 22.2221453 ], [ 84.8601257, 22.2223211 ], [ 84.8603983, 22.2221078 ], [ 84.8600974, 22.2219202 ], [ 84.8598034, 22.2221453 ] ] } },
{ "type": "Feature", "properties": { "@osmId": "way/150662501", "@snapshotTimestamp": "2015-01-01T00:00:00Z" }, "geometry": { "type": "LineString", "coordinates": [ [ 84.8633903, 22.2224204 ], [ 84.8603983, 22.2221078 ] ] } },
{ "type": "Feature", "properties": { "@osmId": "way/150662504", "@snapshotTimestamp": "2015-01-01T00:00:00Z" }, "geometry": { "type": "LineString", "coordinates": [ [ 84.8603785, 22.2222099 ], [ 84.8633818, 22.2225107 ] ] } },
{ "type": "Feature", "properties": { "@osmId": "way/150662549", "@snapshotTimestamp": "2015-01-01T00:00:00Z" }, "geometry": { "type": "LineString", "coordinates": [ [ 84.8636173, 22.2225295 ], [ 84.8635627, 22.2223699 ], [ 84.8633903, 22.2224204 ], [ 84.8634448, 22.22258 ], [ 84.8636173, 22.2225295 ] ] } },
{ "type": "Feature", "properties": { "@osmId": "way/150662490", "@snapshotTimestamp": "2015-01-01T00:00:00Z" }, "geometry": { "type": "LineString", "coordinates": [ [ 84.8670875, 22.2227637 ], [ 84.8636257, 22.2224392 ] ] } },
{ "type": "Feature", "properties": { "@osmId": "way/150662494", "@snapshotTimestamp": "2015-01-01T00:00:00Z" }, "geometry": { "type": "LineString", "coordinates": [ [ 84.8636173, 22.2225295 ], [ 84.8670423, 22.2228903 ] ] } },
{ "type": "Feature", "properties": { "@osmId": "way/150662559", "@snapshotTimestamp": "2015-01-01T00:00:00Z" }, "geometry": { "type": "LineString", "coordinates": [ [ 84.867636, 22.22296 ], [ 84.8673935, 22.2226384 ], [ 84.867046, 22.222863 ], [ 84.8672887, 22.2231846 ], [ 84.867636, 22.22296 ] ] } },
{ "type": "Feature", "properties": { "@osmId": "way/150662474", "@snapshotTimestamp": "2015-01-01T00:00:00Z" }, "geometry": { "type": "LineString", "coordinates": [ [ 84.8702162, 22.2279745 ], [ 84.867636, 22.22296 ] ] } },
{ "type": "Feature", "properties": { "@osmId": "way/150662476", "@snapshotTimestamp": "2015-01-01T00:00:00Z" }, "geometry": { "type": "LineString", "coordinates": [ [ 84.8675912, 22.2230641 ], [ 84.8701406, 22.2279811 ] ] } },
{ "type": "Feature", "properties": { "@osmId": "way/150139593", "@snapshotTimestamp": "2015-01-01T00:00:00Z" }, "geometry": { "type": "LineString", "coordinates": [ [ 84.8676302, 22.2228388 ], [ 84.9087666, 22.2265961 ] ] } },
{ "type": "Feature", "properties": { "@osmId": "way/150139590", "@snapshotTimestamp": "2015-01-01T00:00:00Z" }, "geometry": { "type": "LineString", "coordinates": [ [ 84.9087666, 22.2265961 ], [ 84.9093142, 22.2266671 ] ] } },
{ "type": "Feature", "properties": { "@osmId": "way/150662495", "@snapshotTimestamp": "2015-01-01T00:00:00Z" }, "geometry": { "type": "LineString", "coordinates": [ [ 84.8702169, 22.2282355 ], [ 84.8702162, 22.2279745 ] ] } },
{ "type": "Feature", "properties": { "@osmId": "way/150812525", "@snapshotTimestamp": "2015-01-01T00:00:00Z" }, "geometry": { "type": "LineString", "coordinates": [ [ 84.8027997, 22.2270254 ], [ 84.7977007, 22.2270559 ] ] } },
{ "type": "Feature", "properties": { "@osmId": "way/150662491", "@snapshotTimestamp": "2015-01-01T00:00:00Z" }, "geometry": { "type": "LineString", "coordinates": [ [ 84.8318959, 22.2281899 ], [ 84.831888, 22.2268228 ] ] } },
{ "type": "Feature", "properties": { "@osmId": "way/150662496", "@snapshotTimestamp": "2015-01-01T00:00:00Z" }, "geometry": { "type": "LineString", "coordinates": [ [ 84.8318242, 22.2268229 ], [ 84.831828, 22.2281965 ] ] } },
{ "type": "Feature", "properties": { "@osmId": "way/150812522", "@snapshotTimestamp": "2015-01-01T00:00:00Z" }, "geometry": { "type": "LineString", "coordinates": [ [ 84.7977007, 22.2270559 ], [ 84.7869687, 22.2285927 ] ] } },
{ "type": "Feature", "properties": { "@osmId": "way/150662483", "@snapshotTimestamp": "2015-01-01T00:00:00Z" }, "geometry": { "type": "LineString", "coordinates": [ [ 84.8318974, 22.2284655 ], [ 84.8318959, 22.2281899 ] ] } },
{ "type": "Feature", "properties": { "@osmId": "way/150662489", "@snapshotTimestamp": "2015-01-01T00:00:00Z" }, "geometry": { "type": "LineString", "coordinates": [ [ 84.831828, 22.2281965 ], [ 84.8318293, 22.2284668 ] ] } },
{ "type": "Feature", "properties": { "@osmId": "way/150812526", "@snapshotTimestamp": "2015-01-01T00:00:00Z" }, "geometry": { "type": "LineString", "coordinates": [ [ 84.7869687, 22.2285927 ], [ 84.7868901, 22.2287238 ] ] } },
{ "type": "Feature", "properties": { "@osmId": "way/150662523", "@snapshotTimestamp": "2015-01-01T00:00:00Z" }, "geometry": { "type": "LineString", "coordinates": [ [ 84.8318293, 22.2284668 ], [ 84.8312771, 22.2335658 ] ] } },
{ "type": "Feature", "properties": { "@osmId": "way/150662511", "@snapshotTimestamp": "2015-01-01T00:00:00Z" }, "geometry": { "type": "LineString", "coordinates": [ [ 84.8314121, 22.2336047 ], [ 84.8318974, 22.2284655 ] ] } },
{ "type": "Feature", "properties": { "@osmId": "way/150812533", "@snapshotTimestamp": "2015-01-01T00:00:00Z" }, "geometry": { "type": "LineString", "coordinates": [ [ 84.7868901, 22.2287238 ], [ 84.7790826, 22.2348823 ] ] } },
{ "type": "Feature", "properties": { "@osmId": "way/150662564", "@snapshotTimestamp": "2015-01-01T00:00:00Z" }, "geometry": { "type": "LineString", "coordinates": [ [ 84.831427, 22.2337006 ], [ 84.8313647, 22.2335685 ], [ 84.831203, 22.23365 ], [ 84.8312912, 22.2337706 ], [ 84.831427, 22.2337006 ] ] } },
{ "type": "Feature", "properties": { "@osmId": "way/233203728", "@snapshotTimestamp": "2015-01-01T00:00:00Z" }, "geometry": { "type": "LineString", "coordinates": [ [ 84.6563719, 22.2332822 ], [ 84.7565755, 22.2384247 ] ] } },
{ "type": "Feature", "properties": { "@osmId": "way/150662517", "@snapshotTimestamp": "2015-01-01T00:00:00Z" }, "geometry": { "type": "LineString", "coordinates": [ [ 84.831234, 22.2337364 ], [ 84.8294935, 22.2394605 ] ] } },
{ "type": "Feature", "properties": { "@osmId": "way/150662507", "@snapshotTimestamp": "2015-01-01T00:00:00Z" }, "geometry": { "type": "LineString", "coordinates": [ [ 84.8296157, 22.2394852 ], [ 84.8313553, 22.2337675 ] ] } },
{ "type": "Feature", "properties": { "@osmId": "way/233203684", "@snapshotTimestamp": "2015-01-01T00:00:00Z" }, "geometry": { "type": "LineString", "coordinates": [ [ 84.7570891, 22.2383637 ], [ 84.7771322, 22.2356684 ] ] } },
{ "type": "Feature", "properties": { "@osmId": "way/117503317", "@snapshotTimestamp": "2015-01-01T00:00:00Z" }, "geometry": { "type": "LineString", "coordinates": [ [ 84.7792603, 22.2402387 ], [ 84.7790826, 22.2348823 ] ] } },
{ "type": "Feature", "properties": { "@osmId": "way/233203698", "@snapshotTimestamp": "2015-01-01T00:00:00Z" }, "geometry": { "type": "LineString", "coordinates": [ [ 84.7565755, 22.2384247 ], [ 84.7570891, 22.2383637 ] ] } },
{ "type": "Feature", "properties": { "@osmId": "way/150662555", "@snapshotTimestamp": "2015-01-01T00:00:00Z" }, "geometry": { "type": "LineString", "coordinates": [ [ 84.8296437, 22.2395952 ], [ 84.8295358, 22.2394538 ], [ 84.8294193, 22.2395444 ], [ 84.8295074, 22.2396655 ], [ 84.8296437, 22.2395952 ] ] } },
{ "type": "Feature", "properties": { "@osmId": "way/150662512", "@snapshotTimestamp": "2015-01-01T00:00:00Z" }, "geometry": { "type": "LineString", "coordinates": [ [ 84.8294513, 22.2396322 ], [ 84.82733, 22.2466887 ] ] } },
{ "type": "Feature", "properties": { "@osmId": "way/150662508", "@snapshotTimestamp": "2015-01-01T00:00:00Z" }, "geometry": { "type": "LineString", "coordinates": [ [ 84.8274523, 22.2467134 ], [ 84.8295717, 22.2396624 ] ] } },
{ "type": "Feature", "properties": { "@osmId": "way/150662493", "@snapshotTimestamp": "2015-01-01T00:00:00Z" }, "geometry": { "type": "LineString", "coordinates": [ [ 84.8701406, 22.2279811 ], [ 84.8701428, 22.2282342 ] ] } },
{ "type": "Feature", "properties": { "@osmId": "way/150139609", "@snapshotTimestamp": "2015-01-01T00:00:00Z" }, "geometry": { "type": "LineString", "coordinates": [ [ 84.9093142, 22.2266671 ], [ 84.9622875, 22.2433061 ] ] } },
{ "type": "Feature", "properties": { "@osmId": "way/150662482", "@snapshotTimestamp": "2015-01-01T00:00:00Z" }, "geometry": { "type": "LineString", "coordinates": [ [ 84.8773969, 22.2419163 ], [ 84.8702169, 22.2282355 ] ] } },
{ "type": "Feature", "properties": { "@osmId": "way/150662481", "@snapshotTimestamp": "2015-01-01T00:00:00Z" }, "geometry": { "type": "LineString", "coordinates": [ [ 84.8701428, 22.2282342 ], [ 84.8772728, 22.2419797 ] ] } },
{ "type": "Feature", "properties": { "@osmId": "way/150671324", "@snapshotTimestamp": "2015-01-01T00:00:00Z" }, "geometry": { "type": "LineString", "coordinates": [ [ 84.8705691, 22.2454543 ], [ 84.8748551, 22.2370529 ] ] } },
{ "type": "Feature", "properties": { "@osmId": "way/150662552", "@snapshotTimestamp": "2015-01-01T00:00:00Z" }, "geometry": { "type": "LineString", "coordinates": [ [ 84.8774997, 22.2420887 ], [ 84.8774452, 22.2419292 ], [ 84.8772728, 22.2419797 ], [ 84.8773274, 22.2421391 ], [ 84.8774997, 22.2420887 ] ] } },
{ "type": "Feature", "properties": { "@osmId": "way/150662502", "@snapshotTimestamp": "2015-01-01T00:00:00Z" }, "geometry": { "type": "LineString", "coordinates": [ [ 84.8794469, 22.245858 ], [ 84.8775136, 22.2420448 ] ] } },
{ "type": "Feature", "properties": { "@osmId": "way/150662503", "@snapshotTimestamp": "2015-01-01T00:00:00Z" }, "geometry": { "type": "LineString", "coordinates": [ [ 84.8773662, 22.242151 ], [ 84.8793227, 22.2459214 ] ] } },
{ "type": "Feature", "properties": { "@osmId": "way/150662551", "@snapshotTimestamp": "2015-01-01T00:00:00Z" }, "geometry": { "type": "LineString", "coordinates": [ [ 84.8795498, 22.2460305 ], [ 84.8794952, 22.2458709 ], [ 84.8793227, 22.2459214 ], [ 84.8793773, 22.246081 ], [ 84.8795498, 22.2460305 ] ] } },
{ "type": "Feature", "properties": { "@osmId": "way/150662479", "@snapshotTimestamp": "2015-01-01T00:00:00Z" }, "geometry": { "type": "LineString", "coordinates": [ [ 84.8794161, 22.2460928 ], [ 84.8795056, 22.253286 ] ] } },
{ "type": "Feature", "properties": { "@osmId": "way/233203699", "@snapshotTimestamp": "2015-01-01T00:00:00Z" }, "geometry": { "type": "LineString", "coordinates": [ [ 84.0368171, 22.0803743 ], [ 84.0368664, 22.0805958 ] ] } },
{ "type": "Feature", "properties": { "@osmId": "way/175787691", "@snapshotTimestamp": "2015-01-01T00:00:00Z" }, "geometry": { "type": "LineString", "coordinates": [ [ 84.2937728, 22.0507038 ], [ 84.394984, 22.1120248 ] ] } },
{ "type": "Feature", "properties": { "@osmId": "way/233203719", "@snapshotTimestamp": "2015-01-01T00:00:00Z" }, "geometry": { "type": "LineString", "coordinates": [ [ 84.0368664, 22.0805958 ], [ 84.0369499, 22.0843462 ] ] } },
{ "type": "Feature", "properties": { "@osmId": "way/233203706", "@snapshotTimestamp": "2015-01-01T00:00:00Z" }, "geometry": { "type": "LineString", "coordinates": [ [ 84.0369499, 22.0843462 ], [ 84.0369535, 22.0845363 ] ] } },
{ "type": "Feature", "properties": { "@osmId": "way/233203687", "@snapshotTimestamp": "2015-01-01T00:00:00Z" }, "geometry": { "type": "LineString", "coordinates": [ [ 84.0374793, 22.086967 ], [ 84.0372094, 22.1200669 ] ] } },
{ "type": "Feature", "properties": { "@osmId": "way/233203715", "@snapshotTimestamp": "2015-01-01T00:00:00Z" }, "geometry": { "type": "LineString", "coordinates": [ [ 84.0369535, 22.0845363 ], [ 84.0570184, 22.1331917 ] ] } },
{ "type": "Feature", "properties": { "@osmId": "way/22828881", "@snapshotTimestamp": "2015-01-01T00:00:00Z" }, "geometry": { "type": "LineString", "coordinates": [ [ 84.0372094, 22.1200669 ], [ 84.0563867, 22.1315195 ] ] } },
{ "type": "Feature", "properties": { "@osmId": "way/175787688", "@snapshotTimestamp": "2015-01-01T00:00:00Z" }, "geometry": { "type": "LineString", "coordinates": [ [ 84.394984, 22.1120248 ], [ 84.3845598, 22.1453323 ] ] } },
{ "type": "Feature", "properties": { "@osmId": "way/233203704", "@snapshotTimestamp": "2015-01-01T00:00:00Z" }, "geometry": { "type": "LineString", "coordinates": [ [ 84.0570184, 22.1331917 ], [ 84.057153, 22.1335534 ] ] } },
{ "type": "Feature", "properties": { "@osmId": "way/175787687", "@snapshotTimestamp": "2015-01-01T00:00:00Z" }, "geometry": { "type": "LineString", "coordinates": [ [ 84.3845598, 22.1453323 ], [ 84.4198856, 22.1352988 ] ] } },
{ "type": "Feature", "properties": { "@osmId": "way/175787685", "@snapshotTimestamp": "2015-01-01T00:00:00Z" }, "geometry": { "type": "LineString", "coordinates": [ [ 84.3845598, 22.1453323 ], [ 84.383749, 22.169814 ] ] } },
{ "type": "Feature", "properties": { "@osmId": "way/22828875", "@snapshotTimestamp": "2015-01-01T00:00:00Z" }, "geometry": { "type": "LineString", "coordinates": [ [ 84.057153, 22.1335534 ], [ 84.1391374, 22.1649433 ], [ 84.2863644, 22.1614105 ], [ 84.3308901, 22.1894478 ] ] } },
{ "type": "Feature", "properties": { "@osmId": "way/233203691", "@snapshotTimestamp": "2015-01-01T00:00:00Z" }, "geometry": { "type": "LineString", "coordinates": [ [ 84.2918795, 22.164523 ], [ 84.2989594, 22.1687022 ] ] } },
{ "type": "Feature", "properties": { "@osmId": "way/22828809", "@snapshotTimestamp": "2015-01-01T00:00:00Z" }, "geometry": { "type": "LineString", "coordinates": [ [ 84.1047758, 22.1515407 ], [ 84.1178128, 22.1981975 ] ] } },
{ "type": "Feature", "properties": { "@osmId": "way/233203708", "@snapshotTimestamp": "2015-01-01T00:00:00Z" }, "geometry": { "type": "LineString", "coordinates": [ [ 84.3308901, 22.1894478 ], [ 84.3315195, 22.1897286 ] ] } },
{ "type": "Feature", "properties": { "@osmId": "way/175787692", "@snapshotTimestamp": "2015-01-01T00:00:00Z" }, "geometry": { "type": "LineString", "coordinates": [ [ 84.383749, 22.169814 ], [ 84.4075543, 22.1766051 ], [ 84.4111873, 22.2153132 ] ] } },
{ "type": "Feature", "properties": { "@osmId": "way/233203688", "@snapshotTimestamp": "2015-01-01T00:00:00Z" }, "geometry": { "type": "LineString", "coordinates": [ [ 84.3315195, 22.1897286 ], [ 84.376606, 22.200792 ] ] } },
{ "type": "Feature", "properties": { "@osmId": "way/233830053", "@snapshotTimestamp": "2015-01-01T00:00:00Z" }, "geometry": { "type": "LineString", "coordinates": [ [ 84.1178128, 22.1981975 ], [ 84.1172729, 22.198542 ] ] } },
{ "type": "Feature", "properties": { "@osmId": "way/233203695", "@snapshotTimestamp": "2015-01-01T00:00:00Z" }, "geometry": { "type": "LineString", "coordinates": [ [ 84.376606, 22.200792 ], [ 84.3770157, 22.2009904 ] ] } },
{ "type": "Feature", "properties": { "@osmId": "way/175787684", "@snapshotTimestamp": "2015-01-01T00:00:00Z" }, "geometry": { "type": "LineString", "coordinates": [ [ 84.3770157, 22.2009904 ], [ 84.4499078, 22.2291737 ], [ 84.4889837, 22.2199226 ] ] } },
{ "type": "Feature", "properties": { "@osmId": "way/233830059", "@snapshotTimestamp": "2015-01-01T00:00:00Z" }, "geometry": { "type": "LineString", "coordinates": [ [ 84.1172729, 22.198542 ], [ 84.1064863, 22.2638327 ] ] } },
{ "type": "Feature", "properties": { "@osmId": "way/233830055", "@snapshotTimestamp": "2015-01-01T00:00:00Z" }, "geometry": { "type": "LineString", "coordinates": [ [ 84.1064863, 22.2638327 ], [ 84.1061869, 22.2642444 ] ] } },
{ "type": "Feature", "properties": { "@osmId": "way/233830056", "@snapshotTimestamp": "2015-01-01T00:00:00Z" }, "geometry": { "type": "LineString", "coordinates": [ [ 84.1061869, 22.2642444 ], [ 84.1013706, 22.3133431 ] ] } },
{ "type": "Feature", "properties": { "@osmId": "way/233830052", "@snapshotTimestamp": "2015-01-01T00:00:00Z" }, "geometry": { "type": "LineString", "coordinates": [ [ 84.1013706, 22.3133431 ], [ 84.1006643, 22.3143572 ] ] } },
{ "type": "Feature", "properties": { "@osmId": "way/233830060", "@snapshotTimestamp": "2015-01-01T00:00:00Z" }, "geometry": { "type": "LineString", "coordinates": [ [ 84.1006643, 22.3143572 ], [ 84.0975551, 22.3247228 ] ] } },
{ "type": "Feature", "properties": { "@osmId": "way/233830054", "@snapshotTimestamp": "2015-01-01T00:00:00Z" }, "geometry": { "type": "LineString", "coordinates": [ [ 84.0975551, 22.3247228 ], [ 84.0975224, 22.3248475 ] ] } },
{ "type": "Feature", "properties": { "@osmId": "way/233830057", "@snapshotTimestamp": "2015-01-01T00:00:00Z" }, "geometry": { "type": "LineString", "coordinates": [ [ 84.0975224, 22.3248475 ], [ 84.0976087, 22.3609947 ] ] } },
{ "type": "Feature", "properties": { "@osmId": "way/233830058", "@snapshotTimestamp": "2015-01-01T00:00:00Z" }, "geometry": { "type": "LineString", "coordinates": [ [ 84.0976087, 22.3609947 ], [ 84.0977586, 22.4537954 ], [ 83.9920955, 22.5249325 ] ] } },
{ "type": "Feature", "properties": { "@osmId": "way/150662478", "@snapshotTimestamp": "2015-01-01T00:00:00Z" }, "geometry": { "type": "LineString", "coordinates": [ [ 84.8796112, 22.2533549 ], [ 84.8795498, 22.2460305 ] ] } },
{ "type": "Feature", "properties": { "@osmId": "way/150662500", "@snapshotTimestamp": "2015-01-01T00:00:00Z" }, "geometry": { "type": "LineString", "coordinates": [ [ 84.8420543, 22.2536062 ], [ 84.8269394, 22.2485559 ] ] } },
{ "type": "Feature", "properties": { "@osmId": "way/150662554", "@snapshotTimestamp": "2015-01-01T00:00:00Z" }, "geometry": { "type": "LineString", "coordinates": [ [ 84.8796128, 22.2534266 ], [ 84.8795056, 22.253286 ], [ 84.8793893, 22.253376 ], [ 84.8794772, 22.2534969 ], [ 84.8796128, 22.2534266 ] ] } },
{ "type": "Feature", "properties": { "@osmId": "way/150662562", "@snapshotTimestamp": "2015-01-01T00:00:00Z" }, "geometry": { "type": "LineString", "coordinates": [ [ 84.8422378, 22.2537193 ], [ 84.84213, 22.253578 ], [ 84.8420135, 22.2536686 ], [ 84.8421015, 22.2537896 ], [ 84.8422378, 22.2537193 ] ] } },
{ "type": "Feature", "properties": { "@osmId": "way/150690747", "@snapshotTimestamp": "2015-01-01T00:00:00Z" }, "geometry": { "type": "LineString", "coordinates": [ [ 84.8633853, 22.2538496 ], [ 84.8538245, 22.2539391 ] ] } },
{ "type": "Feature", "properties": { "@osmId": "way/150662526", "@snapshotTimestamp": "2015-01-01T00:00:00Z" }, "geometry": { "type": "LineString", "coordinates": [ [ 84.8645552, 22.2539063 ], [ 84.8635552, 22.2538436 ] ] } },
{ "type": "Feature", "properties": { "@osmId": "way/150690758", "@snapshotTimestamp": "2015-01-01T00:00:00Z" }, "geometry": { "type": "LineString", "coordinates": [ [ 84.8635831, 22.2539536 ], [ 84.8634753, 22.2538122 ], [ 84.8633588, 22.2539028 ], [ 84.8634468, 22.2540239 ], [ 84.8635831, 22.2539536 ] ] } },
{ "type": "Feature", "properties": { "@osmId": "way/150662473", "@snapshotTimestamp": "2015-01-01T00:00:00Z" }, "geometry": { "type": "LineString", "coordinates": [ [ 84.8535998, 22.2539426 ], [ 84.8422363, 22.2536472 ] ] } },
{ "type": "Feature", "properties": { "@osmId": "way/150662484", "@snapshotTimestamp": "2015-01-01T00:00:00Z" }, "geometry": { "type": "LineString", "coordinates": [ [ 84.8666049, 22.2539741 ], [ 84.8647653, 22.2538834 ] ] } },
{ "type": "Feature", "properties": { "@osmId": "way/150662548", "@snapshotTimestamp": "2015-01-01T00:00:00Z" }, "geometry": { "type": "LineString", "coordinates": [ [ 84.8647822, 22.2540155 ], [ 84.8647276, 22.2538558 ], [ 84.8645552, 22.2539063 ], [ 84.8646097, 22.254066 ], [ 84.8647822, 22.2540155 ] ] } },
{ "type": "Feature", "properties": { "@osmId": "way/150662516", "@snapshotTimestamp": "2015-01-01T00:00:00Z" }, "geometry": { "type": "LineString", "coordinates": [ [ 84.8538265, 22.2540516 ], [ 84.8633741, 22.2539751 ] ] } },
{ "type": "Feature", "properties": { "@osmId": "way/150662558", "@snapshotTimestamp": "2015-01-01T00:00:00Z" }, "geometry": { "type": "LineString", "coordinates": [ [ 84.8538265, 22.2540516 ], [ 84.853772, 22.2538922 ], [ 84.8535998, 22.2539426 ], [ 84.8536543, 22.254102 ], [ 84.8538265, 22.2540516 ] ] } },
{ "type": "Feature", "properties": { "@osmId": "way/150662472", "@snapshotTimestamp": "2015-01-01T00:00:00Z" }, "geometry": { "type": "LineString", "coordinates": [ [ 84.8793902, 22.2534142 ], [ 84.8669135, 22.2539895 ] ] } },
{ "type": "Feature", "properties": { "@osmId": "way/150690748", "@snapshotTimestamp": "2015-01-01T00:00:00Z" }, "geometry": { "type": "LineString", "coordinates": [ [ 84.8635611, 22.2539844 ], [ 84.8645639, 22.2540288 ] ] } },
{ "type": "Feature", "properties": { "@osmId": "way/150662475", "@snapshotTimestamp": "2015-01-01T00:00:00Z" }, "geometry": { "type": "LineString", "coordinates": [ [ 84.8422158, 22.2537501 ], [ 84.8536086, 22.254065 ] ] } },
{ "type": "Feature", "properties": { "@osmId": "way/150662553", "@snapshotTimestamp": "2015-01-01T00:00:00Z" }, "geometry": { "type": "LineString", "coordinates": [ [ 84.8669304, 22.254106 ], [ 84.8668242, 22.2539417 ], [ 84.8665769, 22.2539941 ], [ 84.8667114, 22.2541612 ], [ 84.8669304, 22.254106 ] ] } },
{ "type": "Feature", "properties": { "@osmId": "way/150662485", "@snapshotTimestamp": "2015-01-01T00:00:00Z" }, "geometry": { "type": "LineString", "coordinates": [ [ 84.8647822, 22.2540155 ], [ 84.86662, 22.2541218 ] ] } },
{ "type": "Feature", "properties": { "@osmId": "way/150662470", "@snapshotTimestamp": "2015-01-01T00:00:00Z" }, "geometry": { "type": "LineString", "coordinates": [ [ 84.8669304, 22.254106 ], [ 84.8795116, 22.2534994 ] ] } },
{ "type": "Feature", "properties": { "@osmId": "way/150812532", "@snapshotTimestamp": "2015-01-01T00:00:00Z" }, "geometry": { "type": "LineString", "coordinates": [ [ 84.7792603, 22.2402387 ], [ 84.7872429, 22.2476554 ] ] } },
{ "type": "Feature", "properties": { "@osmId": "way/150662557", "@snapshotTimestamp": "2015-01-01T00:00:00Z" }, "geometry": { "type": "LineString", "coordinates": [ [ 84.8274802, 22.2468233 ], [ 84.8273724, 22.246682 ], [ 84.8272559, 22.2467726 ], [ 84.8273439, 22.2468937 ], [ 84.8274802, 22.2468233 ] ] } },
{ "type": "Feature", "properties": { "@osmId": "way/150662499", "@snapshotTimestamp": "2015-01-01T00:00:00Z" }, "geometry": { "type": "LineString", "coordinates": [ [ 84.8272863, 22.2468589 ], [ 84.8268167, 22.2483999 ] ] } },
{ "type": "Feature", "properties": { "@osmId": "way/303606923", "@snapshotTimestamp": "2015-01-01T00:00:00Z" }, "geometry": { "type": "LineString", "coordinates": [ [ 84.8269551, 22.2484163 ], [ 84.8274083, 22.2468906 ] ] } },
{ "type": "Feature", "properties": { "@osmId": "way/302032056", "@snapshotTimestamp": "2015-01-01T00:00:00Z" }, "geometry": { "type": "LineString", "coordinates": [ [ 84.8267922, 22.2484219 ], [ 84.8268044, 22.2485494 ], [ 84.8269598, 22.2485368 ], [ 84.8269321, 22.2483979 ], [ 84.8267922, 22.2484219 ] ] } },
{ "type": "Feature", "properties": { "@osmId": "way/150812528", "@snapshotTimestamp": "2015-01-01T00:00:00Z" }, "geometry": { "type": "LineString", "coordinates": [ [ 84.7872429, 22.2476554 ], [ 84.7891278, 22.2494295 ] ] } },
{ "type": "Feature", "properties": { "@osmId": "way/303606922", "@snapshotTimestamp": "2015-01-01T00:00:00Z" }, "geometry": { "type": "LineString", "coordinates": [ [ 84.8268044, 22.2485494 ], [ 84.8420144, 22.2537068 ] ] } },
{ "type": "Feature", "properties": { "@osmId": "way/150812529", "@snapshotTimestamp": "2015-01-01T00:00:00Z" }, "geometry": { "type": "LineString", "coordinates": [ [ 84.7891278, 22.2494295 ], [ 84.7529377, 22.2967679 ], [ 84.719438726800618, 22.419850439067364 ] ] } },
{ "type": "Feature", "properties": { "@osmId": "way/91003733", "@snapshotTimestamp": "2015-01-01T00:00:00Z" }, "geometry": { "type": "LineString", "coordinates": [ [ 85.1573325, 20.8420414 ], [ 85.1883877, 20.9274398 ], [ 85.2373766, 20.952718 ] ] } },
{ "type": "Feature", "properties": { "@osmId": "way/217993658", "@snapshotTimestamp": "2015-01-01T00:00:00Z" }, "geometry": { "type": "LineString", "coordinates": [ [ 85.2192418, 20.9005644 ], [ 85.2192447, 20.9009487 ] ] } },
{ "type": "Feature", "properties": { "@osmId": "way/217993661", "@snapshotTimestamp": "2015-01-01T00:00:00Z" }, "geometry": { "type": "LineString", "coordinates": [ [ 85.2192447, 20.9009487 ], [ 85.2222895, 20.9206382 ] ] } },
{ "type": "Feature", "properties": { "@osmId": "way/90989994", "@snapshotTimestamp": "2015-01-01T00:00:00Z" }, "geometry": { "type": "LineString", "coordinates": [ [ 85.2451508, 20.918476 ], [ 85.2352036, 20.9194251 ] ] } },
{ "type": "Feature", "properties": { "@osmId": "way/90989943", "@snapshotTimestamp": "2015-01-01T00:00:00Z" }, "geometry": { "type": "LineString", "coordinates": [ [ 85.2352036, 20.9194251 ], [ 85.2222895, 20.9206382 ] ] } },
{ "type": "Feature", "properties": { "@osmId": "way/217771616", "@snapshotTimestamp": "2015-01-01T00:00:00Z" }, "geometry": { "type": "LineString", "coordinates": [ [ 85.3107303, 20.9320557 ], [ 85.3105031, 20.9323394 ] ] } },
{ "type": "Feature", "properties": { "@osmId": "way/217771638", "@snapshotTimestamp": "2015-01-01T00:00:00Z" }, "geometry": { "type": "LineString", "coordinates": [ [ 85.3105031, 20.9323394 ], [ 85.2723692, 20.9474763 ], [ 85.2451508, 20.918476 ] ] } },
{ "type": "Feature", "properties": { "@osmId": "way/217771640", "@snapshotTimestamp": "2015-01-01T00:00:00Z" }, "geometry": { "type": "LineString", "coordinates": [ [ 85.2222895, 20.9206382 ], [ 85.2248994, 20.950248 ] ] } },
{ "type": "Feature", "properties": { "@osmId": "way/165015116", "@snapshotTimestamp": "2015-01-01T00:00:00Z" }, "geometry": { "type": "LineString", "coordinates": [ [ 85.1765535, 20.9442717 ], [ 85.1568431, 20.9304384 ] ] } },
{ "type": "Feature", "properties": { "@osmId": "way/91003741", "@snapshotTimestamp": "2015-01-01T00:00:00Z" }, "geometry": { "type": "LineString", "coordinates": [ [ 85.2164918, 20.9630862 ], [ 85.1207441, 20.9475397 ] ] } },
{ "type": "Feature", "properties": { "@osmId": "way/22828599", "@snapshotTimestamp": "2015-01-01T00:00:00Z" }, "geometry": { "type": "LineString", "coordinates": [ [ 85.2248994, 20.950248 ], [ 85.2182914, 20.9572636 ] ] } },
{ "type": "Feature", "properties": { "@osmId": "way/165015115", "@snapshotTimestamp": "2015-01-01T00:00:00Z" }, "geometry": { "type": "LineString", "coordinates": [ [ 85.166862, 20.9641982 ], [ 85.1760907, 20.9444187 ] ] } },
{ "type": "Feature", "properties": { "@osmId": "way/217771641", "@snapshotTimestamp": "2015-01-01T00:00:00Z" }, "geometry": { "type": "LineString", "coordinates": [ [ 85.2182914, 20.9572636 ], [ 85.2176283, 20.957956 ] ] } },
{ "type": "Feature", "properties": { "@osmId": "way/240640947", "@snapshotTimestamp": "2015-01-01T00:00:00Z" }, "geometry": { "type": "LineString", "coordinates": [ [ 85.1207441, 20.9475397 ], [ 85.0323128, 20.9749681 ] ] } },
{ "type": "Feature", "properties": { "@osmId": "way/217771642", "@snapshotTimestamp": "2015-01-01T00:00:00Z" }, "geometry": { "type": "LineString", "coordinates": [ [ 85.2176283, 20.957956 ], [ 85.2164918, 20.9630862 ] ] } },
{ "type": "Feature", "properties": { "@osmId": "way/240640951", "@snapshotTimestamp": "2015-01-01T00:00:00Z" }, "geometry": { "type": "LineString", "coordinates": [ [ 85.0323128, 20.9749681 ], [ 85.0322689, 20.9754087 ] ] } },
{ "type": "Feature", "properties": { "@osmId": "way/217771643", "@snapshotTimestamp": "2015-01-01T00:00:00Z" }, "geometry": { "type": "LineString", "coordinates": [ [ 85.2164918, 20.9630862 ], [ 85.1570623, 21.0551058 ] ] } },
{ "type": "Feature", "properties": { "@osmId": "way/217993654", "@snapshotTimestamp": "2015-01-01T00:00:00Z" }, "geometry": { "type": "LineString", "coordinates": [ [ 85.1570623, 21.0551058 ], [ 85.1569306, 21.0556959 ] ] } },
{ "type": "Feature", "properties": { "@osmId": "way/217993660", "@snapshotTimestamp": "2015-01-01T00:00:00Z" }, "geometry": { "type": "LineString", "coordinates": [ [ 85.1569306, 21.0556959 ], [ 85.1325241, 21.0723313 ] ] } },
{ "type": "Feature", "properties": { "@osmId": "way/151113150", "@snapshotTimestamp": "2015-01-01T00:00:00Z" }, "geometry": { "type": "LineString", "coordinates": [ [ 85.1700261, 21.0195375 ], [ 85.1104616, 21.0238677 ], [ 85.0388599, 21.1207325 ] ] } },
{ "type": "Feature", "properties": { "@osmId": "way/217993659", "@snapshotTimestamp": "2015-01-01T00:00:00Z" }, "geometry": { "type": "LineString", "coordinates": [ [ 85.1325241, 21.0723313 ], [ 85.130021, 21.0769682 ] ] } },
{ "type": "Feature", "properties": { "@osmId": "way/217993648", "@snapshotTimestamp": "2015-01-01T00:00:00Z" }, "geometry": { "type": "LineString", "coordinates": [ [ 85.130021, 21.0769682 ], [ 85.1308957, 21.0781788 ] ] } },
{ "type": "Feature", "properties": { "@osmId": "way/217993656", "@snapshotTimestamp": "2015-01-01T00:00:00Z" }, "geometry": { "type": "LineString", "coordinates": [ [ 85.1308957, 21.0781788 ], [ 85.1319233, 21.0783333 ] ] } },
{ "type": "Feature", "properties": { "@osmId": "way/217993651", "@snapshotTimestamp": "2015-01-01T00:00:00Z" }, "geometry": { "type": "LineString", "coordinates": [ [ 85.1319233, 21.0783333 ], [ 85.1299717, 21.083719 ] ] } },
{ "type": "Feature", "properties": { "@osmId": "way/217993653", "@snapshotTimestamp": "2015-01-01T00:00:00Z" }, "geometry": { "type": "LineString", "coordinates": [ [ 85.1299717, 21.083719 ], [ 85.1296616, 21.0839611 ] ] } },
{ "type": "Feature", "properties": { "@osmId": "way/217993662", "@snapshotTimestamp": "2015-01-01T00:00:00Z" }, "geometry": { "type": "LineString", "coordinates": [ [ 85.1296616, 21.0839611 ], [ 85.1225562, 21.1021661 ], [ 85.156281, 21.1239843 ] ] } },
{ "type": "Feature", "properties": { "@osmId": "way/201428217", "@snapshotTimestamp": "2015-01-01T00:00:00Z" }, "geometry": { "type": "LineString", "coordinates": [ [ 85.0388599, 21.1207325 ], [ 85.0393441, 21.1228832 ] ] } },
{ "type": "Feature", "properties": { "@osmId": "way/217993657", "@snapshotTimestamp": "2015-01-01T00:00:00Z" }, "geometry": { "type": "LineString", "coordinates": [ [ 85.156281, 21.1239843 ], [ 85.1569791, 21.1262233 ] ] } },
{ "type": "Feature", "properties": { "@osmId": "way/201428220", "@snapshotTimestamp": "2015-01-01T00:00:00Z" }, "geometry": { "type": "LineString", "coordinates": [ [ 85.0393441, 21.1228832 ], [ 85.0594053, 21.1450112 ] ] } },
{ "type": "Feature", "properties": { "@osmId": "way/217993652", "@snapshotTimestamp": "2015-01-01T00:00:00Z" }, "geometry": { "type": "LineString", "coordinates": [ [ 85.1569791, 21.1262233 ], [ 85.1587711, 21.195325 ], [ 85.1900938, 21.2413569 ] ] } },
{ "type": "Feature", "properties": { "@osmId": "way/217771622", "@snapshotTimestamp": "2015-01-01T00:00:00Z" }, "geometry": { "type": "LineString", "coordinates": [ [ 85.4543331, 20.9409668 ], [ 85.4535538, 20.941168 ] ] } },
{ "type": "Feature", "properties": { "@osmId": "way/217771608", "@snapshotTimestamp": "2015-01-01T00:00:00Z" }, "geometry": { "type": "LineString", "coordinates": [ [ 85.4535538, 20.941168 ], [ 85.3775462, 20.9411567 ] ] } },
{ "type": "Feature", "properties": { "@osmId": "way/22828247", "@snapshotTimestamp": "2015-01-01T00:00:00Z" }, "geometry": { "type": "LineString", "coordinates": [ [ 85.8068, 21.3271 ], [ 85.7106, 21.4508 ], [ 85.6478869, 21.6127282 ] ] } },
{ "type": "Feature", "properties": { "@osmId": "way/240342977", "@snapshotTimestamp": "2015-01-01T00:00:00Z" }, "geometry": { "type": "LineString", "coordinates": [ [ 85.4730666, 21.5290106 ], [ 85.4731319, 21.5295246 ] ] } },
{ "type": "Feature", "properties": { "@osmId": "way/238921177", "@snapshotTimestamp": "2015-01-01T00:00:00Z" }, "geometry": { "type": "LineString", "coordinates": [ [ 85.8063309, 21.5342973 ], [ 85.7661667, 21.5635433 ], [ 85.6988998, 21.5676789 ] ] } },
{ "type": "Feature", "properties": { "@osmId": "way/238921168", "@snapshotTimestamp": "2015-01-01T00:00:00Z" }, "geometry": { "type": "LineString", "coordinates": [ [ 85.6988998, 21.5676789 ], [ 85.6979351, 21.5679326 ] ] } },
{ "type": "Feature", "properties": { "@osmId": "way/240342986", "@snapshotTimestamp": "2015-01-01T00:00:00Z" }, "geometry": { "type": "LineString", "coordinates": [ [ 85.4731319, 21.5295246 ], [ 85.5501839, 21.6292763 ] ] } },
{ "type": "Feature", "properties": { "@osmId": "way/238921176", "@snapshotTimestamp": "2015-01-01T00:00:00Z" }, "geometry": { "type": "LineString", "coordinates": [ [ 85.6979351, 21.5679326 ], [ 85.6388052, 21.6236045 ] ] } },
{ "type": "Feature", "properties": { "@osmId": "way/238921166", "@snapshotTimestamp": "2015-01-01T00:00:00Z" }, "geometry": { "type": "LineString", "coordinates": [ [ 85.6388052, 21.6236045 ], [ 85.6385922, 21.623881 ] ] } },
{ "type": "Feature", "properties": { "@osmId": "way/238921158", "@snapshotTimestamp": "2015-01-01T00:00:00Z" }, "geometry": { "type": "LineString", "coordinates": [ [ 85.6385922, 21.623881 ], [ 85.6317016, 21.6279435 ] ] } },
{ "type": "Feature", "properties": { "@osmId": "way/91003730", "@snapshotTimestamp": "2015-01-01T00:00:00Z" }, "geometry": { "type": "LineString", "coordinates": [ [ 85.0214294, 21.2675888 ], [ 85.0607133, 21.1835806 ], [ 85.0318419, 21.1461446 ] ] } },
{ "type": "Feature", "properties": { "@osmId": "way/49710912", "@snapshotTimestamp": "2015-01-01T00:00:00Z" }, "geometry": { "type": "LineString", "coordinates": [ [ 85.1900938, 21.2413569 ], [ 85.196666, 21.26372 ] ] } },
{ "type": "Feature", "properties": { "@osmId": "way/217993650", "@snapshotTimestamp": "2015-01-01T00:00:00Z" }, "geometry": { "type": "LineString", "coordinates": [ [ 85.1733045, 21.3559846 ], [ 85.196666, 21.26372 ] ] } },
{ "type": "Feature", "properties": { "@osmId": "way/49710910", "@snapshotTimestamp": "2015-01-01T00:00:00Z" }, "geometry": { "type": "LineString", "coordinates": [ [ 85.1546107, 21.3816548 ], [ 85.1733045, 21.3559846 ] ] } },
{ "type": "Feature", "properties": { "@osmId": "way/49710908", "@snapshotTimestamp": "2015-01-01T00:00:00Z" }, "geometry": { "type": "LineString", "coordinates": [ [ 85.1546107, 21.3816548 ], [ 85.1518246, 21.3845576 ] ] } },
{ "type": "Feature", "properties": { "@osmId": "way/49710913", "@snapshotTimestamp": "2015-01-01T00:00:00Z" }, "geometry": { "type": "LineString", "coordinates": [ [ 85.1518246, 21.3845576 ], [ 85.18785, 21.432788 ] ] } },
{ "type": "Feature", "properties": { "@osmId": "way/76826635", "@snapshotTimestamp": "2015-01-01T00:00:00Z" }, "geometry": { "type": "LineString", "coordinates": [ [ 85.1952052, 21.4344427 ], [ 85.18785, 21.432788 ] ] } },
{ "type": "Feature", "properties": { "@osmId": "way/198154178", "@snapshotTimestamp": "2015-01-01T00:00:00Z" }, "geometry": { "type": "LineString", "coordinates": [ [ 85.18785, 21.432788 ], [ 85.1898461, 21.4371506 ] ] } },
{ "type": "Feature", "properties": { "@osmId": "way/217489149", "@snapshotTimestamp": "2015-01-01T00:00:00Z" }, "geometry": { "type": "LineString", "coordinates": [ [ 85.1890875, 21.4385256 ], [ 85.1898461, 21.4371506 ] ] } },
{ "type": "Feature", "properties": { "@osmId": "way/217489151", "@snapshotTimestamp": "2015-01-01T00:00:00Z" }, "geometry": { "type": "LineString", "coordinates": [ [ 85.1886707, 21.4393366 ], [ 85.1890875, 21.4385256 ] ] } },
{ "type": "Feature", "properties": { "@osmId": "way/240342995", "@snapshotTimestamp": "2015-01-01T00:00:00Z" }, "geometry": { "type": "LineString", "coordinates": [ [ 85.1362069, 21.4630488 ], [ 85.1886707, 21.4393366 ] ] } },
{ "type": "Feature", "properties": { "@osmId": "way/240342970", "@snapshotTimestamp": "2015-01-01T00:00:00Z" }, "geometry": { "type": "LineString", "coordinates": [ [ 85.1353435, 21.4631066 ], [ 85.1362069, 21.4630488 ] ] } },
{ "type": "Feature", "properties": { "@osmId": "way/240342993", "@snapshotTimestamp": "2015-01-01T00:00:00Z" }, "geometry": { "type": "LineString", "coordinates": [ [ 85.0757375, 21.4829632 ], [ 85.1353435, 21.4631066 ] ] } },
{ "type": "Feature", "properties": { "@osmId": "way/217991284", "@snapshotTimestamp": "2015-01-01T00:00:00Z" }, "geometry": { "type": "LineString", "coordinates": [ [ 85.1898461, 21.4371506 ], [ 85.2314811, 21.4549994 ], [ 85.3480691, 21.4309765 ], [ 85.4401694, 21.4798458 ], [ 85.4615241, 21.4658461 ], [ 85.4730666, 21.5290106 ] ] } },
{ "type": "Feature", "properties": { "@osmId": "way/240342979", "@snapshotTimestamp": "2015-01-01T00:00:00Z" }, "geometry": { "type": "LineString", "coordinates": [ [ 85.0754797, 21.4832577 ], [ 85.0757375, 21.4829632 ] ] } },
{ "type": "Feature", "properties": { "@osmId": "way/217486371", "@snapshotTimestamp": "2015-01-01T00:00:00Z" }, "geometry": { "type": "LineString", "coordinates": [ [ 85.0305252, 21.533228 ], [ 85.0754797, 21.4832577 ] ] } },
{ "type": "Feature", "properties": { "@osmId": "way/217486379", "@snapshotTimestamp": "2015-01-01T00:00:00Z" }, "geometry": { "type": "LineString", "coordinates": [ [ 85.0299854, 21.5337917 ], [ 85.0305252, 21.533228 ] ] } },
{ "type": "Feature", "properties": { "@osmId": "way/217991290", "@snapshotTimestamp": "2015-01-01T00:00:00Z" }, "geometry": { "type": "LineString", "coordinates": [ [ 85.0200146, 21.5367815 ], [ 85.0299854, 21.5337917 ] ] } },
{ "type": "Feature", "properties": { "@osmId": "way/76826557", "@snapshotTimestamp": "2015-01-01T00:00:00Z" }, "geometry": { "type": "LineString", "coordinates": [ [ 85.0026845, 21.536672 ], [ 85.0200146, 21.5367815 ] ] } },
{ "type": "Feature", "properties": { "@osmId": "way/76826555", "@snapshotTimestamp": "2015-01-01T00:00:00Z" }, "geometry": { "type": "LineString", "coordinates": [ [ 84.9964788, 21.5391186 ], [ 85.0026845, 21.536672 ] ] } },
{ "type": "Feature", "properties": { "@osmId": "way/238921169", "@snapshotTimestamp": "2015-01-01T00:00:00Z" }, "geometry": { "type": "LineString", "coordinates": [ [ 85.6317016, 21.6279435 ], [ 85.6310691, 21.6280286 ] ] } },
{ "type": "Feature", "properties": { "@osmId": "way/240342963", "@snapshotTimestamp": "2015-01-01T00:00:00Z" }, "geometry": { "type": "LineString", "coordinates": [ [ 85.5505499, 21.6293241 ], [ 85.59113, 21.632321 ] ] } },
{ "type": "Feature", "properties": { "@osmId": "way/240342974", "@snapshotTimestamp": "2015-01-01T00:00:00Z" }, "geometry": { "type": "LineString", "coordinates": [ [ 85.5501839, 21.6292763 ], [ 85.5505499, 21.6293241 ] ] } },
{ "type": "Feature", "properties": { "@osmId": "way/238921160", "@snapshotTimestamp": "2015-01-01T00:00:00Z" }, "geometry": { "type": "LineString", "coordinates": [ [ 85.6310691, 21.6280286 ], [ 85.611578, 21.6329023 ] ] } },
{ "type": "Feature", "properties": { "@osmId": "way/136162349", "@snapshotTimestamp": "2015-01-01T00:00:00Z" }, "geometry": { "type": "LineString", "coordinates": [ [ 85.5835512, 21.6255112 ], [ 85.6083138, 21.6363678 ] ] } },
{ "type": "Feature", "properties": { "@osmId": "way/136162352", "@snapshotTimestamp": "2015-01-01T00:00:00Z" }, "geometry": { "type": "LineString", "coordinates": [ [ 85.6034821, 21.6307154 ], [ 85.6126388, 21.631818 ] ] } },
{ "type": "Feature", "properties": { "@osmId": "way/136162353", "@snapshotTimestamp": "2015-01-01T00:00:00Z" }, "geometry": { "type": "LineString", "coordinates": [ [ 85.6006437, 21.6328002 ], [ 85.6113821, 21.6330761 ] ] } },
{ "type": "Feature", "properties": { "@osmId": "way/136162351", "@snapshotTimestamp": "2015-01-01T00:00:00Z" }, "geometry": { "type": "LineString", "coordinates": [ [ 85.6007088, 21.6301441 ], [ 85.6004212, 21.6368325 ] ] } },
{ "type": "Feature", "properties": { "@osmId": "way/238921179", "@snapshotTimestamp": "2015-01-01T00:00:00Z" }, "geometry": { "type": "LineString", "coordinates": [ [ 85.611578, 21.6329023 ], [ 85.6054562, 21.6393167 ] ] } },
{ "type": "Feature", "properties": { "@osmId": "way/136162350", "@snapshotTimestamp": "2015-01-01T00:00:00Z" }, "geometry": { "type": "LineString", "coordinates": [ [ 85.6105315, 21.6339505 ], [ 85.6670261, 21.6439071 ] ] } },
{ "type": "Feature", "properties": { "@osmId": "way/136162348", "@snapshotTimestamp": "2015-01-01T00:00:00Z" }, "geometry": { "type": "LineString", "coordinates": [ [ 85.5835512, 21.6255112 ], [ 85.5896841, 21.6557728 ] ] } },
{ "type": "Feature", "properties": { "@osmId": "way/76826671", "@snapshotTimestamp": "2015-01-01T00:00:00Z" }, "geometry": { "type": "LineString", "coordinates": [ [ 85.59113, 21.632321 ], [ 85.6327276, 21.6544312 ] ] } },
{ "type": "Feature", "properties": { "@osmId": "way/240342968", "@snapshotTimestamp": "2015-01-01T00:00:00Z" }, "geometry": { "type": "LineString", "coordinates": [ [ 85.6327276, 21.6544312 ], [ 85.6379845, 21.6574401 ] ] } },
{ "type": "Feature", "properties": { "@osmId": "way/240342991", "@snapshotTimestamp": "2015-01-01T00:00:00Z" }, "geometry": { "type": "LineString", "coordinates": [ [ 85.6379845, 21.6574401 ], [ 85.6435856, 21.6610352 ] ] } },
{ "type": "Feature", "properties": { "@osmId": "way/217495500", "@snapshotTimestamp": "2015-01-01T00:00:00Z" }, "geometry": { "type": "LineString", "coordinates": [ [ 85.6435856, 21.6610352 ], [ 85.644263, 21.661635 ] ] } },
{ "type": "Feature", "properties": { "@osmId": "way/136162344", "@snapshotTimestamp": "2015-01-01T00:00:00Z" }, "geometry": { "type": "LineString", "coordinates": [ [ 85.6054562, 21.6393167 ], [ 85.5750083, 21.7537901 ] ] } },
{ "type": "Feature", "properties": { "@osmId": "way/217495495", "@snapshotTimestamp": "2015-01-01T00:00:00Z" }, "geometry": { "type": "LineString", "coordinates": [ [ 85.644263, 21.661635 ], [ 85.7825688, 21.7691383 ], [ 85.807843, 21.8156172 ] ] } },
{ "type": "Feature", "properties": { "@osmId": "way/238926699", "@snapshotTimestamp": "2015-01-01T00:00:00Z" }, "geometry": { "type": "LineString", "coordinates": [ [ 85.5750083, 21.7537901 ], [ 85.575432, 21.7546633 ] ] } },
{ "type": "Feature", "properties": { "@osmId": "way/238926704", "@snapshotTimestamp": "2015-01-01T00:00:00Z" }, "geometry": { "type": "LineString", "coordinates": [ [ 85.575432, 21.7546633 ], [ 85.5687643, 21.8528188 ] ] } },
{ "type": "Feature", "properties": { "@osmId": "way/263262994", "@snapshotTimestamp": "2015-01-01T00:00:00Z" }, "geometry": { "type": "LineString", "coordinates": [ [ 85.4450904, 21.842746 ], [ 85.4675037, 21.8042755 ], [ 85.5710723, 21.7986552 ] ] } },
{ "type": "Feature", "properties": { "@osmId": "way/205490077", "@snapshotTimestamp": "2015-01-01T00:00:00Z" }, "geometry": { "type": "LineString", "coordinates": [ [ 85.0200146, 21.5367815 ], [ 85.0197969, 21.5995301 ], [ 84.981459, 21.6507491 ], [ 85.0133678, 21.7229284 ] ] } },
{ "type": "Feature", "properties": { "@osmId": "way/233587422", "@snapshotTimestamp": "2015-01-01T00:00:00Z" }, "geometry": { "type": "LineString", "coordinates": [ [ 85.0133678, 21.7229284 ], [ 85.0136086, 21.7231628 ] ] } },
{ "type": "Feature", "properties": { "@osmId": "way/233587427", "@snapshotTimestamp": "2015-01-01T00:00:00Z" }, "geometry": { "type": "LineString", "coordinates": [ [ 85.0136086, 21.7231628 ], [ 85.0186601, 21.748849 ] ] } },
{ "type": "Feature", "properties": { "@osmId": "way/233587420", "@snapshotTimestamp": "2015-01-01T00:00:00Z" }, "geometry": { "type": "LineString", "coordinates": [ [ 85.0186601, 21.748849 ], [ 85.0188079, 21.7495203 ] ] } },
{ "type": "Feature", "properties": { "@osmId": "way/233587428", "@snapshotTimestamp": "2015-01-01T00:00:00Z" }, "geometry": { "type": "LineString", "coordinates": [ [ 85.0188079, 21.7495203 ], [ 84.9810649, 21.7885437 ] ] } },
{ "type": "Feature", "properties": { "@osmId": "way/205484954", "@snapshotTimestamp": "2015-01-01T00:00:00Z" }, "geometry": { "type": "LineString", "coordinates": [ [ 85.1697189, 21.8712064 ], [ 85.1695695, 21.8711073 ], [ 85.1694627, 21.871246 ], [ 85.1696122, 21.871345 ], [ 85.1697189, 21.8712064 ] ] } },
{ "type": "Feature", "properties": { "@osmId": "way/205484961", "@snapshotTimestamp": "2015-01-01T00:00:00Z" }, "geometry": { "type": "LineString", "coordinates": [ [ 84.9821448, 21.8698476 ], [ 85.0426736, 21.8896014 ], [ 85.0790843, 21.8665245 ], [ 85.1358083, 21.8857753 ], [ 85.1694655, 21.8711948 ] ] } },
{ "type": "Feature", "properties": { "@osmId": "way/205484955", "@snapshotTimestamp": "2015-01-01T00:00:00Z" }, "geometry": { "type": "LineString", "coordinates": [ [ 85.1696987, 21.8711591 ], [ 85.2043439, 21.8681672 ], [ 85.2515457, 21.9078326 ] ] } },
{ "type": "Feature", "properties": { "@osmId": "way/198154176", "@snapshotTimestamp": "2015-01-01T00:00:00Z" }, "geometry": { "type": "LineString", "coordinates": [ [ 85.2499236, 21.9482089 ], [ 85.2409468, 21.9063426 ], [ 85.2015393, 21.9688877 ] ] } },
{ "type": "Feature", "properties": { "@osmId": "way/238946731", "@snapshotTimestamp": "2015-01-01T00:00:00Z" }, "geometry": { "type": "LineString", "coordinates": [ [ 85.2015393, 21.9688877 ], [ 85.2009312, 21.9686959 ] ] } },
{ "type": "Feature", "properties": { "@osmId": "way/263262995", "@snapshotTimestamp": "2015-01-01T00:00:00Z" }, "geometry": { "type": "LineString", "coordinates": [ [ 85.4440386, 21.8428227 ], [ 85.4450904, 21.842746 ] ] } },
{ "type": "Feature", "properties": { "@osmId": "way/238926698", "@snapshotTimestamp": "2015-01-01T00:00:00Z" }, "geometry": { "type": "LineString", "coordinates": [ [ 85.5687643, 21.8528188 ], [ 85.5690777, 21.8559483 ] ] } },
{ "type": "Feature", "properties": { "@osmId": "way/238926703", "@snapshotTimestamp": "2015-01-01T00:00:00Z" }, "geometry": { "type": "LineString", "coordinates": [ [ 85.5690777, 21.8559483 ], [ 85.5874725, 21.9151281 ] ] } },
{ "type": "Feature", "properties": { "@osmId": "way/238926700", "@snapshotTimestamp": "2015-01-01T00:00:00Z" }, "geometry": { "type": "LineString", "coordinates": [ [ 85.5874725, 21.9151281 ], [ 85.5876571, 21.9154784 ] ] } },
{ "type": "Feature", "properties": { "@osmId": "way/238926701", "@snapshotTimestamp": "2015-01-01T00:00:00Z" }, "geometry": { "type": "LineString", "coordinates": [ [ 85.5876571, 21.9154784 ], [ 85.6037855, 21.9637716 ] ] } },
{ "type": "Feature", "properties": { "@osmId": "way/202715219", "@snapshotTimestamp": "2015-01-01T00:00:00Z" }, "geometry": { "type": "LineString", "coordinates": [ [ 85.4174882, 22.0435352 ], [ 85.4303744, 21.9683211 ], [ 85.4070284, 21.8638589 ], [ 85.4440386, 21.8428227 ] ] } },
{ "type": "Feature", "properties": { "@osmId": "way/238946752", "@snapshotTimestamp": "2015-01-01T00:00:00Z" }, "geometry": { "type": "LineString", "coordinates": [ [ 85.6037855, 21.9637716 ], [ 85.5161013, 22.0311271 ] ] } },
{ "type": "Feature", "properties": { "@osmId": "way/117491870", "@snapshotTimestamp": "2015-01-01T00:00:00Z" }, "geometry": { "type": "LineString", "coordinates": [ [ 85.6037855, 21.9637716 ], [ 85.6699807, 22.0700009 ] ] } },
{ "type": "Feature", "properties": { "@osmId": "way/238946732", "@snapshotTimestamp": "2015-01-01T00:00:00Z" }, "geometry": { "type": "LineString", "coordinates": [ [ 85.5161013, 22.0311271 ], [ 85.5156989, 22.0319113 ] ] } },
{ "type": "Feature", "properties": { "@osmId": "way/238946727", "@snapshotTimestamp": "2015-01-01T00:00:00Z" }, "geometry": { "type": "LineString", "coordinates": [ [ 85.5156989, 22.0319113 ], [ 85.4751614, 22.0620733 ], [ 85.433608, 22.0413585 ], [ 85.3888906, 22.05691 ] ] } },
{ "type": "Feature", "properties": { "@osmId": "way/136162784", "@snapshotTimestamp": "2015-01-01T00:00:00Z" }, "geometry": { "type": "LineString", "coordinates": [ [ 85.3888906, 22.05691 ], [ 85.3862938, 22.0731914 ] ] } },
{ "type": "Feature", "properties": { "@osmId": "way/238926726", "@snapshotTimestamp": "2015-01-01T00:00:00Z" }, "geometry": { "type": "LineString", "coordinates": [ [ 85.6699807, 22.0700009 ], [ 85.6712556, 22.0703843 ] ] } },
{ "type": "Feature", "properties": { "@osmId": "way/238926731", "@snapshotTimestamp": "2015-01-01T00:00:00Z" }, "geometry": { "type": "LineString", "coordinates": [ [ 85.6712556, 22.0703843 ], [ 85.672741567217841, 22.070827385228256 ] ] } },
{ "type": "Feature", "properties": { "@osmId": "way/233698770", "@snapshotTimestamp": "2015-01-01T00:00:00Z" }, "geometry": { "type": "LineString", "coordinates": [ [ 85.3862938, 22.0731914 ], [ 85.3863289, 22.0734624 ] ] } },
{ "type": "Feature", "properties": { "@osmId": "way/193354063", "@snapshotTimestamp": "2015-01-01T00:00:00Z" }, "geometry": { "type": "LineString", "coordinates": [ [ 85.3140222, 22.0735257 ], [ 85.3514904, 22.1020073 ] ] } },
{ "type": "Feature", "properties": { "@osmId": "way/233698772", "@snapshotTimestamp": "2015-01-01T00:00:00Z" }, "geometry": { "type": "LineString", "coordinates": [ [ 85.3863289, 22.0734624 ], [ 85.3850521, 22.1067867 ] ] } },
{ "type": "Feature", "properties": { "@osmId": "way/193354058", "@snapshotTimestamp": "2015-01-01T00:00:00Z" }, "geometry": { "type": "LineString", "coordinates": [ [ 85.4240032, 22.075382 ], [ 85.3860022, 22.1078279 ] ] } },
{ "type": "Feature", "properties": { "@osmId": "way/263269918", "@snapshotTimestamp": "2015-01-01T00:00:00Z" }, "geometry": { "type": "LineString", "coordinates": [ [ 85.3512426, 22.1015884 ], [ 85.3843733, 22.0971768 ] ] } },
{ "type": "Feature", "properties": { "@osmId": "way/233698776", "@snapshotTimestamp": "2015-01-01T00:00:00Z" }, "geometry": { "type": "LineString", "coordinates": [ [ 85.3776898, 22.102506 ], [ 85.37612, 22.0987766 ] ] } },
{ "type": "Feature", "properties": { "@osmId": "way/263269916", "@snapshotTimestamp": "2015-01-01T00:00:00Z" }, "geometry": { "type": "LineString", "coordinates": [ [ 85.3514904, 22.1020073 ], [ 85.3512426, 22.1015884 ] ] } },
{ "type": "Feature", "properties": { "@osmId": "way/238946734", "@snapshotTimestamp": "2015-01-01T00:00:00Z" }, "geometry": { "type": "LineString", "coordinates": [ [ 85.2009312, 21.9686959 ], [ 85.1150649, 21.9914463 ] ] } },
{ "type": "Feature", "properties": { "@osmId": "way/295127536", "@snapshotTimestamp": "2015-01-01T00:00:00Z" }, "geometry": { "type": "LineString", "coordinates": [ [ 85.000581, 21.9827509 ], [ 84.9992332, 21.9811697 ] ] } },
{ "type": "Feature", "properties": { "@osmId": "way/238946747", "@snapshotTimestamp": "2015-01-01T00:00:00Z" }, "geometry": { "type": "LineString", "coordinates": [ [ 85.0360987, 21.9940154 ], [ 85.000581, 21.9827509 ] ] } },
{ "type": "Feature", "properties": { "@osmId": "way/238946729", "@snapshotTimestamp": "2015-01-01T00:00:00Z" }, "geometry": { "type": "LineString", "coordinates": [ [ 85.1150649, 21.9914463 ], [ 85.1147045, 21.9911121 ] ] } },
{ "type": "Feature", "properties": { "@osmId": "way/238946728", "@snapshotTimestamp": "2015-01-01T00:00:00Z" }, "geometry": { "type": "LineString", "coordinates": [ [ 85.037495, 21.9936825 ], [ 85.0360987, 21.9940154 ] ] } },
{ "type": "Feature", "properties": { "@osmId": "way/238946726", "@snapshotTimestamp": "2015-01-01T00:00:00Z" }, "geometry": { "type": "LineString", "coordinates": [ [ 85.1147045, 21.9911121 ], [ 85.037495, 21.9936825 ] ] } },
{ "type": "Feature", "properties": { "@osmId": "way/238946733", "@snapshotTimestamp": "2015-01-01T00:00:00Z" }, "geometry": { "type": "LineString", "coordinates": [ [ 85.2499236, 21.9482089 ], [ 85.3888906, 22.05691 ] ] } },
{ "type": "Feature", "properties": { "@osmId": "way/117491890", "@snapshotTimestamp": "2015-01-01T00:00:00Z" }, "geometry": { "type": "LineString", "coordinates": [ [ 85.1132073, 22.3082618 ], [ 85.0596485, 22.2678259 ], [ 84.9622875, 22.2433061 ] ] } },
{ "type": "Feature", "properties": { "@osmId": "way/233698775", "@snapshotTimestamp": "2015-01-01T00:00:00Z" }, "geometry": { "type": "LineString", "coordinates": [ [ 85.3777229, 22.1026463 ], [ 85.3776898, 22.102506 ] ] } },
{ "type": "Feature", "properties": { "@osmId": "way/233698778", "@snapshotTimestamp": "2015-01-01T00:00:00Z" }, "geometry": { "type": "LineString", "coordinates": [ [ 85.3845982, 22.1102005 ], [ 85.3777229, 22.1026463 ] ] } },
{ "type": "Feature", "properties": { "@osmId": "way/233698774", "@snapshotTimestamp": "2015-01-01T00:00:00Z" }, "geometry": { "type": "LineString", "coordinates": [ [ 85.3850521, 22.1067867 ], [ 85.3845982, 22.1102005 ] ] } },
{ "type": "Feature", "properties": { "@osmId": "way/233698777", "@snapshotTimestamp": "2015-01-01T00:00:00Z" }, "geometry": { "type": "LineString", "coordinates": [ [ 85.3850521, 22.1067867 ], [ 85.3853195, 22.1122956 ] ] } },
{ "type": "Feature", "properties": { "@osmId": "way/193354059", "@snapshotTimestamp": "2015-01-01T00:00:00Z" }, "geometry": { "type": "LineString", "coordinates": [ [ 85.3853195, 22.1122956 ], [ 85.3845982, 22.1102005 ] ] } },
{ "type": "Feature", "properties": { "@osmId": "way/233698773", "@snapshotTimestamp": "2015-01-01T00:00:00Z" }, "geometry": { "type": "LineString", "coordinates": [ [ 85.3853195, 22.1122956 ], [ 85.407511, 22.1506455 ] ] } },
{ "type": "Feature", "properties": { "@osmId": "way/233698771", "@snapshotTimestamp": "2015-01-01T00:00:00Z" }, "geometry": { "type": "LineString", "coordinates": [ [ 85.407511, 22.1506455 ], [ 85.4076389, 22.1509111 ] ] } },
{ "type": "Feature", "properties": { "@osmId": "way/233698769", "@snapshotTimestamp": "2015-01-01T00:00:00Z" }, "geometry": { "type": "LineString", "coordinates": [ [ 85.4076389, 22.1509111 ], [ 85.408449024829494, 22.162180359188323 ] ] } },
{ "type": "Feature", "properties": { "@osmId": "way/233758660", "@snapshotTimestamp": "2015-01-01T00:00:00Z" }, "geometry": { "type": "LineString", "coordinates": [ [ 86.080331, 21.9855159 ], [ 86.0750601, 22.0031322 ] ] } },
{ "type": "Feature", "properties": { "@osmId": "way/233758666", "@snapshotTimestamp": "2015-01-01T00:00:00Z" }, "geometry": { "type": "LineString", "coordinates": [ [ 86.0750601, 22.0031322 ], [ 86.0748597, 22.0033459 ] ] } },
{ "type": "Feature", "properties": { "@osmId": "way/233758658", "@snapshotTimestamp": "2015-01-01T00:00:00Z" }, "geometry": { "type": "LineString", "coordinates": [ [ 86.0804779, 21.9702628 ], [ 86.1140347, 21.970159 ], [ 86.164793001227835, 22.02433649670041 ] ] } },
{ "type": "Feature", "properties": { "@osmId": "way/233758661", "@snapshotTimestamp": "2015-01-01T00:00:00Z" }, "geometry": { "type": "LineString", "coordinates": [ [ 86.0748597, 22.0033459 ], [ 86.084491096351158, 22.118263219913274 ] ] } }
]
}
